company,company_key,prediction_date,horizon_end,first_observed_unicorn_date,last_observed_transaction_date,label_state,target,prediction_year,pre_round_count,pre_funding_usd,pre_max_round_usd,pre_last_post_money_usd,pre_unique_investor_count,years_since_first_round,days_since_last_round,current_round_usd,current_investor_count,max_feature_event_date,ranking_score,suppression_reason
"Changzhou Liyuan New Energy Technology Co., Ltd.",changzhouliyuannewenergy,2026-05-13,2029-05-13,,2026-05-13,insufficient_followup,,2026,1,54140000.0,54140000.0,728370000.0,2,0.6078028747433265,222,64790000.00000001,1,2026-05-13,0.9283912950071384,
Coro Cyber Security Ltd.,corocybersecurity,2024-03-28,2027-03-28,,2024-03-28,insufficient_followup,,2024,1,75000000.0,75000000.0,575000000.0,4,0.9418206707734429,344,100000000.0,3,2024-03-28,0.9255426832898186,
Snabbit,snabbit,2026-04-28,2029-04-28,,2026-04-28,insufficient_followup,,2026,1,30090000.0,30090000.0,180750000.0,4,0.49828884325804246,182,55680000.0,7,2026-04-28,0.9250407669229624,
"Rapport Therapeutics, Inc. (NasdaqGM:RAPP)",rapporttherapeuticsnasdaqgmrapp,2023-08-23,2026-08-23,,2023-08-23,insufficient_followup,,2023,1,100180000.0,100180000.0,110440000.0,3,0.46269678302532513,169,150000000.0,11,2023-08-23,0.9224494671690817,currently_tickered_public_entity
"Mellis, Inc.",mellis,2024-06-05,2027-06-05,,2024-06-05,insufficient_followup,,2024,1,35000000.0,35000000.0,300000000.0,6,0.5201916495550992,190,80000000.0,5,2024-06-05,0.916879250843872,
"Augment Computing, Inc.",augmentcomputing,2024-04-24,2027-04-24,,2024-04-24,insufficient_followup,,2024,1,25000000.0,25000000.0,62460000.0,1,0.5530458590006845,202,227000000.0,6,2024-04-24,0.9030494511217365,
Sana Labs AB,sanaab,2024-10-30,2027-10-30,,2024-10-30,insufficient_followup,,2024,1,60280000.0,60280000.0,198590000.0,4,1.4182067077344285,518,55000000.0,2,2024-10-30,0.8974910199915015,
Bicara Therapeutics Inc. (NasdaqGM:BCAX),bicaratherapeuticsnasdaqgmbcax,2023-12-12,2026-12-12,,2023-12-12,insufficient_followup,,2023,1,108230000.0,108230000.0,243560000.0,11,0.7693360711841205,281,165000000.0,17,2023-12-12,0.8949749978867952,currently_tickered_public_entity
"Korsana Biosciences, Inc.",korsanabiosciences,2025-09-30,2028-09-30,,2025-09-30,insufficient_followup,,2025,1,25000000.0,25000000.0,32500000.0,2,0.7474332648870636,273,150000000.0,6,2025-09-30,0.8940782326659336,
Doppel Inc.,doppel,2025-11-19,2028-11-19,,2025-11-19,insufficient_followup,,2025,1,35000000.0,35000000.0,205000000.0,7,0.5503080082135524,201,70000000.0,9,2025-11-19,0.8940443290337011,
Nesse Technologies Inc,nesse,2025-05-31,2028-05-31,,2025-05-31,insufficient_followup,,2025,1,35000000.0,35000000.0,150000000.0,5,0.4134154688569473,151,53000000.0,5,2025-05-31,0.8905422593194073,
Stellaromics Inc.,stellaromics,2025-02-11,2028-02-11,,2025-02-11,insufficient_followup,,2025,1,25000000.0,25000000.0,63970000.0,1,1.2785763175906912,467,80000000.0,1,2025-02-11,0.8841150616121469,
"Ledgebrook Insurance, LLC.",ledgebrookinsurance,2025-06-20,2028-06-20,,2025-06-20,insufficient_followup,,2025,1,17000000.0,17000000.0,220110000.0,4,0.7720739219712526,282,65000000.0,7,2025-06-20,0.8823529954056857,
"Hangzhou Bangshun Pharmaceutical Co., Ltd.",hangzhoubangshunpharmaceutical,2025-12-04,2028-12-04,,2025-12-04,insufficient_followup,,2025,1,34540000.0,34540000.0,252590000.0,3,0.5722108145106092,209,12300000.0,0,2025-12-04,0.8804385270061337,
Nomu Pay,nomupay,2025-06-03,2028-06-03,,2025-06-03,insufficient_followup,,2025,1,40150000.0,40150000.0,216670000.0,2,0.6735112936344969,246,39820000.0,1,2025-06-03,0.8770250131096178,
The San Francisco AI Factory Inc.,thesanfranciscoaifactory,2025-09-25,2028-09-25,,2025-09-25,insufficient_followup,,2025,1,15000000.0,15000000.0,120000000.0,3,1.270362765229295,464,50000000.0,6,2025-09-25,0.8745929086974856,
Girnar Insurance Brokers Private Limited,girnarinsurancebrokersprivate,2023-10-11,2026-10-11,,2025-03-04,insufficient_followup,,2023,1,76100000.0,76100000.0,172920000.0,6,0.6570841889117043,240,60040000.0,6,2023-10-11,0.8717616810107924,
"Bangjie New Energy Technology Co., Ltd.",bangjienewenergy,2023-09-14,2026-09-14,,2023-09-14,insufficient_followup,,2023,1,32400000.0,32400000.0,172040000.0,1,0.23819301848049282,87,20610000.0,1,2023-09-14,0.8700967634900927,
"HeyGen, Inc.",heygen,2024-03-23,2027-03-23,,2024-03-23,insufficient_followup,,2024,1,14600000.0,14600000.0,75000000.0,1,0.31485284052019163,115,60000000.0,5,2024-03-23,0.8657379088453857,
"Thyme Care, Inc.",thymecare,2024-07-16,2027-07-16,,2024-07-16,insufficient_followup,,2024,1,64640000.0,64640000.0,168820000.0,8,0.13415468856947296,49,54500000.0,8,2024-07-16,0.8640467878995537,known_unicorn_or_former_unicorn_in_current_master
Adaps Photonics Inc.,adapsphotonics,2026-02-25,2029-02-25,,2026-02-25,insufficient_followup,,2026,1,14040000.0,14040000.0,56150000.0,1,0.4517453798767967,165,43670000.0,1,2026-02-25,0.8604283640853633,
"Suzhou Yimufeng Biotechnology Co., Ltd.",suzhouyimufengbiotechnology,2025-11-28,2028-11-28,,2026-02-13,insufficient_followup,,2025,1,26130000.0,26130000.0,140470000.0,0,0.16153319644079397,59,38590000.0,0,2025-11-28,0.8602486740877306,
Scapia Technology Private Limited,scapiaprivate,2026-05-20,2029-05-20,,2026-05-20,insufficient_followup,,2026,1,40180000.0,40180000.0,200910000.0,5,1.1279945242984257,412,62740000.0,6,2026-05-20,0.8586288881384593,
Elucid Bioimaging Inc.,elucidbioimaging,2023-11-09,2026-11-09,,2023-11-09,insufficient_followup,,2023,1,27000000.0,27000000.0,61920000.0,5,1.3826146475017111,505,80000000.0,1,2023-11-09,0.8574727484054265,
Atlan Pte Ltd,atlanpte,2024-05-08,2027-05-08,,2024-05-08,insufficient_followup,,2024,1,50000000.0,50000000.0,452000000.0,4,2.184804928131417,798,105000000.0,4,2024-05-08,0.8536548322515451,
Marq Vision Inc.,marqvision,2025-09-15,2028-09-15,,2025-09-15,insufficient_followup,,2025,1,36000000.0,36000000.0,188920000.0,9,0.9527720739219713,348,48000000.0,7,2025-09-15,0.85208948491754,
Firstclub Technology Private Limited,firstclubprivate,2026-06-03,2029-06-03,,2026-06-03,insufficient_followup,,2026,1,23000000.0,23000000.0,120000000.0,6,0.7474332648870636,273,53450000.0,5,2026-06-03,0.8488330971599717,
Blu-Smart Mobility Limited,blusmartmobility,2024-07-15,2027-07-15,,2024-07-15,insufficient_followup,,2024,1,25000000.0,25000000.0,250000000.0,1,0.459958932238193,168,24060000.0,1,2024-07-15,0.8472787498879502,
"Triveni Bio, Inc.",trivenibio,2026-06-17,2029-06-17,,2026-06-17,insufficient_followup,,2026,1,115000000.0,115000000.0,268460000.0,8,1.7056810403832992,623,65000000.0,3,2026-06-17,0.8460698275793105,
"Mariana Oncology, Inc.",marianaoncology,2023-09-07,2026-09-07,,2023-09-07,insufficient_followup,,2023,1,75000000.0,75000000.0,91930000.0,3,1.7659137577002053,645,175000000.0,8,2023-09-07,0.8439848858162418,
Shadowfax Technologies Limited (NSEI:SHADOWFAX),shadowfaxnseishadowfax,2024-02-27,2027-02-27,,2025-03-04,insufficient_followup,,2024,1,11990000.0,11990000.0,600000000.0,3,1.6317590691307324,596,68000000.0,8,2024-02-27,0.8427844878113957,currently_tickered_public_entity
The Woodenstreet Furnitures Pvt. Ltd,thewoodenstreetfurniturespvt,2024-12-07,2027-12-07,,2024-12-07,insufficient_followup,,2024,1,29890000.0,29890000.0,156650000.0,1,2.614647501711157,955,41800000.0,1,2024-12-07,0.8397507746308956,
M2 Semiconductor Ltd.,m2semiconductor,2026-06-02,2029-06-02,,2026-06-02,insufficient_followup,,2026,1,44220000.0,44220000.0,189200000.0,16,0.17248459958932238,63,7390000.0,1,2026-06-02,0.8351286903012713,
"Seurat Technologies, Inc.",seurat,2023-10-30,2026-10-30,,2023-10-30,insufficient_followup,,2023,1,64269999.99999999,64269999.99999999,184840000.0,9,1.7768651608487338,649,99000000.0,11,2023-10-30,0.8336506965996265,
Boston Electrometallurgical Corporation,bostonelectrometallurgical,2023-09-06,2026-09-06,,2023-09-06,insufficient_followup,,2023,1,60100000.0,60100000.0,146550000.0,7,1.68104038329911,614,262130000.0,10,2023-09-06,0.8307662740109564,
CRM&BONUS,crmbonus,2024-05-14,2027-05-14,,2024-05-14,insufficient_followup,,2024,1,50730000.0,50730000.0,181190000.0,4,2.6036960985626285,951,77920000.0,2,2024-05-14,0.8288979638927554,
"Convergent Therapeutics, Inc.",convergenttherapeutics,2024-09-24,2027-09-24,,2024-09-24,insufficient_followup,,2024,1,90000000.0,90000000.0,126900000.0,3,1.3963039014373717,510,40000000.0,1,2024-09-24,0.8233421250467946,
Smartpaddle Technology Private Limited,smartpaddleprivate,2023-10-04,2026-10-04,,2025-03-11,insufficient_followup,,2023,1,110740000.0,110740000.0,604030000.0,10,1.8562628336755647,678,50000000.0,7,2023-10-04,0.822912672790587,
Analog Legalhub Tech Solutions Pvt. Ltd.,analoglegalhubtechsolutionspvt,2023-08-09,2026-08-09,,2023-08-09,insufficient_followup,,2023,1,24970000.0,24970000.0,99610000.0,3,1.995893223819302,729,49960000.0,4,2023-08-09,0.8224520962729859,
"Ethyreal Bio, Inc.",ethyrealbio,2026-06-10,2029-06-10,,2026-06-10,insufficient_followup,,2026,1,41350000.0,41350000.0,54840000.0,4,1.943874058863792,710,60000000.0,5,2026-06-10,0.8169828273239024,
"Shanghai Cool Core Microelectronics Co., Ltd.",shanghaicoolcoremicroelectronics,2025-12-24,2028-12-24,,2025-12-24,insufficient_followup,,2025,1,19040000.0,19040000.0,471030000.0,2,1.9822039698836413,724,57030000.0,2,2025-12-24,0.8149270332214474,
"Neuros Medical, Inc.",neurosmedical,2025-07-09,2028-07-09,,2025-07-09,insufficient_followup,,2025,1,25000000.0,25000000.0,87650000.0,1,1.6892539356605065,617,56000000.0,6,2025-07-09,0.8137239978735693,
Beejapuri Dairy Private Limited,beejapuridairyprivate,2024-01-05,2027-01-05,,2024-08-04,insufficient_followup,,2024,1,107760000.0,107760000.0,613650000.0,8,1.6153319644079398,590,19790000.0,3,2024-01-05,0.8117771070451459,
"Betr Holdings, Inc.",betr,2024-03-06,2027-03-06,,2024-03-06,insufficient_followup,,2024,1,35000000.0,35000000.0,335000000.0,7,0.6926762491444216,253,15000000.0,5,2024-03-06,0.8105099004899056,
Harbinger Motors Inc.,harbingermotors,2023-12-31,2026-12-31,,2023-12-31,insufficient_followup,,2023,1,24740000.0,24740000.0,112510000.0,0,1.9822039698836413,724,73000000.0,11,2023-12-31,0.8101949889366885,
Pryon Inc.,pryon,2023-09-19,2026-09-19,,2023-09-19,insufficient_followup,,2023,1,36640000.0,36640000.0,62210000.0,14,1.9739904175222451,721,100000000.0,8,2023-09-19,0.8100556403268533,
Panmnesia Inc.,panmnesia,2024-11-19,2027-11-19,,2024-11-19,insufficient_followup,,2024,1,12500000.0,12500000.0,81400000.0,7,1.1827515400410678,432,57460000.0,15,2024-11-19,0.8097949457852303,
JSW One Platforms Limited,jswoneplatforms,2025-10-05,2028-10-05,,2025-10-05,insufficient_followup,,2025,1,25000000.0,25000000.0,335300000.0,1,2.48870636550308,909,64800000.0,7,2025-10-05,0.8083155437086695,known_unicorn_or_former_unicorn_in_current_master
"Cardurion Pharmaceuticals, Inc.",cardurionpharmaceuticals,2024-07-16,2027-07-16,,2024-07-16,insufficient_followup,,2024,1,300000000.0,300000000.0,408600000.0,2,2.7186858316221767,993,260000000.0,13,2024-07-16,0.806804814900773,
Azra Games Inc.,azragames,2024-10-15,2027-10-15,,2024-10-15,insufficient_followup,,2024,1,10000000.0,10000000.0,103200000.0,0,1.6454483230663928,601,42700000.0,4,2024-10-15,0.8050071277247899,
"Equilibrium Energy, Inc.",equilibriumenergy,2025-03-12,2028-03-12,,2025-03-12,insufficient_followup,,2025,1,39000000.0,39000000.0,129630000.0,3,0.405201916495551,148,28000000.0,6,2025-03-12,0.8039030173096633,
"Grid.ai, Inc.",gridai,2024-11-21,2027-11-21,,2024-11-21,insufficient_followup,,2024,1,40000000.0,40000000.0,443540000.0,5,2.433949349760438,889,50000000.0,4,2024-11-21,0.8005619240703495,
"Neuracle Technology (Shanghai) Co., Ltd.",neuracleshanghai,2025-12-31,2028-12-31,,2025-12-31,insufficient_followup,,2025,1,2110000.0,2110000.0,521600000.0,1,0.14784394250513347,54,42890000.0,2,2025-12-31,0.7960117969844508,
A & A Dukaan Financial Services Private Limited,aadukaanfinancialservicesprivate,2025-04-22,2028-04-22,,2025-04-22,insufficient_followup,,2025,1,30000000.0,30000000.0,300000000.0,1,7.512662559890486,2744,11900000.0,2,2025-04-22,0.7953742098132357,
Neo Financial Technologies Inc.,neofinancial,2024-10-11,2027-10-11,,2024-10-11,insufficient_followup,,2024,1,144130000.0,144130000.0,779090000.0,7,2.43668720054757,890,262980000.00000003,6,2024-10-11,0.7948622303541671,
"Veza Technologies, Inc.",veza,2025-04-28,2028-04-28,,2025-04-28,insufficient_followup,,2025,1,0.0,0.0,415000000.0,9,1.7166324435318274,627,108000000.0,12,2025-04-28,0.7947247022136027,
"Obsidian Therapeutics, Inc.",obsidiantherapeutics,2024-04-03,2027-04-03,,2024-04-03,insufficient_followup,,2024,1,115040000.0,115040000.0,212230000.0,14,2.565366187542779,937,160500000.0,16,2024-04-03,0.7941256078943425,
"Shenzhen Enrigin Technology Co., Ltd",shenzhenenrigin,2025-01-03,2028-01-03,,2025-01-03,insufficient_followup,,2025,1,13890000.0,13890000.0,115140000.0,3,1.68104038329911,614,49320000.0,7,2025-01-03,0.793749906550299,
Sion Power Corporation,sionpower,2024-01-24,2027-01-24,,2024-01-24,insufficient_followup,,2024,1,20000000.0,20000000.0,338910000.0,0,2.1656399726214923,791,75000000.0,4,2024-01-24,0.7919580941334879,
"Tecovas, Inc.",tecovas,2025-07-30,2028-07-30,,2025-07-30,insufficient_followup,,2025,1,56000000.0,56000000.0,462120000.0,4,3.5455167693360714,1295,10000000.0,0,2025-07-30,0.7901001266452561,
"Merida Biosciences, Inc.",meridabiosciences,2025-04-08,2028-04-08,,2025-04-08,insufficient_followup,,2025,1,33840000.0,33840000.0,72810000.0,1,2.269678302532512,829,121000000.0,5,2025-04-08,0.7900600986442889,
"Halozyme Hypercon, Inc.",halozymehypercon,2024-10-15,2027-10-15,,2024-10-15,insufficient_followup,,2024,1,40000000.0,40000000.0,94260000.0,3,2.3408624229979464,855,112250000.0,20,2024-10-15,0.7894848572512662,
"INCEPTIVE, INC.",inceptive,2023-09-07,2026-09-07,,2023-09-07,insufficient_followup,,2023,1,20000000.0,20000000.0,62900000.0,0,1.6837782340862424,615,100000000.0,3,2023-09-07,0.7890382924259739,
"Seismic Therapeutic, Inc.",seismictherapeutic,2024-09-12,2027-09-12,,2024-09-12,insufficient_followup,,2024,1,101380000.0,101380000.0,194800000.0,5,2.5900068446269677,946,146280000.0,11,2024-09-12,0.7889489596895592,
Colendi,colendi,2024-05-22,2027-05-22,,2024-05-22,insufficient_followup,,2024,1,38000000.0,38000000.0,120000000.0,1,2.6858316221765914,981,65000000.0,5,2024-05-22,0.7882844681768792,
Vega Cyber Solutions Ltd.,vegacybersolutions,2025-08-16,2028-08-16,,2025-12-17,insufficient_followup,,2025,1,60000000.0,60000000.0,400000000.0,4,0.4188911704312115,153,5000000.0,3,2025-08-16,0.7872583147853015,
"VEIR, Inc.",veir,2025-01-28,2028-01-28,,2025-01-28,insufficient_followup,,2025,1,24900000.0,24900000.0,46570000.0,6,1.68104038329911,614,75000000.0,13,2025-01-28,0.7870385815699107,
KOHO Financial Inc.,kohofinancial,2023-12-07,2026-12-07,,2026-06-11,insufficient_followup,,2023,1,55690000.0,55690000.0,238680000.0,3,2.7405886379192332,1001,210370000.0,9,2023-12-07,0.7861203323029607,
"Muon Space, Inc.",muonspace,2024-08-05,2027-08-05,,2025-06-12,insufficient_followup,,2024,1,25000000.0,25000000.0,109430000.0,5,2.1601642710472277,789,57150000.0,5,2024-08-05,0.7793185541942355,
Sendle Pty Ltd,sendlepty,2024-07-02,2027-07-02,,2024-07-02,insufficient_followup,,2024,1,34130000.0,34130000.0,230940000.0,5,3.025325119780972,1105,10650000.0,1,2024-07-02,0.7791346255787778,
Trip Drink Ltd,tripdrink,2025-11-10,2028-11-10,,2025-11-10,insufficient_followup,,2025,1,0.0,0.0,134030000.0,1,1.111567419575633,406,40140000.0,1,2025-11-10,0.7771914451207734,
Ingrasys Technology Mexico. S.A. de C.V.,ingrasysmexicosadecv,2026-05-21,2029-05-21,,2026-05-21,insufficient_followup,,2026,1,11710000.0,11710000.0,34030000.0,1,0.16153319644079397,59,39500000.0,1,2026-05-21,0.7762504743911987,
Whale Dynamic,whaledynamic,2024-09-20,2027-09-20,,2024-09-20,insufficient_followup,,2024,1,2640000.0,2640000.0,32970000.0,1,0.5010266940451745,183,53310000.0,1,2024-09-20,0.7757873913655933,
Infifresh Foods Limited,infifreshfoods,2024-12-26,2027-12-26,,2025-01-27,insufficient_followup,,2024,1,39890000.0,39890000.0,199700000.0,6,3.0143737166324436,1101,11730000.0,1,2024-12-26,0.7741362996261681,
"Protect AI, Inc.",protectai,2024-08-15,2027-08-15,,2024-08-15,insufficient_followup,,2024,1,10470000.0,10470000.0,29770000.0,4,1.6673511293634498,609,80800000.0,9,2024-08-15,0.7727512206316434,
"Shandong Sinder Technology Co., Ltd",shandongsinder,2025-10-25,2028-10-25,,2025-10-25,insufficient_followup,,2025,1,29030000.0,29030000.0,417740000.0,3,3.1512662559890487,1151,20220000.0,3,2025-10-25,0.7709404653834435,
Gnau Inc.,gnau,2025-08-06,2028-08-06,,2025-08-06,insufficient_followup,,2025,1,13550000.0,13550000.0,16180000.0,3,1.0212183436002737,373,70000000.0,5,2025-08-06,0.7704046560670457,
"Beijing Haizhi Technology Group Co., Ltd. (SEHK:2706)",beijinghaizhisehk2706,2025-05-31,2028-05-31,,2025-05-31,insufficient_followup,,2025,1,30000000.0,30000000.0,250000000.0,4,9.245722108145106,3377,48610000.0,0,2025-05-31,0.7702034802806361,
Hume AI Inc,humeai,2025-07-09,2028-07-09,,2025-07-09,insufficient_followup,,2025,1,50210000.0,50210000.0,192030000.0,6,1.2895277207392197,471,17770000.0,5,2025-07-09,0.7686704790072532,
"Reprieve Cardiovascular, Inc.",reprievecardiovascular,2025-08-13,2028-08-13,,2025-08-13,insufficient_followup,,2025,1,45360000.0,45360000.0,49010000.0,5,1.730321697467488,632,45910000.0,7,2025-08-13,0.7685586995029597,
"Erthos, Inc.",erthos,2023-09-11,2026-09-11,,2023-09-11,insufficient_followup,,2023,1,500000.0,500000.0,49370000.0,0,2.0479123887748116,748,41500000.0,1,2023-09-11,0.7667433059010672,
"DeepCure, Inc.",deepcure,2024-04-11,2027-04-11,,2024-04-11,insufficient_followup,,2024,1,40000000.0,40000000.0,138980000.0,4,2.42299794661191,885,24600000.0,1,2024-04-11,0.7643153887706412,
Sei Labs Inc.,sei,2023-11-15,2026-11-15,,2023-11-15,insufficient_followup,,2023,1,30000000.0,30000000.0,800000000.0,8,0.5968514715947981,218,0.0,1,2023-11-15,0.7642070766646525,
"Weimai Technology Co., Ltd.",weimai,2025-10-15,2028-10-15,,2025-10-15,insufficient_followup,,2025,1,27300000.0,27300000.0,545930000.0,8,0.7693360711841205,281,8000000.0,5,2025-10-15,0.7641002710740832,
"Crossbow Therapeutics, Inc.",crossbowtherapeutics,2026-03-18,2029-03-18,,2026-03-18,insufficient_followup,,2026,1,80000000.0,80000000.0,112550000.0,7,2.6858316221765914,981,77000000.0,12,2026-03-18,0.762455023880371,
Alsym Energy Inc.,alsymenergy,2024-04-03,2027-04-03,,2024-04-03,insufficient_followup,,2024,1,21850000.0,21850000.0,185110000.0,0,2.5516769336071183,932,78000000.0,5,2024-04-03,0.7603920595187702,
"Beijing Wehand-Bio Pharmaceutical Co., Ltd.",beijingwehandbiopharmaceutical,2025-09-30,2028-09-30,,2025-09-30,insufficient_followup,,2025,1,24660000.0,24660000.0,539520000.0,0,0.7474332648870636,273,14050000.0,0,2025-09-30,0.7580446097560595,
"Particle Industries, Inc.",particleindustries,2024-07-01,2027-07-01,,2024-07-01,insufficient_followup,,2024,1,40000000.0,40000000.0,135980000.0,9,4.670773442847365,1706,12380000.0,1,2024-07-01,0.7567469750008049,
"Smith Health, Inc.",smithhealth,2024-01-23,2027-01-23,,2024-01-23,insufficient_followup,,2024,1,20000000.0,20000000.0,45360000.0,2,1.8726899383983573,684,60000000.0,2,2024-01-23,0.7566949256006188,
"Shanghai Senyi Wisdom Information Technology Co., Ltd.",shanghaisenyiwisdominformation,2024-07-18,2027-07-18,,2024-07-18,insufficient_followup,,2024,1,77380000.0,77380000.0,402370000.0,3,2.965092402464066,1083,8260000.0,4,2024-07-18,0.7556691096306506,
"Lone Gull Holdings, Ltd.",lonegull,2026-05-22,2029-05-22,,2026-05-22,insufficient_followup,,2026,1,52650000.0,52650000.0,244800000.0,0,4.2354551676933605,1547,94060000.0,0,2026-05-22,0.7535658284487351,
Rokid Corporation Ltd.,rokid,2026-04-22,2029-04-22,,2026-04-22,insufficient_followup,,2026,1,65000000.0,65000000.0,450000000.0,3,9.486652977412732,3465,26370000.0,1,2026-04-22,0.7479503024634856,known_unicorn_or_former_unicorn_in_current_master
"FuriosaAI, Inc.",furiosaai,2025-06-05,2028-06-05,,2025-06-05,insufficient_followup,,2025,1,72170000.0,72170000.0,234560000.0,3,4.01368925393566,1466,128810000.0,9,2025-06-05,0.7455354885523944,
"Yantai Lannacheng Biotechnology Co., Ltd.",yantailannachengbiotechnology,2026-07-06,2029-07-06,,2026-07-06,insufficient_followup,,2026,1,41400000.0,41400000.0,310510000.0,5,2.198494182067077,803,5890000.0,2,2026-07-06,0.7450736212933413,
Onyx Security Inc,onyxsecurity,2026-07-29,2029-07-29,,2026-07-29,insufficient_followup,,2026,1,5080000.0,5080000.0,5080000.0,1,1.5742642026009583,575,113000000.0,7,2026-07-29,0.7442899299543072,
"Envisics, Inc.",envisics,2023-09-04,2026-09-04,,2023-09-04,insufficient_followup,,2023,1,50000000.0,50000000.0,250000000.0,4,2.9075975359342916,1062,100000000.0,4,2023-09-04,0.7412597681141095,
Digantara Industries Private Limited,digantaraindustriesprivate,2025-12-16,2028-12-16,,2025-12-16,insufficient_followup,,2025,1,11800000.0,11800000.0,71180000.0,7,1.8015058179329226,658,47850000.0,5,2025-12-16,0.7394290879619881,
"Steadily Insurance Agency, Inc.",steadilyinsuranceagency,2025-04-23,2028-04-23,,2025-04-23,insufficient_followup,,2025,1,28500000.0,28500000.0,177210000.0,5,1.8015058179329226,658,30000000.0,6,2025-04-23,0.737234237542561,
"Wuhan MEMSonics New Technology Co., Ltd.",wuhanmemsonicsnew,2025-11-19,2028-11-19,,2025-11-19,insufficient_followup,,2025,1,0.0,0.0,423590000.0,3,1.1690622861054072,427,28130000.0,1,2025-11-19,0.7346888844199095,
"Slope Tech, Inc.",slopetech,2024-07-17,2027-07-17,,2024-07-17,insufficient_followup,,2024,1,7900000.0,7900000.0,60980000.0,1,2.650239561943874,968,45000000.0,5,2024-07-17,0.7344021801856547,
"Wuhan Silicon Integrated Co., Ltd.",wuhansiliconintegrated,2025-08-14,2028-08-14,,2025-08-14,insufficient_followup,,2025,1,47390000.0,47390000.0,758280000.0,4,3.5537303216974676,1298,71060000.0,15,2025-08-14,0.7340487962792566,
Buk SpA,bukspa,2025-01-06,2028-01-06,,2025-01-06,insufficient_followup,,2025,1,50000000.0,50000000.0,417000000.0,2,3.2553045859000687,1189,50000000.0,4,2025-01-06,0.7286082082092193,
Kream Corporation,kream,2024-07-30,2027-07-30,,2024-07-30,insufficient_followup,,2024,1,172600000.0,172600000.0,756370000.0,6,1.3552361396303902,495,0.0,1,2024-07-30,0.725963910273494,
Galy Co.,galy,2024-07-10,2027-07-10,,2024-07-10,insufficient_followup,,2024,1,31640000.0,31640000.0,113000000.0,1,2.2806297056810405,833,33420000.0,10,2024-07-10,0.7249794465921333,
PolyAI Limited,polyai,2025-12-15,2028-12-15,,2025-12-15,insufficient_followup,,2025,1,40000000.0,40000000.0,300000000.0,5,3.271731690622861,1195,86050000.0,10,2025-12-15,0.7244431992366808,
Persefoni AI Inc.,persefoniai,2026-05-01,2029-05-01,,2026-05-01,insufficient_followup,,2026,1,75710000.0,75710000.0,421800000.0,10,1.0841889117043122,396,4350000.0,0,2026-05-01,0.7202903636665685,
"eGenesis, Inc.",egenesis,2024-09-04,2027-09-04,,2024-09-04,insufficient_followup,,2024,1,125000000.0,125000000.0,291330000.0,18,3.509924709103354,1282,191000000.0,11,2024-09-04,0.720074359090394,
"RevenueCat, Inc.",revenuecat,2025-05-22,2028-05-22,,2025-05-22,insufficient_followup,,2025,1,40000000.0,40000000.0,300000000.0,6,3.9863107460643397,1456,50000000.0,6,2025-05-22,0.718555987988409,
"Redbear AI Co., Ltd.",redbearai,2026-04-07,2029-04-07,,2026-04-07,insufficient_followup,,2026,1,11440000.0,11440000.0,107230000.0,3,0.2655715263518138,97,30630000.0,11,2026-04-07,0.7173132578804454,
"Nectero Medical, Inc.",necteromedical,2024-04-11,2027-04-11,,2024-04-11,insufficient_followup,,2024,1,19500000.0,19500000.0,37480000.0,1,2.6091718001368926,953,96000000.0,5,2024-04-11,0.7161911620753388,
"Klar Technologies, S.A. de C.V., S.F.P.",klarsadecvsfp,2025-07-01,2028-07-01,,2025-07-01,insufficient_followup,,2025,1,90000000.0,90000000.0,500000000.0,8,3.060917180013689,1118,190000000.0,8,2025-07-01,0.7155840763908232,
Quicko TechnoSoft Labs Private Limited,quickotechnosoftprivate,2024-09-25,2027-09-25,,2024-09-25,insufficient_followup,,2024,1,89710000.0,89710000.0,600000000.0,6,3.299110198494182,1205,70000000.0,3,2024-09-25,0.7136044373307187,
Pay.com.au Limited,paycomau,2026-05-31,2029-05-31,,2026-05-31,insufficient_followup,,2026,1,16140000.0,16140000.0,424930000.0,4,0.5147159479808351,188,28770000.0,0,2026-05-31,0.7123296552303598,
Vulcan Elements Holdings Corp.,vulcanelements,2025-08-11,2028-08-11,,2025-08-11,insufficient_followup,,2025,1,5200000.0,5200000.0,5200000.0,0,1.626283367556468,594,65000000.0,5,2025-08-11,0.7121170194942802,
"Ample, Inc.",ample,2024-11-19,2027-11-19,,2024-11-19,insufficient_followup,,2024,1,160000000.0,160000000.0,546650000.0,6,3.252566735112936,1188,55000000.0,3,2024-11-19,0.7111568345059668,known_unicorn_or_former_unicorn_in_current_master
"Arbor Biotechnologies, Inc.",arborbiotechnologies,2025-03-18,2028-03-18,,2025-03-18,insufficient_followup,,2025,1,215000000.0,215000000.0,456160000.0,20,3.353867214236824,1225,73900000.0,13,2025-03-18,0.710028410285094,
Rylo Inc.,rylo,2026-06-09,2029-06-09,,2026-06-09,insufficient_followup,,2026,1,11000000.0,11000000.0,20470000.0,7,1.9137577002053388,699,85000000.0,6,2026-06-09,0.7096011001922381,
"MatrixSpace, Inc.",matrixspace,2026-03-24,2029-03-24,,2026-03-24,insufficient_followup,,2026,1,32150000.0,32150000.0,67860000.0,2,1.8617385352498288,680,24790000.0,3,2026-03-24,0.7073482487577403,
"Click Therapeutics, Inc.",clicktherapeutics,2025-03-19,2028-03-19,,2026-04-09,insufficient_followup,,2025,1,52120000.0,52120000.0,193270000.0,8,3.405886379192334,1244,48580000.0,2,2025-03-19,0.706390295259487,
"PollyEx, Inc.",pollyex,2024-09-10,2027-09-10,,2024-09-10,insufficient_followup,,2024,1,37250000.0,37250000.0,195430000.0,7,2.622861054072553,958,25000000.0,5,2024-09-10,0.7052670436232991,
Malta Inc.,malta,2023-11-30,2026-11-30,,2026-01-14,insufficient_followup,,2023,1,60900000.0,60900000.0,113310000.0,5,2.2778918548939084,832,21610000.0,6,2023-11-30,0.7036157835078914,
"Yuen Kee Food Group Co., Ltd.",yuenkeefood,2025-12-31,2028-12-31,,2025-12-31,insufficient_followup,,2025,1,4139999.9999999995,4139999.9999999995,275770000.0,1,2.5051334702258727,915,40030000.0,6,2025-12-31,0.7011344744546135,
Arc Boat Company,arcboat,2023-09-27,2026-09-27,,2026-03-19,insufficient_followup,,2023,1,4250000.0,4250000.0,18220000.0,6,2.5763175906913074,941,70000000.0,5,2023-09-27,0.7002223563623293,
"Cloaked, Inc.",cloaked,2026-03-19,2029-03-19,,2026-03-19,insufficient_followup,,2026,1,25000000.0,25000000.0,112980000.0,7,3.972621492128679,1451,375000000.0,10,2026-03-19,0.6995040898777103,
Prezent Inc.,prezent,2025-10-10,2028-10-10,,2025-10-10,insufficient_followup,,2025,1,40000000.0,40000000.0,100000000.0,7,0.5612594113620808,205,30000000.0,7,2025-10-10,0.6992413427029012,
"Replicate, Inc.",replicate,2023-12-05,2026-12-05,,2023-12-05,insufficient_followup,,2023,1,15120000.0,15120000.0,86850000.0,3,0.785763175906913,287,40000000.0,5,2023-12-05,0.6988406375916878,
"PassiveLogic, Inc.",passivelogic,2025-09-18,2028-09-18,,2025-09-18,insufficient_followup,,2025,1,33970000.0,33970000.0,115000000.0,6,3.685147159479808,1346,74000000.0,8,2025-09-18,0.6974222382756089,
"Flipside Crypto, Inc.",flipsidecrypto,2025-10-23,2028-10-23,,2025-10-23,insufficient_followup,,2025,1,50000000.0,50000000.0,308190000.0,19,3.512662559890486,1283,3640000.0,0,2025-10-23,0.6964739987673537,
Entry Inc.,entry,2025-10-02,2028-10-02,,2025-10-02,insufficient_followup,,2025,1,5960000.0,5960000.0,10130000.0,0,1.2895277207392197,471,90000000.0,5,2025-10-02,0.6950798414616461,
micro1 Inc.,micro1,2025-09-12,2028-09-12,,2025-09-12,insufficient_followup,,2025,1,1300000.0,1300000.0,30000000.0,1,1.9000684462696784,694,35000000.0,2,2025-09-12,0.69444683202681,
"RunBuggy OMI, Inc.",runbuggyomi,2023-11-17,2026-11-17,,2025-09-30,insufficient_followup,,2023,1,19000000.0,19000000.0,143440000.0,3,1.4455852156057496,528,12000000.0,0,2023-11-17,0.6939964890455195,
Hemanext Inc.,hemanext,2025-07-22,2028-07-22,,2025-07-22,insufficient_followup,,2025,1,21710000.0,21710000.0,136710000.0,0,0.7227926078028748,264,21700000.0,0,2025-07-22,0.6935217942926301,
1k Kirana Bazaar,1kkiranabazaar,2024-04-29,2027-04-29,,2024-04-29,insufficient_followup,,2024,1,25000000.0,25000000.0,115000000.0,3,2.0643394934976045,754,3840000.0,3,2024-04-29,0.6933070356222123,
Hyperdoc Inc.,hyperdoc,2025-09-04,2028-09-04,,2025-09-04,insufficient_followup,,2025,1,10000000.0,10000000.0,24440000.0,6,1.3059548254620124,477,38000000.0,6,2025-09-04,0.6879928282333404,
Elephas Biosciences Corporation,elephasbiosciences,2024-01-23,2027-01-23,,2025-11-06,insufficient_followup,,2024,1,20000000.0,20000000.0,45810000.0,0,2.2751540041067764,831,55000000.0,8,2024-01-23,0.6879745913881432,
"Kintsugi AI, Inc.",kintsugiai,2025-04-29,2028-04-29,,2025-04-29,insufficient_followup,,2025,1,10000000.0,10000000.0,80000000.0,6,0.4544832306639288,166,24980000.0,1,2025-04-29,0.6797213074402113,
"Beacon Biosignals, Inc.",beaconbiosignals,2026-04-15,2029-04-15,,2026-04-15,insufficient_followup,,2026,1,29850000.0,29850000.0,103650000.0,2,4.528405201916495,1654,103280000.0,15,2026-04-15,0.6770734784154793,
Nexxbase Marketing Private Limited,nexxbasemarketingprivate,2025-04-09,2028-04-09,,2025-04-09,insufficient_followup,,2025,1,9980000.0,9980000.0,459540000.0,1,1.3086926762491444,478,19850000.0,1,2025-04-09,0.6764815845615262,
Apna Mart Shop And Earn Private Limited,apnamartshopandearnprivate,2026-07-29,2029-07-29,,2026-07-29,insufficient_followup,,2026,1,25070000.0,25070000.0,86220000.0,7,1.3470225872689938,492,12520000.0,3,2026-07-29,0.6751674381272609,
"Jiangsu Weiheng Intelligent Technology Co., Ltd",jiangsuweihengintelligent,2023-12-31,2026-12-31,,2026-01-23,insufficient_followup,,2023,1,14790000.0,14790000.0,154340000.0,5,0.4106776180698152,150,25100000.0,11,2023-12-31,0.6716847645723626,
"TurbineOne, Inc.",turbineone,2025-05-14,2028-05-14,,2025-05-14,insufficient_followup,,2025,1,15000000.0,15000000.0,23430000.0,4,1.1307323750855578,413,36000000.0,5,2025-05-14,0.6694792798074244,
VulnCheck Inc.,vulncheck,2026-02-17,2029-02-17,,2026-02-17,insufficient_followup,,2026,1,7950000.0,7950000.0,28140000.0,4,1.8316221765913758,669,25000000.0,4,2026-02-17,0.6688856225237408,
Munchmart Technologies Private Limited,munchmartprivate,2026-03-24,2029-03-24,,2026-03-24,insufficient_followup,,2026,1,14050000.0,14050000.0,59980000.0,2,1.0485968514715949,383,37660000.0,5,2026-03-24,0.6679924541043155,
"Clear Labs, Inc.",clear,2025-01-13,2028-01-13,,2025-01-13,insufficient_followup,,2025,1,60000000.0,60000000.0,290270000.0,10,3.6358658453114305,1328,30000000.0,10,2025-01-13,0.6649064339282155,
"Mantel Capture, Inc.",mantelcapture,2024-09-05,2027-09-05,,2024-09-05,insufficient_followup,,2024,1,2000000.0,2000000.0,16230000.0,2,2.0369609856262834,744,30000000.0,11,2024-09-05,0.6644328305993742,
Dash0 Inc.,dash0,2025-10-02,2028-10-02,,2025-10-02,insufficient_followup,,2025,1,9500000.0,9500000.0,15280000.0,2,0.9089664613278576,332,35000000.0,3,2025-10-02,0.6629399614462388,
"Affinia Therapeutics, Inc.",affiniatherapeutics,2025-10-07,2028-10-07,,2025-10-07,insufficient_followup,,2025,1,110000000.0,110000000.0,302330000.0,15,4.42984257357974,1618,40000000.0,9,2025-10-07,0.6626460875742033,
"ElectraSteel, Inc.",electrasteel,2025-04-24,2028-04-24,,2025-04-24,insufficient_followup,,2025,1,28250000.0,28250000.0,62060000.0,0,3.8548939082819986,1408,186000000.0,15,2025-04-24,0.6622973430268254,
"Aescape, Inc.",aescape,2025-03-04,2028-03-04,,2025-03-04,insufficient_followup,,2025,1,11410000.0,11410000.0,18540000.0,1,2.5489390828199863,931,83000000.0,2,2025-03-04,0.6618125289876595,
"Sensera Systems, Inc.",senserasystems,2026-02-26,2029-02-26,,2026-02-26,insufficient_followup,,2026,1,0.0,0.0,20350000.0,2,2.535249828884326,926,27020000.0,3,2026-02-26,0.6613937449662867,
"Third Arc Bio, Inc.",thirdarcbio,2026-02-04,2029-02-04,,2026-02-04,insufficient_followup,,2026,1,32750000.0,32750000.0,76840000.0,1,3.0965092402464065,1131,217660000.0,15,2026-02-04,0.6606446504516128,
"Shanghai Yinguan Semiconductor Technology Co., Ltd.",shanghaiyinguansemiconductor,2025-03-31,2028-03-31,,2025-03-31,insufficient_followup,,2025,1,15870000.0,15870000.0,358770000.0,7,1.374401095140315,502,23430000.0,1,2025-03-31,0.6603776771530845,
"Omnidian, Inc.",omnidian,2023-10-26,2026-10-26,,2025-04-21,insufficient_followup,,2023,1,36370000.0,36370000.0,110540000.0,12,1.9137577002053388,699,25000000.0,8,2023-10-26,0.6602854265554039,
Cashfree Payments India Private Limited,cashfreepaymentsindiaprivate,2025-02-04,2028-02-04,,2025-02-04,insufficient_followup,,2025,1,120000.0,120000.0,1710000.0,1,7.457905544147844,2724,51680000.0,2,2025-02-04,0.6588697509192709,
"ROME Therapeutics, Inc.",rometherapeutics,2023-09-12,2026-09-12,,2023-09-12,insufficient_followup,,2023,1,50000000.0,50000000.0,60990000.0,3,3.375770020533881,1233,149000000.0,14,2023-09-12,0.658395547390317,
"Guangzhou Zhiguang Energy Storage Technology Co., Ltd.",guangzhouzhiguangenergystorage,2024-03-29,2027-03-29,,2024-03-29,insufficient_followup,,2024,1,25880000.0,25880000.0,90280000.0,1,3.704312114989733,1353,96950000.0,7,2024-03-29,0.6583940584811924,
iCreditWorks Inc.,icreditworks,2025-04-14,2028-04-14,,2025-04-14,insufficient_followup,,2025,1,0.0,0.0,200000000.0,1,2.836413415468857,1036,60000000.0,3,2025-04-14,0.657612261804161,
"Nusano, Inc.",nusano,2024-10-01,2027-10-01,,2024-10-01,insufficient_followup,,2024,1,41680000.0,41680000.0,41850000.0,0,5.938398357289528,2169,115000000.0,4,2024-10-01,0.6554699352718156,
Kratos Studios,kratosstudios,2024-11-20,2027-11-20,,2024-11-20,insufficient_followup,,2024,1,19360000.0,19360000.0,145230000.0,6,1.7412731006160165,636,9960000.0,2,2024-11-20,0.6552804623234485,
"Imbria Pharmaceuticals, Inc.",imbriapharmaceuticals,2025-10-31,2028-10-31,,2025-10-31,insufficient_followup,,2025,1,40250000.0,40250000.0,46220000.0,0,7.312799452429843,2671,144200000.0,7,2025-10-31,0.6546761696380087,
"Accent Therapeutics, Inc.",accenttherapeutics,2024-01-23,2027-01-23,,2024-01-23,insufficient_followup,,2024,1,40250000.0,40250000.0,46820000.0,3,5.683778234086242,2076,75000000.0,13,2024-01-23,0.6544857240788419,
"Superpower Health, Inc.",superpowerhealth,2025-04-22,2028-04-22,,2025-04-22,insufficient_followup,,2025,1,4000000.0,4000000.0,18900000.0,7,0.919917864476386,336,30000000.0,8,2025-04-22,0.6543326957643545,
Cmunity Innovations Private Limited,cmunityinnovationsprivate,2025-09-01,2028-09-01,,2025-09-01,insufficient_followup,,2025,1,74530000.0,74530000.0,350000000.0,7,3.488021902806297,1274,37960000.0,7,2025-09-01,0.6540132103595876,
All Home,allhome,2026-06-23,2029-06-23,,2026-06-23,insufficient_followup,,2026,1,20000000.0,20000000.0,120000000.0,1,0.999315537303217,365,21110000.0,2,2026-06-23,0.6537794524061901,
"Dash Bio, Inc.",dashbio,2026-07-14,2029-07-14,,2026-07-14,insufficient_followup,,2026,1,11000000.0,11000000.0,51890000.0,6,1.0485968514715949,383,30000000.0,0,2026-07-14,0.652567141761543,
"Tolerance Technology (Jiangsu) Co., Ltd. (SZSE:301583)",tolerancejiangsuszse301583,2024-12-31,2027-12-31,,2024-12-31,insufficient_followup,,2024,1,0.0,0.0,154720000.0,3,1.8754277891854894,685,13700000.0,2,2024-12-31,0.6507428104054596,currently_tickered_public_entity
"Cleerly, Inc.",cleerly,2024-12-04,2027-12-04,,2024-12-04,insufficient_followup,,2024,1,16800000.0,16800000.0,96810000.0,0,2.726899383983573,996,298280000.0,16,2024-12-04,0.6495772798723527,
Flare Therapeutics Inc.,flaretherapeutics,2026-06-30,2029-06-30,,2026-06-30,insufficient_followup,,2026,1,82000000.0,82000000.0,101960000.0,6,5.130732375085558,1874,85000000.0,11,2026-06-30,0.648422700342202,
"Parse Biosciences, Inc.",parsebiosciences,2023-12-14,2026-12-14,,2023-12-14,insufficient_followup,,2023,1,41500000.0,41500000.0,100120000.0,5,1.8261464750171115,667,26120000.0,6,2023-12-14,0.6466102059000809,
"Realize, Inc.",realize,2026-01-14,2029-01-14,,2026-01-14,insufficient_followup,,2026,1,10340000.0,10340000.0,21500000.0,2,1.9548254620123204,714,30000000.0,4,2026-01-14,0.640061749046671,
"Day ai, Inc.",dayai,2026-02-02,2029-02-02,,2026-02-02,insufficient_followup,,2026,1,4000000.0,4000000.0,18900000.0,6,1.620807665982204,592,20000000.0,5,2026-02-02,0.6399092656463543,
"Raptor Maps, Inc.",raptormaps,2024-12-10,2027-12-10,,2024-12-10,insufficient_followup,,2024,1,120000.0,120000.0,1710000.0,1,8.301163586584531,3032,35000000.0,6,2024-12-10,0.6381358921579388,
Service Lee Technologies Private Limited,serviceleeprivate,2025-02-28,2028-02-28,,2025-02-28,insufficient_followup,,2025,1,10010000.0,10010000.0,842790000.0,1,0.5037645448323066,184,7580000.0,3,2025-02-28,0.6379519507279039,
"Proof Technology, Inc.",proof,2024-01-26,2027-01-26,,2025-12-15,insufficient_followup,,2024,1,3250000.0,3250000.0,27250000.0,0,1.1143052703627652,407,30400000.0,3,2024-01-26,0.6361595736829203,
"Aulos Bioscience, Inc.",aulosbioscience,2023-08-01,2026-08-01,,2023-08-01,insufficient_followup,,2023,1,40000000.0,40000000.0,60570000.0,1,2.5598904859685145,935,20000000.0,1,2023-08-01,0.6358260460832451,
Bugcrowd Inc.,bugcrowd,2023-09-21,2026-09-21,,2023-09-21,insufficient_followup,,2023,1,26020000.0,26020000.0,93370000.0,8,5.541409993155373,2024,44600000.0,1,2023-09-21,0.6351046350804901,
"Cleanlab, Inc.",cleanlab,2023-10-10,2026-10-10,,2023-10-10,insufficient_followup,,2023,1,5000000.0,5000000.0,19390000.0,1,0.2245037645448323,82,25000000.0,4,2023-10-10,0.6323642703156311,
"Visage Enterprise, Inc.",visageenterprise,2024-12-03,2027-12-03,,2024-12-03,insufficient_followup,,2024,1,120000.0,120000.0,2000000.0,1,4.153319644079398,1517,21450000.0,7,2024-12-03,0.6321702676918419,
"Liuliumei Co., Ltd. (SEHK:6658)",liuliumeisehk6658,2024-12-31,2027-12-31,,2024-12-31,insufficient_followup,,2024,1,21740000.0,21740000.0,144950000.0,2,9.527720739219713,3480,10280000.0,2,2024-12-31,0.6318805435732887,
"Snark AI, Inc.",snarkai,2024-03-26,2027-03-26,,2024-03-26,insufficient_followup,,2024,1,120000.0,120000.0,1710000.0,1,5.596167008898015,2044,11000000.0,5,2024-03-26,0.630481989881413,
AirGSM Pte. Ltd.,airgsmpte,2023-07-31,2026-07-31,,2023-07-31,insufficient_followup,,2023,1,100000.0,100000.0,1000000.0,1,4.227241615331964,1544,60000000.0,14,2023-07-31,0.6298531308058228,
Morse Micro PTY. LTD.,morsemicropty,2025-09-22,2028-09-22,,2025-09-22,insufficient_followup,,2025,1,75000.0,75000.0,1000000.0,1,8.229979466119097,3006,57970000.0,9,2025-09-22,0.62918519517003,
VulcanForms Inc.,vulcanforms,2026-01-30,2029-01-30,,2026-01-30,insufficient_followup,,2026,1,5000000.0,5000000.0,168630000.0,1,5.711156741957564,2086,220000000.0,5,2026-01-30,0.6286651841707288,known_unicorn_or_former_unicorn_in_current_master
"Create, Inc.",create,2025-09-29,2028-09-29,,2025-09-29,insufficient_followup,,2025,1,120000.0,120000.0,2000000.0,2,8.996577686516085,3286,11000000.0,4,2025-09-29,0.6277897966376415,
"Premier Lacrosse League, Inc.",premierlacrosseleague,2025-06-25,2028-06-25,,2026-06-30,insufficient_followup,,2025,1,25000000.0,25000000.0,57410000.0,1,6.365503080082136,2325,63670000.0,7,2025-06-25,0.6265420509762749,
"InfoBionic, Inc.",infobionic,2023-10-16,2026-10-16,,2023-10-16,insufficient_followup,,2023,1,49650000.0,49650000.0,56110000.0,5,5.0951403148528405,1861,57770000.0,5,2023-10-16,0.6255937180778811,
"Beijing Mingjia Semiconductor Co., Ltd.",beijingmingjiasemiconductor,2026-01-21,2029-01-21,,2026-01-21,insufficient_followup,,2026,1,15130000.0,15130000.0,125150000.0,1,0.999315537303217,365,14360000.0,4,2026-01-21,0.6255317001001088,
Guerrilla Infra Solutions Pvt. Ltd.,guerrillainfrasolutionspvt,2025-01-28,2028-01-28,,2025-01-28,insufficient_followup,,2025,1,120000.0,120000.0,1710000.0,1,8.432580424366872,3080,12710000.0,3,2025-01-28,0.6254661239339695,
"Infinitus Systems, Inc.",infinitussystems,2024-10-23,2027-10-23,,2024-10-23,insufficient_followup,,2024,1,21400000.0,21400000.0,158270000.0,6,3.7152635181382614,1357,51500000.0,5,2024-10-23,0.6205662643501859,
"Standard Robots Co., Ltd.",standardrobots,2024-05-31,2027-05-31,,2024-05-31,insufficient_followup,,2024,1,23570000.0,23570000.0,329960000.0,3,2.4996577686516086,913,0.0,1,2024-05-31,0.6195578588078638,
Coactive Systems Inc.,coactivesystems,2024-05-21,2027-05-21,,2024-05-21,insufficient_followup,,2024,1,10400000.0,10400000.0,17120000.0,6,1.1690622861054072,427,30000000.0,6,2024-05-21,0.6193527529941627,
WindBorne Systems Inc.,windbornesystems,2024-05-29,2027-05-29,,2024-05-29,insufficient_followup,,2024,1,150000.0,150000.0,3000000.0,1,4.673511293634497,1707,15000000.0,4,2024-05-29,0.6157850344467775,
"SpectraWAVE, Inc.",spectrawave,2024-09-11,2027-09-11,,2024-09-11,insufficient_followup,,2024,1,0.0,0.0,44630000.0,1,3.6030116358658453,1316,50000000.0,7,2024-09-11,0.6147231022325353,
Secro Inc.,secro,2025-05-30,2028-05-30,,2025-05-30,insufficient_followup,,2025,1,4250000.0,4250000.0,4500000.0,3,1.678302532511978,613,13920000.0,7,2025-05-30,0.6131524622277207,
Architect Financial Technologies Inc.,architectfinancial,2025-12-23,2028-12-23,,2025-12-23,insufficient_followup,,2025,1,12000000.0,12000000.0,37050000.0,10,1.8562628336755647,678,35000000.0,13,2025-12-23,0.6122515384684898,
"MealMe, Inc.",mealme,2024-03-14,2027-03-14,,2024-03-14,insufficient_followup,,2024,1,120000.0,120000.0,2000000.0,1,3.430527036276523,1253,9240000.0,3,2024-03-14,0.6115427068784383,
"Ignite Reading, PBC",ignitereading,2024-10-15,2027-10-15,,2024-10-15,insufficient_followup,,2024,1,10000000.0,10000000.0,10000000.0,6,1.702943189596167,622,36750000.0,5,2024-10-15,0.6101763112815957,
"Industrial Microbes, Inc.",industrialmicrobes,2024-11-19,2027-11-19,,2024-11-19,insufficient_followup,,2024,1,120000.0,120000.0,1710000.0,1,9.661875427789186,3529,10000000.0,2,2024-11-19,0.6079693904119989,
"Allstacks, Inc.",allstacks,2024-08-20,2027-08-20,,2024-08-20,insufficient_followup,,2024,1,120000.0,120000.0,2000000.0,1,6.335386721423682,2314,10000000.0,9,2024-08-20,0.6069526885585583,
Greenhorn Wellness Private Limited,greenhornwellnessprivate,2023-09-20,2026-09-20,,2025-04-07,insufficient_followup,,2023,1,449000.0,449000.0,2000000.0,2,3.0417522245037647,1111,22020000.0,8,2023-09-20,0.605956041667806,
"Foundation LLM Technologies, Inc.",foundationllm,2025-06-30,2028-06-30,,2025-06-30,insufficient_followup,,2025,1,7600000.0,7600000.0,25600000.0,5,0.2026009582477755,74,23000000.0,8,2025-06-30,0.6032616231925063,
"ClosingLock, Inc.",closinglock,2024-01-29,2027-01-29,,2024-01-29,insufficient_followup,,2024,1,4000000.0,4000000.0,4000000.0,3,1.4537987679671458,531,12000000.0,4,2024-01-29,0.6023055679128477,
"Palm Tree Crew Holdings, LLC",palmtreecrew,2025-09-09,2028-09-09,,2025-09-09,insufficient_followup,,2025,1,6000000.0,6000000.0,150000000.0,0,1.648186173853525,602,20000000.0,1,2025-09-09,0.60042868837489,
"Tomo Networks, Inc.",tomonetworks,2025-07-14,2028-07-14,,2025-07-14,insufficient_followup,,2025,1,40450000.0,40450000.0,68180000.0,4,3.887748117727584,1420,20000000.0,0,2025-07-14,0.6003283671683249,
"Crossover Markets Group, Inc.",crossovermarkets,2026-03-04,2029-03-04,,2026-03-04,insufficient_followup,,2026,1,12000000.0,12000000.0,23560000.0,12,1.6865160848733745,616,31040000.0,7,2026-03-04,0.6002899158556516,
"Zip Security, Inc.",zipsecurity,2025-07-14,2028-07-14,,2025-07-14,insufficient_followup,,2025,1,5070000.0,5070000.0,7200000.0,3,1.6646132785763177,608,13500000.0,6,2025-07-14,0.5998596193321022,
Arkea Bio Corp.,arkeabio,2024-05-08,2027-05-08,,2024-05-08,insufficient_followup,,2024,1,12010000.0,12010000.0,25510000.0,1,1.404517453798768,513,26500000.0,6,2024-05-08,0.5993154619235418,
"Riot Security, Inc.",riotsecurity,2025-02-03,2028-02-03,,2025-02-03,insufficient_followup,,2025,1,12000000.0,12000000.0,16399999.999999998,5,1.9904175222450375,727,30000000.0,4,2025-02-03,0.5983944602173681,
"Polimorphic, Inc.",polimorphic,2025-06-09,2028-06-09,,2025-06-09,insufficient_followup,,2025,1,150000.0,150000.0,3000000.0,1,5.702943189596167,2083,18640000.0,3,2025-06-09,0.5982285403533149,
"Front Office Sports, LLC",frontofficesports,2023-10-02,2026-10-02,,2023-10-02,insufficient_followup,,2023,1,0.0,0.0,25000000.0,1,1.6454483230663928,601,12650000.0,1,2023-10-02,0.5975376761005906,
"Cala Health, Inc.",calahealth,2024-12-09,2027-12-09,,2024-12-09,insufficient_followup,,2024,1,3280000.0,3280000.0,6550000.0,3,8.813141683778234,3219,50000000.0,13,2024-12-09,0.5974726909954483,
Puzzl Group Inc.,puzzl,2024-10-10,2027-10-10,,2024-10-10,insufficient_followup,,2024,1,150000.0,150000.0,2140000.0,1,5.144421629021219,1879,15000000.0,3,2024-10-10,0.597372079012698,
"Anterior, Inc.",anterior,2024-06-09,2027-06-09,,2024-06-09,insufficient_followup,,2024,1,3900000.0,3900000.0,4640000.0,7,0.7446954140999316,272,20000000.0,4,2024-06-09,0.5965384053167428,
IceMOS Technology Ltd.,icemos,2025-03-01,2028-03-01,,2025-03-01,insufficient_followup,,2025,1,0.0,0.0,101660000.0,1,1.1416837782340863,417,22000000.0,1,2025-03-01,0.5962422410921054,
"Topsort, Inc.",topsort,2024-07-16,2027-07-16,,2024-07-16,insufficient_followup,,2024,1,8350000.0,8350000.0,110000000.0,4,2.409308692676249,880,25150000.0,5,2024-07-16,0.5952130910580726,
Vesta Healthcare,vestahealthcare,2024-03-13,2027-03-13,,2024-03-13,insufficient_followup,,2024,1,30020000.0,30020000.0,30050000.0,8,4.164271047227926,1521,13640000.0,0,2024-03-13,0.5948900240793936,
Matia Inc.,matia,2026-02-10,2029-02-10,,2026-02-10,insufficient_followup,,2026,1,10500000.0,10500000.0,12650000.0,4,1.2840520191649556,469,21000000.0,6,2026-02-10,0.5942804435440259,
"Pickle Poll, Inc.",picklepoll,2025-03-12,2028-03-12,,2025-03-12,insufficient_followup,,2025,1,8520000.0,8520000.0,12050000.0,3,1.4565366187542779,532,12000000.0,4,2025-03-12,0.5940489338871463,
Pydantic Services Inc.,pydanticservices,2024-10-01,2027-10-01,,2024-10-01,insufficient_followup,,2024,1,4700000.0,4700000.0,6580000.0,3,1.623545516769336,593,12500000.0,3,2024-10-01,0.5939486893164875,
dappOS technology,dappos,2024-03-28,2027-03-28,,2024-03-28,insufficient_followup,,2024,1,0.0,0.0,50000000.0,12,0.6899383983572895,252,15300000.0,14,2024-03-28,0.5932763541163784,
"Quanta Financial, Inc.",quantafinancial,2025-12-04,2028-12-04,,2025-12-04,insufficient_followup,,2025,1,4700000.0,4700000.0,4700000.0,7,0.7665982203969883,280,15000000.0,4,2025-12-04,0.5929906303604263,
"Edera, Inc.",edera,2025-02-06,2028-02-06,,2025-02-06,insufficient_followup,,2025,1,5000000.0,5000000.0,5000000.0,6,0.3860369609856263,141,15000000.0,8,2025-02-06,0.592518928832452,
"Tofu Technologies, Inc.",tofu,2025-02-13,2028-02-13,,2025-02-13,insufficient_followup,,2025,1,5000000.0,5000000.0,5000000.0,4,1.6837782340862424,615,12000000.0,10,2025-02-13,0.5908602360015431,
"Adden Energy, Inc.",addenenergy,2024-09-03,2027-09-03,,2024-09-03,insufficient_followup,,2024,1,5150000.0,5150000.0,18370000.0,3,2.521560574948665,921,15000000.0,4,2024-09-03,0.5899850354868486,
"Enveda Therapeutics, Inc.",envedatherapeutics,2025-02-26,2028-02-26,,2025-02-26,insufficient_followup,,2025,1,4980000.0,4980000.0,5750000.0,3,4.509240246406571,1647,155660000.0,11,2025-02-26,0.5877795540930625,
Bluebear Technologies Private Limited,bluebearprivate,2025-05-08,2028-05-08,,2025-05-08,insufficient_followup,,2025,1,16000.0,16000.0,259000.0,1,7.9342915811088295,2898,30360000.0,2,2025-05-08,0.5849199212441778,
Tractian Technologies Inc.,tractian,2024-12-09,2027-12-09,,2024-12-09,insufficient_followup,,2024,1,3700000.0,3700000.0,17000000.0,1,3.5236139630390144,1287,122860000.0,5,2024-12-09,0.5839017835381488,
Euler Motors Private Limited,eulermotorsprivate,2025-05-19,2028-05-19,,2025-05-19,insufficient_followup,,2025,1,4870000.0,4870000.0,69440000.0,1,3.0882956878850103,1128,74700000.0,1,2025-05-19,0.5828286132030127,
"Mobia Medical, Inc. (NasdaqGS:MOBI)",mobiamedicalnasdaqgsmobi,2025-03-12,2028-03-12,,2025-03-12,insufficient_followup,,2025,1,5500000.0,5500000.0,34080000.0,2,9.253935660506503,3380,65000000.0,8,2025-03-12,0.5822863054407813,
Wherobots Inc.,wherobots,2024-11-26,2027-11-26,,2024-11-26,insufficient_followup,,2024,1,5500000.0,5500000.0,5500000.0,2,2.1656399726214923,791,21500000.0,5,2024-11-26,0.5820770374232226,
Agnikul Cosmos Private Limited,agnikulcosmosprivate,2025-11-22,2028-11-22,,2025-11-22,insufficient_followup,,2025,1,20000000.0,20000000.0,200000000.0,3,3.1950718685831623,1167,16739999.999999998,6,2025-11-22,0.5807724031514294,
UNIGRID Inc.,unigrid,2024-06-13,2027-06-13,,2024-06-13,insufficient_followup,,2024,1,2500000.0,2500000.0,2500000.0,1,1.727583846680356,631,12000000.0,4,2024-06-13,0.5795561335566167,
Pickle Robot Company,picklerobot,2024-11-20,2027-11-20,,2024-11-20,insufficient_followup,,2024,1,2000000.0,2000000.0,18190000.0,0,4.0191649555099245,1468,50000000.0,7,2024-11-20,0.5784249242075028,
"Realm.Security, Inc.",realmsecurity,2025-12-11,2028-12-11,,2025-12-11,insufficient_followup,,2025,1,5000000.0,5000000.0,18050000.0,2,1.2457221081451062,455,17000000.0,4,2025-12-11,0.5781026486803792,
"Mechanical Orchard, Inc.",mechanicalorchard,2024-02-07,2027-02-07,,2024-02-07,insufficient_followup,,2024,1,5000000.0,5000000.0,5000000.0,0,1.2457221081451062,455,26250000.0,6,2024-02-07,0.5748794527825279,
Tessolve Semiconductor Pvt. Ltd.,tessolvesemiconductorpvt,2025-09-01,2028-09-01,,2025-09-01,insufficient_followup,,2025,1,40000000.0,40000000.0,100000000.0,1,4.361396303901437,1593,0.0,1,2025-09-01,0.5744389452058923,
CoverTree Inc.,covertree,2024-05-09,2027-05-09,,2024-05-09,insufficient_followup,,2024,1,10000000.0,10000000.0,14550000.0,5,1.6372347707049966,598,13000000.0,6,2024-05-09,0.5739752395863609,
"CoParse, Inc.",coparse,2024-11-27,2027-11-27,,2024-11-27,insufficient_followup,,2024,1,9380000.0,9380000.0,13060000.0,5,1.6673511293634498,609,12000000.0,4,2024-11-27,0.5739054697391495,
Shinkei Systems Corp.,shinkeisystems,2025-06-12,2028-06-12,,2025-06-12,insufficient_followup,,2025,1,6270000.0,6270000.0,6810000.0,8,1.3497604380561259,493,22000000.0,7,2025-06-12,0.5731612252053058,
"Yunding Network Technology (Beijing)Co.,LTD.",yundingnetworkbeijing,2025-11-30,2028-11-30,,2025-11-30,insufficient_followup,,2025,1,432000.0,432000.0,2110000.0,1,11.3347022587269,4140,28270000.0,1,2025-11-30,0.5727669689058863,
PerfectTed,perfectted,2025-10-04,2028-10-04,,2025-10-04,insufficient_followup,,2025,1,60000.0,60000.0,597000.0,0,2.5927446954141,947,10780000.0,1,2025-10-04,0.5722172598640106,
"Skipper Pets, Inc.",skipperpets,2026-06-05,2029-06-05,,2026-06-05,insufficient_followup,,2026,1,120000.0,120000.0,2000000.0,1,8.125941136208077,2968,9030000.0,0,2026-06-05,0.5707515333288374,
"Vanqua Bio, Inc.",vanquabio,2024-07-05,2027-07-05,,2024-07-05,insufficient_followup,,2024,1,19150000.0,19150000.0,29510000.0,1,3.9890485968514717,1457,129979999.99999999,9,2024-07-05,0.5705534465066082,
"OnSiteIQ, Inc.",onsiteiq,2023-10-24,2026-10-24,,2023-10-24,insufficient_followup,,2023,1,10000000.0,10000000.0,28660000.0,3,0.7255304585900069,265,14000000.0,3,2023-10-24,0.5705233267189135,
Contoro Inc.,contoro,2025-03-20,2028-03-20,,2025-03-20,insufficient_followup,,2025,1,6000000.0,6000000.0,8570000.0,4,1.782340862422998,651,13500000.0,7,2025-03-20,0.5683697748201153,
Stable-Alpha Technologies Private Limited,stablealphaprivate,2025-05-23,2028-05-23,,2026-03-27,insufficient_followup,,2025,1,4540000.0,4540000.0,16360000.0,2,2.2778918548939084,832,20320000.0,6,2025-05-23,0.5682816951201537,
"Yardstik, Inc.",yardstik,2023-10-17,2026-10-17,,2023-10-17,insufficient_followup,,2023,1,8000000.0,8000000.0,18350000.0,4,1.700205338809035,621,12000000.0,4,2023-10-17,0.5671044644957995,
"Turnkey Global, Inc.",turnkeyglobal,2024-04-23,2027-04-23,,2024-04-23,insufficient_followup,,2024,1,7500000.0,7500000.0,14670000.0,3,1.0896646132785763,398,15000000.0,12,2024-04-23,0.5669902589784658,
Plant Meat Limited,plantmeat,2024-06-17,2027-06-17,,2024-06-17,insufficient_followup,,2024,1,17970000.0,17970000.0,197630000.0,7,1.2922655715263518,472,0.0,1,2024-06-17,0.5662950209357869,
Texture Corp.,texture,2025-10-23,2028-10-23,,2025-10-23,insufficient_followup,,2025,1,7500000.0,7500000.0,8260000.0,4,1.5003422313483916,548,12500000.0,4,2025-10-23,0.5654662054667479,
"Protego Biopharma, Inc.",protegobiopharma,2025-12-01,2028-12-01,,2025-12-01,insufficient_followup,,2025,1,1000000.0,1000000.0,5910000.0,0,5.9575633127994525,2176,130000000.0,10,2025-12-01,0.5645337301534693,
"Paramify, Inc.",paramify,2025-12-18,2028-12-18,,2025-12-18,insufficient_followup,,2025,1,3500000.0,3500000.0,3940000.0,2,1.3278576317590691,485,12000000.0,4,2025-12-18,0.5643013478315071,
Liberate Innovations Inc.,liberateinnovations,2025-10-15,2028-10-15,,2025-10-15,insufficient_followup,,2025,1,7000000.0,7000000.0,7000000.0,1,2.7761806981519506,1014,50000000.0,5,2025-10-15,0.563981268059459,
"Octave Bioscience, Inc.",octavebioscience,2023-11-24,2026-11-24,,2025-09-04,insufficient_followup,,2023,1,2500000.0,2500000.0,4210000.0,0,6.195756331279945,2263,71500000.0,10,2023-11-24,0.5639029376658196,
Ternary Inc.,ternary,2023-10-23,2026-10-23,,2023-10-23,insufficient_followup,,2023,1,6720000.0,6720000.0,16180000.0,6,1.6618754277891854,607,12000000.0,5,2023-10-23,0.563583055278208,
"evolvedMD, LLC",evolvedmd,2025-07-14,2028-07-14,,2025-07-14,insufficient_followup,,2025,1,14000000.0,14000000.0,21770000.0,5,2.086242299794661,762,34000000.0,6,2025-07-14,0.5634322707849629,
"Cyvl, Inc.",cyvl,2025-10-01,2028-10-01,,2025-10-01,insufficient_followup,,2025,1,6000000.0,6000000.0,17580000.0,9,1.514031485284052,553,14000000.0,3,2025-10-01,0.5633468773517888,
"Sora Fuel, Corporation",sorafuel,2026-03-31,2029-03-31,,2026-03-31,insufficient_followup,,2026,1,6000000.0,6000000.0,17350000.0,2,1.6618754277891854,607,14600000.0,4,2026-03-31,0.5624872833939267,
Osmoses Inc.,osmoses,2023-10-03,2026-10-03,,2023-10-03,insufficient_followup,,2023,1,3020000.0,3020000.0,7540000.0,4,1.9110198494182067,698,11000000.0,7,2023-10-03,0.5623275936167856,
"SchooLinks, Inc.",schoolinks,2024-10-21,2027-10-21,,2024-10-21,insufficient_followup,,2024,1,8320000.0,8320000.0,10340000.0,3,3.600273785078713,1315,80000000.0,4,2024-10-21,0.561000908389437,
"123 See, Inc.",123see,2025-07-16,2028-07-16,,2025-07-16,insufficient_followup,,2025,1,8289999.999999999,8289999.999999999,18440000.0,7,1.1827515400410678,432,21980000.0,7,2025-07-16,0.5608884031320639,
Ecozen Solutions Pvt. Ltd.,ecozensolutionspvt,2024-05-02,2027-05-02,,2024-05-02,insufficient_followup,,2024,1,25020000.0,25020000.0,45380000.0,5,1.270362765229295,464,2880000.0,1,2024-05-02,0.560623888227037,
Pocket FM Private Limited,pocketfmprivate,2024-03-20,2027-03-20,,2024-03-20,insufficient_followup,,2024,1,5500000.0,5500000.0,15440000.0,3,3.887748117727584,1420,103000000.0,2,2024-03-20,0.5602028889106829,
"Allora Health, Inc.",allorahealth,2023-08-31,2026-08-31,,2023-08-31,insufficient_followup,,2023,1,5110000.0,5110000.0,5110000.0,6,2.130047912388775,778,14000000.0,7,2023-08-31,0.5597089754294337,
"Authentic Insurance Services, Inc.",authenticinsuranceservices,2024-03-26,2027-03-26,,2024-03-26,insufficient_followup,,2024,1,4099999.9999999995,4099999.9999999995,4099999.9999999995,7,0.5147159479808351,188,12550000.0,6,2024-03-26,0.5595583422846048,
"Zanskar Geothermal & Minerals, Inc.",zanskargeothermalminerals,2024-05-06,2027-05-06,,2024-05-06,insufficient_followup,,2024,1,12000000.0,12000000.0,40770000.0,6,1.6947296372347707,619,30000000.0,7,2024-05-06,0.5594079006861835,
Grayquest Education Finance Private Limited,grayquesteducationfinanceprivate,2025-01-09,2028-01-09,,2025-01-09,insufficient_followup,,2025,1,6830000.0,6830000.0,27430000.0,7,1.839835728952772,672,15550000.0,3,2025-01-09,0.5592589939333362,
Apono Inc.,apono,2024-09-30,2027-09-30,,2025-11-18,insufficient_followup,,2024,1,5000000.0,5000000.0,12840000.0,2,2.5270362765229293,923,15500000.0,4,2024-09-30,0.5590856727438202,
"Data Truck, L.L.C.",datatruckllc,2026-01-28,2029-01-28,,2026-01-28,insufficient_followup,,2026,1,0.0,0.0,15000000.0,1,0.7665982203969883,280,12000000.0,1,2026-01-28,0.5585311491144742,
"Fieldguide, Inc.",fieldguide,2026-02-02,2029-02-02,,2026-02-02,insufficient_followup,,2026,1,17000000.0,17000000.0,100000000.0,3,3.923340177960301,1433,75000000.0,5,2026-02-02,0.5582964697511885,
"BioAge Labs, Inc. (NasdaqGS:BIOA)",bioagenasdaqgsbioa,2024-02-13,2027-02-13,,2024-02-13,insufficient_followup,,2024,1,22930000.0,22930000.0,72030000.0,7,5.054072553045859,1846,170000000.0,13,2024-02-13,0.5546438225997022,
"Helix Earth Technologies, Inc.",helixearth,2026-03-26,2029-03-26,,2026-03-26,insufficient_followup,,2026,1,5920000.0,5920000.0,7360000.0,3,1.672826830937714,611,12000000.0,3,2026-03-26,0.5540557072801332,
InDebted Holdings Pty Ltd,indebtedpty,2024-09-24,2027-09-24,,2024-09-24,insufficient_followup,,2024,1,9210000.0,9210000.0,25000000.0,3,4.574948665297741,1671,65530000.0,6,2024-09-24,0.5534641428438166,
"Allstar Gaming, Inc.",allstargaming,2023-12-12,2026-12-12,,2023-12-12,insufficient_followup,,2023,1,3850000.0,3850000.0,4790000.0,4,2.5817932922655715,943,14730000.0,5,2023-12-12,0.5532869986305474,
Brisk Labs Corp.,brisk,2025-03-25,2028-03-25,,2025-03-25,insufficient_followup,,2025,1,6900000.0,6900000.0,8710000.0,5,0.6242299794661191,228,15000000.0,4,2025-03-25,0.5527926440015887,
Orocorp Technologies Private Limited,orocorpprivate,2023-10-12,2026-10-12,,2023-10-12,insufficient_followup,,2023,1,4800000.0,4800000.0,28250000.0,2,1.648186173853525,602,12600000.0,4,2023-10-12,0.5506708765739159,
"Vecna Robotics, Inc.",vecnarobotics,2024-06-20,2027-06-20,,2024-06-20,insufficient_followup,,2024,1,13500000.0,13500000.0,38040000.0,1,5.809719370294319,2122,100000000.0,9,2024-06-20,0.5503490358588186,
"Guangzhou Lupeng Pharmaceutical Co., Ltd.",guangzhoulupengpharmaceutical,2025-12-10,2028-12-10,,2025-12-10,insufficient_followup,,2025,1,15720000.0,15720000.0,90000000.0,3,6.321697467488022,2309,101160000.0,8,2025-12-10,0.5501339479262006,
"Hostie AI, Inc.",hostieai,2026-07-08,2029-07-08,,2026-07-08,insufficient_followup,,2026,1,4000000.0,4000000.0,4230000.0,4,1.1718001368925393,428,12000000.0,5,2026-07-08,0.5494562015309895,
CAST AI Group Inc.,castai,2025-04-30,2028-04-30,,2025-04-30,insufficient_followup,,2025,1,10000000.0,10000000.0,26090000.0,3,3.5482546201232035,1296,108000000.0,9,2025-04-30,0.5489697752316194,
"Summer Health, Inc.",summerhealth,2024-04-23,2027-04-23,,2024-04-23,insufficient_followup,,2024,1,7520000.0,7520000.0,10620000.0,8,1.7467488021902806,638,11650000.0,8,2024-04-23,0.5488434915788724,
"Zolve Innovations, Inc.",zolveinnovations,2025-03-11,2028-03-11,,2025-03-11,insufficient_followup,,2025,1,15000000.0,15000000.0,50000000.0,4,4.060232717316906,1483,251000000.0,9,2025-03-11,0.548586023659534,
"Splight, Inc.",splight,2024-07-24,2027-07-24,,2024-07-24,insufficient_followup,,2024,1,1800000.0,1800000.0,3000000.0,8,1.002053388090349,366,12000000.0,10,2024-07-24,0.5485292950027246,
"ShoulderTap Technologies, Inc.",shouldertap,2026-01-26,2029-01-26,,2026-01-26,insufficient_followup,,2026,1,14400000.0,14400000.0,15430000.0,4,1.6399726214921286,599,14000000.0,5,2026-01-26,0.5468119622568046,
"401GO, Inc.",401go,2024-04-23,2027-04-23,,2024-04-23,insufficient_followup,,2024,1,2950000.0,2950000.0,3890000.0,3,2.647501711156742,967,12000000.0,4,2024-04-23,0.5452233195433999,
"Hydra Host, Inc.",hydrahost,2026-06-15,2029-06-15,,2026-06-15,insufficient_followup,,2026,1,9660000.0,9660000.0,24720000.0,0,4.229979466119096,1545,100000000.0,13,2026-06-15,0.5448202839020052,
Billables Incorporated,billables,2026-06-09,2029-06-09,,2026-06-09,insufficient_followup,,2026,1,3900000.0,3900000.0,3900000.0,5,1.6837782340862424,615,10200000.0,4,2026-06-09,0.5447683629716276,
"Old Well Labs, Inc.",oldwell,2026-01-20,2029-01-20,,2026-01-20,insufficient_followup,,2026,1,36000000.0,36000000.0,36500000.0,1,1.6454483230663928,601,4000000.0,5,2026-01-20,0.5441076207754082,
M2X Energy Inc.,m2xenergy,2024-06-20,2027-06-20,,2024-06-20,insufficient_followup,,2024,1,20000000.0,20000000.0,56060000.0,4,2.4695414099931554,902,40000000.0,5,2024-06-20,0.5435704398079207,
Candid Care Co.,candidcare,2023-12-31,2026-12-31,,2023-12-31,insufficient_followup,,2023,1,12940000.0,12940000.0,44560000.0,4,6.108145106091718,2231,73530000.0,1,2023-12-31,0.5433705887726628,
"Steno Agency, Inc.",stenoagency,2026-03-26,2029-03-26,,2026-03-26,insufficient_followup,,2026,1,5580000.0,5580000.0,7480000.0,1,5.344284736481861,1952,48920000.0,3,2026-03-26,0.5418302194192046,
"Career Allies, Inc.",careerallies,2024-05-17,2027-05-17,,2024-05-17,insufficient_followup,,2024,1,10000000.0,10000000.0,31850000.0,2,1.1964407939767283,437,15000000.0,5,2024-05-17,0.5404798454933689,
"Zocks Communications, INC.",zockscommunications,2025-03-06,2028-03-06,,2025-03-06,insufficient_followup,,2025,1,5500000.0,5500000.0,7940000.0,3,1.054072553045859,385,13840000.0,5,2025-03-06,0.5398485439132158,
"Trellis Research, Inc.",trellisresearch,2023-08-23,2026-08-23,,2023-08-23,insufficient_followup,,2023,1,4400000.0,4400000.0,8070000.0,3,3.5455167693360714,1295,15000000.0,6,2023-08-23,0.5397318909933955,
"Checkpoint Surgical, Inc.",checkpointsurgical,2024-06-13,2027-06-13,,2024-06-13,insufficient_followup,,2024,1,0.0,0.0,28870000.0,4,5.73305954825462,2094,20000000.0,4,2024-06-13,0.5389729668156076,
"Lumen Orbit, Inc",lumenorbit,2024-10-24,2027-10-24,,2025-01-13,insufficient_followup,,2024,1,500000.0,500000.0,7140000.0,1,0.07939767282683094,29,11000000.0,5,2024-10-24,0.5384522361530161,
"Ayr Energy, Inc.",ayrenergy,2026-04-15,2029-04-15,,2026-04-15,insufficient_followup,,2026,1,4800000.0,4800000.0,11620000.0,1,0.6132785763175906,224,14900000.0,3,2026-04-15,0.5384450599390207,
"Segmed, Inc.",segmed,2024-09-03,2027-09-03,,2024-09-03,insufficient_followup,,2024,1,5200000.0,5200000.0,16360000.0,6,1.8015058179329226,658,10400000.0,11,2024-09-03,0.5368494364557737,
NovoLINC Inc.,novolinc,2025-12-18,2028-12-18,,2025-12-18,insufficient_followup,,2025,1,2000000.0,2000000.0,2040000.0,3,0.9062286105407256,331,10450000.0,6,2025-12-18,0.5367366600325305,
"Metaplane, Inc.",metaplane,2024-03-05,2027-03-05,,2024-03-05,insufficient_followup,,2024,1,8400000.0,8400000.0,12440000.0,5,1.1498973305954825,420,13800000.0,8,2024-03-05,0.5360542800456559,
"Relay, Inc.",relay,2026-05-05,2029-05-05,,2026-05-05,insufficient_followup,,2026,1,13000000.0,13000000.0,79610000.0,2,3.025325119780972,1105,42060000.0,3,2026-05-05,0.5353205705561412,
"Sitration, Inc.",sitration,2024-06-05,2027-06-05,,2024-06-05,insufficient_followup,,2024,1,2530000.0,2530000.0,9200000.0,2,2.206707734428474,806,11800000.0,6,2024-06-05,0.5345925582655278,
ClearVector Inc.,clearvector,2025-05-13,2028-05-13,,2025-05-13,insufficient_followup,,2025,1,3140000.0,3140000.0,3250000.0,1,2.409308692676249,880,13000000.0,4,2025-05-13,0.534181151832026,
"P0 Security, Inc.",p0security,2024-09-10,2027-09-10,,2024-09-10,insufficient_followup,,2024,1,5000000.0,5000000.0,7210000.0,2,0.8596851471594799,314,15000000.0,3,2024-09-10,0.5341715806034679,
Digital Onboarding Inc.,digitalonboarding,2024-01-18,2027-01-18,,2024-01-18,insufficient_followup,,2024,1,815000.0,815000.0,5450000.0,0,4.903490759753593,1791,58000000.0,1,2024-01-18,0.5334288390645759,
"RISA Labs, Inc.",risa,2026-01-13,2029-01-13,,2026-01-13,insufficient_followup,,2026,1,3500000.0,3500000.0,4170000.0,4,0.7419575633127995,271,11130000.0,5,2026-01-13,0.5326953512664453,
"knownwell, inc.",knownwell,2025-10-20,2028-10-20,,2025-10-20,insufficient_followup,,2025,1,20000000.0,20000000.0,52450000.0,2,1.834360027378508,670,26070000.0,5,2025-10-20,0.5326164134018011,
"Maven, AGI, Inc.",mavenagi,2024-05-29,2027-05-29,,2025-06-18,insufficient_followup,,2024,1,8000000.0,8000000.0,38600000.0,0,0.4106776180698152,150,20000000.0,5,2024-05-29,0.5324352476277092,
"Catena Labs, Inc.",catena,2026-05-20,2029-05-20,,2026-05-20,insufficient_followup,,2026,1,18000000.0,18000000.0,79890000.0,5,1.002053388090349,366,30000000.0,6,2026-05-20,0.5322432412720508,
Ketryx Corporation,ketryx,2023-12-05,2026-12-05,,2025-09-04,insufficient_followup,,2023,1,2000000.0,2000000.0,13920000.0,0,1.4154688569472964,517,14000000.0,3,2023-12-05,0.5319427326352907,
"Cargado, Inc.",cargado,2025-04-07,2028-04-07,,2025-04-07,insufficient_followup,,2025,1,9960000.0,9960000.0,13530000.0,6,1.0075290896646132,368,12000000.0,7,2025-04-07,0.5318451585229093,
Nuclearn Inc.,nuclearn,2025-09-09,2028-09-09,,2025-09-09,insufficient_followup,,2025,1,2500000.0,2500000.0,6210000.0,2,2.086242299794661,762,10650000.0,4,2025-09-09,0.5317953136870028,
"Sixfold AI, Inc.",sixfoldai,2024-06-05,2027-06-05,,2026-01-29,insufficient_followup,,2024,1,6500000.0,6500000.0,27000000.0,2,1.0349075975359343,378,15000000.0,4,2024-06-05,0.5317594321282608,
"Rally HQ, Inc.",rallyhq,2025-06-02,2028-06-02,,2025-06-02,insufficient_followup,,2025,1,8850000.0,8850000.0,11690000.0,3,1.2566735112936345,459,11000000.0,3,2025-06-02,0.5317109575792368,
Noodle Cat Games Company,noodlecatgames,2023-10-20,2026-10-20,,2023-10-20,insufficient_followup,,2023,1,4099999.9999999995,4099999.9999999995,4099999.9999999995,2,0.9281314168377823,339,12000000.0,4,2023-10-20,0.5317081976333633,
"Shenzhen Jiecheng Nickel Cobalt New Energy Technology Co., Ltd.",shenzhenjiechengnickelcobaltnewenergy,2026-04-30,2029-04-30,,2026-04-30,insufficient_followup,,2026,1,17030000.0,17030000.0,150350000.0,8,3.7645448323066395,1375,6550000.0,2,2026-04-30,0.5311377914471376,
"Andium, Inc.",andium,2024-10-29,2027-10-29,,2024-10-29,insufficient_followup,,2024,1,15000000.0,15000000.0,122260000.0,2,3.5592060232717317,1300,22170000.0,3,2024-10-29,0.5309827817865076,
"Cinder Technologies, Inc.",cinder,2026-05-12,2029-05-12,,2026-05-12,insufficient_followup,,2026,1,12760000.0,12760000.0,86200000.0,2,3.433264887063655,1254,41000000.0,3,2026-05-12,0.5296805343257768,
"Ursa Major Technologies, Inc.",ursamajor,2025-11-18,2028-11-18,,2025-11-18,insufficient_followup,,2025,1,8029999.999999999,8029999.999999999,12220000.0,1,7.972621492128679,2912,100000000.0,5,2025-11-18,0.5285930579636535,
"Steelhead Technologies, Inc.",steelhead,2024-11-12,2027-11-12,,2024-11-12,insufficient_followup,,2024,1,8000000.0,8000000.0,16600000.000000002,3,1.0896646132785763,398,12500000.0,5,2024-11-12,0.5285695122170899,
"Layr Holdings, Inc.",layr,2023-10-24,2026-10-24,,2023-10-24,insufficient_followup,,2023,1,10000000.0,10000000.0,19570000.0,5,1.5906913073237507,581,10000000.0,5,2023-10-24,0.5278087405404017,
DittoLive Incorporated,dittolive,2025-03-06,2028-03-06,,2025-03-06,insufficient_followup,,2025,1,9010000.0,9010000.0,10830000.0,2,3.29637234770705,1204,82200000.0,9,2025-03-06,0.527569219062408,
"Prescient AI, Inc.",prescientai,2024-03-12,2027-03-12,,2024-03-12,insufficient_followup,,2024,1,4550000.0,4550000.0,8380000.000000001,3,1.4154688569472964,517,10000000.0,4,2024-03-12,0.5273208566884189,
"InStride Health, Inc.",instridehealth,2026-06-15,2029-06-15,,2026-06-15,insufficient_followup,,2026,1,25960000.0,25960000.0,60260000.0,3,3.698836413415469,1351,30000000.0,6,2026-06-15,0.5269968710685887,
Hocco Industries Private Limited,hoccoindustriesprivate,2025-09-27,2028-09-27,,2026-04-17,insufficient_followup,,2025,1,11970000.0,11970000.0,71830000.0,2,1.297741273100616,474,22550000.0,2,2025-09-27,0.5265938052699206,
"Lyzr, Inc.",lyzr,2026-03-09,2029-03-09,,2026-07-09,insufficient_followup,,2026,1,8000000.0,8000000.0,14470000.0,6,0.3586584531143053,131,14500000.0,2,2026-03-09,0.5264601006501991,
Searchable Limited,searchable,2026-05-18,2029-05-18,,2026-05-18,insufficient_followup,,2026,1,4099999.9999999995,4099999.9999999995,39990000.0,1,0.459958932238193,168,13800000.0,1,2026-05-18,0.5253153684149242,
"HighByte, Inc.",highbyte,2024-04-23,2027-04-23,,2024-04-23,insufficient_followup,,2024,1,3500000.0,3500000.0,23730000.0,3,2.3737166324435317,867,12000000.0,3,2024-04-23,0.5246267950226396,
Progressive Growth Partners Pty Ltd,progressivegrowthpartnerspty,2024-10-10,2027-10-10,,2024-10-10,insufficient_followup,,2024,1,7400000.0,7400000.0,24800000.0,1,1.6180698151950719,591,11770000.0,3,2024-10-10,0.5241208865000089,
"Podcastle, Inc.",podcastle,2024-02-01,2027-02-01,,2024-02-01,insufficient_followup,,2024,1,7000000.0,7000000.0,12530000.0,6,2.324435318275154,849,13500000.0,5,2024-02-01,0.5229858344787289,
"Visana Health, Inc.",visanahealth,2025-08-18,2028-08-18,,2025-08-18,insufficient_followup,,2025,1,13360000.0,13360000.0,18260000.0,8,2.193018480492813,801,23680000.0,5,2025-08-18,0.5223746888306554,
"Power Life Sciences, Inc.",powerlifesciences,2023-12-22,2026-12-22,,2023-12-22,insufficient_followup,,2023,1,6950000.0,6950000.0,7410000.0,5,1.3114305270362765,479,11930000.0,8,2023-12-22,0.5223537373140091,
Private Tech Inc.,privatetech,2025-03-19,2028-03-19,,2025-03-19,insufficient_followup,,2025,1,21380000.0,21380000.0,56570000.0,0,1.78507871321013,652,15000000.0,4,2025-03-19,0.5209695771653083,
"Simplifyber, Inc.",simplifyber,2025-04-10,2028-04-10,,2025-04-10,insufficient_followup,,2025,1,3500000.0,3500000.0,5650000.0,9,2.7624914442162902,1009,12000000.0,9,2025-04-10,0.5206229431247318,
Far Homes Inc.,farhomes,2025-12-18,2028-12-18,,2025-12-18,insufficient_followup,,2025,1,2250000.0,2250000.0,2250000.0,1,3.263518138261465,1192,12500000.0,6,2025-12-18,0.5190470260357558,
Evertune Inc.,evertune,2025-08-12,2028-08-12,,2025-08-12,insufficient_followup,,2025,1,4000000.0,4000000.0,4000000.0,0,0.8459958932238193,309,15000000.0,3,2025-08-12,0.5188665466977862,
"Qventus, Inc.",qventus,2025-01-13,2028-01-13,,2025-01-13,insufficient_followup,,2025,1,13380000.0,13380000.0,14470000.0,5,8.158795345653662,2980,85000000.0,5,2025-01-13,0.5186116953722432,
"ASMOne, Inc.",asmone,2026-04-20,2029-04-20,,2026-04-20,insufficient_followup,,2026,1,2080000.0,2080000.0,9000000.0,1,1.4702258726899384,537,12500000.0,2,2026-04-20,0.5183886039980423,
"Blockskye, Inc.",blockskye,2025-07-17,2028-07-17,,2025-07-17,insufficient_followup,,2025,1,2400000.0,2400000.0,8810000.0,1,6.286105407255304,2296,15800000.0,8,2025-07-17,0.517575462736995,
"Glycomine, Inc.",glycomine,2025-04-16,2028-04-16,,2025-04-16,insufficient_followup,,2025,1,12000000.0,12000000.0,14400000.0,2,8.413415468856947,3073,115000000.0,11,2025-04-16,0.5175257035511455,
GRANATA BIO Corp,granatabio,2025-01-15,2028-01-15,,2025-01-15,insufficient_followup,,2025,1,14000000.0,14000000.0,29460000.0,6,0.999315537303217,365,15000000.0,3,2025-01-15,0.5175238541899363,
"Topicals RX, Inc.",topicalsrx,2024-03-14,2027-03-14,,2024-03-14,insufficient_followup,,2024,1,10000000.0,10000000.0,48430000.0,1,1.3415468856947297,490,10000000.0,0,2024-03-14,0.5173366366297667,
"OffDeal, Inc.",offdeal,2025-07-29,2028-07-29,,2025-07-29,insufficient_followup,,2025,1,4700000.0,4700000.0,5780000.0,1,0.8761122518822724,320,12000000.0,9,2025-07-29,0.517328404639331,
"Talus Bioscience, Inc.",talusbioscience,2024-08-20,2027-08-20,,2024-08-20,insufficient_followup,,2024,1,7000000.0,7000000.0,11120000.0,5,2.206707734428474,806,11200000.0,6,2024-08-20,0.5171372757575401,
"Nanjing Guiji Zhineng Technology Co., Ltd.",nanjingguijizhineng,2025-05-31,2028-05-31,,2025-05-31,insufficient_followup,,2025,1,0.0,0.0,55330000.0,0,7.41409993155373,2708,27780000.0,0,2025-05-31,0.5166539737797873,
Liminal Insights Inc.,liminalinsights,2024-10-15,2027-10-15,,2024-10-15,insufficient_followup,,2024,1,8810000.0,8810000.0,13930000.0,8,1.919233401779603,701,10120000.0,7,2024-10-15,0.5161261657264798,
"Phospholutions, Inc.",phospholutions,2023-08-10,2026-08-10,,2023-08-10,insufficient_followup,,2023,1,1500000.0,1500000.0,1760000.0,2,4.177960301163586,1526,14640000.0,6,2023-08-10,0.5156290996872878,
Chai Research Corp.,chairesearch,2023-09-24,2026-09-24,,2023-09-24,insufficient_followup,,2023,1,0.0,0.0,205000000.0,0,0.11498973305954825,42,8000000.0,1,2023-09-24,0.5156169572546218,
Omni Pet Limited,omnipet,2026-06-22,2029-06-22,,2026-06-22,insufficient_followup,,2026,1,935000.0,935000.0,8960000.0,1,3.4086242299794662,1245,14580000.0,5,2026-06-22,0.5148120734456345,
"Portkey, Inc",portkey,2026-02-19,2029-02-19,,2026-02-19,insufficient_followup,,2026,1,3000000.0,3000000.0,3000000.0,2,2.4941820670773445,911,15000000.0,2,2026-02-19,0.5145116139590588,
"Shepherd Labs, Inc.",shepherd,2024-02-07,2027-02-07,,2024-02-07,insufficient_followup,,2024,1,6150000.0,6150000.0,6150000.0,5,2.431211498973306,888,13500000.0,4,2024-02-07,0.5144345069566348,
"Ottometric, Inc",ottometric,2025-04-01,2028-04-01,,2025-04-01,insufficient_followup,,2025,1,4900000.0,4900000.0,5510000.0,7,2.127310061601643,777,10280000.0,5,2025-04-01,0.5143683599864883,
Intus Care Inc.,intuscare,2025-01-16,2028-01-16,,2025-01-16,insufficient_followup,,2025,1,505000.0,505000.0,505000.0,1,4.733744010951403,1729,11500000.0,3,2025-01-16,0.5142767100458194,
"Hangzhou Highlight Pharmaceutical Co., Ltd.",hangzhouhighlightpharmaceutical,2025-11-28,2028-11-28,,2025-11-28,insufficient_followup,,2025,1,0.0,0.0,39330000.0,2,6.7323750855578375,2459,22900000.0,3,2025-11-28,0.5141865025846457,
SuperOps Inc.,superops,2023-10-10,2026-10-10,,2023-10-10,insufficient_followup,,2023,1,13800000.0,13800000.0,23460000.0,4,1.757700205338809,642,12570000.0,3,2023-10-10,0.5128277379225572,
Workwise Solutions Inc.,workwisesolutions,2025-09-25,2028-09-25,,2025-09-25,insufficient_followup,,2025,1,8500000.0,8500000.0,21530000.0,3,1.1334702258726899,414,13000000.0,0,2025-09-25,0.5121831911565689,
Hidden Level Inc.,hiddenlevel,2025-02-03,2028-02-03,,2025-02-03,insufficient_followup,,2025,1,17600000.0,17600000.0,41350000.0,6,3.619438740588638,1322,65000000.0,8,2025-02-03,0.5120379991460607,
Clerq Inc.,clerq,2025-09-12,2028-09-12,,2025-09-12,insufficient_followup,,2025,1,7740000.0,7740000.0,20910000.0,0,1.4373716632443532,525,12000000.0,5,2025-09-12,0.5120196134127514,
"Luminary Cloud, Inc.",luminarycloud,2025-09-15,2028-09-15,,2025-09-15,insufficient_followup,,2025,1,15000000.0,15000000.0,15050000.0,0,4.731006160164271,1728,72000000.0,3,2025-09-15,0.5117107244299132,
"HYPERCRAFT, INC.",hypercraft,2025-06-04,2028-06-04,,2025-06-04,insufficient_followup,,2025,1,6500000.0,6500000.0,11610000.0,1,2.2833675564681726,834,26000000.0,0,2025-06-04,0.5116934742362753,
"UZURV Holdings, Inc.",uzurv,2024-02-14,2027-02-14,,2024-02-14,insufficient_followup,,2024,1,5000000.0,5000000.0,44660000.0,0,4.7529089664613275,1736,34800000.0,0,2024-02-14,0.5112605793924323,
"EdgeRunner AI, Inc.",edgerunnerai,2025-05-01,2028-05-01,,2025-05-01,insufficient_followup,,2025,1,5500000.0,5500000.0,5500000.0,2,0.840520191649555,307,12000000.0,4,2025-05-01,0.5109886548080635,
"Alto Pharmacy, LLC",altopharmacy,2023-09-25,2026-09-25,,2023-09-25,insufficient_followup,,2023,1,6600000.0,6600000.0,6900000.0,1,6.7323750855578375,2459,120000000.0,1,2023-09-25,0.5099302038236795,known_unicorn_or_former_unicorn_in_current_master
"FlyGuys, Inc.",flyguys,2025-06-13,2028-06-13,,2025-06-13,insufficient_followup,,2025,1,14000000.0,14000000.0,16000000.0,2,1.6344969199178645,597,13210000.0,0,2025-06-13,0.5098216250711586,
"Concourse Technologies, Inc.",concourse,2026-01-27,2029-01-27,,2026-01-27,insufficient_followup,,2026,1,4200000.0,4200000.0,5870000.0,2,3.028062970568104,1106,12000000.0,4,2026-01-27,0.5087928569261494,
"Bolster, Inc.",bolster,2024-05-22,2027-05-22,,2024-05-22,insufficient_followup,,2024,1,15000000.0,15000000.0,25610000.0,4,1.593429158110883,582,14000000.0,7,2024-05-22,0.5082604261473209,
"Workweek Media, Inc.",workweekmedia,2024-04-19,2027-04-19,,2024-04-19,insufficient_followup,,2024,1,4440000.0,4440000.0,8870000.0,0,2.0506502395619437,749,13690000.0,3,2024-04-19,0.5065312512479379,
"Foundation Alloy Technology Explorations, Inc.",foundationalloyexplorations,2026-06-16,2029-06-16,,2026-06-16,insufficient_followup,,2026,1,16910000.0,16910000.0,34380000.0,3,1.3141683778234086,480,22000000.0,9,2026-06-16,0.5065237296677118,
"cTRL Therapeutics USA, Inc.",ctrltherapeuticsusa,2024-09-27,2027-09-27,,2024-09-27,insufficient_followup,,2024,1,10620000.0,10620000.0,10740000.0,3,1.4674880219028064,536,9140000.0,0,2024-09-27,0.5056942980272203,
"Refraction Point, Inc.",refractionpoint,2024-02-07,2027-02-07,,2024-02-07,insufficient_followup,,2024,1,6390000.0,6390000.0,24000000.0,7,1.730321697467488,632,10210000.0,7,2024-02-07,0.5053380396332519,
PlumHQ,plumhq,2026-03-26,2029-03-26,,2026-03-26,insufficient_followup,,2026,1,4090000.0,4090000.0,18890000.0,4,5.344284736481861,1952,20490000.0,3,2026-03-26,0.5052762517261942,
Analog One Corporation,analogone,2025-01-27,2028-01-27,,2025-01-27,insufficient_followup,,2025,1,16000000.0,16000000.0,120000000.0,7,0.9582477754962354,350,5000000.0,11,2025-01-27,0.5052159239270007,
Unify AI Business Corp,unifyaibusiness,2024-10-08,2027-10-08,,2024-10-08,insufficient_followup,,2024,1,6650000.0,6650000.0,6650000.0,7,0.7720739219712526,282,12000000.0,7,2024-10-08,0.5047423154128955,
IMTC Inc.,imtc,2025-12-04,2028-12-04,,2025-12-04,insufficient_followup,,2025,1,3500000.0,3500000.0,3500000.0,4,3.583846680355921,1309,12000000.0,3,2025-12-04,0.5033451420835978,
"Saleo, Inc.",saleo,2023-10-05,2026-10-05,,2023-10-05,insufficient_followup,,2023,1,1500000.0,1500000.0,1500000.0,1,1.4182067077344285,518,13000000.0,2,2023-10-05,0.5032522800820767,
Knapsack Company,knapsack,2025-05-02,2028-05-02,,2025-05-02,insufficient_followup,,2025,1,7500000.0,7500000.0,22520000.0,5,1.7111567419575633,625,10500000.0,0,2025-05-02,0.5028213324507124,
"Aiera, Inc.",aiera,2025-06-02,2028-06-02,,2025-06-02,insufficient_followup,,2025,1,3500000.0,3500000.0,11770000.0,5,6.469541409993155,2363,25000000.0,2,2025-06-02,0.502271059885951,
"WeatherPromise, Inc.",weatherpromise,2026-01-13,2029-01-13,,2026-01-13,insufficient_followup,,2026,1,3870000.0,3870000.0,3870000.0,1,3.0362765229295,1109,12800000.0,8,2026-01-13,0.5022100050216105,
"Stacklet, Inc.",stacklet,2024-06-04,2027-06-04,,2024-06-04,insufficient_followup,,2024,1,4000000.0,4000000.0,4000000.0,2,3.811088295687885,1392,14500000.0,6,2024-06-04,0.5020339850428155,
"Alembic Technologies, Inc.",alembic,2025-03-28,2028-03-28,,2025-11-13,insufficient_followup,,2025,1,15970000.0,15970000.0,49000000.0,3,1.111567419575633,406,11280000.0,0,2025-03-28,0.5017154058190479,
pValue Inc.,pvalue,2025-03-25,2028-03-25,,2025-03-25,insufficient_followup,,2025,1,3020000.0,3020000.0,11250000.0,4,3.8822724161533197,1418,11000000.0,6,2025-03-25,0.5014080764289145,
"Arcade Software, Inc.",arcadesoftware,2024-11-17,2027-11-17,,2024-11-17,insufficient_followup,,2024,1,4880000.0,4880000.0,8650000.0,0,2.099931553730322,767,14000000.0,3,2024-11-17,0.5008736211257074,
"ThayerMahan, Inc.",thayermahan,2024-01-09,2027-01-09,,2024-01-09,insufficient_followup,,2024,1,2750000.0,2750000.0,2750000.0,0,6.765229295003422,2471,20000000.0,5,2024-01-09,0.5008182812405948,
"Viscardia, Inc.",viscardia,2025-12-02,2028-12-02,,2025-12-02,insufficient_followup,,2025,1,1150000.0,1150000.0,3700000.0,1,8.05201916495551,2941,40000000.0,0,2025-12-02,0.5007602058870939,
Tipping Mr Pink Pvt Ltd,tippingmrpinkpvt,2026-03-18,2029-03-18,,2026-03-18,insufficient_followup,,2026,1,0.0,0.0,52000000.0,7,2.2587268993839835,825,8830000.0,4,2026-03-18,0.5004403393716693,
"Cutback Coach, Inc.",cutbackcoach,2023-11-15,2026-11-15,,2023-11-15,insufficient_followup,,2023,1,3100000.0,3100000.0,3100000.0,1,2.7953456536618755,1021,11500000.0,10,2023-11-15,0.5003811108245472,
Claros Technologies Inc.,claros,2025-02-27,2028-02-27,,2025-02-27,insufficient_followup,,2025,1,700000.0,700000.0,33690000.0,0,0.3887748117727584,142,9750000.0,4,2025-02-27,0.4984612285477754,
"Rilian Technologies, Inc.",rilian,2026-04-23,2029-04-23,,2026-04-23,insufficient_followup,,2026,1,5500000.0,5500000.0,5500000.0,0,0.3613963039014374,132,12000000.0,7,2026-04-23,0.4984340954180459,
"Mojave Energy Systems, Inc.",mojaveenergysystems,2024-12-18,2027-12-18,,2024-12-18,insufficient_followup,,2024,1,12500000.0,12500000.0,20410000.0,3,1.2511978097193703,457,9630000.0,6,2024-12-18,0.49843363468140595,
Baton Market Inc.,batonmarket,2025-01-21,2028-01-21,,2025-01-21,insufficient_followup,,2025,1,2800000.0,2800000.0,14690000.0,2,2.0342231348391513,743,10000000.0,8,2025-01-21,0.49833410742439127,
"Winsome Truth, Inc.",winsometruth,2024-09-10,2027-09-10,,2024-09-10,insufficient_followup,,2024,1,430000.0,430000.0,500000.0,0,5.779603011635865,2111,14740000.0,0,2024-09-10,0.4978872709131436,
Avextra AG,avextraag,2024-02-07,2027-02-07,,2024-02-07,insufficient_followup,,2024,1,3560000.0,3560000.0,40220000.0,1,2.5927446954141,947,21520000.0,0,2024-02-07,0.4972041311354459,
"Figur8, Inc.",figur8,2023-08-08,2026-08-08,,2023-08-08,insufficient_followup,,2023,1,4480000.0,4480000.0,11120000.0,2,3.9479808350444903,1442,24570000.0,3,2023-08-08,0.49715068287689035,
Elixir Technologies Ltd.,elixir,2024-03-12,2027-03-12,,2024-03-12,insufficient_followup,,2024,1,7500000.0,7500000.0,100000000.0,7,0.3997262149212868,146,8000000.0,7,2024-03-12,0.496915797594683,
"Allure Security Technology, Inc.",alluresecurity,2024-04-03,2027-04-03,,2026-03-19,insufficient_followup,,2024,1,9880000.0,9880000.0,19610000.0,6,1.163586584531143,425,10000000.0,5,2024-04-03,0.4967622809413182,
"Salted, Inc.",salted,2023-10-17,2026-10-17,,2023-10-17,insufficient_followup,,2023,1,16000000.0,16000000.0,75740000.0,3,1.9657768651608487,718,14000000.0,3,2023-10-17,0.4955684976356433,
BotBuilt Inc.,botbuilt,2023-12-27,2026-12-27,,2023-12-27,insufficient_followup,,2023,1,2000000.0,2000000.0,9640000.0,0,2.8501026694045173,1041,12400000.0,4,2023-12-27,0.4951069180134577,
Piston Technologies Inc.,piston,2026-06-01,2029-06-01,,2026-06-01,insufficient_followup,,2026,1,7450000.0,7450000.0,8540000.0,3,1.0075290896646132,368,15000000.0,0,2026-06-01,0.4941625499503767,
Hakimo Inc.,hakimo,2026-07-08,2029-07-08,,2026-07-08,insufficient_followup,,2026,1,6000000.0,6000000.0,11740000.0,5,3.2032854209445585,1170,12000000.0,5,2026-07-08,0.4941480473660811,
"Eradivir, Inc.",eradivir,2025-10-07,2028-10-07,,2025-10-07,insufficient_followup,,2025,1,10250000.0,10250000.0,23060000.0,0,1.0376454483230664,379,10000000.0,0,2025-10-07,0.49348646287189984,
"Silent Push, Inc.",silentpush,2024-12-11,2027-12-11,,2025-09-12,insufficient_followup,,2024,1,10000000.0,10000000.0,12760000.0,1,1.4948665297741273,546,10000000.0,2,2024-12-11,0.49301487885882617,
"Carpool Logistics, Inc.",carpoollogistics,2025-03-12,2028-03-12,,2025-03-12,insufficient_followup,,2025,1,2000000.0,2000000.0,2000000.0,1,2.620123203285421,957,12000000.0,2,2025-03-12,0.49288554202859686,
"Kyron Learning, PBC",kyronlearning,2023-11-15,2026-11-15,,2023-11-15,insufficient_followup,,2023,1,5500000.0,5500000.0,5500000.0,0,1.1334702258726899,414,14600000.0,10,2023-11-15,0.49207885333389084,
"10000, Inc.",10000,2025-09-02,2028-09-02,,2025-09-02,insufficient_followup,,2025,1,11920000.0,11920000.0,18390000.0,0,2.138261464750171,781,12450000.0,2,2025-09-02,0.49072814799463244,
Bespoken Spirits Inc.,bespokenspirits,2025-10-20,2028-10-20,,2025-10-20,insufficient_followup,,2025,1,1230000.0,1230000.0,35240000.0,0,0.4736481861738535,173,12390000.0,0,2025-10-20,0.49066859613715136,
"CytoTronics, Inc.",cytotronics,2024-09-05,2027-09-05,,2024-09-05,insufficient_followup,,2024,1,9250000.0,9250000.0,18210000.0,2,2.3572895277207393,861,13500000.0,6,2024-09-05,0.4903804784885217,
"Labviva, Inc.",labviva,2025-01-13,2028-01-13,,2025-01-13,insufficient_followup,,2025,1,8000000.0,8000000.0,22710000.0,3,3.6167008898015056,1321,25000000.0,4,2025-01-13,0.49024390442236954,
Impart Security Inc.,impartsecurity,2025-06-05,2028-06-05,,2025-06-05,insufficient_followup,,2025,1,7800000.0,7800000.0,8820000.0,3,2.6091718001368926,953,12000000.0,3,2025-06-05,0.48830705606399083,
"Rhino HealthTech, Inc.",rhinohealthtech,2023-10-04,2026-10-04,,2026-01-27,insufficient_followup,,2023,1,5000000.0,5000000.0,13650000.0,2,2.64476386036961,966,11050000.0,5,2023-10-04,0.48818369439861187,
Enable Dental Inc.,enabledental,2024-11-05,2027-11-05,,2024-11-05,insufficient_followup,,2024,1,9690000.0,9690000.0,11170000.0,0,2.127310061601643,777,13970000.0,0,2024-11-05,0.4880736974658681,
Swachh Saathi Private Limited,swachhsaathiprivate,2025-08-12,2028-08-12,,2026-05-06,insufficient_followup,,2025,1,2000000.0,2000000.0,12500000.0,1,0.243668720054757,89,11000000.0,3,2025-08-12,0.48785004766380236,
"Envisagenics, Inc.",envisagenics,2024-06-04,2027-06-04,,2024-06-04,insufficient_followup,,2024,1,21460000.0,21460000.0,98660000.0,6,2.6803559206023273,979,25000000.0,4,2024-06-04,0.4868445922417411,
Rivet Work Inc.,rivetwork,2025-06-12,2028-06-12,,2025-06-12,insufficient_followup,,2025,1,5600000.0,5600000.0,9620000.0,5,2.401095140314853,877,10640000.0,5,2025-06-12,0.485609001288276,
"Fond of You, Inc.",fondofyou,2026-02-10,2029-02-10,,2026-02-10,insufficient_followup,,2026,1,6180000.0,6180000.0,9420000.0,0,0.9691991786447639,354,19200000.0,3,2026-02-10,0.48559384176567455,
PPIO,ppio,2025-04-30,2028-04-30,,2025-04-30,insufficient_followup,,2025,1,0.0,0.0,46000000.0,0,4.082135523613963,1491,21000000.0,0,2025-04-30,0.4849670867207669,
Upward Financial Inc.,upwardfinancial,2025-11-10,2028-11-10,,2025-11-10,insufficient_followup,,2025,1,2000000.0,2000000.0,3300000.0,7,2.7707049965776864,1012,9030000.0,6,2025-11-10,0.48355499338210367,
"Navigantis, Inc.",navigantis,2024-07-25,2027-07-25,,2024-07-25,insufficient_followup,,2024,1,800000.0,800000.0,800000.0,0,1.2238193018480492,447,12000000.0,3,2024-07-25,0.48346965330762676,
MeaCor Inc.,meacor,2024-05-14,2027-05-14,,2024-05-14,insufficient_followup,,2024,1,806000.0,806000.0,3680000.0,3,8.429842573579739,3079,15000000.0,0,2024-05-14,0.4828855772773074,
Pico MES Inc.,picomes,2023-08-22,2026-08-22,,2023-08-22,insufficient_followup,,2023,1,2500000.0,2500000.0,3990000.0,0,2.948665297741273,1077,12350000.0,7,2023-08-22,0.4826195842280633,
Scitara Corporation,scitara,2026-06-18,2029-06-18,,2026-06-18,insufficient_followup,,2026,1,5130000.0,5130000.0,23510000.0,2,5.401779603011636,1973,28500000.0,2,2026-06-18,0.4825103538905551,
"Wuhan Changjin Photonics Technology Co., Ltd (SHSE:688635)",wuhanchangjinphotonicsshse688635,2025-03-26,2028-03-26,,2025-03-26,insufficient_followup,,2025,1,2900000.0,2900000.0,65310000.0,1,2.568104038329911,938,13770000.0,1,2025-03-26,0.4822971985569345,
"Chizhou Yunzhong Electronic Science & Technology Co., Ltd.",chizhouyunzhongelectronicscience,2025-12-16,2028-12-16,,2026-02-13,insufficient_followup,,2025,1,2780000.0,2780000.0,43920000.0,2,1.0184804928131417,372,14200000.0,2,2025-12-16,0.48185592193263177,
"Exum Instruments, Inc.",exuminstruments,2024-03-22,2027-03-22,,2025-04-24,insufficient_followup,,2024,1,600000.0,600000.0,2180000.0,0,4.276522929500342,1562,10290000.0,6,2024-03-22,0.48099721684514685,
LiveFlow Inc.,liveflow,2024-09-24,2027-09-24,,2024-09-24,insufficient_followup,,2024,1,3500000.0,3500000.0,4840000.0,4,2.759753593429158,1008,13500000.0,1,2024-09-24,0.47992689261327376,
HeraldAPI Inc.,heraldapi,2024-10-16,2027-10-16,,2024-10-16,insufficient_followup,,2024,1,8000000.0,8000000.0,9550000.0,3,2.836413415468857,1036,12000000.0,4,2024-10-16,0.4797369340559181,
"Ventiva, Inc.",ventiva,2024-02-21,2027-02-21,,2024-02-21,insufficient_followup,,2024,1,10380000.0,10380000.0,50910000.0,0,2.565366187542779,937,10000000.0,0,2024-02-21,0.4784831171013834,
"Dinari, Inc.",dinari,2025-05-01,2028-05-01,,2025-05-01,insufficient_followup,,2025,1,4179999.9999999995,4179999.9999999995,6040000.0,0,3.3894592744695413,1238,12660000.0,6,2025-05-01,0.47817639036470444,
"Nirmata, Inc.",nirmata,2025-02-10,2028-02-10,,2025-02-10,insufficient_followup,,2025,1,4000000.0,4000000.0,5480000.0,4,3.5017111567419574,1279,9600000.0,5,2025-02-10,0.4780227944462313,
Bioniq Health-Tech Solutions Limited,bioniqhealthtechsolutions,2024-10-22,2027-10-22,,2025-03-18,insufficient_followup,,2024,1,15000000.0,15000000.0,75000000.0,2,0.2683093771389459,98,0.0,0,2024-10-22,0.4777658786120587,
"RAD Security, Inc.",radsecurity,2025-02-24,2028-02-24,,2025-02-24,insufficient_followup,,2025,1,5950000.0,5950000.0,17560000.0,3,3.025325119780972,1105,14000000.0,7,2025-02-24,0.47773757579716436,
"FINDMINE, Inc.",findmine,2024-04-30,2027-04-30,,2024-04-30,insufficient_followup,,2024,1,8199999.999999999,8199999.999999999,18020000.0,2,1.6591375770020533,606,8900000.0,7,2024-04-30,0.47590161533995784,
"ABXR Labs, Inc.",abxr,2024-08-13,2027-08-13,,2025-07-07,insufficient_followup,,2024,1,4950000.0,4950000.0,13270000.0,1,2.855578370978782,1043,12000000.0,4,2024-08-13,0.4751464679600906,
SingleFile Technologies Inc.,singlefile,2025-02-19,2028-02-19,,2025-02-19,insufficient_followup,,2025,1,15080000.0,15080000.0,22620000.0,4,0.9226557152635181,337,9100000.0,8,2025-02-19,0.47389547633675,
"OPAQUE Systems, Inc.",opaquesystems,2026-02-12,2029-02-12,,2026-02-12,insufficient_followup,,2026,1,9550000.0,9550000.0,9550000.0,4,4.602327173169062,1681,24000000.0,6,2026-02-12,0.4736599239170623,
"Uplinq, Inc.",uplinq,2025-05-12,2028-05-12,,2025-05-12,insufficient_followup,,2025,1,8090000.0,8090000.0,21660000.0,4,1.160848733744011,424,10000000.0,3,2025-05-12,0.47355389659650493,
"Mosh, PBC",mosh,2026-05-06,2029-05-06,,2026-05-06,insufficient_followup,,2026,1,6520000.0,6520000.0,9200000.0,4,2.726899383983573,996,13000000.0,3,2026-05-06,0.47310020520845947,
AgZen Inc.,agzen,2026-02-20,2029-02-20,,2026-02-20,insufficient_followup,,2026,1,3500000.0,3500000.0,3500000.0,1,3.14031485284052,1147,10000000.0,4,2026-02-20,0.47264661467147034,
"Newton Research, Inc.",newtonresearch,2025-08-05,2028-08-05,,2025-08-05,insufficient_followup,,2025,1,5100000.0,5100000.0,22500000.0,0,1.5879534565366187,580,9000000.0,5,2025-08-05,0.4722004926724812,
"Ocean Aero, Inc.",oceanaero,2026-01-20,2029-01-20,,2026-01-20,insufficient_followup,,2026,1,4000000.0,4000000.0,68220000.0,0,3.3073237508555784,1208,25950000.0,1,2026-01-20,0.47156197461782745,
"Compa Technologies, Inc.",compa,2024-05-20,2027-05-20,,2026-01-26,insufficient_followup,,2024,1,3900000.0,3900000.0,17000000.0,4,2.732375085557837,998,12120000.0,0,2024-05-20,0.4714024128637654,
Vividly Inc.,vividly,2025-01-14,2028-01-14,,2025-01-14,insufficient_followup,,2025,1,5640000.0,5640000.0,5640000.0,2,3.786447638603696,1383,30000000.0,1,2025-01-14,0.4711158061270539,
"Upheal, Inc.",upheal,2024-11-14,2027-11-14,,2024-11-14,insufficient_followup,,2024,1,3250000.0,3250000.0,5760000.0,3,0.9062286105407256,331,10000000.0,3,2024-11-14,0.4695551351258447,
"GrailPay Holdings, Inc.",grailpay,2026-06-25,2029-06-25,,2026-06-25,insufficient_followup,,2026,1,6730000.0,6730000.0,8870000.0,5,1.0376454483230664,379,10500000.0,6,2026-06-25,0.4692029506042265,
"Squint, Inc.",squint,2023-11-29,2026-11-29,,2025-08-12,insufficient_followup,,2023,1,3490000.0,3490000.0,8350000.0,2,0.49555099247091033,181,13000000.0,2,2023-11-29,0.4690341982161175,
"SWARM Engineering, Inc.",swarmengineering,2026-06-10,2029-06-10,,2026-06-10,insufficient_followup,,2026,1,2740000.0,2740000.0,4250000.0,5,5.193702943189596,1897,10000000.0,8,2026-06-10,0.468907962801827,
Immerse Inc.,immerse,2024-01-08,2027-01-08,,2024-01-08,insufficient_followup,,2024,1,2490000.0,2490000.0,5430000.0,1,3.189596167008898,1165,14120000.0,2,2024-01-08,0.4682458177051393,
"Hangzhou Ganzhicao Technology Co., Ltd.",hangzhouganzhicao,2026-01-31,2029-01-31,,2026-01-31,insufficient_followup,,2026,1,1920000.0,1920000.0,109600000.0,1,1.0841889117043122,396,8630000.0,5,2026-01-31,0.46694097219537833,
"Multitude Insights, Inc.",multitudeinsights,2026-02-27,2029-02-27,,2026-02-27,insufficient_followup,,2026,1,5410000.0,5410000.0,9380000.0,0,1.8836413415468858,688,10000000.0,10,2026-02-27,0.4665944223368912,
"Joy Memories, Inc.",joymemories,2025-11-12,2028-11-12,,2025-11-12,insufficient_followup,,2025,1,8070000.0,8070000.0,8070000.0,0,2.4503764544832305,895,14000000.0,11,2025-11-12,0.4661049820660066,
"Nooks Communications, Inc.",nookscommunications,2024-04-24,2027-04-24,,2024-04-24,insufficient_followup,,2024,1,5140000.0,5140000.0,7040000.0,2,2.7789185489390826,1015,22000000.0,2,2024-04-24,0.4656258581178857,
EMTECH Solutions Inc.,emtechsolutions,2024-09-10,2027-09-10,,2024-09-10,insufficient_followup,,2024,1,9780000.0,9780000.0,11320000.0,7,1.0650239561943875,389,10000000.0,1,2024-09-10,0.4648792901078751,
ZBiotics Company,zbiotics,2024-04-09,2027-04-09,,2024-04-09,insufficient_followup,,2024,1,5690000.0,5690000.0,7390000.0,1,4.076659822039699,1489,12000000.0,5,2024-04-09,0.46472705897611155,
Spade Data Inc.,spadedata,2023-12-05,2026-12-05,,2023-12-05,insufficient_followup,,2023,1,5000000.0,5000000.0,8420000.0,4,0.7665982203969883,280,10000000.0,6,2023-12-05,0.46375943200407616,
"Pow Genetic Solutions, Inc.",powgeneticsolutions,2023-10-04,2026-10-04,,2023-10-04,insufficient_followup,,2023,1,1600000.0,1600000.0,1670000.0,1,4.093086926762491,1495,9500000.0,10,2023-10-04,0.4635601973121485,
"CoverForce, Inc.",coverforce,2025-03-05,2028-03-05,,2025-03-05,insufficient_followup,,2025,1,5000000.0,5000000.0,5000000.0,5,3.0910335386721424,1129,13000000.0,2,2025-03-05,0.46267907841663164,
Framework Computer Inc,frameworkcomputer,2024-04-23,2027-04-23,,2024-04-23,insufficient_followup,,2024,1,18000000.0,18000000.0,82070000.0,4,2.236824093086927,817,18000000.0,5,2024-04-23,0.46266641264182684,
"Solestial, Inc.",solestial,2025-05-15,2028-05-15,,2025-05-15,insufficient_followup,,2025,1,11180000.0,11180000.0,30360000.0,5,2.6064339493497606,952,17000000.0,10,2025-05-15,0.4619069667470309,
"Trillium Renewable Chemicals, Inc.",trilliumrenewablechemicals,2026-05-05,2029-05-05,,2026-05-05,insufficient_followup,,2026,1,1500000.0,1500000.0,4500000.0,1,5.207392197125257,1902,13000000.0,2,2026-05-05,0.46080234955290644,
"Xanadu Bio, Inc.",xanadubio,2025-08-27,2028-08-27,,2025-08-27,insufficient_followup,,2025,1,12000000.0,12000000.0,38500000.0,0,2.6666666666666665,974,11000000.0,0,2025-08-27,0.460726120515723,
"Clazar, Inc.",clazar,2024-04-18,2027-04-18,,2024-04-18,insufficient_followup,,2024,1,4000000.0,4000000.0,4000000.0,1,0.8843258042436687,323,10000000.0,4,2024-04-18,0.46059397243532574,
"Anodyne Nanotech, Inc.",anodynenanotech,2026-06-11,2029-06-11,,2026-06-11,insufficient_followup,,2026,1,1470000.0,1470000.0,5410000.0,0,5.842573579739904,2134,12600000.0,3,2026-06-11,0.46052875901813256,
"Zuub, Inc.",zuub,2024-06-25,2027-06-25,,2024-06-25,insufficient_followup,,2024,1,5290000.0,5290000.0,7050000.0,1,1.6071184120465434,587,9000000.0,3,2024-06-25,0.46044289281818884,
"Roam Home, Inc.",roamhome,2025-04-02,2028-04-02,,2025-04-02,insufficient_followup,,2025,1,4260000.0,4260000.0,17220000.0,1,0.8980150581793293,328,11500000.0,2,2025-04-02,0.4601844277368633,
Branch Energy Holdings Inc.,branchenergy,2024-08-07,2027-08-07,,2024-08-07,insufficient_followup,,2024,1,4500000.0,4500000.0,4500000.0,3,2.9897330595482545,1092,10800000.0,2,2024-08-07,0.46007704217971407,
"Foundation Devices, Inc.",foundationdevices,2026-01-20,2029-01-20,,2026-01-20,insufficient_followup,,2026,1,2500000.0,2500000.0,11500000.0,7,4.629705681040384,1691,13380000.0,0,2026-01-20,0.45839733212636746,
"Equipifi, Inc.",equipifi,2026-05-14,2029-05-14,,2026-05-14,insufficient_followup,,2026,1,13250000.0,13250000.0,34950000.0,2,4.0219028062970565,1469,34000000.0,3,2026-05-14,0.4581126855998475,
"Shenzhen Camsense Technologies Co., Ltd.",shenzhencamsense,2025-09-25,2028-09-25,,2025-09-25,insufficient_followup,,2025,1,7230000.0,7230000.0,285130000.0,2,1.571526351813826,574,5610000.0,2,2025-09-25,0.4578876589698115,
Heyday Health Corporation,heydayhealth,2024-06-24,2027-06-24,,2024-06-24,insufficient_followup,,2024,1,5000000.0,5000000.0,20730000.0,1,3.132101300479124,1144,12500000.0,3,2024-06-24,0.4572717395516438,
"Cheetah Technologies, Inc.",cheetah,2024-05-09,2027-05-09,,2024-05-09,insufficient_followup,,2024,1,3000000.0,3000000.0,3000000.0,1,8.355920602327172,3052,14000000.0,2,2024-05-09,0.45654475533859973,
SmartCoin Financials Private Limited,smartcoinfinancialsprivate,2026-02-09,2029-02-09,,2026-02-09,insufficient_followup,,2026,1,6970000.0,6970000.0,67240000.0,3,3.972621492128679,1451,22880000.0,3,2026-02-09,0.45629638067781797,
"Access Vascular, Inc.",accessvascular,2023-10-31,2026-10-31,,2023-10-31,insufficient_followup,,2023,1,3830000.0,3830000.0,25240000.0,1,5.078713210130048,1855,22000000.0,0,2023-10-31,0.4558324346259365,
"Transfr, Inc.",transfr,2023-09-28,2026-09-28,,2023-09-28,insufficient_followup,,2023,1,12000000.0,12000000.0,42090000.0,1,2.855578370978782,1043,40000000.0,7,2023-09-28,0.45582693147228176,
"Moon Technologies, Inc.",moon,2026-03-05,2029-03-05,,2026-03-05,insufficient_followup,,2026,1,100000.0,100000.0,1250000.0,1,6.861054072553046,2506,8660000.0,0,2026-03-05,0.4556996280086205,
"Monnai, Inc.",monnai,2026-01-14,2029-01-14,,2026-01-14,insufficient_followup,,2026,1,6540000.0,6540000.0,15830000.0,4,2.8528405201916494,1042,12000000.0,3,2026-01-14,0.4554538502795414,
Lunar Outpost Inc,lunaroutpost,2024-11-13,2027-11-13,,2024-11-13,insufficient_followup,,2024,1,12060000.0,12060000.0,38400000.0,5,2.513347022587269,918,17000000.0,3,2024-11-13,0.4552436333603735,
"Frostbyte Technologies, Inc",frostbyte,2024-04-24,2027-04-24,,2024-04-24,insufficient_followup,,2024,1,6300000.0,6300000.0,8350000.0,2,2.0670773442847366,755,11000000.0,2,2024-04-24,0.45417928383412653,
"farm-ng, Inc.",farmng,2024-01-18,2027-01-18,,2024-01-18,insufficient_followup,,2024,1,6250000.0,6250000.0,6400000.0,2,0.8870636550308009,324,10050000.0,4,2024-01-18,0.4536254352903635,
"10Beauty, Inc.",10beauty,2024-02-06,2027-02-06,,2026-07-01,insufficient_followup,,2024,1,2890000.0,2890000.0,12110000.0,0,3.8740588637919235,1415,17000000.0,1,2024-02-06,0.4535318004461736,
"GreenSpark Software, Inc.",greensparksoftware,2024-01-19,2027-01-19,,2024-01-19,insufficient_followup,,2024,1,5000000.0,5000000.0,9970000.0,2,2.080766598220397,760,9900000.0,3,2024-01-19,0.45328867647965887,
"StackShare, Inc.",stackshare,2024-08-01,2027-08-01,,2024-08-01,insufficient_followup,,2024,1,5200000.0,5200000.0,10670000.0,2,6.5598904859685145,2396,12000000.0,3,2024-08-01,0.45288529860492355,
Pomerium Inc.,pomerium,2024-06-20,2027-06-20,,2024-06-20,insufficient_followup,,2024,1,1500000.0,1500000.0,1500000.0,0,4.2354551676933605,1547,13750000.0,3,2024-06-20,0.452719118015821,
"Glimpse Engineering, Inc.",glimpseengineering,2025-03-05,2028-03-05,,2025-03-05,insufficient_followup,,2025,1,4000000.0,4000000.0,15200000.0,2,0.9938398357289527,363,10000000.0,3,2025-03-05,0.45186100201031776,
"Arpio, Inc.",arpio,2026-06-03,2029-06-03,,2026-06-03,insufficient_followup,,2026,1,8230000.0,8230000.0,19620000.0,8,2.8035592060232717,1024,15000000.0,7,2026-06-03,0.4508525224300855,
"Torpago, Inc.",torpago,2024-06-06,2027-06-06,,2024-06-06,insufficient_followup,,2024,1,2460000.0,2460000.0,3390000.0,2,2.5516769336071183,932,10000000.0,3,2024-06-06,0.45066930053193077,
"Leapfrog Power, Inc.",leapfrogpower,2023-11-16,2026-11-16,,2023-11-16,insufficient_followup,,2023,1,7720000.0,7720000.0,18170000.0,6,3.8329911019849416,1400,16000000.0,7,2023-11-16,0.45002946410362443,
"Opsera, Inc.",opsera,2023-10-04,2026-10-04,,2023-10-04,insufficient_followup,,2023,1,15000000.0,15000000.0,27420000.0,5,2.433949349760438,889,12000000.0,3,2023-10-04,0.4477769691243234,
"Ovation Up, Inc.",ovationup,2024-06-20,2027-06-20,,2024-06-20,insufficient_followup,,2024,1,955000.0,955000.0,1100000.0,2,4.856947296372348,1774,9000000.0,11,2024-06-20,0.4475438180052491,
"Enspire DBS Therapy, Inc.",enspiredbstherapy,2026-01-13,2029-01-13,,2026-01-13,insufficient_followup,,2026,1,17600000.0,17600000.0,36380000.0,2,2.4531143052703626,896,10300000.0,3,2026-01-13,0.4473437235147208,
"Hunan KunlunMeta Artificial Intelligence Application Software Co., Ltd.",hunankunlunmetaartificialintelligenceapplicationsoftware,2026-06-07,2029-06-07,,2026-06-07,insufficient_followup,,2026,1,4280000.0,4280000.0,75650000.0,3,0.4380561259411362,160,7380000.0,1,2026-06-07,0.4471635750599588,
"Saltbox, Inc.",saltbox,2026-05-06,2029-05-06,,2026-05-06,insufficient_followup,,2026,1,4650000.0,4650000.0,8140000.000000001,4,6.672142368240931,2437,11340000.0,1,2026-05-06,0.447149379006685,
"LongBio Pharma (Suzhou) Co., Ltd. (SEHK:1779)",longbiopharmasuzhousehk1779,2023-12-07,2026-12-07,,2025-05-30,insufficient_followup,,2023,1,15260000.0,15260000.0,61720000.0,0,2.3572895277207393,861,15700000.0,0,2023-12-07,0.44690840823813616,
"Pair Team, PBC",pairteam,2024-06-10,2027-06-10,,2024-06-10,insufficient_followup,,2024,1,19680000.0,19680000.0,28160000.0,6,0.6433949349760438,235,500000.0,0,2024-06-10,0.4464664719973779,
"FairPlay AI, Inc.",fairplayai,2025-02-28,2028-02-28,,2025-02-28,insufficient_followup,,2025,1,4500000.0,4500000.0,5130000.0,6,3.2881587953456535,1201,10000000.0,3,2025-02-28,0.4443040127577219,
"OfferFit, Inc.",offerfit,2024-12-31,2027-12-31,,2024-12-31,insufficient_followup,,2024,1,14270000.0,14270000.0,54360000.0,9,3.1238877481177276,1141,33540000.0,1,2024-12-31,0.44371888253483455,
"HazelTree Fund Services, Inc.",hazeltreefundservices,2024-12-20,2027-12-20,,2024-12-20,insufficient_followup,,2024,1,14000000.0,14000000.0,45270000.0,2,2.327173169062286,850,9960000.0,0,2024-12-20,0.441734379754379,
"Electric Solidus, Inc.",electricsolidus,2025-10-01,2028-10-01,,2025-10-01,insufficient_followup,,2025,1,6000000.0,6000000.0,96000000.0,5,3.8576317590691307,1409,13160000.0,0,2025-10-01,0.44072043648025166,
"Allermi, Inc.",allermi,2024-12-31,2027-12-31,,2024-12-31,insufficient_followup,,2024,1,3500000.0,3500000.0,4130000.0,2,1.7960301163586585,656,9070000.0,1,2024-12-31,0.44068493943958437,
"Stride Funding, Inc.",stridefunding,2024-04-26,2027-04-26,,2024-04-26,insufficient_followup,,2024,1,12000000.0,12000000.0,47220000.0,6,2.3983572895277208,876,10150000.0,0,2024-04-26,0.4404819014457359,
"Kyros Care, PBC",kyroscare,2023-08-23,2026-08-23,,2023-08-23,insufficient_followup,,2023,1,4910000.0,4910000.0,5030000.0,0,1.3607118412046544,497,10510000.0,1,2023-08-23,0.44047778523388514,
"Empirical Spine, Inc.",empiricalspine,2024-06-20,2027-06-20,,2024-06-20,insufficient_followup,,2024,1,10680000.0,10680000.0,31660000.0,2,3.049965776865161,1114,14660000.0,0,2024-06-20,0.4398698155090315,
"Iron Sheepdog Holdings, Inc.",ironsheepdog,2024-03-25,2027-03-25,,2026-02-23,insufficient_followup,,2024,1,1470000.0,1470000.0,3720000.0,0,1.160848733744011,424,10000000.0,3,2024-03-25,0.4398541429968614,
"BeMe Health, Inc",bemehealth,2024-08-22,2027-08-22,,2024-08-22,insufficient_followup,,2024,1,7240000.0,7240000.0,17640000.0,2,2.7980835044490076,1022,12500000.0,6,2024-08-22,0.43894319627382816,
"Workshop Software, Inc.",workshopsoftware,2025-03-18,2028-03-18,,2025-03-18,insufficient_followup,,2025,1,12000000.0,12000000.0,29420000.0,3,1.3826146475017111,505,7000000.0,0,2025-03-18,0.4387832892762533,
"Lumia Health, Inc.",lumiahealth,2026-04-09,2029-04-09,,2026-04-09,insufficient_followup,,2026,1,5100000.0,5100000.0,22550000.0,2,3.2060232717316905,1171,17000000.0,0,2026-04-09,0.4378682181953972,
"Beamable, Inc.",beamable,2025-02-04,2028-02-04,,2025-02-04,insufficient_followup,,2025,1,5270000.0,5270000.0,18820000.0,0,2.9322381930184807,1071,13500000.0,10,2025-02-04,0.43730944303691355,
"Laminar, Inc.",laminar,2025-05-15,2028-05-15,,2025-05-15,insufficient_followup,,2025,1,7160000.0,7160000.0,7160000.0,1,5.49760438056126,2008,12420000.0,3,2025-05-15,0.43604513229421127,
"DUST Identity, Inc.",dustidentity,2023-12-05,2026-12-05,,2023-12-05,insufficient_followup,,2023,1,12370000.0,12370000.0,27450000.0,6,4.361396303901437,1593,40000000.0,5,2023-12-05,0.4354720131720022,
"Overview Energy, Inc.",overviewenergy,2024-09-12,2027-09-12,,2024-09-12,insufficient_followup,,2024,1,6810000.0,6810000.0,8090000.0,0,1.9219712525667352,702,11670000.0,0,2024-09-12,0.43456785933068987,
"D-Tools, Inc.",dtools,2025-08-05,2028-08-05,,2025-08-05,insufficient_followup,,2025,1,10000000.0,10000000.0,21240000.0,0,3.268993839835729,1194,12000000.0,1,2025-08-05,0.4344602410266249,
"WorkHack, Inc.",workhack,2025-10-14,2028-10-14,,2025-10-14,insufficient_followup,,2025,1,9210000.0,9210000.0,30150000.0,3,0.3613963039014374,132,566000.0,0,2025-10-14,0.43344339169225604,
Fleek Commerce Inc.,fleekcommerce,2024-11-12,2027-11-12,,2024-11-12,insufficient_followup,,2024,1,14880000.0,14880000.0,28870000.0,3,0.6242299794661191,228,5600000.0,1,2024-11-12,0.4329675411778249,
Connie Health Inc.,conniehealth,2026-06-18,2029-06-18,,2026-06-18,insufficient_followup,,2026,1,13000000.0,13000000.0,75000000.0,5,4.889801505817933,1786,40000000.0,5,2026-06-18,0.43280533470533683,
"Ekotrope, Inc.",ekotrope,2025-10-10,2028-10-10,,2025-10-10,insufficient_followup,,2025,1,1700000.0,1700000.0,3490000.0,1,12.180698151950718,4449,11000000.0,0,2025-10-10,0.43259207381823406,
"State Space Labs, Inc.",statespace,2026-04-14,2029-04-14,,2026-04-14,insufficient_followup,,2026,1,10000000.0,10000000.0,85520000.0,5,5.894592744695414,2153,17160000.0,0,2026-04-14,0.43245965731616276,
"Tempo Therapeutics, Inc.",tempotherapeutics,2024-03-15,2027-03-15,,2024-03-15,insufficient_followup,,2024,1,3840000.0,3840000.0,3900000.0,0,3.783709787816564,1382,12030000.0,2,2024-03-15,0.4317851735477546,
"Prospyr Medical, Inc.",prospyrmedical,2025-12-15,2028-12-15,,2025-12-15,insufficient_followup,,2025,1,5000000.0,5000000.0,7280000.0,0,2.943189596167009,1075,13570000.0,1,2025-12-15,0.4316873835576748,
"zizzl holding company, inc.",zizzlholding,2026-04-01,2029-04-01,,2026-04-01,insufficient_followup,,2026,1,7520000.0,7520000.0,11210000.0,0,2.086242299794661,762,11500000.0,0,2026-04-01,0.4308216898818341,
"AvoMD, Inc.",avomd,2026-03-31,2029-03-31,,2026-03-31,insufficient_followup,,2026,1,8150000.0,8150000.0,9140000.0,6,2.7624914442162902,1009,10000000.0,6,2026-03-31,0.4291946991316935,
"Mojo AI, Inc.",mojoai,2026-02-24,2029-02-24,,2026-02-24,insufficient_followup,,2026,1,5650000.0,5650000.0,11240000.0,0,0.49828884325804246,182,10000000.0,3,2026-02-24,0.4290280851176977,
"Olio Health, Inc.",oliohealth,2025-05-12,2028-05-12,,2025-05-12,insufficient_followup,,2025,1,13200000.0,13200000.0,18340000.0,2,2.7104722792607805,990,11000000.0,2,2025-05-12,0.4289069228772706,
CollX Inc.,collx,2025-02-13,2028-02-13,,2025-02-13,insufficient_followup,,2025,1,5500000.0,5500000.0,8980000.0,7,1.9767282683093772,722,10000000.0,2,2025-02-13,0.4276600108084842,
"Carbon Insurance, Inc.",carboninsurance,2024-03-28,2027-03-28,,2024-03-28,insufficient_followup,,2024,1,7000000.0,7000000.0,7000000.0,2,1.0924024640657084,399,10000000.0,3,2024-03-28,0.4273378077506395,
"Hunan Mabgeek Biotech Co., Ltd.",hunanmabgeekbiotech,2024-04-24,2027-04-24,,2025-07-11,insufficient_followup,,2024,1,6770000.0,6770000.0,31680000.0,2,5.325119780971937,1945,20840000.0,4,2024-04-24,0.4270434632422577,
"Sojo Industries, Inc.",sojoindustries,2024-07-23,2027-07-23,,2024-07-23,insufficient_followup,,2024,1,2800000.0,2800000.0,20230000.0,0,0.8076659822039699,295,10230000.0,2,2024-07-23,0.42644191539648457,
"Enteligent, Inc.",enteligent,2024-05-14,2027-05-14,,2024-05-14,insufficient_followup,,2024,1,7000000.0,7000000.0,8570000.0,2,1.2813141683778233,468,10350000.0,1,2024-05-14,0.42574311873491,
Tausight Inc.,tausight,2023-08-15,2026-08-15,,2023-08-15,insufficient_followup,,2023,1,20000000.0,20000000.0,38700000.0,3,2.431211498973306,888,6000000.0,3,2023-08-15,0.42574296278919777,
PPLabs Technology Limited,pplabs,2025-04-30,2028-04-30,,2025-10-16,insufficient_followup,,2025,1,5560000.0,5560000.0,46000000.0,6,4.136892539356605,1511,21000000.0,0,2025-04-30,0.4254548692093883,
"Kryptos Biotechnologies, Inc.",kryptosbiotechnologies,2024-03-28,2027-03-28,,2024-03-28,insufficient_followup,,2024,1,2700000.0,2700000.0,7410000.0,3,4.405201916495551,1609,10000000.0,1,2024-03-28,0.42539484811748224,
"General Counsel AI, Inc.",generalcounselai,2025-05-30,2028-05-30,,2025-11-12,insufficient_followup,,2025,1,1650000.0,1650000.0,1650000.0,0,0.6981519507186859,255,10000000.0,3,2025-05-30,0.4249656699426915,
"Fanbase Social Media, Inc.",fanbasesocialmedia,2025-12-17,2028-12-17,,2025-12-17,insufficient_followup,,2025,1,3500000.0,3500000.0,23500000.0,0,4.470910335386721,1633,15750000.0,0,2025-12-17,0.4246064256391841,
Dawn Aerospace Limited,dawnaerospace,2026-06-16,2029-06-16,,2026-06-16,insufficient_followup,,2026,1,20000000.0,20000000.0,107740000.0,3,3.5263518138261465,1288,25000000.0,13,2026-06-16,0.4228680539572799,
"Ubiety Technologies, Inc.",ubiety,2025-01-07,2028-01-07,,2025-01-07,insufficient_followup,,2025,1,10480000.0,10480000.0,45730000.0,0,2.8884325804243667,1055,10000000.0,3,2025-01-07,0.4226671989981252,
"arqu, Inc.",arqu,2024-09-22,2027-09-22,,2024-09-22,insufficient_followup,,2024,1,3500000.0,3500000.0,19500000.0,0,2.8993839835728954,1059,10000000.0,5,2024-09-22,0.4217964289942677,
Adyton PBC Inc.,adyton,2025-05-14,2028-05-14,,2025-05-14,insufficient_followup,,2025,1,12000000.0,12000000.0,22010000.0,4,3.0143737166324436,1101,12820000.0,7,2025-05-14,0.42005410679958105,
CRISPRQC Inc.,crisprqc,2024-01-04,2027-01-04,,2024-01-04,insufficient_followup,,2024,1,1620000.0,1620000.0,8720000.0,1,0.9856262833675564,360,10000000.0,1,2024-01-04,0.418245808395136,
"Bigleaf Networks, Inc.",bigleafnetworks,2025-03-03,2028-03-03,,2025-03-03,insufficient_followup,,2025,1,1530000.0,1530000.0,3780000.0,3,9.921971252566735,3624,10000000.0,0,2025-03-03,0.417167525548777,
"Avesha, Inc.",avesha,2024-10-11,2027-10-11,,2024-10-11,insufficient_followup,,2024,1,6000000.0,6000000.0,21470000.0,1,3.7207392197125255,1359,15160000.0,0,2024-10-11,0.41667288594267116,
HouseAmp Inc.,houseamp,2024-07-30,2027-07-30,,2024-07-30,insufficient_followup,,2024,1,6850000.0,6850000.0,11350000.0,0,2.425735797399042,886,12450000.0,0,2024-07-30,0.4157894385708313,
Rem3dy Health Limited,rem3dyhealth,2026-06-09,2029-06-09,,2026-06-09,insufficient_followup,,2026,1,11080000.0,11080000.0,70160000.0,3,5.073237508555784,1853,18740000.0,5,2026-06-09,0.4156380479170293,
Helm Health Corp,helmhealth,2026-03-23,2029-03-23,,2026-03-23,insufficient_followup,,2026,1,6740000.0,6740000.0,23470000.0,5,4.555783709787817,1664,10500000.0,0,2026-03-23,0.4150711094446965,
"DocToMe, Inc.",doctome,2025-09-25,2028-09-25,,2025-09-25,insufficient_followup,,2025,1,7690000.0,7690000.0,124970000.0,0,0.6570841889117043,240,5000000.0,0,2025-09-25,0.41461538619005145,
"Creator Networks, Inc.",creatornetworks,2025-09-09,2028-09-09,,2025-09-09,insufficient_followup,,2025,1,4810000.0,4810000.0,6470000.0,4,2.485968514715948,908,10000000.0,0,2025-09-09,0.41417090270644297,
"Snout, Inc.",snout,2025-08-12,2028-08-12,,2025-08-12,insufficient_followup,,2025,1,3390000.0,3390000.0,21720000.0,0,4.342231348391513,1586,10000000.0,4,2025-08-12,0.4131433529238636,
NuTiliti Inc.,nutiliti,2025-06-26,2028-06-26,,2025-06-26,insufficient_followup,,2025,1,6320000.0,6320000.0,9600000.0,0,1.5523613963039014,567,10500000.0,0,2025-06-26,0.41276221163723603,
"4D Path, Inc.",4dpath,2026-05-05,2029-05-05,,2026-05-05,insufficient_followup,,2026,1,4110000.0000000005,4110000.0000000005,10120000.0,0,5.768651608487337,2107,12200000.0,0,2026-05-05,0.4127401988427865,
"Uplandme, Inc.",uplandme,2023-10-20,2026-10-20,,2023-10-20,insufficient_followup,,2023,1,1770000.0,1770000.0,140370000.0,1,4.353182751540041,1590,7000000.0,3,2023-10-20,0.412286987504078,
"SimplyWise, Inc.",simplywise,2025-10-23,2028-10-23,,2025-10-23,insufficient_followup,,2025,1,3500000.0,3500000.0,3500000.0,0,5.963039014373717,2178,12000000.0,0,2025-10-23,0.41182743695693563,
"XL Batteries, Inc.",xlbatteries,2025-07-23,2028-07-23,,2025-08-20,insufficient_followup,,2025,1,10000000.0,10000000.0,34520000.0,4,2.412046543463381,881,7670000.0,0,2025-07-23,0.41081431291376047,
Line Services Inc.,lineservices,2025-11-18,2028-11-18,,2025-11-18,insufficient_followup,,2025,1,10000000.0,10000000.0,52840000.0,1,1.215605749486653,444,0.0,1,2025-11-18,0.4103302268236375,
MySimplePetLab Inc.,mysimplepetlab,2023-11-15,2026-11-15,,2023-11-15,insufficient_followup,,2023,1,1650000.0,1650000.0,1650000.0,0,1.5359342915811087,561,9000000.0,1,2023-11-15,0.40989581783482437,
Fairly Inc.,fairly,2024-07-02,2027-07-02,,2024-07-02,insufficient_followup,,2024,1,1600000.0,1600000.0,1600000.0,0,3.433264887063655,1254,10170000.0,0,2024-07-02,0.4071307753712716,
REDI Systems Engineering Inc.,redisystemsengineering,2023-09-02,2026-09-02,,2023-09-02,insufficient_followup,,2023,1,7090000.0,7090000.0,85470000.0,1,0.17796030116358658,65,1130000.0,1,2023-09-02,0.4066341723563988,
"Encellin, Inc.",encellin,2023-12-13,2026-12-13,,2023-12-13,insufficient_followup,,2023,1,2110000.0,2110000.0,3300000.0,0,4.402464065708419,1608,9940000.0,2,2023-12-13,0.40566674144266895,
"Better Health Supplies, Inc.",betterhealthsupplies,2024-06-13,2027-06-13,,2024-06-13,insufficient_followup,,2024,1,13450000.0,13450000.0,17180000.0,8,2.9596167008898013,1081,14000000.0,6,2024-06-13,0.4049878193228937,
"Virtue AI, Inc.",virtueai,2025-04-15,2028-04-15,,2025-04-15,insufficient_followup,,2025,1,14000000.0,14000000.0,21580000.0,7,4.996577686516085,1825,22350000.0,4,2025-04-15,0.4048160781082522,
"STAQ Pharma, Inc.",staqpharma,2025-09-16,2028-09-16,,2025-09-16,insufficient_followup,,2025,1,9000000.0,9000000.0,30000000.0,0,4.462696783025325,1630,11400000.0,0,2025-09-16,0.4038175827100396,
"Vantis Vascular, Inc.",vantisvascular,2024-12-12,2027-12-12,,2024-12-12,insufficient_followup,,2024,1,700000.0,700000.0,3460000.0,0,3.994524298425736,1459,10000000.0,0,2024-12-12,0.40355005665362265,
"Pearl Diagnostics, Inc.",pearldiagnostics,2026-04-21,2029-04-21,,2026-04-21,insufficient_followup,,2026,1,3520000.0,3520000.0,3520000.0,0,3.8439425051334704,1404,11150000.0,0,2026-04-21,0.4028896600582857,
"Folia Health, Inc.",foliahealth,2025-10-01,2028-10-01,,2025-10-01,insufficient_followup,,2025,1,6000000.0,6000000.0,9040000.0,0,3.893223819301848,1422,10500000.0,3,2025-10-01,0.4020006734639222,
"Livly, Inc.",livly,2024-08-13,2027-08-13,,2024-08-13,insufficient_followup,,2024,1,10000000.0,10000000.0,13000000.0,7,5.423682409308693,1981,10000000.0,0,2024-08-13,0.4015957254518522,
"Notabene, Inc.",notabene,2024-11-12,2027-11-12,,2024-11-12,insufficient_followup,,2024,1,10200000.0,10200000.0,45000000.0,12,3.0116358658453115,1100,14500000.0,12,2024-11-12,0.399446163251402,
Curebay Technologies Private Limited,curebayprivate,2025-05-19,2028-05-19,,2025-05-19,insufficient_followup,,2025,1,13460000.0,13460000.0,54140000.0,1,1.3689253935660506,500,2100000.0,3,2025-05-19,0.3994332297891181,
dottxt Inc.,dottxt,2024-08-31,2027-08-31,,2024-08-31,insufficient_followup,,2024,1,3240000.0,3240000.0,3240000.0,2,0.6680355920602327,244,8700000.0,4,2024-08-31,0.3978760474203904,
"Apeiron Labs, Inc.",apeiron,2026-02-04,2029-02-04,,2026-02-04,insufficient_followup,,2026,1,5000000.0,5000000.0,15550000.0,0,3.6386036960985626,1329,9500000.0,6,2026-02-04,0.3960527453620137,
Affinda IP Pty Ltd,affindaippty,2024-06-24,2027-06-24,,2024-06-24,insufficient_followup,,2024,1,8770000.0,8770000.0,49550000.0,0,1.4811772758384667,541,6660000.0,0,2024-06-24,0.3959795688457919,
"ATSG Holdings, Inc.",atsg,2024-01-03,2027-01-03,,2024-11-14,insufficient_followup,,2024,1,15000000.0,15000000.0,32110000.0,0,4.848733744010952,1771,15350000.0,0,2024-01-03,0.3944224856554738,
HILOS Inc.,hilos,2025-05-01,2028-05-01,,2025-05-01,insufficient_followup,,2025,1,2060000.0,2060000.0,3080000.0,0,3.6413415468856947,1330,9720000.0,0,2025-05-01,0.3922064018002721,
"Hit Labs, Inc.",hit,2025-12-09,2028-12-09,,2025-12-09,insufficient_followup,,2025,1,7500000.0,7500000.0,14750000.0,2,5.979466119096509,2184,11600000.0,1,2025-12-09,0.3919087353721108,
"Finerpoint, Inc.",finerpoint,2025-10-15,2028-10-15,,2025-10-15,insufficient_followup,,2025,1,4990000.0,4990000.0,6360000.0,0,3.509924709103354,1282,10000000.0,1,2025-10-15,0.39007828396496874,
"Nara Organics, Inc.",naraorganics,2025-02-14,2028-02-14,,2025-02-14,insufficient_followup,,2025,1,1850000.0,1850000.0,1850000.0,0,5.927446954141,2165,10000000.0,0,2025-02-14,0.38995813052814965,
"Learning Innovation Catalyst, Inc.",learninginnovationcatalyst,2025-08-19,2028-08-19,,2025-08-19,insufficient_followup,,2025,1,5620000.0,5620000.0,33750000.0,1,3.671457905544148,1341,9000000.0,1,2025-08-19,0.3895967955343925,
"Xano, Inc.",xano,2023-10-13,2026-10-13,,2023-10-13,insufficient_followup,,2023,1,5000000.0,5000000.0,5000000.0,2,0.9117043121149897,333,10000000.0,0,2023-10-13,0.38945883845747165,
"AgroSpheres, Inc.",agrospheres,2024-10-09,2027-10-09,,2024-10-09,insufficient_followup,,2024,1,750000.0,750000.0,750000.0,0,7.134839151266256,2606,9060000.0,0,2024-10-09,0.38860209592942685,
"Woan Technology (Shenzhen) Co., Ltd.",woanshenzhen,2025-05-31,2028-05-31,,2025-05-31,insufficient_followup,,2025,1,0.0,0.0,3010000.0,3,7.581108829568788,2769,8330000.0,1,2025-05-31,0.3874025842154493,
"Engage Mobilize, Inc.",engagemobilize,2026-03-20,2029-03-20,,2026-03-20,insufficient_followup,,2026,1,5520000.0,5520000.0,6040000.0,1,6.537987679671458,2388,9350000.0,1,2026-03-20,0.3863941906278391,
"Grin Technology Services, Inc.",grinservices,2024-05-06,2027-05-06,,2024-05-06,insufficient_followup,,2024,1,14720000.0,14720000.0,36580000.0,5,1.7138945927446954,626,6500000.0,2,2024-05-06,0.3836316885106636,
"GIE Medical, Inc.",giemedical,2023-09-06,2026-09-06,,2023-09-06,insufficient_followup,,2023,1,10980000.0,10980000.0,53130000.0,0,2.568104038329911,938,5000000.0,1,2023-09-06,0.38353269672116064,
"CircuitHub, Inc.",circuithub,2023-11-15,2026-11-15,,2026-05-20,insufficient_followup,,2023,1,4250000.0,4250000.0,24560000.0,0,3.7508555783709787,1370,9700000.0,0,2023-11-15,0.3820175150898353,
carwow Ltd.,carwow,2023-12-05,2026-12-05,,2024-07-14,insufficient_followup,,2023,1,6570000.0,6570000.0,243570000.0,0,3.9288158795345653,1435,3670000.0,0,2023-12-05,0.37887923354780945,
"Sylke, Inc.",sylke,2025-07-17,2028-07-17,,2025-07-17,insufficient_followup,,2025,1,5500000.0,5500000.0,5500000.0,0,0.8596851471594799,314,10030000.0,0,2025-07-17,0.37810074708940683,
"Derivita, Inc.",derivita,2024-04-04,2027-04-04,,2024-04-04,insufficient_followup,,2024,1,3300000.0,3300000.0,3550000.0,0,3.8357289527720737,1401,10000000.0,0,2024-04-04,0.37439112886064196,
"Lightbend, Inc.",lightbend,2023-09-27,2026-09-27,,2023-09-27,insufficient_followup,,2023,1,20000000.0,20000000.0,43170000.0,4,7.337440109514032,2680,4010000.0,0,2023-09-27,0.37381170128793556,
Castellum.AI Corporation,castellumai,2025-07-08,2028-07-08,,2025-07-08,insufficient_followup,,2025,1,4000000.0,4000000.0,5200000.0,4,1.702943189596167,622,8500000.0,6,2025-07-08,0.370852736035934,
"ConsumerDirect, Inc.",consumerdirect,2025-09-30,2028-09-30,,2025-09-30,insufficient_followup,,2025,1,523000.0,523000.0,156310000.0,0,1.5468856947296372,565,5000000.0,0,2025-09-30,0.36983835325256476,
"Rejoni, Inc.",rejoni,2023-10-18,2026-10-18,,2023-10-18,insufficient_followup,,2023,1,15000000.0,15000000.0,60260000.0,4,3.0910335386721424,1129,26250000.0,6,2023-10-18,0.3698336359885522,
Brother Justus Whiskey Co.,brotherjustuswhiskey,2025-07-16,2028-07-16,,2025-07-16,insufficient_followup,,2025,1,3940000.0,3940000.0,12160000.0,0,4.123203285420945,1506,9710000.0,0,2025-07-16,0.3689497143954801,
CloudZero Inc.,cloudzero,2023-12-06,2026-12-06,,2024-10-11,insufficient_followup,,2023,1,8000000.0,8000000.0,18730000.0,0,2.965092402464066,1083,9500000.0,0,2023-12-06,0.3674776481264788,
"Chord Commerce, Inc.",chordcommerce,2025-03-27,2028-03-27,,2026-04-29,insufficient_followup,,2025,1,15000000.0,15000000.0,24550000.0,7,2.187542778918549,799,5500000.0,3,2025-03-27,0.3673525455106988,
Virtuix Holdings Inc. (NasdaqGM:VTIX),virtuixnasdaqgmvtix,2025-06-23,2028-06-23,,2025-06-23,insufficient_followup,,2025,1,1020000.0,1020000.0,180000000.0,0,2.269678302532512,829,1530000.0,0,2025-06-23,0.36259076089252273,currently_tickered_public_entity
"TeamOhana, Inc.",teamohana,2024-08-26,2027-08-26,,2024-08-26,insufficient_followup,,2024,1,4000000.0,4000000.0,34210000.0,2,1.88911704312115,690,7540000.0,4,2024-08-26,0.3611860917495453,
Flash Scientific Technology Inc.,flashscientific,2024-12-09,2027-12-09,,2024-12-09,insufficient_followup,,2024,1,396000.0,396000.0,90150000.0,0,2.4832306639288158,907,6250000.0,0,2024-12-09,0.3611310127662705,
"Cellibre, Inc.",cellibre,2024-10-09,2027-10-09,,2024-10-09,insufficient_followup,,2024,1,11500000.0,11500000.0,27130000.0,5,2.9897330595482545,1092,6710000.0,0,2024-10-09,0.3590838698139725,
"Sun Genomics, Inc.",sungenomics,2023-12-19,2026-12-19,,2023-12-19,insufficient_followup,,2023,1,9250000.0,9250000.0,19010000.0,5,3.2553045859000687,1189,8520000.0,1,2023-12-19,0.3569556412791739,
Hawaiian Bros Inc.,hawaiianbros,2023-08-18,2026-08-18,,2024-04-22,insufficient_followup,,2023,1,1780000.0,1780000.0,450000000.0,0,1.3141683778234086,480,1460000.0,0,2023-08-18,0.3540548855896794,
Huons Lab,huonslab,2025-04-30,2028-04-30,,2025-04-30,insufficient_followup,,2025,1,4720000.0,4720000.0,31610000.0,0,0.49555099247091033,181,6450000.0,0,2025-04-30,0.35394858236380566,
Beacon Tech Inc.,beacontech,2025-01-02,2028-01-02,,2025-01-02,insufficient_followup,,2025,1,11070000.0,11070000.0,12820000.0,9,0.5420944558521561,198,5000000.0,0,2025-01-02,0.35385896840096953,
"Eisen, Inc.",eisen,2026-05-19,2029-05-19,,2026-05-19,insufficient_followup,,2026,0,0.0,0.0,0.0,0,0.0,-1,8500000.0,5,2026-05-19,0.3521548017300884,
"Chengdu Ultra Pure Applied Materials Co., Ltd. (SZSE:301717)",chengduultrapureappliedmaterialsszse301717,2025-05-31,2028-05-31,,2025-05-31,insufficient_followup,,2025,1,17290000.0,17290000.0,91840000.0,4,2.924024640657084,1068,6670000.0,5,2025-05-31,0.35150988620749635,currently_tickered_public_entity
"UserEvidence, Inc.",userevidence,2025-08-27,2028-08-27,,2025-08-27,insufficient_followup,,2025,1,9000000.0,9000000.0,21170000.0,4,1.919233401779603,701,7000000.0,0,2025-08-27,0.34989913322220534,
"Guidelight Technologies, Inc",guidelight,2026-05-26,2029-05-26,,2026-05-26,insufficient_followup,,2026,1,150000.0,150000.0,2500000.0,1,3.047227926078029,1113,7990000.0,8,2026-05-26,0.34982161313648624,
Aki Network,akinetwork,2023-12-15,2026-12-15,,2023-12-15,insufficient_followup,,2023,1,0.0,0.0,40000000.0,7,0.5831622176591376,213,0.0,2,2023-12-15,0.34912288137118336,
"Jutiso, Inc.",jutiso,2025-09-18,2028-09-18,,2025-09-18,insufficient_followup,,2025,1,150000.0,150000.0,3000000.0,1,4.922655715263518,1798,8000000.0,10,2025-09-18,0.3485342113023196,
"BACH APP, INC.",bachapp,2025-10-29,2028-10-29,,2025-10-29,insufficient_followup,,2025,1,9000000.0,9000000.0,24730000.0,4,2.642026009582478,965,5050000.0,0,2025-10-29,0.34701743965988224,
Wholsum Foods Pvt. Ltd.,wholsumfoodspvt,2026-02-10,2029-02-10,,2026-02-10,insufficient_followup,,2026,1,7210000.0,7210000.0,61420000.0,5,2.0917180013689256,764,3310000.0,0,2026-02-10,0.3462148279010949,
Krowdsourced Inc.,krowdsourced,2023-08-01,2026-08-01,,2023-08-01,insufficient_followup,,2023,1,2500000.0,2500000.0,7000000.0,4,3.4414784394250515,1257,8500000.0,5,2023-08-01,0.34616836161697345,
"Atomo Coffee, Inc.",atomocoffee,2025-01-10,2028-01-10,,2025-01-10,insufficient_followup,,2025,1,11600000.0,11600000.0,14280000.0,4,4.41615331964408,1613,7850000.0,0,2025-01-10,0.34610610050267476,
Centaur Labs Inc.,centaur,2024-10-08,2027-10-08,,2024-10-08,insufficient_followup,,2024,1,15890000.0,15890000.0,33040000.0,5,3.143052703627652,1148,16000000.0,8,2024-10-08,0.3446121306470186,
"Your Poppy, Inc.",yourpoppy,2024-05-14,2027-05-14,,2025-11-18,insufficient_followup,,2024,1,120000.0,120000.0,2000000.0,1,3.567419575633128,1303,7350000.0,6,2024-05-14,0.3438473855156985,
Circular Genomics Inc.,circulargenomics,2024-01-24,2027-01-24,,2024-01-24,insufficient_followup,,2024,1,4530000.0,4530000.0,4530000.0,3,2.11088295687885,771,8300000.000000001,4,2024-01-24,0.34368728170770424,
"Kasisto, Inc.",kasisto,2024-09-17,2027-09-17,,2024-09-17,insufficient_followup,,2024,1,2250000.0,2250000.0,2250000.0,7,10.078028747433265,3681,8650000.0,0,2024-09-17,0.34250923944560757,
"Caliza Financial Technologies, Inc.",calizafinancial,2024-07-15,2027-07-15,,2024-07-15,insufficient_followup,,2024,1,5300000.0,5300000.0,5320000.0,5,0.837782340862423,306,8500000.0,7,2024-07-15,0.3402890607549924,
"Epi One, Inc.",epione,2024-12-04,2027-12-04,,2024-12-04,insufficient_followup,,2024,1,5000000.0,5000000.0,50010000.0,0,0.24914442162902123,91,3800000.0,0,2024-12-04,0.3390455682365865,
"Feathr, Inc.",feathr,2023-11-30,2026-11-30,,2023-11-30,insufficient_followup,,2023,1,11110000.0,11110000.0,19990000.0,3,3.9069130732375084,1427,7520000.0,0,2023-11-30,0.33814727531069755,
"Beijing Shumei Wanwu Technology Co., Ltd.",beijingshumeiwanwu,2025-01-14,2028-01-14,,2025-01-14,insufficient_followup,,2025,1,0.0,0.0,50000000.0,2,0.9801505817932923,358,0.0,4,2025-01-14,0.3364704095339465,
"Bone Health Technologies, Inc.",bonehealth,2026-04-09,2029-04-09,,2026-04-09,insufficient_followup,,2026,1,5000000.0,5000000.0,9790000.0,3,2.0971937029431897,766,8000000.0,10,2026-04-09,0.333729981681216,
Jot Labs Inc,jot,2025-07-17,2028-07-17,,2025-07-17,insufficient_followup,,2025,1,6000000.0,6000000.0,12570000.0,0,2.532511978097194,925,8580000.0,0,2025-07-17,0.33103579530517874,
Ex Quanta Inc.,exquanta,2024-07-19,2027-07-19,,2024-07-19,insufficient_followup,,2024,1,5420000.0,5420000.0,6410000.0,0,1.9739904175222451,721,8800000.0,0,2024-07-19,0.330483232712915,
"Alkymi, Inc.",alkymi,2025-08-07,2028-08-07,,2025-08-07,insufficient_followup,,2025,1,5190000.0,5190000.0,5690000.0,3,5.44558521560575,1989,8400000.0,4,2025-08-07,0.329096573325602,
"Mindset Medical, Inc.",mindsetmedical,2025-10-07,2028-10-07,,2025-10-07,insufficient_followup,,2025,1,14680000.0,14680000.0,17920000.0,6,1.3360711841204653,488,5000000.0,1,2025-10-07,0.3280634384070031,
"CoPilot Systems, Inc.",copilotsystems,2023-10-04,2026-10-04,,2023-10-04,insufficient_followup,,2023,1,5860000.0,5860000.0,11300000.0,7,1.730321697467488,632,6560000.0,6,2023-10-04,0.328022933428163,
"Sola Technologies, Inc.",sola,2025-08-26,2028-08-26,,2025-08-26,insufficient_followup,,2025,1,4840000.0,4840000.0,11320000.0,3,0.7227926078028748,264,8000000.0,4,2025-08-26,0.3268499553143135,
Virohan Private Limited,virohanprivate,2024-02-21,2027-02-21,,2025-12-19,insufficient_followup,,2024,1,6830000.0,6830000.0,27940000.0,3,1.2046543463381245,440,1800000.0,3,2024-02-21,0.3266652823511394,
"Conservation Labs, Inc.",conservation,2024-02-21,2027-02-21,,2024-02-21,insufficient_followup,,2024,1,120000.0,120000.0,2000000.0,1,5.368925393566051,1961,7500000.0,2,2024-02-21,0.3260154982874323,
CarPutty Inc.,carputty,2024-03-06,2027-03-06,,2024-03-06,insufficient_followup,,2024,1,9650000.0,9650000.0,13190000.0,3,2.6064339493497606,952,5000000.0,7,2024-03-06,0.3258695582618966,
SiteWit Corp.,sitewit,2023-08-03,2026-08-03,,2023-08-03,insufficient_followup,,2023,1,13240000.0,13240000.0,22640000.0,0,2.6338124572210813,962,106000.0,0,2023-08-03,0.32584174341192357,
"Psyonic, Inc.",psyonic,2024-04-09,2027-04-09,,2024-04-09,insufficient_followup,,2024,1,4590000.0,4590000.0,54530000.0,0,0.432580424366872,158,2740000.0,0,2024-04-09,0.32413256248762434,
"ProofPilot, Inc.",proofpilot,2024-07-11,2027-07-11,,2025-09-24,insufficient_followup,,2024,1,12000000.0,12000000.0,21020000.0,4,2.269678302532512,829,4730000.0,3,2024-07-11,0.3227557700195612,
"District Cover, Inc.",districtcover,2025-11-12,2028-11-12,,2025-11-12,insufficient_followup,,2025,1,7350000.0,7350000.0,13370000.0,9,1.3059548254620124,477,6000000.0,6,2025-11-12,0.3189292799061994,
Mintos Marketplace AS,mintosmarketplaceas,2024-04-30,2027-04-30,,2024-04-30,insufficient_followup,,2024,1,8640000.0,8640000.0,90610000.0,0,3.4113620807665983,1246,3350000.0,0,2024-04-30,0.31807605188561955,
Inngest Inc.,inngest,2024-02-06,2027-02-06,,2024-02-06,insufficient_followup,,2024,1,6110000.0,6110000.0,14410000.0,3,0.019164955509924708,7,4420000.0,3,2024-02-06,0.3160175013708835,
"Mulberri, Inc.",mulberri,2023-10-17,2026-10-17,,2023-10-17,insufficient_followup,,2023,1,4000000.0,4000000.0,13600000.0,3,1.2813141683778233,468,6750000.0,4,2023-10-17,0.31508413099621274,
"eVisit, Inc.",evisit,2024-06-25,2027-06-25,,2024-06-25,insufficient_followup,,2024,1,14000000.0,14000000.0,59070000.0,3,3.679671457905544,1344,0.0,4,2024-06-25,0.31491726596316266,
"International Battery Company, Inc.",internationalbattery,2026-06-18,2029-06-18,,2026-06-18,insufficient_followup,,2026,1,16300000.0,16300000.0,60110000.0,0,3.2005475701574264,1169,660000.0,1,2026-06-18,0.3148217422011063,
"Rubi Laboratories, Inc.",rubilaboratories,2025-12-01,2028-12-01,,2025-12-01,insufficient_followup,,2025,1,13010000.0,13010000.0,14650000.0,5,2.754277891854894,1006,7500000.0,6,2025-12-01,0.3140722006995596,
"Projitech, Inc.",projitech,2024-06-10,2027-06-10,,2024-06-10,insufficient_followup,,2024,1,1400000.0,1400000.0,2560000.0,1,2.926762491444216,1069,8500000.0,6,2024-06-10,0.31373685630155795,
"Intento, Inc.",intento,2023-11-16,2026-11-16,,2023-11-16,insufficient_followup,,2023,1,3000000.0,3000000.0,5600000.0,4,3.375770020533881,1233,8310000.000000001,6,2023-11-16,0.31334073301092585,
"Proper Good, Inc.",propergood,2024-12-31,2027-12-31,,2024-12-31,insufficient_followup,,2024,1,12050000.0,12050000.0,13890000.0,2,0.648870636550308,237,5000000.0,0,2024-12-31,0.31127489384891993,
Sedibelo Resources Limited,sedibeloresources,2025-10-17,2028-10-17,,2025-10-17,insufficient_followup,,2025,1,3000000.0,3000000.0,28040000.0,1,0.16427104722792607,60,500000.0,1,2025-10-17,0.31097883782207814,
"Incredible Tiny Homes, Inc.",incredibletinyhomes,2025-03-04,2028-03-04,,2025-03-04,insufficient_followup,,2025,1,665000.0,665000.0,104830000.0,0,0.7282683093771389,266,562000.0,0,2025-03-04,0.3107388988857166,
Norma Inc.,norma,2024-08-06,2027-08-06,,2024-08-06,insufficient_followup,,2024,1,0.0,0.0,41980000.0,0,2.598220396988364,949,0.0,1,2024-08-06,0.3104662547040588,
Theia Insights Inc,theiainsights,2026-03-02,2029-03-02,,2026-03-02,insufficient_followup,,2026,1,6500000.0,6500000.0,6780000.0,3,2.1765913757700206,795,8000000.0,3,2026-03-02,0.30989454239047953,
"H2U Technologies, Inc.",h2u,2024-10-23,2027-10-23,,2024-10-23,insufficient_followup,,2024,1,11000000.0,11000000.0,11040000.0,6,2.64476386036961,966,3000000.0,8,2024-10-23,0.309615030886801,
Transverse Medical Inc.,transversemedical,2023-08-18,2026-08-18,,2025-04-28,insufficient_followup,,2023,1,550000.0,550000.0,75000000.0,0,4.87337440109514,1780,6630000.0,0,2023-08-18,0.3089064930949063,
"Jensen Technology, Inc.",jensen,2024-12-20,2027-12-20,,2024-12-20,insufficient_followup,,2024,1,125000.0,125000.0,1790000.0,1,3.3018480492813143,1206,6500000.0,2,2024-12-20,0.3086658348848018,
"My TabAI, Inc",mytabai,2024-10-24,2027-10-24,,2024-10-24,insufficient_followup,,2024,1,2500000.0,2500000.0,50000000.0,0,0.23545516769336072,86,5310000.0,0,2024-10-24,0.3086498166650085,
"Aperio Systems, Inc.",aperiosystems,2023-08-24,2026-08-24,,2023-08-24,insufficient_followup,,2023,1,8500000.0,8500000.0,18730000.0,5,2.817248459958932,1029,7000000.0,6,2023-08-24,0.30654053524896735,
"Buddy Technology, Inc.",buddy,2024-01-18,2027-01-18,,2024-01-18,insufficient_followup,,2024,1,20000.0,20000.0,333000.0,1,5.270362765229295,1925,7180000.0,3,2024-01-18,0.3058998206093209,
DocStation Inc.,docstation,2023-11-21,2026-11-21,,2023-11-21,insufficient_followup,,2023,1,120000.0,120000.0,2000000.0,1,5.587953456536619,2041,6630000.0,1,2023-11-21,0.3054058521207322,
Future Salad,futuresalad,2024-09-29,2027-09-29,,2024-09-29,insufficient_followup,,2024,1,3000000.0,3000000.0,26000000.0,3,1.949349760438056,712,5000000.0,1,2024-09-29,0.3027253704945668,
"GTM Buddy, Inc.",gtmbuddy,2024-04-09,2027-04-09,,2024-04-09,insufficient_followup,,2024,1,2000000.0,2000000.0,2000000.0,1,3.159479808350445,1154,8000000.0,4,2024-04-09,0.3013056725585113,
"Fort Health, Inc.",forthealth,2024-11-12,2027-11-12,,2024-11-12,insufficient_followup,,2024,1,8750000.0,8750000.0,9000000.0,1,1.7741273100616017,648,5500000.0,6,2024-11-12,0.30051966558960586,
"PeakMetrics, Inc.",peakmetrics,2025-09-03,2028-09-03,,2025-09-03,insufficient_followup,,2025,1,3000000.0,3000000.0,5910000.0,4,1.4921286789869952,545,7160000.0,5,2025-09-03,0.2998076381881772,
Occuspace Inc.,occuspace,2025-03-17,2028-03-17,,2025-03-17,insufficient_followup,,2025,1,3600000.0,3600000.0,7050000.0,4,1.5633127994524298,571,6000000.0,5,2025-03-17,0.2983091390141979,
Bainbridge Growth Incorporated,bainbridgegrowth,2025-08-08,2028-08-08,,2025-08-08,insufficient_followup,,2025,1,6440000.0,6440000.0,22010000.0,5,2.8966461327857633,1058,7000000.0,5,2025-08-08,0.29567968737964634,
Sendola Corp.,sendola,2024-01-04,2027-01-04,,2024-01-04,insufficient_followup,,2024,1,10000000.0,10000000.0,10620000.0,0,0.49828884325804246,182,1400000.0,0,2024-01-04,0.2949467650473659,
"Hanx Biopharmaceuticals (Wuhan) Co., Ltd. (SEHK:3378)",hanxbiopharmaceuticalswuhansehk3378,2024-06-30,2027-06-30,,2024-06-30,insufficient_followup,,2024,1,12850000.0,12850000.0,19270000.0,0,1.0841889117043122,396,0.0,0,2024-06-30,0.2932537003202656,
"Copernic Catalysts, Inc.",coperniccatalysts,2024-11-12,2027-11-12,,2024-11-12,insufficient_followup,,2024,1,1990000.0,1990000.0,1990000.0,2,3.252566735112936,1188,8000000.0,6,2024-11-12,0.2928750312696385,
"Artists Writers & Artisans, Inc.",artistswritersartisans,2026-05-20,2029-05-20,,2026-05-20,insufficient_followup,,2026,1,12500000.0,12500000.0,12930000.0,0,7.085557837097878,2588,7390000.0,0,2026-05-20,0.2923649090831255,
FlowFuse Inc.,flowfuse,2025-06-12,2028-06-12,,2025-06-12,insufficient_followup,,2025,1,7430000.0,7430000.0,8350000.0,4,2.5872689938398357,945,7220000.0,5,2025-06-12,0.29171602601006713,
Arvist Inc.,arvist,2025-08-13,2028-08-13,,2025-08-13,insufficient_followup,,2025,1,120000.0,120000.0,2000000.0,1,3.216974674880219,1175,5910000.0,0,2025-08-13,0.2916424365496714,
"Roo, LLC",roo,2023-12-14,2026-12-14,,2023-12-14,insufficient_followup,,2023,1,174000.0,174000.0,80000000.0,0,3.241615331964408,1184,1000000.0,0,2023-12-14,0.2905025247361839,
"Strategikon Pharma, Inc.",strategikonpharma,2024-02-06,2027-02-06,,2024-02-06,insufficient_followup,,2024,1,3500000.0,3500000.0,12460000.0,8,2.7926078028747434,1020,7070000.0,4,2024-02-06,0.2897704505857678,
"iSono Health, Inc.",isonohealth,2025-12-31,2028-12-31,,2025-12-31,insufficient_followup,,2025,1,120000.0,120000.0,1710000.0,1,9.774127310061601,3570,3000000.0,5,2025-12-31,0.2896688926899332,
"200 Labs, Inc",200,2025-10-26,2028-10-26,,2025-10-26,insufficient_followup,,2025,1,120000.0,120000.0,1710000.0,1,9.596167008898014,3505,1500000.0,5,2025-10-26,0.2896688926899332,
QB Health Technologies Pvt. Ltd.,qbhealthpvt,2024-11-05,2027-11-05,,2026-06-11,insufficient_followup,,2024,1,3000000.0,3000000.0,24010000.0,5,1.1334702258726899,414,0.0,2,2024-11-05,0.2892389691798062,
"SS Beverages 1, Inc.",ssbeverages1,2025-08-13,2028-08-13,,2025-08-13,insufficient_followup,,2025,1,0.0,0.0,10130000.0,0,2.1683778234086244,792,7500000.0,2,2025-08-13,0.2887595360431641,
Mihup Communications Private Limited,mihupcommunicationsprivate,2024-10-29,2027-10-29,,2024-10-29,insufficient_followup,,2024,1,6720000.0,6720000.0,32009999.999999996,1,8.161533196440795,2981,5950000.0,1,2024-10-29,0.2882573287071695,
"Use Steward, Inc.",usesteward,2026-06-01,2029-06-01,,2026-06-01,insufficient_followup,,2026,1,11860000.0,11860000.0,13480000.0,0,0.9691991786447639,354,3000000.0,0,2026-06-01,0.2855745962150596,
Overthrow Hospitality Inc.,overthrowhospitality,2025-04-30,2028-04-30,,2025-04-30,insufficient_followup,,2025,1,445000.0,445000.0,24660000.0,0,0.36413415468856947,133,3000000.0,0,2025-04-30,0.28453812528879296,
"Flo Recruit, Inc.",florecruit,2025-05-22,2028-05-22,,2025-05-22,insufficient_followup,,2025,1,7360000.0,7360000.0,10190000.0,4,1.8781656399726214,686,5060000.0,5,2025-05-22,0.2842523210968443,
Cowboy SA,cowboysa,2024-09-04,2027-09-04,,2024-09-04,insufficient_followup,,2024,1,4670000.0,4670000.0,79810000.0,0,4.65160848733744,1699,5540000.0,6,2024-09-04,0.2837476871839895,
Noble Gas Systems Inc.,noblegassystems,2025-03-19,2028-03-19,,2025-03-19,insufficient_followup,,2025,1,3500000.0,3500000.0,5000000.0,1,2.855578370978782,1043,8400000.0,3,2025-03-19,0.28343523793237635,
"Amulet, PBC",amulet,2024-08-12,2027-08-12,,2024-08-12,insufficient_followup,,2024,1,4099999.9999999995,4099999.9999999995,10470000.0,8,3.373032169746749,1232,5800000.0,5,2024-08-12,0.2822512685764738,
"Vita Imaging, Inc.",vitaimaging,2024-06-28,2027-06-28,,2025-01-24,insufficient_followup,,2024,1,837000.0,837000.0,40780000.0,0,0.6242299794661191,228,361000.0,0,2024-06-28,0.2814866649568037,
dappHero Corp.,dapphero,2025-01-28,2028-01-28,,2025-01-28,insufficient_followup,,2025,1,6000000.0,6000000.0,12600000.0,0,3.4140999315537304,1247,8060000.000000001,6,2025-01-28,0.2793892241116968,
"ABH Holdco, Incorporated",abhholdco,2023-12-15,2026-12-15,,2023-12-15,insufficient_followup,,2023,1,2450000.0,2450000.0,68170000.0,0,2.4969199178644765,912,2410000.0,0,2023-12-15,0.27866937918567486,
"Cloudburst Technologies, Inc.",cloudburst,2025-09-22,2028-09-22,,2025-09-22,insufficient_followup,,2025,1,3100000.0,3100000.0,3100000.0,4,2.3846680355920604,871,7000000.0,6,2025-09-22,0.27838536810439535,
Honeypot Finance,honeypotfinance,2025-10-18,2028-10-18,,2025-10-18,insufficient_followup,,2025,1,1300000.0,1300000.0,20000000.0,4,1.3552361396303902,495,0.0,3,2025-10-18,0.27785669330689255,
Alusid Ltd,alusid,2025-12-15,2028-12-15,,2025-12-15,insufficient_followup,,2025,1,1440000.0,1440000.0,12080000.0,3,1.8973305954825461,693,669000.0,5,2025-12-15,0.27743561079584134,
"Gravity Jack, Inc.",gravityjack,2024-09-30,2027-09-30,,2024-09-30,insufficient_followup,,2024,1,362000.0,362000.0,23140000.0,0,0.6050650239561944,221,1240000.0,0,2024-09-30,0.27711708218557657,
BetterTime Co.,bettertime,2023-12-06,2026-12-06,,2023-12-06,insufficient_followup,,2023,1,2990000.0,2990000.0,5200000.0,3,2.3353867214236823,853,6000000.0,6,2023-12-06,0.2749069029254951,
"Baige Online Digital Technology Co., Ltd. (SEHK:2672)",baigeonlinedigitalsehk2672,2025-01-31,2028-01-31,,2025-01-31,insufficient_followup,,2025,1,2180000.0,2180000.0,51330000.0,1,6.0862422997946615,2223,4040000.0,3,2025-01-31,0.2742062999542388,
"Future Cardia, Inc.",futurecardia,2025-06-23,2028-06-23,,2025-06-23,insufficient_followup,,2025,1,394000.0,394000.0,46710000.0,0,0.9281314168377823,339,1540000.0,0,2025-06-23,0.2737570080997519,
"Cmax System, Inc.",cmaxsystem,2025-04-30,2028-04-30,,2025-04-30,insufficient_followup,,2025,1,240000.0,240000.0,50240000.0,0,0.9911019849418207,362,29000.0,0,2025-04-30,0.2734856205440503,
"Novity, Inc.",novity,2026-05-20,2029-05-20,,2026-05-20,insufficient_followup,,2026,1,7800000.0,7800000.0,20270000.0,3,2.242299794661191,819,4790000.0,1,2026-05-20,0.27267368447531914,
Butterfly Effect Pte. Ltd.,butterflyeffectpte,2023-12-31,2026-12-31,,2025-04-25,insufficient_followup,,2023,1,0.0,0.0,14000000.0,1,1.4182067077344285,518,0.0,3,2023-12-31,0.2725337492952567,
"Peregrine Health, Inc.",peregrinehealth,2024-12-19,2027-12-19,,2024-12-19,insufficient_followup,,2024,1,8510000.0,8510000.0,8510000.0,4,1.054072553045859,385,5000000.0,3,2024-12-19,0.2724274894172285,
"Cofactor Genomics, Inc.",cofactorgenomics,2025-12-15,2028-12-15,,2025-12-15,insufficient_followup,,2025,1,120000.0,120000.0,1710000.0,1,10.327173169062286,3772,4490000.0,2,2025-12-15,0.27207709720752665,
"Quintar, Inc.",quintar,2024-04-08,2027-04-08,,2024-04-08,insufficient_followup,,2024,1,3000000.0,3000000.0,6370000.0,1,2.026009582477755,740,8199999.999999999,3,2024-04-08,0.27135454187921565,
"Infinity Bio, Inc.",infinitybio,2025-06-18,2028-06-18,,2025-06-18,insufficient_followup,,2025,1,4520000.0,4520000.0,4520000.0,0,1.0403832991101984,380,8000000.0,6,2025-06-18,0.2708898253417611,
"ALT Sports Data, Inc.",altsportsdata,2026-06-23,2029-06-23,,2026-06-23,insufficient_followup,,2026,1,5000000.0,5000000.0,17800000.0,4,1.1718001368925393,428,5480000.0,3,2026-06-23,0.27067664280735504,
WEB3 Ventures Pty Ltd,web3venturespty,2025-08-18,2028-08-18,,2025-08-18,insufficient_followup,,2025,1,4570000.0,4570000.0,40300000.0,4,3.6906228610540723,1348,5190000.0,2,2025-08-18,0.2703817002989482,
"Fujian Lemo Wulian Technology Co., Ltd.",fujianlemowulian,2024-09-30,2027-09-30,,2024-09-30,insufficient_followup,,2024,1,7680000.0,7680000.0,61480000.0,1,6.74880219028063,2465,0.0,0,2024-09-30,0.26996213727924184,
Control Plane Corporation,controlplane,2024-01-04,2027-01-04,,2024-01-04,insufficient_followup,,2024,1,9690000.0,9690000.0,15650000.0,0,1.0978781656399725,401,5000000.0,0,2024-01-04,0.26948913726340273,
"BabyQuip, Inc.",babyquip,2023-12-29,2026-12-29,,2023-12-29,insufficient_followup,,2023,1,3400000.0,3400000.0,23000000.0,2,1.675564681724846,612,1270000.0,0,2023-12-29,0.26889124757101485,
MOLG Inc.,molg,2024-10-09,2027-10-09,,2025-05-02,insufficient_followup,,2024,1,20000.0,20000.0,333000.0,1,2.3764544832306638,868,5500000.0,6,2024-10-09,0.2680443710351311,
"Nada Holdings, Inc.",nada,2024-06-13,2027-06-13,,2024-06-13,insufficient_followup,,2024,1,1860000.0,1860000.0,12790000.0,0,2.8802190280629705,1052,8100000.0,8,2024-06-13,0.26795735272664745,
"Aarna Networks, Inc.",aarnanetworks,2024-09-25,2027-09-25,,2024-09-25,insufficient_followup,,2024,1,3510000.0,3510000.0,4090000.0,4,2.7624914442162902,1009,6700000.0,6,2024-09-25,0.26794077012977724,
"IJJI, INC.",ijji,2024-05-07,2027-05-07,,2025-01-10,insufficient_followup,,2024,1,1550000.0,1550000.0,37280000.0,0,0.6461327857631759,236,371000.0,0,2024-05-07,0.26732607820775606,
Agility Holdings Inc.,agility,2024-11-12,2027-11-12,,2024-11-12,insufficient_followup,,2024,1,12000000.0,12000000.0,12000000.0,0,1.0650239561943875,389,3700000.0,0,2024-11-12,0.26699600455648154,
CheckSig S.r.l.,checksigsrl,2026-01-19,2029-01-19,,2026-01-19,insufficient_followup,,2026,1,1700000.0,1700000.0,22670000.0,0,4.076659822039699,1489,7220000.0,0,2026-01-19,0.2663165129701846,
Symbrosia Inc.,symbrosia,2025-12-15,2028-12-15,,2025-12-15,insufficient_followup,,2025,1,7000000.0,7000000.0,17140000.0,6,3.479808350444901,1271,5800000.0,3,2025-12-15,0.26584017307142177,
"OneAdvisory, Inc.",oneadvisory,2024-01-11,2027-01-11,,2024-01-11,insufficient_followup,,2024,1,2600000.0,2600000.0,2600000.0,0,1.2895277207392197,471,8000000.0,9,2024-01-11,0.26580236170232213,
DigitalXForce Corporation,digitalxforce,2026-01-01,2029-01-01,,2026-01-01,insufficient_followup,,2026,1,3500000.0,3500000.0,33000000.0,2,1.0595482546201231,387,5000000.0,2,2026-01-01,0.26541343296820596,
Eye-Net Mobile Ltd.,eyenetmobile,2025-12-04,2028-12-04,,2025-12-04,insufficient_followup,,2025,1,2750000.0,2750000.0,47750000.0,0,0.7446954140999316,272,3000000.0,0,2025-12-04,0.2651793053263158,
"Food Rx and AI, Inc.",foodrxandai,2024-09-30,2027-09-30,,2024-09-30,insufficient_followup,,2024,1,8400000.0,8400000.0,11970000.0,4,2.2806297056810405,833,1000.0,0,2024-09-30,0.2639083735561943,
Nickelytics Inc.,nickelytics,2024-06-24,2027-06-24,,2024-06-24,insufficient_followup,,2024,1,120000.0,120000.0,2000000.0,1,4.16974674880219,1523,2000000.0,1,2024-06-24,0.2616539954473918,
Kayhan Space Corp.,kayhanspace,2023-09-19,2026-09-19,,2023-09-19,insufficient_followup,,2023,1,4380000.0,4380000.0,5600000.0,3,1.7440109514031485,637,7000000.0,2,2023-09-19,0.2598355011038645,
"Accessibly, Inc.",accessibly,2025-01-22,2028-01-22,,2025-01-22,insufficient_followup,,2025,1,9310000.0,9310000.0,10240000.0,0,5.352498288843258,1955,6100000.0,5,2025-01-22,0.25964087258263546,
"Deus Robots, LLC",deusrobots,2024-12-27,2027-12-27,,2024-12-27,insufficient_followup,,2024,1,1500000.0,1500000.0,15000000.0,1,1.839835728952772,672,3000000.0,5,2024-12-27,0.25946512012278306,
"MD Revolution, Inc.",mdrevolution,2023-08-11,2026-08-11,,2023-08-11,insufficient_followup,,2023,1,72000.0,72000.0,26780000.0,0,0.9883641341546886,361,5000000.0,0,2023-08-11,0.25924804936275125,
"Cordata Healthcare Innovations, Inc.",cordatahealthcareinnovations,2025-04-01,2028-04-01,,2025-04-01,insufficient_followup,,2025,1,5400000.0,5400000.0,27190000.0,0,2.5516769336071183,932,3000000.0,0,2025-04-01,0.25913139894046433,
"Lonerider Spirits, LLC",loneriderspirits,2025-04-14,2028-04-14,,2025-04-14,insufficient_followup,,2025,1,129000.0,129000.0,26060000.0,0,3.0390143737166326,1110,124000.0,0,2025-04-14,0.2588944292099667,
"Ndustrial.io, Inc.",ndustrialio,2025-01-09,2028-01-09,,2025-01-09,insufficient_followup,,2025,1,6000000.0,6000000.0,14030000.0,5,3.682409308692676,1345,0.0,5,2025-01-09,0.25876246557799354,
Mobile Tyre Shop Holdings Pty. Ltd.,mobiletyreshoppty,2025-06-26,2028-06-26,,2025-06-26,insufficient_followup,,2025,1,2380000.0,2380000.0,33980000.0,0,2.485968514715948,908,3270000.0,1,2025-06-26,0.2582466346077031,
"Roboligent, Inc.",roboligent,2024-09-05,2027-09-05,,2024-09-05,insufficient_followup,,2024,1,389000.0,389000.0,29270000.0,0,2.74880219028063,1004,2000000.0,1,2024-09-05,0.2576370711777072,
"Meadowhawk Biolabs, Inc.",meadowhawkbiolabs,2024-07-16,2027-07-16,,2024-07-16,insufficient_followup,,2024,1,6000000.0,6000000.0,23520000.0,0,1.3333333333333333,487,5000000.0,0,2024-07-16,0.25702580527035523,
"Journey Meditation, Inc.",journeymeditation,2025-07-25,2028-07-25,,2025-07-25,insufficient_followup,,2025,1,1610000.0,1610000.0,9040000.0,0,5.426420260095825,1982,8000000.0,7,2025-07-25,0.25695950741047346,
"Plural Labs, Inc.",plural,2025-03-25,2028-03-25,,2025-03-25,insufficient_followup,,2025,1,6000000.0,6000000.0,9440000.0,3,3.028062970568104,1106,6000000.0,3,2025-03-25,0.25656309286158563,
MiLaboratories Inc.,milaboratories,2024-10-10,2027-10-10,,2024-10-10,insufficient_followup,,2024,1,2360000.0,2360000.0,2380000.0,2,2.64476386036961,966,6000000.0,7,2024-10-10,0.2562049478861066,
"Darmiyan, Inc.",darmiyan,2023-10-18,2026-10-18,,2023-10-18,insufficient_followup,,2023,1,120000.0,120000.0,1710000.0,1,6.157426420260096,2249,3540000.0,0,2023-10-18,0.2559721740432944,
Raylu Inc.,raylu,2025-12-01,2028-12-01,,2025-12-01,insufficient_followup,,2025,1,4000000.0,4000000.0,4000000.0,2,0.019164955509924708,7,8000000.0,1,2025-12-01,0.25581323957784585,
Cytonics Corporation,cytonics,2024-05-28,2027-05-28,,2024-05-28,insufficient_followup,,2024,1,1950000.0,1950000.0,60870000.0,0,1.158110882956879,423,3710000.0,0,2024-05-28,0.25567497086282936,
"Liminal Strategy Partners, LLC",liminalstrategypartners,2025-04-15,2028-04-15,,2025-04-15,insufficient_followup,,2025,1,2750000.0,2750000.0,3020000.0,0,0.39698836413415467,145,8500000.0,1,2025-04-15,0.2549028063932491,
"Independa, Inc.",independa,2025-06-13,2028-06-13,,2025-06-13,insufficient_followup,,2025,1,2320000.0,2320000.0,22530000.0,0,6.861054072553046,2506,6480000.0,0,2025-06-13,0.2546376971974483,
"GovPort Technologies, Inc.",govport,2024-07-17,2027-07-17,,2024-07-17,insufficient_followup,,2024,1,2500000.0,2500000.0,2500000.0,4,1.4017796030116358,512,2800000.0,6,2024-07-17,0.2544967008665398,
EarthGrid PBC,earthgrid,2024-10-15,2027-10-15,,2024-10-15,insufficient_followup,,2024,1,3280000.0,3280000.0,65010000.00000001,0,1.1252566735112937,411,1240000.0,0,2024-10-15,0.2538567773063206,
"Clarity Financial, Inc.",clarityfinancial,2025-02-11,2028-02-11,,2025-02-11,insufficient_followup,,2025,1,1740000.0,1740000.0,43410000.0,0,1.0130047912388775,370,1500000.0,0,2025-02-11,0.253408413145762,
HYPRLABS Inc.,hyprlabs,2026-02-04,2029-02-04,,2026-02-04,insufficient_followup,,2026,1,0.0,0.0,17030000.0,1,3.0965092402464065,1131,3210000.0,0,2026-02-04,0.252893802918812,
"Parento, Inc.",parento,2025-09-09,2028-09-09,,2025-09-09,insufficient_followup,,2025,1,4440000.0,4440000.0,4680000.0,0,2.3353867214236823,853,5900000.0,13,2025-09-09,0.25274111084338724,
Hiwell Ltd,hiwell,2024-07-02,2027-07-02,,2024-07-02,insufficient_followup,,2024,1,0.0,0.0,11000000.0,0,1.6646132785763177,608,3500000.0,4,2024-07-02,0.2524442650658584,
Moonware Inc.,moonware,2024-03-21,2027-03-21,,2024-03-21,insufficient_followup,,2024,1,2330000.0,2330000.0,2570000.0,0,0.6351813826146475,232,7000000.0,4,2024-03-21,0.2504547828579465,
Myosin Therapeutics Inc.,myosintherapeutics,2025-02-26,2028-02-26,,2025-02-26,insufficient_followup,,2025,1,3000000.0,3000000.0,3000000.0,4,1.9575633127994525,715,3000000.0,6,2025-02-26,0.25044895955595853,
"Direct Commerce, Inc.",directcommerce,2023-08-03,2026-08-03,,2023-08-03,insufficient_followup,,2023,1,0.0,0.0,16010000.000000002,1,1.6372347707049966,598,2500000.0,0,2023-08-03,0.2502345283379072,
"Koop Technologies, Inc.",koop,2023-10-10,2026-10-10,,2023-10-10,insufficient_followup,,2023,1,2500000.0,2500000.0,2500000.0,4,2.1464750171115674,784,4500000.0,6,2023-10-10,0.2495680399162288,
"KromaTiD, Inc.",kromatid,2025-08-20,2028-08-20,,2025-08-20,insufficient_followup,,2025,1,5230000.0,5230000.0,8050000.000000001,1,6.020533880903491,2199,8000000.0,1,2025-08-20,0.24906123016890833,
"Casechek, Inc.",casechek,2025-09-10,2028-09-10,,2025-09-10,insufficient_followup,,2025,1,6090000.0,6090000.0,46300000.0,0,3.049965776865161,1114,4000000.0,0,2025-09-10,0.2490464934096125,
"Ad Astra Integrity Measurement Systems, Inc.",adastraintegritymeasurementsystems,2025-02-03,2028-02-03,,2025-02-03,insufficient_followup,,2025,1,1850000.0,1850000.0,2780000.0,3,1.6043805612594113,586,3500000.0,4,2025-02-03,0.24867335324197337,
"Bazooka Tango, Inc.",bazookatango,2023-11-16,2026-11-16,,2023-11-16,insufficient_followup,,2023,1,2490000.0,2490000.0,2520000.0,3,3.668720054757016,1340,5000000.0,4,2023-11-16,0.24766567525436395,
Gravity Power Inc.,gravitypower,2025-01-17,2028-01-17,,2025-01-17,insufficient_followup,,2025,1,287000.0,287000.0,25500000.0,0,1.054072553045859,385,82000.0,0,2025-01-17,0.2461546704168721,
"Valid8 Financial, Inc.",valid8financial,2025-02-27,2028-02-27,,2025-02-27,insufficient_followup,,2025,1,120000.0,120000.0,2000000.0,1,7.860369609856263,2871,4710000.0,0,2025-02-27,0.24609343457936006,
"Eli Electric Vehicles, Inc.",elielectricvehicles,2023-09-28,2026-09-28,,2023-09-28,insufficient_followup,,2023,1,1930000.0,1930000.0,35230000.0,0,1.4483230663928817,529,1060000.0,0,2023-09-28,0.24538439417894525,
"Connectly, Inc.",connectly,2023-10-31,2026-10-31,,2024-09-11,insufficient_followup,,2023,1,4000000.0,4000000.0,4000000.0,3,2.6694045174537986,975,7850000.0,2,2023-10-31,0.24533484931596497,
Concreit Inc.,concreit,2024-10-02,2027-10-02,,2024-10-02,insufficient_followup,,2024,1,6000000.0,6000000.0,22500000.0,2,3.0444900752908968,1112,4000000.0,1,2024-10-02,0.24467070429483265,
"Just Imagine, Inc.",justimagine,2025-06-04,2028-06-04,,2025-06-04,insufficient_followup,,2025,1,4350000.0,4350000.0,5650000.0,0,3.430527036276523,1253,6750000.0,5,2025-06-04,0.24463033277317034,
"Entytle, Inc.",entytle,2024-03-19,2027-03-19,,2024-03-19,insufficient_followup,,2024,1,2550000.0,2550000.0,34270000.0,0,2.3600273785078714,862,385000.0,0,2024-03-19,0.24460427077010594,
"Matcherino, Inc.",matcherino,2024-02-26,2027-02-26,,2024-02-26,insufficient_followup,,2024,1,120000.0,120000.0,2000000.0,1,8.334017796030116,3044,147000.0,0,2024-02-26,0.24414899013491562,
Target Arm Inc.,targetarm,2024-07-12,2027-07-12,,2025-12-10,insufficient_followup,,2024,1,120000.0,120000.0,2000000.0,1,4.161533196440794,1520,782000.0,0,2024-07-12,0.24414899013491562,
"StartupCentrum, Inc.",startupcentrum,2024-08-19,2027-08-19,,2024-08-19,insufficient_followup,,2024,1,135000.0,135000.0,2000000.0,2,2.6338124572210813,962,440000.0,3,2024-08-19,0.24396601737847268,
"Feel the World, Inc.",feeltheworld,2025-04-24,2028-04-24,,2025-04-24,insufficient_followup,,2025,1,12500000.0,12500000.0,12500000.0,1,4.369609856262834,1596,5000000.0,0,2025-04-24,0.24367940991877315,
Darkstore at Home,darkstoreathome,2024-07-16,2027-07-16,,2024-07-16,insufficient_followup,,2024,1,0.0,0.0,1200000.0,1,1.8754277891854894,685,565000.0,3,2024-07-16,0.24204146611168018,
"Mudstack, Inc.",mudstack,2024-08-19,2027-08-19,,2024-08-19,insufficient_followup,,2024,1,2200000.0,2200000.0,3300000.0,3,2.924024640657084,1068,4000000.0,5,2024-08-19,0.24196851457661075,
Stellaris Corporation,stellaris,2024-08-19,2027-08-19,,2024-08-19,insufficient_followup,,2024,1,1070000.0,1070000.0,25600000.0,0,1.4948665297741273,546,254000.0,0,2024-08-19,0.24194784903199582,
Mallard Bay Outdoors Inc.,mallardbayoutdoors,2024-03-18,2027-03-18,,2024-03-18,insufficient_followup,,2024,1,1800000.0,1800000.0,4850000.0,3,1.4893908281998631,544,4950000.0,5,2024-03-18,0.24174524352962837,
"NightWare, Inc.",nightware,2026-04-16,2029-04-16,,2026-04-16,insufficient_followup,,2026,1,1240000.0,1240000.0,23520000.0,0,0.9609856262833676,351,1400000.0,1,2026-04-16,0.2413527610584858,
"Harvest Thermal, Inc.",harvestthermal,2024-12-19,2027-12-19,,2024-12-19,insufficient_followup,,2024,1,8820000.0,8820000.0,9860000.0,4,1.1854893908281998,433,2040000.0,0,2024-12-19,0.24054135692025502,
"Pull Logic, Inc.",pulllogic,2026-01-22,2029-01-22,,2026-01-22,insufficient_followup,,2026,1,1430000.0,1430000.0,1640000.0,3,1.6071184120465434,587,3300000.0,6,2026-01-22,0.24036893868808115,
"Peerlogic Technologies, Inc.",peerlogic,2024-01-10,2027-01-10,,2024-01-10,insufficient_followup,,2024,1,250000.0,250000.0,2750000.0,0,1.325119780971937,484,5650000.0,5,2024-01-10,0.23984006773922256,
Clockwork Technologies Inc.,clockwork,2023-10-02,2026-10-02,,2023-10-02,insufficient_followup,,2023,1,2000000.0,2000000.0,2000000.0,1,1.4948665297741273,546,3000000.0,4,2023-10-02,0.2394754608300929,
Zenataris Renewable Energy Private Limited,zenatarisrenewableenergyprivate,2026-05-19,2029-05-19,,2026-05-19,insufficient_followup,,2026,1,4960000.0,4960000.0,20690000.0,1,2.2258726899383983,813,1540000.0,1,2026-05-19,0.23940908064117167,
Earthshot Labs PBC,earthshot,2024-06-30,2027-06-30,,2024-06-30,insufficient_followup,,2024,1,7050000.0,7050000.0,7370000.0,0,1.757700205338809,642,5500000.0,7,2024-06-30,0.23928587385614228,
Trio Pharmaceuticals Inc,triopharmaceuticals,2024-12-03,2027-12-03,,2024-12-03,insufficient_followup,,2024,1,1910000.0,1910000.0,2480000.0,6,1.9739904175222451,721,3100000.0,4,2024-12-03,0.2387318547946239,
"Momento, Inc.",momento,2023-11-22,2026-11-22,,2023-11-22,insufficient_followup,,2023,1,4000000.0,4000000.0,15500000.0,3,1.9164955509924708,700,151000.0,0,2023-11-22,0.23839988749938168,
"ShowdMe, Inc.",showdme,2025-07-17,2028-07-17,,2025-07-17,insufficient_followup,,2025,1,9000000.0,9000000.0,9000000.0,2,1.8042436687200547,659,1000000.0,0,2025-07-17,0.23822974215717213,
Tapline GmbH,taplinegmbh,2023-10-05,2026-10-05,,2023-10-05,insufficient_followup,,2023,1,202000.0,202000.0,1750000.0,1,2.1711156741957565,793,948000.0,3,2023-10-05,0.2376991332577657,
"WiGL eNERGY, Inc.",wiglenergy,2025-02-28,2028-02-28,,2025-02-28,insufficient_followup,,2025,1,3770000.0,3770000.0,59820000.0,0,3.583846680355921,1309,247000.0,0,2025-02-28,0.23736291824915676,
Cafeteria Inc.,cafeteria,2025-07-28,2028-07-28,,2025-07-28,insufficient_followup,,2025,1,3050000.0,3050000.0,3790000.0,3,1.0157426420260096,371,3000000.0,4,2025-07-28,0.23610132420661703,
"Bomb Enterprises, Inc.",bombenterprises,2025-02-12,2028-02-12,,2025-02-12,insufficient_followup,,2025,1,2940000.0,2940000.0,27940000.0,0,1.7905544147843941,654,1210000.0,0,2025-02-12,0.23573919200747037,
"Bean Box, Inc.",beanbox,2024-02-19,2027-02-19,,2024-02-19,insufficient_followup,,2024,1,3150000.0,3150000.0,36740000.0,0,0.9089664613278576,332,468000.0,0,2024-02-19,0.23523964925004046,
Kabra Global Products Private Limited,kabraglobalproductsprivate,2025-06-24,2028-06-24,,2025-06-24,insufficient_followup,,2025,1,133000.0,133000.0,890000.0,0,3.490759753593429,1275,2560000.0,4,2025-06-24,0.23406305325880492,
W Capital Markets Pte Ltd,wcapitalmarketspte,2024-12-31,2027-12-31,,2024-12-31,insufficient_followup,,2024,1,0.0,0.0,15700000.0,1,3.6605065023956196,1337,0.0,0,2024-12-31,0.2338536275432988,
"Nanochon, Inc.",nanochon,2026-01-12,2029-01-12,,2026-01-12,insufficient_followup,,2026,1,4000000.0,4000000.0,9280000.0,5,1.6865160848733745,616,4099999.9999999995,3,2026-01-12,0.2338487502481181,
Ideal Insurance Brokers PVT Ltd,idealinsurancebrokerspvt,2024-04-25,2027-04-25,,2024-04-25,insufficient_followup,,2024,1,0.0,0.0,14590000.0,1,7.41409993155373,2708,960000.0,0,2024-04-25,0.2337642046087253,
"Ritten, Inc.",ritten,2024-05-29,2027-05-29,,2024-05-29,insufficient_followup,,2024,1,5000000.0,5000000.0,10470000.0,0,2.3901437371663246,873,8000000.0,0,2024-05-29,0.23341404801438667,
LogRock Inc.,logrock,2025-04-02,2028-04-02,,2025-04-02,insufficient_followup,,2025,1,5000000.0,5000000.0,12360000.0,0,0.810403832991102,296,8000000.0,0,2025-04-02,0.23226616421316096,
"AMOpportunities, Inc.",amopportunities,2023-08-02,2026-08-02,,2023-08-02,insufficient_followup,,2023,1,1100000.0,1100000.0,1100000.0,6,5.765913757700205,2106,4750000.0,5,2023-08-02,0.23200141774953595,
"Freefall Aerospace, Inc.",freefallaerospace,2025-12-17,2028-12-17,,2025-12-17,insufficient_followup,,2025,1,0.0,0.0,3070000.0,1,7.039014373716633,2571,991000.0,0,2025-12-17,0.23167616815013575,
"Vida Health, Inc.",vidahealth,2025-07-23,2028-07-23,,2025-07-23,insufficient_followup,,2025,1,5000000.0,5000000.0,5310000.0,4,10.735112936344969,3921,0.0,3,2025-07-23,0.2311578503965873,
"HuLoop Automation, Inc.",huloopautomation,2025-01-07,2028-01-07,,2025-01-07,insufficient_followup,,2025,1,5000000.0,5000000.0,5940000.0,6,0.8624229979466119,315,6020000.0,2,2025-01-07,0.2310327253799345,
"OneCrew Software, Inc.",onecrewsoftware,2025-05-27,2028-05-27,,2025-05-27,insufficient_followup,,2025,1,2250000.0,2250000.0,4000000.0,0,2.0479123887748116,748,7500000.0,3,2025-05-27,0.23080988580882308,
"Tellius, Inc.",tellius,2025-11-25,2028-11-25,,2025-11-25,insufficient_followup,,2025,1,8820000.0,8820000.0,18790000.0,2,4.079397672826831,1490,3100000.0,0,2025-11-25,0.22995822851057743,
Circular Board Inc.,circularboard,2024-04-04,2027-04-04,,2024-04-04,insufficient_followup,,2024,1,1130000.0,1130000.0,1130000.0,3,6.102669404517454,2229,3580000.0,7,2024-04-04,0.22981736327188315,
Kinetic Watts and Volts Limited,kineticwattsandvolts,2025-11-06,2028-11-06,,2025-11-06,insufficient_followup,,2025,1,1170000.0,1170000.0,18280000.0,1,0.4544832306639288,166,1020000.0,1,2025-11-06,0.2297753121036539,
"Frost Giant Studios, Inc.",frostgiantstudios,2024-09-09,2027-09-09,,2024-09-09,insufficient_followup,,2024,1,4700000.0,4700000.0,4700000.0,5,3.887748117727584,1420,6750000.0,0,2024-09-09,0.22958351895708204,
Conduit Software Inc.,conduitsoftware,2026-03-24,2029-03-24,,2026-03-24,insufficient_followup,,2026,1,500000.0,500000.0,7140000.0,1,2.965092402464066,1083,6000000.0,2,2026-03-24,0.22913811145928176,
"Campusknot, Inc.",campusknot,2025-10-23,2028-10-23,,2025-10-23,insufficient_followup,,2025,1,100000.0,100000.0,1000000.0,0,10.242299794661191,3741,1310000.0,3,2025-10-23,0.22785114931854203,
"GroGuru, Inc.",groguru,2023-08-03,2026-08-03,,2023-08-03,insufficient_followup,,2023,1,955000.0,955000.0,15670000.0,0,1.9411362080766599,709,2300000.0,4,2023-08-03,0.22778532002190569,
"Reconstruct, Inc.",reconstruct,2025-05-21,2028-05-21,,2025-05-21,insufficient_followup,,2025,1,7700000.0,7700000.0,13060000.0,3,6.020533880903491,2199,4500000.0,1,2025-05-21,0.22638679529216343,
"Third Eye Health, Inc.",thirdeyehealth,2023-09-11,2026-09-11,,2023-09-11,insufficient_followup,,2023,1,7250000.0,7250000.0,9930000.0,4,4.632443531827516,1692,6000000.0,0,2023-09-11,0.22569388954449773,
Panome Bio Inc.,panomebio,2024-11-21,2027-11-21,,2024-11-21,insufficient_followup,,2024,1,5970000.0,5970000.0,6000000.0,2,1.7412731006160165,636,6000000.0,0,2024-11-21,0.22567662753556356,
"Kara Water, Inc.",karawater,2025-10-16,2028-10-16,,2025-10-16,insufficient_followup,,2025,1,256000.0,256000.0,18320000.0,0,0.6132785763175906,224,3830000.0,0,2025-10-16,0.2255360337490787,
Easywin Inc.,easywin,2026-05-06,2029-05-06,,2026-05-06,insufficient_followup,,2026,1,0.0,0.0,15000000.0,1,0.4024640657084189,147,0.0,0,2026-05-06,0.22549164434354627,
"ReelView Fishing, Inc.",reelviewfishing,2025-04-25,2028-04-25,,2025-04-25,insufficient_followup,,2025,1,266000.0,266000.0,21160000.0,0,0.6242299794661191,228,4460000.0,0,2025-04-25,0.2253736169907995,
Cann-Ade Corporation,cannade,2025-02-12,2028-02-12,,2025-02-12,insufficient_followup,,2025,1,354000.0,354000.0,20200000.0,0,1.648186173853525,602,618000.0,0,2025-02-12,0.22487129621781216,
Sigo Technologies Inc.,sigo,2026-07-14,2029-07-14,,2026-07-14,insufficient_followup,,2026,1,5400000.0,5400000.0,7550000.0,7,4.268309377138946,1559,6080000.0,0,2026-07-14,0.22474883257326678,
"Tombot, Inc.",tombot,2025-06-12,2028-06-12,,2026-06-25,insufficient_followup,,2025,1,570000.0,570000.0,15060000.0,0,3.6057494866529773,1317,6100000.0,1,2025-06-12,0.22389732733854043,
"Starling Solutions, Inc.",starlingsolutions,2023-12-04,2026-12-04,,2023-12-04,insufficient_followup,,2023,1,3810000.0,3810000.0,4360000.0,3,3.058179329226557,1117,6000000.0,2,2023-12-04,0.22386382945699726,
"RIIG Technology, Inc.",riig,2026-04-06,2029-04-06,,2026-04-06,insufficient_followup,,2026,1,6700000.0,6700000.0,9680000.0,1,1.5030800821355237,549,6590000.0,0,2026-04-06,0.22346670109341515,
"KidzToPros, Inc.",kidztopros,2023-10-26,2026-10-26,,2023-10-26,insufficient_followup,,2023,1,100000.0,100000.0,1250000.0,1,6.061601642710472,2214,1640000.0,0,2023-10-26,0.22325302301674846,
"InterGen Data, Inc.",intergendata,2025-03-31,2028-03-31,,2025-03-31,insufficient_followup,,2025,1,20000.0,20000.0,333000.0,1,4.32580424366872,1580,17000.0,0,2025-03-31,0.22325302301674846,
"ChalkTalk Solutions, Inc.",chalktalksolutions,2025-03-06,2028-03-06,,2025-03-06,insufficient_followup,,2025,1,100000.0,100000.0,1250000.0,1,4.350444900752909,1589,1960000.0,0,2025-03-06,0.22325302301674846,
"AppMail, Inc.",appmail,2023-10-27,2026-10-27,,2024-04-23,insufficient_followup,,2023,1,247000.0,247000.0,21000000.0,0,2.650239561943874,968,100000.0,0,2023-10-27,0.22124071870380518,
"NOPALERA, INC.",nopalera,2026-03-24,2029-03-24,,2026-03-24,insufficient_followup,,2026,1,2700000.0,2700000.0,10000000.0,1,3.4086242299794662,1245,4000000.0,9,2026-03-24,0.22105796634827862,
"Salo App, Inc.",saloapp,2025-02-24,2028-02-24,,2025-02-24,insufficient_followup,,2025,1,600000.0,600000.0,640000.0,3,3.4223134839151266,1250,4650000.0,3,2025-02-24,0.22012466579656703,
"Impruvon, Inc.",impruvon,2025-01-28,2028-01-28,,2025-01-28,insufficient_followup,,2025,1,300000.0,300000.0,3890000.0,1,0.9801505817932923,358,2410000.0,7,2025-01-28,0.21973639435792372,
"Yourco, Inc.",yourco,2026-03-09,2029-03-09,,2026-03-09,insufficient_followup,,2026,1,2000000.0,2000000.0,3340000.0,5,2.3737166324435317,867,6000000.0,1,2026-03-09,0.21951201738434353,
"Auxa, Inc.",auxa,2024-04-22,2027-04-22,,2024-04-22,insufficient_followup,,2024,1,1000000.0,1000000.0,1000000.0,1,1.9164955509924708,700,5200000.0,5,2024-04-22,0.2191843010026612,
"Patient Discovery Solutions, Inc.",patientdiscoverysolutions,2025-04-18,2028-04-18,,2025-04-18,insufficient_followup,,2025,1,2590000.0,2590000.0,38020000.0,0,7.321013004791239,2674,2000000.0,0,2025-04-18,0.21892348043086882,
"SmartCommerce, Inc.",smartcommerce,2023-08-23,2026-08-23,,2025-04-22,insufficient_followup,,2023,1,5200000.0,5200000.0,6400000.0,1,4.692676249144422,1714,6050000.0,1,2023-08-23,0.2181730056752663,
"Phin Security, Inc.",phinsecurity,2026-04-21,2029-04-21,,2026-04-21,insufficient_followup,,2026,1,5700000.0,5700000.0,9860000.0,1,2.0314852840520192,742,5970000.0,0,2026-04-21,0.21810015447531936,
MCAL Therapeutics Inc.,mcaltherapeutics,2024-03-27,2027-03-27,,2024-03-27,insufficient_followup,,2024,1,451000.0,451000.0,451000.0,0,3.811088295687885,1392,5890000.0,0,2024-03-27,0.2179282911468082,
"Paladin Power, Inc.",paladinpower,2024-10-11,2027-10-11,,2025-07-03,insufficient_followup,,2024,1,5000000.0,5000000.0,19250000.0,0,1.7659137577002053,645,596000.0,0,2024-10-11,0.2172320963055742,
Innok Robotics GmbH,innokroboticsgmbh,2024-11-15,2027-11-15,,2024-11-15,insufficient_followup,,2024,1,5310000.0,5310000.0,14860000.0,1,1.9028062970568105,695,0.0,0,2024-11-15,0.2169897956542874,
Tenk Bilisim Teknolojileri Danismanlik Anonim Sirketi,tenkbilisimteknolojileridanismanlikanonimsirketi,2023-12-29,2026-12-29,,2023-12-29,insufficient_followup,,2023,1,0.0,0.0,2400000.0,0,1.4976043805612593,547,0.0,1,2023-12-29,0.21682236970285204,
Theo AI Inc.,theoai,2025-11-12,2028-11-12,,2025-11-12,insufficient_followup,,2025,1,6460000.0,6460000.0,8980000.0,6,0.5557837097878165,203,3370000.0,1,2025-11-12,0.2162342103114819,
"Kalogon, Inc.",kalogon,2026-06-04,2029-06-04,,2026-06-04,insufficient_followup,,2026,1,1920000.0,1920000.0,3040000.0,0,3.780971937029432,1381,5750000.0,5,2026-06-04,0.21579544986669832,
Documo Inc.,documo,2024-06-06,2027-06-06,,2024-06-06,insufficient_followup,,2024,1,9500000.0,9500000.0,9500000.0,0,2.735112936344969,999,5000000.0,0,2024-06-06,0.21571789072083153,
"Brain Jar Games, Inc.",brainjargames,2025-10-08,2028-10-08,,2025-10-08,insufficient_followup,,2025,1,6700000.0,6700000.0,6700000.0,3,1.5879534565366187,580,5500000.0,0,2025-10-08,0.21563648629121077,
"Plei, Inc.",plei,2023-12-12,2026-12-12,,2023-12-12,insufficient_followup,,2023,1,119000.0,119000.0,9050000.0,0,3.7097878165639973,1355,958000.0,0,2023-12-12,0.21531361876085706,
Kami Limited,kami,2024-08-20,2027-08-20,,2024-08-20,insufficient_followup,,2024,1,1020000.0,1020000.0,13540000.0,3,5.66735112936345,2070,0.0,1,2024-08-20,0.21439612905541552,
Meredot SIA,meredotsia,2023-12-05,2026-12-05,,2023-12-05,insufficient_followup,,2023,1,244000.0,244000.0,1480000.0,1,3.871321013004791,1414,120000.0,1,2023-12-05,0.2136494846658805,
Solitario Lab Grown Private Limited,solitariolabgrownprivate,2025-07-16,2028-07-16,,2025-07-16,insufficient_followup,,2025,1,3600000.0,3600000.0,17310000.0,1,0.459958932238193,168,0.0,0,2025-07-16,0.21364756049834263,
"Amaros, Inc.",amaros,2025-06-17,2028-06-17,,2025-06-17,insufficient_followup,,2025,1,125000.0,125000.0,500000.0,0,5.90280629705681,2156,3160000.0,0,2025-06-17,0.213402001693487,
"Ryca Motors, Inc.",rycamotors,2024-02-20,2027-02-20,,2024-02-20,insufficient_followup,,2024,1,126000.0,126000.0,5000000.0,0,2.8062970568104038,1025,13000.0,0,2024-02-20,0.21221513285587196,
DepositLink Inc.,depositlink,2025-06-17,2028-06-17,,2025-06-17,insufficient_followup,,2025,1,3000000.0,3000000.0,24660000.0,0,2.8939082819986313,1057,2000000.0,0,2025-06-17,0.21200415197739986,
"Phi Therapeutics, Inc.",phitherapeutics,2024-06-26,2027-06-26,,2024-06-26,insufficient_followup,,2024,1,575000.0,575000.0,2049999.9999999998,0,5.062286105407256,1849,7660000.0,0,2024-06-26,0.21184334225273055,
"Rainwalk Technology, Inc.",rainwalk,2024-04-23,2027-04-23,,2024-04-23,insufficient_followup,,2024,1,2970000.0,2970000.0,3670000.0,0,1.700205338809035,621,4000000.0,4,2024-04-23,0.21156545950293124,
Ernest Energy Inc.,ernestenergy,2024-01-17,2027-01-17,,2024-01-17,insufficient_followup,,2024,0,0.0,0.0,0.0,0,0.0,-1,6610000.0,0,2024-01-17,0.21145195954294976,
Lori Systems Corp.,lorisystems,2025-04-21,2028-04-21,,2025-04-21,insufficient_followup,,2025,1,6170000.0,6170000.0,6430000.0,1,7.252566735112937,2649,2000000.0,3,2025-04-21,0.20847355768039685,
"PVpallet, Inc.",pvpallet,2025-01-21,2028-01-21,,2025-01-21,insufficient_followup,,2025,1,481000.0,481000.0,19570000.0,0,2.973305954825462,1086,2000.0,0,2025-01-21,0.20777321808014662,
Power Parity Lda,powerparitylda,2025-05-05,2028-05-05,,2025-05-05,insufficient_followup,,2025,1,1510000.0,1510000.0,11640000.0,1,2.7734428473648185,1013,3290000.0,6,2025-05-05,0.20728575087093895,
Redi.Health Inc.,redihealth,2025-08-15,2028-08-15,,2025-08-15,insufficient_followup,,2025,1,3700000.0,3700000.0,6100000.0,4,2.9568788501026693,1080,6000000.0,0,2025-08-15,0.2063316534045978,
Pro Athlete Community Inc,proathletecommunity,2025-06-24,2028-06-24,,2025-06-24,insufficient_followup,,2025,1,1500000.0,1500000.0,5120000.0,0,0.3394934976043806,124,7600000.0,2,2025-06-24,0.20568223464568108,
"New York Shipping Exchange, Inc.",newyorkshippingexchange,2024-11-19,2027-11-19,,2024-11-19,insufficient_followup,,2024,1,506000.0,506000.0,960000.0,0,9.182751540041068,3354,0.0,5,2024-11-19,0.20500324911881662,
"We Are Arthur, Inc.",wearearthur,2025-01-15,2028-01-15,,2025-01-15,insufficient_followup,,2025,1,2000000.0,2000000.0,3500000.0,2,2.759753593429158,1008,6000000.0,2,2025-01-15,0.20348888289377204,
MLR Auto Limited,mlrauto,2025-06-19,2028-06-19,,2025-06-19,insufficient_followup,,2025,1,2510000.0,2510000.0,9650000.0,1,3.6550308008213555,1335,6330000.0,1,2025-06-19,0.20339288559754568,
"Kubiya, Inc.",kubiya,2024-08-20,2027-08-20,,2024-08-20,insufficient_followup,,2024,1,6000000.0,6000000.0,6000000.0,1,1.839835728952772,672,4500000.0,2,2024-08-20,0.2027072824278217,
Veracity Wellness Inc.,veracitywellness,2025-06-17,2028-06-17,,2025-06-17,insufficient_followup,,2025,1,4930000.0,4930000.0,6530000.0,0,3.9589322381930185,1446,6000000.0,2,2025-06-17,0.20236320650030618,
"MatchaBar, Inc.",matchabar,2024-04-23,2027-04-23,,2024-04-23,insufficient_followup,,2024,1,8090000.0,8090000.0,20000000.0,1,5.883641341546886,2149,901000.0,0,2024-04-23,0.20198959155489302,
Cerus Fitness Inc.,cerusfitness,2024-12-02,2027-12-02,,2024-12-02,insufficient_followup,,2024,1,72000.0,72000.0,598000.0,0,4.473648186173854,1634,1230000.0,0,2024-12-02,0.20035716634195688,
"Dropstat, Inc.",dropstat,2023-11-29,2026-11-29,,2023-11-29,insufficient_followup,,2023,1,5500000.0,5500000.0,5760000.0,1,0.49828884325804246,182,1340000.0,1,2023-11-29,0.20035675797323704,
PLANCKDOT,planckdot,2024-04-16,2027-04-16,,2024-04-16,insufficient_followup,,2024,1,1600000.0,1600000.0,20000000.0,0,0.17522245037645448,64,350000.0,0,2024-04-16,0.20018265115791492,
Instant Connect Holdings Corporation,instantconnect,2024-05-01,2027-05-01,,2024-05-01,insufficient_followup,,2024,1,8100000.0,8100000.0,15720000.0,0,2.546201232032854,930,2000000.0,0,2024-05-01,0.20000896072717458,
Sky Gate Hospitality Pvt. Ltd.,skygatehospitalitypvt,2024-11-18,2027-11-18,,2024-11-18,insufficient_followup,,2024,1,373000.0,373000.0,2089999.9999999998,0,7.748117727583847,2830,1950000.0,1,2024-11-18,0.1998122840703702,
Acelab Inc.,acelab,2023-08-03,2026-08-03,,2023-08-03,insufficient_followup,,2023,1,3450000.0,3450000.0,4099999.9999999995,0,2.105407255304586,769,5300000.0,5,2023-08-03,0.19979842083284793,
"Unum Health USA, Inc.",unumhealthusa,2024-07-26,2027-07-26,,2024-07-26,insufficient_followup,,2024,1,5000.0,5000.0,3110000.0,0,2.242299794661191,819,1100000.0,0,2024-07-26,0.1996400051985559,
OTACA,otaca,2023-12-28,2026-12-28,,2023-12-28,insufficient_followup,,2023,1,666000.0,666000.0,21070000.0,0,1.7440109514031485,637,43000.0,0,2023-12-28,0.19821129552627048,
TraqCheck IT Services Private Limited,traqcheckitservicesprivate,2024-09-23,2027-09-23,,2025-09-09,insufficient_followup,,2024,1,0.0,0.0,9000000.0,1,0.4407939767282683,161,0.0,1,2024-09-23,0.1982053188863643,
"Sailes, Inc.",sailes,2023-09-14,2026-09-14,,2023-09-14,insufficient_followup,,2023,1,1570000.0,1570000.0,1760000.0,2,0.7364818617385352,269,5100000.0,5,2023-09-14,0.19748761566502435,
Senteon Inc.,senteon,2024-12-11,2027-12-11,,2024-12-11,insufficient_followup,,2024,1,450000.0,450000.0,550000.0,3,2.7433264887063653,1002,2069999.9999999998,0,2024-12-11,0.19729344360268275,
"G Cards, Inc.",gcards,2024-11-19,2027-11-19,,2024-11-19,insufficient_followup,,2024,1,2880000.0,2880000.0,5050000.0,0,2.105407255304586,769,3700000.0,6,2024-11-19,0.19657055455874145,
Akia Syndicate,akiasyndicate,2024-09-19,2027-09-19,,2024-09-19,insufficient_followup,,2024,1,6000000.0,6000000.0,11250000.0,2,1.6673511293634498,609,5000000.0,0,2024-09-19,0.19588629966488164,
backstitch Inc.,backstitch,2024-04-11,2027-04-11,,2024-04-11,insufficient_followup,,2024,1,2600000.0,2600000.0,2600000.0,1,4.640657084188912,1695,5830000.0,0,2024-04-11,0.19482253981578598,
Kognitive Networks Inc.,kognitivenetworks,2024-11-08,2027-11-08,,2024-11-08,insufficient_followup,,2024,1,5690000.0,5690000.0,5870000.0,3,3.704312114989733,1353,2330000.0,0,2024-11-08,0.19442636107025013,
"GarageSkins, Inc.",garageskins,2023-09-08,2026-09-08,,2024-02-14,insufficient_followup,,2023,1,145000.0,145000.0,3480000.0,0,4.678986995208761,1709,500000.0,0,2023-09-08,0.19413202549168168,
Hoodie Analytics,hoodieanalytics,2024-06-27,2027-06-27,,2024-06-27,insufficient_followup,,2024,1,3420000.0,3420000.0,6420000.0,0,2.568104038329911,938,5000000.0,7,2024-06-27,0.19356488412148043,
Daisy Genomics Inc.,daisygenomics,2025-12-08,2028-12-08,,2025-12-08,insufficient_followup,,2025,1,2069999.9999999998,2069999.9999999998,6340000.0,4,4.15605749486653,1518,4210000.0,2,2025-12-08,0.19325496801035885,
"Kivo, Inc.",kivo,2025-12-31,2028-12-31,,2025-12-31,insufficient_followup,,2025,1,4500000.0,4500000.0,5000000.0,5,3.0417522245037647,1111,5130000.0,0,2025-12-31,0.1916241459221856,
SIMK Labels Private Limited,simklabelsprivate,2025-03-29,2028-03-29,,2025-03-29,insufficient_followup,,2025,1,711000.0,711000.0,8440000.0,1,1.1389459274469542,416,3140000.0,5,2025-03-29,0.19129829405530688,
Ecolution Power Company,ecolutionpower,2025-04-16,2028-04-16,,2025-04-16,insufficient_followup,,2025,1,518000.0,518000.0,15520000.0,0,1.4510609171800137,530,618000.0,0,2025-04-16,0.1912588832796742,
Viksha Green Energy Private Limited,vikshagreenenergyprivate,2025-12-25,2028-12-25,,2025-12-25,insufficient_followup,,2025,1,0.0,0.0,2000.0,1,0.03559206023271732,13,0.0,1,2025-12-25,0.1906668490592343,
"Tele911, Inc.",tele911,2024-10-08,2027-10-08,,2024-10-08,insufficient_followup,,2024,1,3650000.0,3650000.0,3900000.0,2,2.9048596851471595,1061,6760000.0,0,2024-10-08,0.19036118550170314,
H. Mulligan Bespoke Libations Co.,hmulliganbespokelibations,2024-11-18,2027-11-18,,2024-11-18,insufficient_followup,,2024,1,521000.0,521000.0,15550000.0,0,2.2012320328542097,804,500000.0,0,2024-11-18,0.1893804244103395,
"Payroll4Free.com, Inc.",payroll4freecom,2023-09-30,2026-09-30,,2023-09-30,insufficient_followup,,2023,1,176000.0,176000.0,10870000.0,0,3.052703627652293,1115,771000.0,0,2023-09-30,0.1887723361229372,
SubBase Technologies Inc.,subbase,2026-06-17,2029-06-17,,2026-06-17,insufficient_followup,,2026,1,4000000.0,4000000.0,4000000.0,0,2.217659137577002,810,7000000.0,2,2026-06-17,0.18869190287752385,
World Matcha Inc.,worldmatcha,2024-01-23,2027-01-23,,2024-01-23,insufficient_followup,,2024,1,1000000.0,1000000.0,1000000.0,0,3.756331279945243,1372,5000000.0,5,2024-01-23,0.1882915558680242,
"PayOnWard,Inc",payonward,2025-08-20,2028-08-20,,2025-08-20,insufficient_followup,,2025,1,500000.0,500000.0,500000.0,1,2.6365503080082138,963,5330000.0,1,2025-08-20,0.18822314096373607,
"Ascendia Pharmaceuticals, Inc.",ascendiapharmaceuticals,2024-10-11,2027-10-11,,2025-06-04,insufficient_followup,,2024,1,2500000.0,2500000.0,18660000.0,0,2.2477754962354553,821,2500000.0,0,2024-10-11,0.18821975465499216,
"Verosint, Inc.",verosint,2023-10-03,2026-10-03,,2023-10-03,insufficient_followup,,2023,1,8000000.0,8000000.0,10500000.0,2,1.319644079397673,482,4000000.0,0,2023-10-03,0.187566672048912,
"Citrine Informatics, Inc.",citrineinformatics,2023-09-22,2026-09-22,,2025-02-07,insufficient_followup,,2023,1,8760000.0,8760000.0,11180000.0,0,7.329226557152635,2677,5000000.0,0,2023-09-22,0.18669848818470622,
"Kodama Systems, Inc.",kodamasystems,2025-10-23,2028-10-23,,2025-10-23,insufficient_followup,,2025,1,600000.0,600000.0,4099999.9999999995,0,4.161533196440794,1520,7000000.0,0,2025-10-23,0.1860308149394503,
"Tally Surgical, Inc.",tallysurgical,2024-04-29,2027-04-29,,2024-04-29,insufficient_followup,,2024,1,2540000.0,2540000.0,9220000.0,0,0.5530458590006845,202,7190000.0,0,2024-04-29,0.18488010308637537,
"Maven Pet, Inc.",mavenpet,2024-09-05,2027-09-05,,2024-09-05,insufficient_followup,,2024,1,5850000.0,5850000.0,5860000.0,1,2.6803559206023273,979,4420000.0,2,2024-09-05,0.1846787420870044,
Yamy Studio Yazilim Ve Oyun Gelistirme Anonim Sirketi,yamystudioyazilimveoyungelistirmeanonimsirketi,2023-11-17,2026-11-17,,2023-11-17,insufficient_followup,,2023,1,0.0,0.0,213000.0,1,0.8240930869267625,301,0.0,2,2023-11-17,0.184457622809182,
"7Rivers, Inc",7rivers,2026-02-23,2029-02-23,,2026-02-23,insufficient_followup,,2026,1,6000000.0,6000000.0,6000000.0,0,1.6947296372347707,619,5000000.0,1,2026-02-23,0.1843268723814781,
"Vsimple, Inc.",vsimple,2025-04-28,2028-04-28,,2025-04-28,insufficient_followup,,2025,1,2240000.0,2240000.0,5510000.0,0,2.00684462696783,733,6960000.0,1,2025-04-28,0.18413838326134252,
"Gem Specialty Health, Inc.",gemspecialtyhealth,2023-09-11,2026-09-11,,2024-10-23,insufficient_followup,,2023,1,3000000.0,3000000.0,3000000.0,0,1.4647501711156743,535,2770000.0,3,2023-09-11,0.18301224167432636,
"Pavewise, Inc.",pavewise,2025-10-22,2028-10-22,,2025-10-22,insufficient_followup,,2025,1,1300000.0,1300000.0,1570000.0,0,2.0506502395619437,749,2500000.0,5,2025-10-22,0.18291283577663672,
FlyFin AI Inc.,flyfinai,2025-02-12,2028-02-12,,2025-02-12,insufficient_followup,,2025,1,8000000.0,8000000.0,9970000.0,2,3.1786447638603694,1161,124000.0,0,2025-02-12,0.1826961993296564,
"Azimuth GRC, Inc.",azimuthgrc,2023-12-20,2026-12-20,,2023-12-20,insufficient_followup,,2023,1,6300000.0,6300000.0,6300000.0,2,2.108145106091718,770,2500000.0,0,2023-12-20,0.1825830599886052,
"Cloneable, Inc.",cloneable,2026-02-11,2029-02-11,,2026-02-11,insufficient_followup,,2026,1,750000.0,750000.0,750000.0,0,2.7624914442162902,1009,4720000.0,4,2026-02-11,0.1823841914651066,
"TireTutor, Inc.",tiretutor,2024-07-01,2027-07-01,,2024-07-01,insufficient_followup,,2024,1,4280000.0,4280000.0,8780000.0,2,2.524298425735797,922,5550000.0,0,2024-07-01,0.18215300531866893,
"Koios Medical, Inc.",koiosmedical,2025-04-30,2028-04-30,,2025-04-30,insufficient_followup,,2025,1,5000000.0,5000000.0,20850000.0,0,6.299794661190965,2301,1230000.0,0,2025-04-30,0.18177870037975832,
"Braavo Capital, Inc.",braavocapital,2024-05-28,2027-05-28,,2024-05-28,insufficient_followup,,2024,1,6000000.0,6000000.0,10120000.0,2,5.768651608487337,2107,5000000.0,1,2024-05-28,0.18124478993770562,
"Better World Collective, Inc.",betterworldcollective,2024-05-21,2027-05-21,,2024-05-21,insufficient_followup,,2024,1,2000000.0,2000000.0,2000000.0,0,2.529774127310062,924,7350000.0,0,2024-05-21,0.18102167933697733,
"Aplos, Inc.",aplos,2025-11-19,2028-11-19,,2025-11-19,insufficient_followup,,2025,1,5500000.0,5500000.0,11510000.0,1,2.4640657084188913,900,5000000.0,0,2025-11-19,0.18089729826487852,
"Milika, Inc.",milika,2026-05-13,2029-05-13,,2026-05-13,insufficient_followup,,2026,1,6950000.0,6950000.0,18990000.0,0,4.733744010951403,1729,5000000.0,0,2026-05-13,0.1804651293780179,
Latent Knowledge Solutions Inc.,latentknowledgesolutions,2025-03-04,2028-03-04,,2025-03-04,insufficient_followup,,2025,1,150000.0,150000.0,150000.0,0,2.2587268993839835,825,334000.0,0,2025-03-04,0.180421710739227,
"Halo Energy, Inc.",haloenergy,2024-06-19,2027-06-19,,2024-06-19,insufficient_followup,,2024,1,202000.0,202000.0,7010000.0,0,5.084188911704312,1857,650000.0,0,2024-06-19,0.18035885829712806,
The Clothes Doctor Limited,theclothesdoctor,2024-10-02,2027-10-02,,2024-10-02,insufficient_followup,,2024,1,310000.0,310000.0,3380000.0,0,5.842573579739904,2134,1030000.0,0,2024-10-02,0.18027844818436498,
Hawaiian Ola Brewing Corporation,hawaiianolabrewing,2023-10-23,2026-10-23,,2023-10-23,insufficient_followup,,2023,1,2200000.0,2200000.0,21800000.0,0,1.0431211498973305,381,2240000.0,0,2023-10-23,0.1802116229388804,
"When Insurance Agency, Inc.",wheninsuranceagency,2024-08-01,2027-08-01,,2024-08-01,insufficient_followup,,2024,1,1080000.0,1080000.0,1080000.0,0,2.757015742642026,1007,4600000.0,6,2024-08-01,0.17999409891643334,
"Skylark Travel Group, Inc.",skylarktravel,2024-10-17,2027-10-17,,2024-10-17,insufficient_followup,,2024,1,4000000.0,4000000.0,5050000.0,6,5.467488021902806,1997,1360000.0,0,2024-10-17,0.17983693123564629,
"TearSolutions, Inc.",tearsolutions,2024-11-21,2027-11-21,,2024-11-21,insufficient_followup,,2024,1,3210000.0,3210000.0,3210000.0,3,9.078713210130047,3316,3000000.0,0,2024-11-21,0.17981339726741385,
Venture Catalysts Private Limited,venturecatalystsprivate,2025-09-07,2028-09-07,,2025-09-07,insufficient_followup,,2025,1,503000.0,503000.0,5920000.0,1,9.188227241615332,3356,0.0,0,2025-09-07,0.1792741396406942,
Thurlow Veterinary Services Inc.,thurlowveterinaryservices,2025-09-08,2028-09-08,,2025-09-08,insufficient_followup,,2025,1,1150000.0,1150000.0,1500000.0,0,3.578370978781656,1307,7000000.0,0,2025-09-08,0.1792582781312696,
FormAssembly Inc.,formassembly,2024-03-14,2027-03-14,,2024-03-14,insufficient_followup,,2024,1,2049999.9999999998,2049999.9999999998,20020000.0,0,3.1813826146475015,1162,4000000.0,0,2024-03-14,0.17842158425405538,
Algenesis Corporation,algenesis,2024-10-25,2027-10-25,,2024-10-25,insufficient_followup,,2024,1,5000000.0,5000000.0,9450000.0,5,0.999315537303217,365,3000000.0,0,2024-10-25,0.1783655182826096,
"Kuehnle Agrosystems, Inc.",kuehnleagrosystems,2024-01-22,2027-01-22,,2026-06-26,insufficient_followup,,2024,1,3740000.0,3740000.0,3740000.0,1,1.7987679671457906,657,3000000.0,1,2024-01-22,0.17824964962407247,
"Piction Health, Inc.",pictionhealth,2024-06-26,2027-06-26,,2024-06-26,insufficient_followup,,2024,1,2380000.0,2380000.0,4440000.0,4,3.9479808350444903,1442,550000.0,0,2024-06-26,0.17804356466529916,
"BreachRx, Inc.",breachrx,2024-04-16,2027-04-16,,2025-05-19,insufficient_followup,,2024,1,1880000.0,1880000.0,2180000.0,0,2.915811088295688,1065,6500000.0,2,2024-04-16,0.17779350096698102,
"Square Robot, Inc.",squarerobot,2023-09-25,2026-09-25,,2025-12-23,insufficient_followup,,2023,1,3000000.0,3000000.0,18880000.0,0,5.932922655715264,2167,5000000.0,1,2023-09-25,0.1776595967519846,
"Modulo Bio, Inc.",modulobio,2024-11-20,2027-11-20,,2024-11-20,insufficient_followup,,2024,1,3910000.0,3910000.0,4000000.0,0,3.433264887063655,1254,5850000.0,0,2024-11-20,0.17737486394421617,
"Avadain, Inc.",avadain,2023-10-25,2026-10-25,,2025-05-13,insufficient_followup,,2023,1,1370000.0,1370000.0,21730000.0,0,1.1827515400410678,432,4500000.0,0,2023-10-25,0.17722673988949605,
"Toolpath Labs, Inc.",toolpath,2024-08-21,2027-08-21,,2025-05-22,insufficient_followup,,2024,1,6040000.0,6040000.0,12700000.0,0,2.0451745379876796,747,3000000.0,0,2024-08-21,0.17668738227854078,
Bad Stuff LLC,badstuff,2024-12-30,2027-12-30,,2024-12-30,insufficient_followup,,2024,1,386000.0,386000.0,10360000.0,0,3.6659822039698837,1339,618000.0,0,2024-12-30,0.17645013642005147,
"Wealthfeed, Inc.",wealthfeed,2025-09-25,2028-09-25,,2025-09-25,insufficient_followup,,2025,1,2000000.0,2000000.0,2080000.0,1,1.538672142368241,562,3500000.0,1,2025-09-25,0.17629310474586338,
Power Hero Corp.,powerhero,2024-09-16,2027-09-16,,2024-09-16,insufficient_followup,,2024,1,386000.0,386000.0,14800000.0,0,0.8323066392881588,304,179000.0,0,2024-09-16,0.1762476435397382,
"Clearbrief, Inc.",clearbrief,2024-03-19,2027-03-19,,2024-03-19,insufficient_followup,,2024,1,3500000.0,3500000.0,3900000.0,0,2.565366187542779,937,4000000.0,3,2024-03-19,0.17596006751603396,
Renterra Inc.,renterra,2025-12-18,2028-12-18,,2025-12-18,insufficient_followup,,2025,1,3000000.0,3000000.0,8230000.0,3,1.672826830937714,611,4000000.0,0,2025-12-18,0.17534092148605812,
"SponsorCX, Inc.",sponsorcx,2025-02-21,2028-02-21,,2026-05-18,insufficient_followup,,2025,1,821000.0,821000.0,821000.0,0,3.356605065023956,1226,4640000.0,3,2025-02-21,0.17530173408437766,
"Sports Visio, Inc.",sportsvisio,2023-08-10,2026-08-10,,2023-08-10,insufficient_followup,,2023,1,3110000.0,3110000.0,3390000.0,3,1.212867898699521,443,3010000.0,1,2023-08-10,0.17470017181748707,
DoctorApp srl,doctorappsrl,2024-11-18,2027-11-18,,2024-11-18,insufficient_followup,,2024,1,398000.0,398000.0,2160000.0,0,2.8829568788501025,1053,528000.0,0,2024-11-18,0.17462392722657896,
AI NUTRITION CORP.,ainutrition,2024-07-23,2027-07-23,,2024-07-23,insufficient_followup,,2024,1,625000.0,625000.0,2970000.0,0,1.8590006844626967,679,3000000.0,3,2024-07-23,0.17461472609787468,
"Pikkit, Inc.",pikkit,2023-12-31,2026-12-31,,2023-12-31,insufficient_followup,,2023,1,4380000.0,4380000.0,6840000.0,0,1.5441478439425051,564,5000000.0,1,2023-12-31,0.17431755379578476,
Aerovec Inc.,aerovec,2025-07-23,2028-07-23,,2025-07-23,insufficient_followup,,2025,1,178000.0,178000.0,1500000.0,0,2.2778918548939084,832,124000.0,0,2025-07-23,0.17327393394724153,
"Livsn Designs, Inc.",livsndesigns,2023-12-04,2026-12-04,,2023-12-04,insufficient_followup,,2023,1,420000.0,420000.0,7620000.0,0,0.9253935660506503,338,3010000.0,3,2023-12-04,0.17281092503135084,
"Beaming Health, Inc.",beaminghealth,2024-12-26,2027-12-26,,2024-12-26,insufficient_followup,,2024,1,2000000.0,2000000.0,2270000.0,3,2.0095824777549622,734,2170000.0,0,2024-12-26,0.1721722299192309,
Local Locker Incorporated,locallocker,2023-11-03,2026-11-03,,2023-11-03,insufficient_followup,,2023,1,3360000.0,3360000.0,9900000.0,0,3.477070499657769,1270,6740000.0,0,2023-11-03,0.171764120628313,
"Dasseti, Inc.",dasseti,2024-06-05,2027-06-05,,2024-06-05,insufficient_followup,,2024,1,6000000.0,6000000.0,6330000.0,1,1.3634496919917864,498,4340000.0,0,2024-06-05,0.1714107227673054,
Social Station Group Limited,socialstation,2024-01-19,2027-01-19,,2024-01-19,insufficient_followup,,2024,1,0.0,0.0,3370000.0,0,1.2895277207392197,471,0.0,0,2024-01-19,0.1699860846918086,
Juicer Energy Inc.,juicerenergy,2024-08-12,2027-08-12,,2024-08-12,insufficient_followup,,2024,1,5040000.0,5040000.0,5340000.0,0,0.09034907597535935,33,2100000.0,0,2024-08-12,0.1695540845393094,
"Tangram Flex, Inc.",tangramflex,2023-09-14,2026-09-14,,2023-09-14,insufficient_followup,,2023,1,4500000.0,4500000.0,4500000.0,1,4.739219712525667,1731,2000000.0,0,2023-09-14,0.16955273005207655,
"Avridh Technologies, Inc.",avridh,2025-06-25,2028-06-25,,2025-06-25,insufficient_followup,,2025,1,2300000.0,2300000.0,3600000.0,4,2.784394250513347,1017,2000000.0,0,2025-06-25,0.16939634322847746,
"Fetii, Inc.",fetii,2024-04-04,2027-04-04,,2024-04-04,insufficient_followup,,2024,1,500000.0,500000.0,7140000.0,1,1.571526351813826,574,3000000.0,0,2024-04-04,0.16891255197405833,
"Shanghai Junsai Biotechnology Co., Ltd.",shanghaijunsaibiotechnology,2025-11-30,2028-11-30,,2025-11-30,insufficient_followup,,2025,1,1420000.0,1420000.0,13160000.0,2,5.774127310061601,2109,0.0,0,2025-11-30,0.16851139954366207,
"Ostra Cybersecurity, Inc.",ostracybersecurity,2024-03-05,2027-03-05,,2025-08-07,insufficient_followup,,2024,1,3510000.0,3510000.0,8390000.0,1,1.4702258726899384,537,4099999.9999999995,1,2024-03-05,0.16848704195800923,
"Forj Software, Inc.",forjsoftware,2026-01-29,2029-01-29,,2026-01-29,insufficient_followup,,2026,1,4500000.0,4500000.0,7790000.0,2,4.588637919233402,1676,3000000.0,0,2026-01-29,0.16828576682836507,
Braincare Limited,braincare,2024-10-21,2027-10-21,,2025-12-09,insufficient_followup,,2024,1,2310000.0,2310000.0,13490000.0,1,3.9041752224503763,1426,2600000.0,0,2024-10-21,0.16752326361889566,
"Avibra, Inc.",avibra,2024-10-03,2027-10-03,,2024-10-03,insufficient_followup,,2024,1,7180000.0,7180000.0,14950000.0,0,3.433264887063655,1254,3150000.0,0,2024-10-03,0.16581868647923168,
UAB Walk15,uabwalk15,2023-11-15,2026-11-15,,2024-02-15,insufficient_followup,,2023,1,308000.0,308000.0,5710000.0,0,1.834360027378508,670,543000.0,0,2023-11-15,0.1648525362429524,
"Crown Affair, Inc.",crownaffair,2026-05-08,2029-05-08,,2026-05-08,insufficient_followup,,2026,1,4460000.0,4460000.0,12000000.0,0,4.120465434633813,1505,5000000.0,1,2026-05-08,0.16447837502963286,
Quorus Inc.,quorus,2026-03-02,2029-03-02,,2026-03-02,insufficient_followup,,2026,1,1500000.0,1500000.0,1500000.0,0,2.945927446954141,1076,5000000.0,3,2026-03-02,0.16435040476878893,
Immaculate Vegan Limited,immaculatevegan,2025-02-26,2028-02-26,,2025-02-26,insufficient_followup,,2025,1,380000.0,380000.0,4390000.0,0,1.462012320328542,534,233000.0,0,2025-02-26,0.16411820633800778,
"OneFul Health, Inc.",onefulhealth,2024-07-05,2027-07-05,,2024-07-05,insufficient_followup,,2024,1,81000.0,81000.0,11560000.0,0,1.0951403148528405,400,24000.0,0,2024-07-05,0.1639662244693001,
"inKind Cards, Inc.",inkindcards,2023-12-31,2026-12-31,,2023-12-31,insufficient_followup,,2023,1,4320000.0,4320000.0,4320000.0,0,5.678302532511978,2074,291000.0,1,2023-12-31,0.16248585960903925,
"CREtelligent, Inc.",cretelligent,2025-04-23,2028-04-23,,2025-04-23,insufficient_followup,,2025,1,6110000.0,6110000.0,13630000.0,0,2.858316221765914,1044,1970000.0,0,2025-04-23,0.16232384932632005,
"Qualiti, Inc.",qualiti,2023-12-13,2026-12-13,,2023-12-13,insufficient_followup,,2023,1,5630000.0,5630000.0,10010000.0,0,1.325119780971937,484,2700000.0,1,2023-12-13,0.16224853471553247,
Gori Company,gori,2025-01-03,2028-01-03,,2025-01-03,insufficient_followup,,2025,1,6000000.0,6000000.0,6000000.0,0,1.7631759069130732,644,3000000.0,0,2025-01-03,0.1620362213879456,
Force Equals Inc.,forceequals,2026-02-10,2029-02-10,,2026-02-10,insufficient_followup,,2026,1,65000.0,65000.0,336000.0,0,0.7282683093771389,266,2220000.0,1,2026-02-10,0.16179267355647145,
"KoKo Medical, Inc.",kokomedical,2023-12-15,2026-12-15,,2023-12-15,insufficient_followup,,2023,1,2500000.0,2500000.0,8430000.0,0,2.080766598220397,760,6000000.0,0,2023-12-15,0.16149351268749085,
"Suitable, Inc.",suitable,2025-03-03,2028-03-03,,2025-03-03,insufficient_followup,,2025,1,535000.0,535000.0,12540000.0,0,3.0910335386721424,1129,590000.0,0,2025-03-03,0.16137407589565023,
"Carebot Health, Inc.",carebothealth,2024-01-25,2027-01-25,,2024-01-25,insufficient_followup,,2024,1,775000.0,775000.0,1760000.0,0,0.5229295003422314,191,1500000.0,3,2024-01-25,0.1613415846468973,
PS-Fertility Inc.,psfertility,2025-05-20,2028-05-20,,2025-05-20,insufficient_followup,,2025,1,3980000.0,3980000.0,3980000.0,1,1.9000684462696784,694,3500000.0,0,2025-05-20,0.1601010421523938,
"Shenzhen Youneng New Energy Technology Co., Ltd.",shenzhenyounengnewenergy,2023-09-14,2026-09-14,,2023-09-14,insufficient_followup,,2023,1,1900000.0,1900000.0,9500000.0,1,1.5550992470910336,568,2750000.0,1,2023-09-14,0.1600487322349347,
Doro Mind Inc.,doromind,2026-03-17,2029-03-17,,2026-03-17,insufficient_followup,,2026,1,2770000.0,2770000.0,13780000.0,0,2.1574264202600957,788,4670000.0,0,2026-03-17,0.1597359812737937,
Hungri Games Bilisim A.S.,hungrigamesbilisimas,2023-08-14,2026-08-14,,2023-08-14,insufficient_followup,,2023,1,1100000.0,1100000.0,10000000.0,1,2.1793292265571527,796,0.0,2,2023-08-14,0.15970120852423503,
"Blip Technologies, Inc.",blip,2024-07-01,2027-07-01,,2024-07-01,insufficient_followup,,2024,1,2000000.0,2000000.0,9960000.0,2,6.015058179329227,2197,1240000.0,0,2024-07-01,0.15955896072486872,
"CourtScribes, Inc.",courtscribes,2026-06-12,2029-06-12,,2026-06-12,insufficient_followup,,2026,1,501000.0,501000.0,2250000.0,0,6.447638603696099,2355,500000.0,0,2026-06-12,0.15940923213369385,
Pitch Aeronautics Inc,pitchaeronautics,2023-12-05,2026-12-05,,2023-12-05,insufficient_followup,,2023,1,362000.0,362000.0,9910000.0,0,1.0102669404517455,369,120000.0,1,2023-12-05,0.1592189418933609,
The NoBaked Company,thenobaked,2025-04-25,2028-04-25,,2025-04-25,insufficient_followup,,2025,1,496000.0,496000.0,9500000.0,0,3.4223134839151266,1250,465000.0,0,2025-04-25,0.15850323394735868,
Levanta.io Inc.,levantaio,2023-12-01,2026-12-01,,2023-12-01,insufficient_followup,,2023,1,355000.0,355000.0,355000.0,0,0.9582477754962354,350,1000000.0,2,2023-12-01,0.15802687494033096,
Olyra Foods Inc.,olyrafoods,2025-04-24,2028-04-24,,2025-04-24,insufficient_followup,,2025,1,4000000.0,4000000.0,4000000.0,1,2.116358658453114,773,5000000.0,0,2025-04-24,0.1558034806743222,
RAK fitness consumer Pvt. Ltd,rakfitnessconsumerpvt,2026-03-26,2029-03-26,,2026-03-26,insufficient_followup,,2026,1,221000.0,221000.0,1390000.0,0,0.947296372347707,346,2120000.0,2,2026-03-26,0.15572111434063654,
Truliv Properties & Services Private Limited,trulivpropertiesservicesprivate,2025-06-23,2028-06-23,,2025-06-23,insufficient_followup,,2025,1,1500000.0,1500000.0,7320000.0,2,2.00684462696783,733,0.0,1,2025-06-23,0.1548867192833025,
Manor Rama Care Pvt. Ltd.,manorramacarepvt,2024-09-17,2027-09-17,,2025-04-30,insufficient_followup,,2024,1,0.0,0.0,2170000.0,0,1.0130047912388775,370,0.0,0,2024-09-17,0.15444617915516343,
"Hedge Health, Co.",hedgehealth,2025-10-02,2028-10-02,,2025-10-02,insufficient_followup,,2025,1,340000.0,340000.0,340000.0,0,1.5331964407939767,560,200000.0,0,2025-10-02,0.15428420859074327,
"Ren Systems, Inc.",rensystems,2025-08-07,2028-08-07,,2025-08-07,insufficient_followup,,2025,1,5330000.0,5330000.0,5560000.0,0,3.7207392197125255,1359,3500000.0,0,2025-08-07,0.15399030352161974,
"TAS Medical, Inc.",tasmedical,2025-08-26,2028-08-26,,2025-08-26,insufficient_followup,,2025,1,5240000.0,5240000.0,10390000.0,0,4.783025325119781,1747,4179999.9999999995,0,2025-08-26,0.15248808257660568,
"Archive Intel, Inc.",archiveintel,2024-12-23,2027-12-23,,2024-12-23,insufficient_followup,,2024,1,1000000.0,1000000.0,1000000.0,1,0.6242299794661191,228,1500000.0,2,2024-12-23,0.15222765477930156,
Switchyards Inc.,switchyards,2024-04-17,2027-04-17,,2024-04-17,insufficient_followup,,2024,1,3420000.0,3420000.0,7660000.0,0,0.8240930869267625,301,5000000.0,3,2024-04-17,0.15195266481482192,
"Virtual Connect Technologies, Inc.",virtualconnect,2024-08-15,2027-08-15,,2024-08-15,insufficient_followup,,2024,1,5000000.0,5000000.0,5000000.0,0,4.386036960985626,1602,1250000.0,0,2024-08-15,0.1516680572650044,
"Connective Health, Inc.",connectivehealth,2024-10-10,2027-10-10,,2024-10-10,insufficient_followup,,2024,1,2120000.0,2120000.0,2250000.0,2,1.943874058863792,710,2069999.9999999998,0,2024-10-10,0.15115171364959304,
ClearGov Inc.,cleargov,2024-03-18,2027-03-18,,2024-03-18,insufficient_followup,,2024,1,1410000.0,1410000.0,5650000.0,2,6.967830253251198,2545,4000000.0,0,2024-03-18,0.15113759832419724,
"Wefunder, Inc.",wefunder,2023-08-24,2026-08-24,,2023-08-24,insufficient_followup,,2023,1,6810000.0,6810000.0,6810000.0,0,8.243668720054757,3011,1020000.0,0,2023-08-24,0.15100304882363969,
FenixPyre Inc.,fenixpyre,2024-08-15,2027-08-15,,2024-08-15,insufficient_followup,,2024,1,6300000.0,6300000.0,11460000.0,0,0.6516084873374401,238,3130000.0,0,2024-08-15,0.15079574888308134,
"Game of Silks, Inc.",gameofsilks,2023-10-11,2026-10-11,,2023-10-11,insufficient_followup,,2023,1,2000000.0,2000000.0,5000000.0,0,1.5277207392197125,558,5000000.0,1,2023-10-11,0.15074954751232666,
"Aervivo, Inc.",aervivo,2025-09-05,2028-09-05,,2025-09-05,insufficient_followup,,2025,1,5780000.0,5780000.0,5780000.0,0,4.418891170431212,1614,2250000.0,0,2025-09-05,0.15042891657809576,
"Shop Accelerator, Inc.",shopaccelerator,2024-09-05,2027-09-05,,2024-09-05,insufficient_followup,,2024,0,0.0,0.0,0.0,0,0.0,-1,4330000.0,0,2024-09-05,0.15040263626277034,
"WealthHub Solutions, Inc.",wealthhubsolutions,2024-12-20,2027-12-20,,2024-12-20,insufficient_followup,,2024,1,5600000.0,5600000.0,6210000.0,0,5.065023956194388,1850,1580000.0,0,2024-12-20,0.15033052085617063,
"Something Borrowed Blooms, Inc.",somethingborrowedblooms,2025-03-13,2028-03-13,,2025-03-13,insufficient_followup,,2025,1,1500000.0,1500000.0,3210000.0,1,3.756331279945243,1372,1490000.0,0,2025-03-13,0.14965901449949784,
CairnSurgical Inc.,cairnsurgical,2024-08-21,2027-08-21,,2024-08-21,insufficient_followup,,2024,1,3290000.0,3290000.0,5990000.0,0,4.678986995208761,1709,4500000.0,1,2024-08-21,0.14872905534918462,
"FlowMSP, Inc.",flowmsp,2023-12-05,2026-12-05,,2023-12-05,insufficient_followup,,2023,1,500000.0,500000.0,3130000.0,0,1.68104038329911,614,819000.0,0,2023-12-05,0.14823517826479604,
AJNA BioSciences PBC,ajnabiosciences,2025-04-30,2028-04-30,,2025-04-30,insufficient_followup,,2025,1,2110000.0,2110000.0,14540000.0,0,0.8870636550308009,324,1240000.0,0,2025-04-30,0.1481902680401363,
"ElastiFlow, Inc.",elastiflow,2024-02-21,2027-02-21,,2024-02-21,insufficient_followup,,2024,1,3000000.0,3000000.0,3000000.0,1,0.5174537987679672,189,5000000.0,0,2024-02-21,0.1472380434663713,
"Liine, Inc.",liine,2024-12-05,2027-12-05,,2024-12-05,insufficient_followup,,2024,1,3000000.0,3000000.0,9760000.0,1,2.1519507186858315,786,1850000.0,0,2024-12-05,0.14697091128603693,
"Delta Development Team, Inc.",deltadevelopmentteam,2023-12-19,2026-12-19,,2025-08-04,insufficient_followup,,2023,1,960000.0,960000.0,10000000.0,2,0.29842573579739906,109,656000.0,0,2023-12-19,0.1464874794960359,
"Joylux, Inc.",joylux,2024-12-11,2027-12-11,,2024-12-11,insufficient_followup,,2024,1,4510000.0,4510000.0,6150000.0,0,9.221081451060916,3368,4530000.0,0,2024-12-11,0.14643299555008238,
Auto Hauler Exchange Inc.,autohaulerexchange,2025-02-04,2028-02-04,,2025-02-04,insufficient_followup,,2025,1,2500000.0,2500000.0,2500000.0,0,2.1492128678986995,785,5000000.0,2,2025-02-04,0.14600090714722558,
FrenchFounders Inc.,frenchfounders,2024-01-26,2027-01-26,,2024-01-26,insufficient_followup,,2024,1,1220000.0,1220000.0,2049999.9999999998,0,7.321013004791239,2674,4500000.0,2,2024-01-26,0.1459318658026753,
"Myota, Inc.",myota,2026-02-04,2029-02-04,,2026-02-04,insufficient_followup,,2026,1,1550000.0,1550000.0,15650000.0,0,0.7912388774811773,289,3000000.0,0,2026-02-04,0.14425213580457108,
"InGeneron, Inc.",ingeneron,2024-03-04,2027-03-04,,2024-03-04,insufficient_followup,,2024,1,4500000.0,4500000.0,10250000.0,0,7.657768651608487,2797,1750000.0,0,2024-03-04,0.14419871165332612,
ALGO8 LLC,algo8,2026-04-16,2029-04-16,,2026-04-16,insufficient_followup,,2026,1,625000.0,625000.0,6180000.0,1,1.1197809719370295,409,2029999.9999999998,1,2026-04-16,0.14176824712913977,
HelloHive Inc.,hellohive,2024-02-22,2027-02-22,,2024-02-22,insufficient_followup,,2024,1,2380000.0,2380000.0,9560000.0,0,2.5735797399041753,940,3400000.0,2,2024-02-22,0.14066876067759668,
Pathfinder Spirit Inc,pathfinderspirit,2024-03-11,2027-03-11,,2025-07-15,insufficient_followup,,2024,1,751000.0,751000.0,751000.0,0,2.2340862422997945,816,3140000.0,1,2024-03-11,0.14061061673222963,
"Smart Cups, Inc.",smartcups,2024-05-03,2027-05-03,,2025-04-30,insufficient_followup,,2024,1,1210000.0,1210000.0,11860000.0,0,0.5749486652977412,210,1180000.0,0,2024-05-03,0.13940267624323824,
Fessura Italia SRL,fessuraitaliasrl,2025-04-14,2028-04-14,,2025-04-14,insufficient_followup,,2025,1,1840000.0,1840000.0,7780000.0,0,3.701574264202601,1352,1620000.0,2,2025-04-14,0.1377895874938938,
Ortharize Limited,ortharize,2023-09-22,2026-09-22,,2023-09-22,insufficient_followup,,2023,1,667000.0,667000.0,3270000.0,0,3.592060232717317,1312,434000.0,0,2023-09-22,0.1370212578713599,
Vroom Solar Inc.,vroomsolar,2024-09-18,2027-09-18,,2024-09-18,insufficient_followup,,2024,1,388000.0,388000.0,9390000.0,0,1.108829568788501,405,618000.0,0,2024-09-18,0.13394231278299054,
"Confianza, Inc.",confianza,2025-12-22,2028-12-22,,2025-12-22,insufficient_followup,,2025,1,2500000.0,2500000.0,3170000.0,0,3.871321013004791,1414,2460000.0,0,2025-12-22,0.13329952482194948,
"Therm Solutions, Inc.",thermsolutions,2025-08-12,2028-08-12,,2025-08-12,insufficient_followup,,2025,1,1650000.0,1650000.0,1750000.0,0,3.682409308692676,1345,3600000.0,0,2025-08-12,0.13242002789052237,
Seven Bro7thers,sevenbro7thers,2023-08-30,2026-08-30,,2023-08-30,insufficient_followup,,2023,1,798000.0,798000.0,10950000.0,0,4.6680355920602326,1705,421000.0,0,2023-08-30,0.13106305539404486,
"MileUp, Inc.",mileup,2023-10-06,2026-10-06,,2023-10-06,insufficient_followup,,2023,1,4750000.0,4750000.0,8750000.0,0,1.1498973305954825,420,4250000.0,0,2023-10-06,0.1306175597956099,
"MindClick Group, Inc.",mindclick,2024-10-01,2027-10-01,,2024-10-01,insufficient_followup,,2024,1,800000.0,800000.0,1350000.0,0,10.784394250513348,3939,50000.0,0,2024-10-01,0.1303372648888127,
"Prime Artificial Intelligence, Inc.",primeartificialintelligence,2024-11-20,2027-11-20,,2024-11-20,insufficient_followup,,2024,1,800000.0,800000.0,800000.0,0,3.8576317590691307,1409,750000.0,0,2024-11-20,0.1303372648888127,
"Tour24, Inc.",tour24,2024-04-10,2027-04-10,,2024-04-10,insufficient_followup,,2024,1,1000000.0,1000000.0,5200000.0,0,3.3100616016427105,1209,2500000.0,0,2024-04-10,0.12891015396628805,
"GreyscaleAI, Inc.",greyscaleai,2025-01-23,2028-01-23,,2025-01-23,insufficient_followup,,2025,1,975000.0,975000.0,975000.0,0,4.087611225188227,1493,1670000.0,0,2025-01-23,0.12889730515491915,
"Minnesota Soccer Holdings, GBC",minnesotasoccergbc,2025-01-31,2028-01-31,,2025-01-31,insufficient_followup,,2025,1,1000000.0,1000000.0,3130000.0,0,3.0855578370978782,1127,894000.0,0,2025-01-31,0.1286449986287574,
TCC Brands Inc.,tccbrands,2025-07-30,2028-07-30,,2025-07-30,insufficient_followup,,2025,1,2390000.0,2390000.0,7620000.0,0,3.8767967145790556,1416,589000.0,0,2025-07-30,0.1280354600973294,
BoltWise Inc.,boltwise,2025-09-29,2028-09-29,,2025-09-29,insufficient_followup,,2025,1,3000000.0,3000000.0,4860000.0,1,1.1800136892539357,431,2500000.0,0,2025-09-29,0.1268593092906455,
Duh Corp,duh,2026-01-05,2029-01-05,,2026-01-05,insufficient_followup,,2026,1,2080000.0,2080000.0,2290000.0,0,2.135523613963039,780,3300000.0,0,2026-01-05,0.1262492015081725,
"Geofy, Inc.",geofy,2024-12-23,2027-12-23,,2026-03-30,insufficient_followup,,2024,1,502000.0,502000.0,1540000.0,0,0.42984257357973993,157,2500000.0,0,2024-12-23,0.1258534504440936,
3CLogic Inc.,3clogic,2026-03-26,2029-03-26,,2026-03-26,insufficient_followup,,2026,1,1210000.0,1210000.0,3630000.0,0,10.05886379192334,3674,1200000.0,0,2026-03-26,0.12581211122486902,
"Forml, Inc.",forml,2026-05-07,2029-05-07,,2026-05-07,insufficient_followup,,2026,1,546000.0,546000.0,1050000.0,0,1.9383983572895278,708,3000000.0,0,2026-05-07,0.12534076266226943,
Grande Delta Corporation,grandedelta,2024-08-28,2027-08-28,,2024-08-28,insufficient_followup,,2024,1,2300000.0,2300000.0,2510000.0,0,1.8726899383983573,684,3460000.0,0,2024-08-28,0.12467965218087902,
"Cariina, Inc.",cariina,2025-09-02,2028-09-02,,2025-09-02,insufficient_followup,,2025,1,3520000.0,3520000.0,4780000.0,0,1.2621492128678986,461,5580000.0,0,2025-09-02,0.12457022764731443,
"Innova Vascular, Inc.",innovavascular,2025-07-29,2028-07-29,,2025-07-30,insufficient_followup,,2025,1,2200000.0,2200000.0,3140000.0,0,0.0027378507871321013,1,4000000.0,0,2025-07-29,0.12385068784407727,
"Driven Software Solutions, Inc.",drivensoftwaresolutions,2025-06-10,2028-06-10,,2025-06-10,insufficient_followup,,2025,1,600000.0,600000.0,600000.0,0,1.9137577002053388,699,2500000.0,0,2025-06-10,0.12345943511587419,
"WordCollections, Inc.",wordcollections,2023-08-11,2026-08-11,,2025-01-31,insufficient_followup,,2023,1,3500000.0,3500000.0,9590000.0,0,1.7686516084873374,646,4870000.0,0,2023-08-11,0.12334606535379465,
encoord Inc.,encoord,2024-11-08,2027-11-08,,2024-11-08,insufficient_followup,,2024,1,3920000.0,3920000.0,8029999.999999999,0,2.8035592060232717,1024,1800000.0,0,2024-11-08,0.12325761358035402,
Vloggi Pty Ltd,vloggipty,2023-12-05,2026-12-05,,2023-12-05,insufficient_followup,,2023,1,750000.0,750000.0,3300000.0,0,2.6858316221765914,981,47000.0,0,2023-12-05,0.12100339591858976,
"Frankie's Story, LLC",frankiesstory,2025-04-30,2028-04-30,,2025-04-30,insufficient_followup,,2025,1,500000.0,500000.0,9800000.0,0,1.002053388090349,366,750000.0,0,2025-04-30,0.1200236158660878,
"Repetix, Inc.",repetix,2024-03-20,2027-03-20,,2024-03-20,insufficient_followup,,2024,1,1000000.0,1000000.0,1000000.0,0,2.198494182067077,803,1800000.0,0,2024-03-20,0.11920854597953286,
Vixiv Inc.,vixiv,2025-02-04,2028-02-04,,2025-02-04,insufficient_followup,,2025,1,2330000.0,2330000.0,3360000.0,0,0.13415468856947296,49,3000000.0,0,2025-02-04,0.117897190274134,
Superb Shifts Inc.,superbshifts,2024-04-03,2027-04-03,,2024-04-03,insufficient_followup,,2024,1,1180000.0,1180000.0,1430000.0,0,1.702943189596167,622,2000000.0,0,2024-04-03,0.11669923767657459,
"Iyuda Therapeutics, Inc.",iyudatherapeutics,2025-06-06,2028-06-06,,2025-06-06,insufficient_followup,,2025,1,1390000.0,1390000.0,1390000.0,0,1.727583846680356,631,1310000.0,0,2025-06-06,0.1155830535543243,
Tred Earth Ltd,tredearth,2023-08-25,2026-08-25,,2023-08-25,insufficient_followup,,2023,1,1250000.0,1250000.0,8130000.000000001,0,2.3819301848049284,870,2060000.0,0,2023-08-25,0.1117452310666237,
"Gleamery, Inc.",gleamery,2023-08-09,2026-08-09,,2023-08-09,insufficient_followup,,2023,1,2000000.0,2000000.0,2000000.0,0,0.999315537303217,365,4500000.0,0,2023-08-09,0.10709496287267478,
"Cabin 3 Restaurant Group, Inc.",cabin3restaurant,2024-08-19,2027-08-19,,2024-08-19,insufficient_followup,,2024,1,1300000.0,1300000.0,1300000.0,0,0.6023271731690623,220,450000.0,0,2024-08-19,0.10582535207777079,
Neuralift Inc.,neuralift,2025-03-31,2028-03-31,,2025-03-31,insufficient_followup,,2025,1,2000000.0,2000000.0,2000000.0,0,0.7994524298425736,292,1000000.0,0,2025-03-31,0.10384669982473996,
"Sironix Renewables, Inc.",sironixrenewables,2024-10-16,2027-10-16,,2024-10-16,insufficient_followup,,2024,1,2120000.0,2120000.0,2160000.0,0,1.1553730321697468,422,2800000.0,0,2024-10-16,0.10270821240616361,
"Better Life Health, Inc.",betterlifehealth,2025-11-18,2028-11-18,,2025-11-18,insufficient_followup,,2025,1,2400000.0,2400000.0,7300000.0,0,0.6625598904859685,242,501000.0,0,2025-11-18,0.10208354644260702,
"PowrLine, Inc.",powrline,2026-02-10,2029-02-10,,2026-02-10,insufficient_followup,,2026,1,3020000.0,3020000.0,5380000.0,0,0.865160848733744,316,1500000.0,0,2026-02-10,0.10125493238235586,
"Automation Intellect, Inc.",automationintellect,2024-04-04,2027-04-04,,2024-04-04,insufficient_followup,,2024,1,997000.0,997000.0,3480000.0,0,1.2621492128678986,461,1720000.0,0,2024-04-04,0.09955009957738242,
Akari Brands Inc.,akaribrands,2025-10-03,2028-10-03,,2025-10-03,insufficient_followup,,2025,1,1750000.0,1750000.0,1750000.0,0,1.0157426420260096,371,4500000.0,0,2025-10-03,0.0988784771353986,
"Ventis Medical, Inc.",ventismedical,2024-10-11,2027-10-11,,2024-10-11,insufficient_followup,,2024,1,1010000.0,1010000.0,7540000.0,0,0.8268309377138946,302,3000000.0,0,2024-10-11,0.09109147527599704,
"Govstream.Ai, Inc.",govstreamai,2025-12-02,2028-12-02,,2025-12-02,insufficient_followup,,2025,1,1250000.0,1250000.0,1250000.0,0,1.108829568788501,405,3600000.0,0,2025-12-02,0.09048465493763336,
