company_key,company,landmark_date,endpoint_date,duration_years,event,censoring_basis,pre_round_count,pre_rounds_with_amount,pre_funding_total_usd,pre_funding_max_usd,pre_unique_investor_count,pre_investor_count_max,years_of_history_pre,days_since_last_pre_round,max_feature_round_date
illumio,"Illumio, Inc.",2015-02-08,2017-06-07,2.327173169062286,1,first_ge_1b_event,2.0,2.0,42490000.0,34500000.0,4.0,3.0,1.998631074606434,508.0,2013-09-18
eternalnseieternal,Eternal Limited (NSEI:ETERNAL),2015-02-21,2020-12-18,5.823408624229979,1,first_ge_1b_event,3.0,3.0,106430000.0,59920000.0,3.0,3.0,1.998631074606434,95.0,2014-11-18
hirotsubioscience,Hirotsu Bio Science Inc.,2020-07-22,2021-07-16,0.9828884325804244,0,last_supplied_sub_1b_round_proxy,1.0,1.0,12570000.0,12570000.0,8.0,8.0,1.998631074606434,730.0,2018-07-23
grovecollaborativenysegrov,"Grove Collaborative Holdings, Inc. (NYSE:GROV)",2018-02-09,2020-11-24,2.7898699520876113,0,last_supplied_sub_1b_round_proxy,2.0,2.0,43400000.0,38210000.0,6.0,6.0,1.998631074606434,23.0,2018-01-17
jianpuotcpkaijty,Jianpu Technology Inc. (OTCPK:AIJT.Y),2015-07-22,2015-10-14,0.2299794661190965,0,last_supplied_sub_1b_round_proxy,1.0,1.0,30000000.0,30000000.0,4.0,4.0,1.998631074606434,730.0,2013-07-22
koboldmetals,KoBold Metals Company,2021-03-03,2025-01-01,3.8329911019849416,1,first_ge_1b_event,1.0,1.0,23220000.0,23220000.0,2.0,2.0,1.998631074606434,730.0,2019-03-04
pelotoninteractivenasdaqgspton,"Peloton Interactive, Inc. (NasdaqGS:PTON)",2015-12-31,2017-05-24,1.3963039014373717,0,last_supplied_sub_1b_round_proxy,4.0,4.0,117620000.0,75000000.0,3.0,2.0,1.998631074606434,29.0,2015-12-02
getaroundotcpkgetr,"Getaround, Inc. (OTCPK:GETR)",2014-08-02,2018-08-21,4.05201916495551,0,last_supplied_sub_1b_round_proxy,1.0,1.0,13900000.0,13900000.0,5.0,5.0,1.998631074606434,730.0,2012-08-02
zenleads,"ZenLeads, Inc.",2018-03-23,2023-08-29,5.434633812457221,1,first_ge_1b_event,1.0,1.0,120000.0,120000.0,1.0,1.0,1.998631074606434,730.0,2016-03-23
gotse581a,GO Inc. (TSE:581A),2020-07-29,2023-12-25,3.405886379192334,0,last_supplied_sub_1b_round_proxy,2.0,2.0,33760000.0,20270000.0,2.0,1.0,1.998631074606434,691.0,2018-09-07
koreacreditdata,"Korea Credit Data Co.,Ltd.",2022-01-01,2023-08-24,1.6427104722792607,0,last_supplied_sub_1b_round_proxy,1.0,0.0,0.0,0.0,3.0,3.0,1.998631074606434,730.0,2020-01-02
supabase,"Supabase, Inc.",2024-05-09,2025-09-08,1.3333333333333333,1,first_ge_1b_event,1.0,1.0,80000000.0,80000000.0,4.0,4.0,1.998631074606434,730.0,2022-05-10
smartpaddleprivate,Smartpaddle Technology Private Limited,2023-11-25,2025-03-11,1.2922655715263518,0,last_supplied_sub_1b_round_proxy,2.0,2.0,160740000.0,110740000.0,12.0,10.0,1.998631074606434,52.0,2023-10-04
opendoornasdaqgsopen,Opendoor Technologies Inc. (NasdaqGS:OPEN),2016-09-04,2018-09-27,2.0616016427104724,1,first_ge_1b_event,2.0,2.0,87240000.0,77160000.0,5.0,4.0,1.998631074606434,213.0,2016-02-04
everydaysoftwaresl,"Everyday Software, S.L.",2023-09-05,2026-06-03,2.7433264887063653,1,first_ge_1b_event,2.0,2.0,199800000.0,119590000.0,10.0,7.0,1.998631074606434,329.0,2022-10-11
jswoneplatforms,JSW One Platforms Limited,2025-04-09,2025-10-05,0.49007529089664614,0,last_supplied_sub_1b_round_proxy,1.0,1.0,25000000.0,25000000.0,1.0,1.0,1.998631074606434,730.0,2023-04-10
satispayspa,Satispay S.p.A.,2019-09-07,2022-09-28,3.058179329226557,0,last_supplied_sub_1b_round_proxy,2.0,2.0,39620000.0,22000000.0,11.0,7.0,1.998631074606434,352.0,2018-09-20
hiveloopprivate,Hiveloop Technology Private Limited,2020-09-02,2021-01-06,0.34496919917864477,1,first_ge_1b_event,1.0,1.0,223550000.0,223550000.0,2.0,2.0,1.998631074606434,730.0,2018-09-03
pantheonsystems,"Pantheon Systems, Inc.",2016-05-14,2021-07-12,5.160848733744011,0,last_supplied_sub_1b_round_proxy,1.0,1.0,21740000.0,21740000.0,4.0,4.0,1.998631074606434,730.0,2014-05-15
twinhealth,"Twin Health, Inc.",2022-10-27,2025-08-21,2.817248459958932,0,last_supplied_sub_1b_round_proxy,2.0,2.0,180310000.0,154810000.0,7.0,7.0,1.998631074606434,314.0,2021-12-17
guangzhousmartmoreinformation,"Guangzhou Smartmore Information Technology Co, Ltd.",2022-01-28,2024-08-01,2.507871321013005,1,first_ge_1b_event,1.0,1.0,10000000.0,10000000.0,1.0,1.0,1.998631074606434,730.0,2020-01-29
domonasdaqgmdomo,"Domo, Inc. (NasdaqGM:DOMO)",2015-03-11,2017-04-27,2.130047912388775,1,first_ge_1b_event,2.0,2.0,185000000.0,125000000.0,14.0,11.0,1.998631074606434,399.0,2014-02-05
fivestarbusinessfinancenseifivestar,Five-Star Business Finance Limited (NSEI:FIVESTAR),2019-08-09,2021-03-26,1.6290212183436004,1,first_ge_1b_event,2.0,2.0,102140000.0,52110000.0,5.0,4.0,1.998631074606434,18.0,2019-07-22
kohofinancial,KOHO Financial Inc.,2023-03-11,2026-06-11,3.252566735112936,0,last_supplied_sub_1b_round_proxy,1.0,1.0,55690000.0,55690000.0,3.0,3.0,1.998631074606434,730.0,2021-03-11
panoramaeducation,"Panorama Education, Inc.",2015-10-21,2021-09-02,5.867214236824093,0,last_supplied_sub_1b_round_proxy,1.0,1.0,4000000.0,4000000.0,8.0,8.0,1.998631074606434,730.0,2013-10-21
locusrobotics,Locus Robotics Corporation,2019-11-20,2022-11-29,3.025325119780972,1,first_ge_1b_event,3.0,3.0,65680000.0,25210000.0,6.0,5.0,1.998631074606434,223.0,2019-04-11
electrichydrogen,Electric Hydrogen Co.,2023-06-23,2023-10-23,0.33401779603011633,0,last_supplied_sub_1b_round_proxy,2.0,2.0,163190000.0,139330000.0,13.0,13.0,1.998631074606434,366.0,2022-06-22
stokespace,"Stoke Space Technologies, Inc.",2023-05-10,2026-02-10,2.757015742642026,1,first_ge_1b_event,1.0,1.0,9140000.0,9140000.0,4.0,4.0,1.998631074606434,730.0,2021-05-10
banmanetwork,"Banma Network Technology Co., Ltd.",2018-07-31,2023-09-13,5.119780971937029,1,first_ge_1b_event,1.0,1.0,75260000.0,75260000.0,2.0,2.0,1.998631074606434,730.0,2016-07-31
newyorkshippingexchange,"New York Shipping Exchange, Inc.",2017-09-13,2024-11-19,7.184120465434634,0,last_supplied_sub_1b_round_proxy,1.0,1.0,506000.0,506000.0,0.0,0.0,1.998631074606434,730.0,2015-09-14
gobrands,"GoBrands, Inc.",2018-06-01,2019-12-31,1.5824777549623545,1,first_ge_1b_event,1.0,1.0,8250000.0,8250000.0,1.0,1.0,1.998631074606434,730.0,2016-06-01
slack,"Slack Technologies, LLC",2012-03-31,2015-04-16,3.0417522245037647,1,first_ge_1b_event,2.0,2.0,18760000.0,10700000.0,2.0,2.0,1.998631074606434,354.0,2011-04-12
whoop,"WHOOP, Inc.",2016-06-19,2026-03-31,9.779603011635865,1,first_ge_1b_event,2.0,2.0,19310000.0,13310000.0,8.0,7.0,1.998631074606434,171.0,2015-12-31
megatronix,Megatronix Inc,2022-12-31,2025-05-31,2.414784394250513,0,last_supplied_sub_1b_round_proxy,2.0,2.0,145000000.0,105000000.0,6.0,6.0,1.998631074606434,518.0,2021-07-31
junipersquare,"Juniper Square, Inc.",2020-12-11,2025-06-16,4.511978097193703,0,last_supplied_sub_1b_round_proxy,2.0,2.0,100870000.0,75000000.0,4.0,4.0,1.998631074606434,386.0,2019-11-21
oysterhr,"Oyster HR, Inc.",2022-04-21,2024-09-04,2.3737166324435317,1,first_ge_1b_event,4.0,4.0,226920000.0,150000000.0,17.0,13.0,1.998631074606434,1.0,2022-04-20
retool,"Retool, Inc.",2019-08-23,2021-12-22,2.3326488706365502,1,first_ge_1b_event,1.0,1.0,120000.0,120000.0,1.0,1.0,1.998631074606434,730.0,2017-08-23
project1972,"Project 1972, Inc.",2021-06-24,2022-06-15,0.974674880219028,0,last_supplied_sub_1b_round_proxy,2.0,2.0,36800000.0,21800000.0,6.0,6.0,1.998631074606434,399.0,2020-05-21
tbctheboring,TBC-The Boring Company,2021-07-24,2022-05-02,0.7720739219712526,1,first_ge_1b_event,1.0,1.0,120090000.0,120090000.0,6.0,6.0,1.998631074606434,730.0,2019-07-25
kininsurance,"Kin Insurance, Inc.",2020-02-15,2025-09-08,5.563312799452429,1,first_ge_1b_event,1.0,1.0,13060000.0,13060000.0,1.0,1.0,1.998631074606434,730.0,2018-02-15
checkr,"Checkr, Inc.",2018-03-23,2019-09-19,1.4921286789869952,1,first_ge_1b_event,1.0,1.0,40410000.0,40410000.0,3.0,3.0,1.998631074606434,730.0,2016-03-23
lucidsoftware,Lucid Software Inc.,2013-07-25,2020-04-16,6.7268993839835725,0,last_supplied_sub_1b_round_proxy,1.0,1.0,530000.0,530000.0,4.0,4.0,1.998631074606434,730.0,2011-07-26
ladderfinancial,Ladder Financial Inc.,2018-10-19,2022-04-27,3.5208761122518824,0,last_supplied_sub_1b_round_proxy,2.0,2.0,54000000.0,40000000.0,8.0,7.0,1.998631074606434,157.0,2018-05-15
okl,"OKL Holdings, Inc.",2013-09-18,2014-01-30,0.3668720054757016,0,last_supplied_sub_1b_round_proxy,1.0,1.0,40000000.0,40000000.0,4.0,4.0,1.998631074606434,730.0,2011-09-19
segmentio,"Segment.io, Inc.",2016-10-07,2019-04-02,2.4832306639288158,1,first_ge_1b_event,2.0,2.0,41870000.0,27000000.0,4.0,3.0,1.998631074606434,364.0,2015-10-09
bindbenefits,"Bind Benefits, Inc.",2020-06-27,2020-10-21,0.31759069130732376,0,last_supplied_sub_1b_round_proxy,1.0,1.0,70460000.0,70460000.0,3.0,3.0,1.998631074606434,730.0,2018-06-28
flexport,"Flexport, Inc.",2018-09-26,2019-09-05,0.9418206707734429,1,first_ge_1b_event,2.0,2.0,175000000.0,110000000.0,9.0,7.0,1.998631074606434,355.0,2017-10-06
qumulo,"Qumulo, Inc.",2014-03-31,2021-04-20,7.055441478439425,1,first_ge_1b_event,2.0,2.0,26800000.0,24500000.0,3.0,3.0,1.998631074606434,496.0,2012-11-20
intelycare,"IntelyCare, Inc.",2022-02-19,2022-04-06,0.12594113620807665,0,last_supplied_sub_1b_round_proxy,1.0,1.0,36420000.0,36420000.0,3.0,3.0,1.998631074606434,730.0,2020-02-20
pateoconnectshanghaisehk2889,PATEO CONNECT Technology (Shanghai) Corporation (SEHK:2889),2017-11-16,2022-06-27,4.610540725530458,1,first_ge_1b_event,1.0,1.0,18840000.0,18840000.0,0.0,0.0,1.998631074606434,730.0,2015-11-17
moneyview,Moneyview Limited,2020-12-13,2024-09-12,3.7481177275838466,1,first_ge_1b_event,1.0,1.0,13840000.0,13840000.0,5.0,5.0,1.998631074606434,730.0,2018-12-14
semitech,Semi-tech,2025-05-04,2025-12-31,0.6598220396988365,1,first_ge_1b_event,2.0,2.0,93500000.0,72350000.0,16.0,10.0,1.998631074606434,490.0,2023-12-31
quickotechnosoftprivate,Quicko TechnoSoft Labs Private Limited,2023-06-08,2024-09-25,1.3004791238877482,0,last_supplied_sub_1b_round_proxy,1.0,1.0,89710000.0,89710000.0,6.0,6.0,1.998631074606434,730.0,2021-06-08
castai,CAST AI Group Inc.,2023-10-12,2025-04-30,1.5496235455167693,0,last_supplied_sub_1b_round_proxy,1.0,1.0,10000000.0,10000000.0,3.0,3.0,1.998631074606434,730.0,2021-10-12
zepto,Zepto Limited,2023-10-31,2023-11-07,0.019164955509924708,1,first_ge_1b_event,3.0,3.0,359900000.0,200000000.0,8.0,6.0,1.998631074606434,547.0,2022-05-02
carousellpte,Carousell Pte Ltd.,2021-04-09,2021-09-15,0.4353182751540041,1,first_ge_1b_event,2.0,2.0,136000000.0,80000000.0,5.0,4.0,1.998631074606434,206.0,2020-09-15
asananyseasan,"Asana, Inc. (NYSE:ASAN)",2014-07-23,2018-11-29,4.353182751540041,1,first_ge_1b_event,1.0,1.0,28000000.0,28000000.0,3.0,3.0,1.998631074606434,730.0,2012-07-23
shenzhenpindaorestaurantmanagement,"Shenzhen Pindao Restaurant Management Co., Ltd.",2019-12-31,2020-12-31,1.002053388090349,1,first_ge_1b_event,1.0,1.0,15200000.0,15200000.0,0.0,0.0,1.998631074606434,730.0,2017-12-31
quora,Quora Inc.,2012-03-27,2017-04-21,5.06776180698152,1,first_ge_1b_event,1.0,1.0,11000000.0,11000000.0,1.0,1.0,1.998631074606434,730.0,2010-03-28
stepmobile,"Step Mobile, Inc.",2020-12-30,2021-04-27,0.32306639288158795,0,last_supplied_sub_1b_round_proxy,3.0,3.0,76280000.0,50000000.0,8.0,6.0,1.998631074606434,28.0,2020-12-02
employmentheropty,Employment Hero Pty Ltd,2021-07-07,2023-10-18,2.2806297056810405,1,first_ge_1b_event,2.0,2.0,50330000.0,34990000.0,4.0,4.0,1.998631074606434,128.0,2021-03-01
chengduguoxingaerospace,"Chengdu Guoxing Aerospace Technology Co., Ltd.",2021-01-30,2026-04-17,5.210130047912389,1,first_ge_1b_event,2.0,2.0,36310000.0,21390000.0,7.0,5.0,1.998631074606434,207.0,2020-07-07
coalition,"Coalition, Inc.",2020-02-28,2021-03-17,1.0485968514715949,1,first_ge_1b_event,2.0,2.0,35000000.0,25000000.0,5.0,3.0,1.998631074606434,295.0,2019-05-09
cloudbees,"CloudBees, Inc.",2012-11-28,2021-12-09,9.02943189596167,0,last_supplied_sub_1b_round_proxy,2.0,2.0,15200000.0,10830000.0,2.0,2.0,1.998631074606434,492.0,2011-07-25
capitalrx,"Capital Rx, Inc.",2023-02-02,2024-03-22,1.1334702258726899,1,first_ge_1b_event,2.0,2.0,156000000.0,106000000.0,5.0,5.0,1.998631074606434,234.0,2022-06-13
cloudwalk,"CloudWalk, Inc.",2021-02-05,2021-11-17,0.7802874743326489,1,first_ge_1b_event,1.0,1.0,5000000.0,5000000.0,0.0,0.0,1.998631074606434,730.0,2019-02-06
farmersbusinessnetwork,"Farmer's Business Network, Inc.",2017-05-18,2020-08-03,3.2114989733059547,1,first_ge_1b_event,3.0,3.0,75240000.0,40130000.0,5.0,5.0,1.998631074606434,72.0,2017-03-07
odanorwayas,Oda Norway AS,2018-10-25,2022-12-06,4.114989733059549,0,last_supplied_sub_1b_round_proxy,2.0,1.0,18180000.0,18180000.0,4.0,3.0,1.998631074606434,71.0,2018-08-15
freenomenasdaqcmfrnm,"Freenome, Inc. (NasdaqCM:FRNM)",2018-06-07,2021-12-07,3.5017111567419574,1,first_ge_1b_event,2.0,2.0,77550000.0,72000000.0,14.0,13.0,1.998631074606434,297.0,2017-08-14
exegerswedenab,Exeger Sweden AB,2018-12-01,2025-11-06,6.93223819301848,0,last_supplied_sub_1b_round_proxy,1.0,1.0,5530000.0,5530000.0,1.0,1.0,1.998631074606434,730.0,2016-12-01
groundfloorfinance,Groundfloor Finance Inc.,2017-12-08,2023-01-24,5.127994524298426,0,last_supplied_sub_1b_round_proxy,1.0,1.0,5000000.0,5000000.0,1.0,1.0,1.998631074606434,730.0,2015-12-09
megatronixbeijing,"Megatronix (Beijing) Technology Co., Ltd.",2020-08-30,2022-12-31,2.3353867214236823,0,last_supplied_sub_1b_round_proxy,1.0,1.0,6000000.0,6000000.0,0.0,0.0,1.998631074606434,730.0,2018-08-31
socarkosea403550,SOCAR Inc. (KOSE:A403550),2017-11-23,2020-10-16,2.8966461327857633,0,last_supplied_sub_1b_round_proxy,1.0,1.0,56360000.0,56360000.0,2.0,2.0,1.998631074606434,730.0,2015-11-24
shenzhenxuncesehk3317,"Shenzhen Xunce Technology Co., Ltd. (SEHK:3317)",2019-06-28,2023-11-30,4.424366872005476,0,last_supplied_sub_1b_round_proxy,2.0,2.0,24080000.0,12900000.0,7.0,7.0,1.998631074606434,3.0,2019-06-25
freetechzhejiangintelligent,"Freetech (Zhejiang) Intelligent Technology Co., Ltd.",2023-09-30,2024-12-31,1.2539356605065024,0,last_supplied_sub_1b_round_proxy,3.0,3.0,27750000.0,14500000.0,5.0,2.0,1.998631074606434,273.0,2022-12-31
shanghaijushuitannetwork,"Shanghai Jushuitan Network Technology Co., Ltd.",2017-12-07,2020-08-24,2.7132101300479126,0,last_supplied_sub_1b_round_proxy,1.0,1.0,20000.0,20000.0,1.0,1.0,1.998631074606434,730.0,2015-12-08
mixpanel,"Mixpanel, Inc.",2016-12-17,2021-11-15,4.91170431211499,1,first_ge_1b_event,1.0,1.0,65000000.0,65000000.0,1.0,1.0,1.998631074606434,730.0,2014-12-18
lonegull,"Lone Gull Holdings, Ltd.",2024-02-25,2026-05-22,2.236824093086927,0,last_supplied_sub_1b_round_proxy,1.0,1.0,52650000.0,52650000.0,0.0,0.0,1.998631074606434,730.0,2022-02-25
cybereason,Cybereason Inc.,2017-05-05,2021-10-19,4.457221081451061,1,first_ge_1b_event,2.0,2.0,83750000.0,59000000.0,4.0,3.0,1.998631074606434,583.0,2015-09-30
shanghaixizhisehk1879,"Shanghai Xizhi Technology Co., Ltd. (SEHK:1879)",2022-07-13,2025-04-30,2.7980835044490076,1,first_ge_1b_event,1.0,1.0,38160000.0,38160000.0,0.0,0.0,1.998631074606434,730.0,2020-07-13
branchmetrics,"Branch Metrics, Inc.",2016-09-22,2022-02-10,5.385352498288843,1,first_ge_1b_event,3.0,3.0,53400000.0,35400000.0,6.0,5.0,1.998631074606434,239.0,2016-01-27
rubiustherapeutics,"Rubius Therapeutics, Inc.",2017-12-08,2018-03-01,0.2272416153319644,0,last_supplied_sub_1b_round_proxy,2.0,2.0,138340000.0,120520000.0,1.0,1.0,1.998631074606434,170.0,2017-06-21
reputationcom,"Reputation.com, Inc.",2012-06-19,2022-01-25,9.60164271047228,0,last_supplied_sub_1b_round_proxy,1.0,1.0,15000000.0,15000000.0,3.0,3.0,1.998631074606434,730.0,2010-06-20
tally,"Tally Technologies, Inc.",2017-06-29,2022-10-03,5.262149212867898,0,last_supplied_sub_1b_round_proxy,2.0,2.0,17000000.0,15000000.0,5.0,4.0,1.998631074606434,406.0,2016-05-19
foursquare,"Foursquare Labs, Inc.",2012-06-28,2018-10-02,6.261464750171116,0,last_supplied_sub_1b_round_proxy,1.0,1.0,20000000.0,20000000.0,3.0,3.0,1.998631074606434,730.0,2010-06-29
formlabs,Formlabs Inc.,2015-10-24,2021-05-19,5.568788501026694,1,first_ge_1b_event,1.0,1.0,19190000.0,19190000.0,3.0,3.0,1.998631074606434,730.0,2013-10-24
freetrade,Freetrade Limited,2021-04-24,2023-06-26,2.1711156741957565,0,last_supplied_sub_1b_round_proxy,4.0,4.0,64430000.0,48530000.0,3.0,3.0,1.998631074606434,33.0,2021-03-22
kriyatherapeutics,"Kriya Therapeutics, Inc.",2022-08-18,2023-07-26,0.9363449691991786,0,last_supplied_sub_1b_round_proxy,2.0,2.0,187630000.0,100000000.0,14.0,12.0,1.998631074606434,400.0,2021-07-14
fin,Fin,2015-06-19,2018-03-27,2.7707049965776864,1,first_ge_1b_event,2.0,2.0,31270000.0,22750000.0,3.0,2.0,1.998631074606434,513.0,2014-01-22
nirvanatech,"Nirvana Tech, Inc.",2022-12-31,2025-12-18,2.965092402464066,1,first_ge_1b_event,1.0,1.0,3170000.0,3170000.0,2.0,2.0,1.998631074606434,730.0,2020-12-31
bukspa,Buk SpA,2023-10-05,2025-01-06,1.2566735112936345,0,last_supplied_sub_1b_round_proxy,1.0,1.0,50000000.0,50000000.0,2.0,2.0,1.998631074606434,730.0,2021-10-05
iru,"Iru, Inc.",2021-10-27,2024-07-17,2.7214236824093088,0,last_supplied_sub_1b_round_proxy,3.0,3.0,28430000.0,21060000.0,5.0,4.0,1.998631074606434,377.0,2020-10-15
amplitudenasdaqcmampl,"Amplitude, Inc. (NasdaqCM:AMPL)",2020-12-04,2021-06-09,0.5119780971937029,1,first_ge_1b_event,1.0,1.0,79800000.0,79800000.0,5.0,5.0,1.998631074606434,730.0,2018-12-05
oravelstays,Oravel Stays Limited,2016-09-29,2020-03-17,3.463381245722108,1,first_ge_1b_event,4.0,4.0,190660000.0,100190000.0,6.0,4.0,1.998631074606434,69.0,2016-07-22
buzzfeednasdaqcmbzfd,"BuzzFeed, Inc. (NasdaqCM:BZFD)",2015-01-03,2015-08-18,0.621492128678987,1,first_ge_1b_event,2.0,2.0,69370000.0,50000000.0,6.0,5.0,1.998631074606434,146.0,2014-08-10
flipboard,"Flipboard, Inc.",2013-04-13,2013-12-09,0.6570841889117043,0,last_supplied_sub_1b_round_proxy,1.0,1.0,50000000.0,50000000.0,4.0,4.0,1.998631074606434,730.0,2011-04-14
flipkartonlineservicespvt,Flipkart Online Services Pvt. Ltd.,2014-01-29,2014-08-31,0.5859000684462696,1,first_ge_1b_event,1.0,1.0,150000000.0,150000000.0,4.0,4.0,1.998631074606434,730.0,2012-01-30
optimizelynorthamerica,Optimizely North America Inc.,2015-04-16,2019-06-18,4.172484599589322,0,last_supplied_sub_1b_round_proxy,2.0,2.0,90690000.0,57000000.0,6.0,5.0,1.998631074606434,346.0,2014-05-05
directvetmarketing,"Direct Vet Marketing, Inc.",2015-06-17,2017-07-19,2.088980150581793,0,last_supplied_sub_1b_round_proxy,1.0,1.0,6590000.0,6590000.0,5.0,5.0,1.998631074606434,730.0,2013-06-17
factorialenergynasdaqgmfac,Factorial Energy Inc. (NasdaqGM:FAC),2019-03-21,2022-01-20,2.836413415468857,0,last_supplied_sub_1b_round_proxy,1.0,1.0,120000.0,120000.0,1.0,1.0,1.998631074606434,730.0,2017-03-21
starry,"Starry, Inc.",2018-12-16,2019-04-26,0.3586584531143053,0,last_supplied_sub_1b_round_proxy,2.0,2.0,130000000.0,100000000.0,0.0,0.0,1.998631074606434,166.0,2018-07-03
caspersleep,Casper Sleep Inc.,2016-03-30,2017-05-25,1.1526351813826146,0,last_supplied_sub_1b_round_proxy,3.0,3.0,69950000.0,55000000.0,15.0,13.0,1.998631074606434,282.0,2015-06-22
accesstelecare,"Access TeleCare Holdings, Inc.",2017-11-03,2020-10-30,2.9897330595482545,0,last_supplied_sub_1b_round_proxy,2.0,1.0,5000000.0,5000000.0,1.0,1.0,1.998631074606434,730.0,2015-11-04
turo,Turo Inc.,2015-09-16,2020-02-05,4.388774811772758,0,last_supplied_sub_1b_round_proxy,2.0,2.0,63530000.0,37010000.0,8.0,6.0,1.998631074606434,400.0,2014-08-12
roppentransportationservicesprivate,Roppen Transportation Services Private Limited,2021-08-26,2025-06-09,3.786447638603696,1,first_ge_1b_event,1.0,1.0,54650000.0,54650000.0,7.0,7.0,1.998631074606434,730.0,2019-08-27
shanghaiiluvatarcorexsemiconductorsehk9903,"Shanghai Iluvatar CoreX Semiconductor Co., Ltd. (SEHK:9903)",2018-11-22,2022-04-22,3.4140999315537304,1,first_ge_1b_event,3.0,3.0,28200000.0,21380000.0,0.0,0.0,1.998631074606434,129.0,2018-07-16
movable,"Movable, Inc.",2015-05-08,2022-04-28,6.973305954825462,0,last_supplied_sub_1b_round_proxy,1.0,1.0,11000000.0,11000000.0,7.0,7.0,1.998631074606434,730.0,2013-05-08
procorenysepcor,"Procore Technologies, Inc. (NYSE:PCOR)",2016-11-12,2018-12-13,2.083504449007529,1,first_ge_1b_event,3.0,3.0,126150000.0,80000000.0,2.0,2.0,1.998631074606434,269.0,2016-02-17
databricks,"Databricks, Inc.",2018-12-14,2019-02-05,0.14510609171800137,1,first_ge_1b_event,2.0,2.0,200370000.0,140000000.0,6.0,6.0,1.998631074606434,479.0,2017-08-22
superhuman,"Superhuman Labs, Inc.",2021-05-30,2021-08-04,0.1806981519507187,0,last_supplied_sub_1b_round_proxy,1.0,1.0,33000000.0,33000000.0,1.0,1.0,1.998631074606434,730.0,2019-05-31
darktrace,Darktrace Limited,2017-03-16,2018-09-26,1.5304585900068446,1,first_ge_1b_event,3.0,3.0,105500000.0,65000000.0,9.0,6.0,1.998631074606434,254.0,2016-07-05
agilesports,"Agile Sports Technologies, Inc.",2019-07-06,2020-06-03,0.9117043121149897,0,last_supplied_sub_1b_round_proxy,1.0,1.0,30000000.0,30000000.0,2.0,2.0,1.998631074606434,730.0,2017-07-06
beejapuridairyprivate,Beejapuri Dairy Private Limited,2024-05-24,2024-08-04,0.1971252566735113,0,last_supplied_sub_1b_round_proxy,2.0,2.0,127550000.0,107760000.0,9.0,8.0,1.998631074606434,140.0,2024-01-05
humaninterest,"Human Interest, Inc.",2017-08-18,2024-07-17,6.913073237508556,1,first_ge_1b_event,1.0,1.0,120000.0,120000.0,1.0,1.0,1.998631074606434,730.0,2015-08-19
ateapharmaceuticalsnasdaqgsavir,"Atea Pharmaceuticals, Inc. (NasdaqGS:AVIR)",2016-09-16,2020-05-20,3.67419575633128,0,last_supplied_sub_1b_round_proxy,1.0,1.0,20000000.0,20000000.0,1.0,1.0,1.998631074606434,730.0,2014-09-17
netradyne,"Netradyne, Inc.",2020-09-26,2025-01-16,4.306639288158795,1,first_ge_1b_event,1.0,1.0,21000000.0,21000000.0,3.0,3.0,1.998631074606434,730.0,2018-09-27
mininglampsehk2718,Mininglamp Technology (SEHK:2718),2012-07-15,2019-05-31,6.874743326488707,1,first_ge_1b_event,2.0,2.0,10456000.0,9770000.0,4.0,4.0,1.998631074606434,270.0,2011-10-19
63ideasinfolabsprivate,63Ideas Infolabs Private Limited,2021-07-15,2022-05-18,0.840520191649555,0,last_supplied_sub_1b_round_proxy,1.0,1.0,91440000.0,91440000.0,1.0,1.0,1.998631074606434,730.0,2019-07-16
tanium,Tanium Inc.,2012-10-11,2017-05-25,4.618754277891855,1,first_ge_1b_event,2.0,2.0,2740000.0,1740000.0,0.0,0.0,1.998631074606434,409.0,2011-08-29
levisionpictures,Le Vision Pictures Co Ltd,2015-08-09,2015-10-20,0.1971252566735113,1,first_ge_1b_event,2.0,2.0,88010000.0,55360000.0,3.0,3.0,1.998631074606434,328.0,2014-09-15
revolutionfoods,"Revolution Foods, PBC",2012-12-11,2021-09-08,8.7419575633128,0,last_supplied_sub_1b_round_proxy,2.0,2.0,32750000.0,20000000.0,0.0,0.0,1.998631074606434,288.0,2012-02-27
dremio,Dremio Corporation,2017-09-24,2022-01-25,4.336755646817249,1,first_ge_1b_event,1.0,1.0,12040000.0,12040000.0,2.0,2.0,1.998631074606434,730.0,2015-09-25
filevine,"Filevine, Inc.",2019-07-12,2022-04-14,2.757015742642026,0,last_supplied_sub_1b_round_proxy,2.0,2.0,4780000.0,4000000.0,0.0,0.0,1.998631074606434,464.0,2018-04-04
safetyculturepluspty,SafetyCulture Plus Pty Ltd,2017-09-21,2021-05-03,3.6139630390143735,1,first_ge_1b_event,1.0,1.0,4310000.0,4310000.0,2.0,2.0,1.998631074606434,730.0,2015-09-22
ozon,Ozon Holdings PLC,2016-04-28,2018-03-08,1.8590006844626967,0,last_supplied_sub_1b_round_proxy,1.0,1.0,150000000.0,150000000.0,2.0,2.0,1.998631074606434,730.0,2014-04-29
gingerio,"Ginger.io, Inc.",2013-10-17,2021-03-24,7.433264887063655,0,last_supplied_sub_1b_round_proxy,2.0,2.0,7900000.0,6200000.0,7.0,6.0,1.998631074606434,323.0,2012-11-28
hydrahost,"Hydra Host, Inc.",2024-03-22,2026-06-15,2.2313483915126624,0,last_supplied_sub_1b_round_proxy,1.0,1.0,9660000.0,9660000.0,0.0,0.0,1.998631074606434,730.0,2022-03-23
klarsadecvsfp,"Klar Technologies, S.A. de C.V., S.F.P.",2024-06-08,2025-07-01,1.0622861054072552,0,last_supplied_sub_1b_round_proxy,1.0,1.0,90000000.0,90000000.0,8.0,8.0,1.998631074606434,730.0,2022-06-09
zolveinnovations,"Zolve Innovations, Inc.",2023-02-17,2025-03-11,2.0616016427104724,0,last_supplied_sub_1b_round_proxy,1.0,1.0,15000000.0,15000000.0,4.0,4.0,1.998631074606434,730.0,2021-02-17
altopharmacy,"Alto Pharmacy, LLC",2018-12-31,2023-09-25,4.733744010951403,0,last_supplied_sub_1b_round_proxy,1.0,1.0,6600000.0,6600000.0,1.0,1.0,1.998631074606434,730.0,2016-12-31
liquiditycapitalmc,Liquidity Capital M.C. Ltd,2022-10-22,2023-02-20,0.33127994524298426,1,first_ge_1b_event,2.0,1.0,20000000.0,20000000.0,3.0,3.0,1.998631074606434,200.0,2022-04-05
tiltcard,"Tilt Card, Inc.",2019-09-08,2022-01-05,2.327173169062286,0,last_supplied_sub_1b_round_proxy,3.0,3.0,47220000.0,30210000.0,16.0,13.0,1.998631074606434,222.0,2019-01-29
flohealth,"Flo Health, Inc.",2018-12-15,2021-09-09,2.735112936344969,0,last_supplied_sub_1b_round_proxy,1.0,1.0,263000.0,263000.0,2.0,2.0,1.998631074606434,730.0,2016-12-15
workboard,WorkBoard Inc.,2016-02-25,2021-05-04,5.188227241615332,0,last_supplied_sub_1b_round_proxy,1.0,1.0,2840000.0,2840000.0,4.0,4.0,1.998631074606434,730.0,2014-02-25
fenergo,Fenergo Ltd,2017-08-30,2020-02-12,2.4531143052703626,0,last_supplied_sub_1b_round_proxy,1.0,1.0,95210000.0,95210000.0,2.0,2.0,1.998631074606434,730.0,2015-08-31
etoronasdaqgsetor,eToro Group Ltd. (NasdaqGS:ETOR),2017-04-19,2023-03-21,5.919233401779603,1,first_ge_1b_event,1.0,1.0,29000000.0,29000000.0,5.0,5.0,1.998631074606434,730.0,2015-04-20
skyscanner,Skyscanner Holdings Limited,2015-10-02,2016-01-11,0.27652292950034224,1,first_ge_1b_event,1.0,0.0,0.0,0.0,1.0,1.0,1.998631074606434,730.0,2013-10-02
swiftlysystems,"Swiftly Systems, Inc.",2021-09-09,2022-09-19,1.0266940451745379,0,last_supplied_sub_1b_round_proxy,1.0,1.0,15600000.0,15600000.0,0.0,0.0,1.998631074606434,730.0,2019-09-10
productboard,"ProductBoard, Inc.",2021-02-03,2022-02-02,0.9965776865160849,1,first_ge_1b_event,2.0,2.0,63000000.0,45000000.0,8.0,5.0,1.998631074606434,385.0,2020-01-15
legacyejy,"Legacy EJY, Inc.",2016-10-28,2019-08-27,2.8281998631074607,0,last_supplied_sub_1b_round_proxy,1.0,1.0,26500000.0,26500000.0,0.0,0.0,1.998631074606434,730.0,2014-10-29
girnarinsurancebrokersprivate,Girnar Insurance Brokers Private Limited,2025-02-12,2025-03-04,0.05475701574264202,0,last_supplied_sub_1b_round_proxy,2.0,2.0,136140000.0,76100000.0,9.0,6.0,1.998631074606434,490.0,2023-10-11
lyftnasdaqgslyft,"Lyft, Inc. (NasdaqGS:LYFT)",2012-08-22,2015-05-15,2.726899383983573,1,first_ge_1b_event,2.0,2.0,7570000.0,6200000.0,4.0,4.0,1.998631074606434,336.0,2011-09-21
bluecore,"Bluecore, Inc.",2019-10-04,2021-08-05,1.83709787816564,0,last_supplied_sub_1b_round_proxy,1.0,1.0,34630000.0,34630000.0,4.0,4.0,1.998631074606434,730.0,2017-10-04
perfectday,"Perfect Day, Inc.",2016-10-08,2020-11-17,4.1095140314852845,0,last_supplied_sub_1b_round_proxy,1.0,1.0,2060000.0,2060000.0,0.0,0.0,1.998631074606434,730.0,2014-10-09
m2psolutionsprivate,M2P Solutions Private Limited,2023-10-12,2024-09-24,0.9527720739219713,0,last_supplied_sub_1b_round_proxy,2.0,2.0,90530000.0,55530000.0,10.0,7.0,1.998631074606434,381.0,2022-09-26
modular,"Modular, Inc.",2022-03-05,2025-09-24,3.5564681724845997,0,last_supplied_sub_1b_round_proxy,1.0,1.0,3650000.0,3650000.0,7.0,7.0,1.998631074606434,730.0,2020-03-05
beijingwelionnewenergy,"Beijing WeLion New Energy Technology Co., Ltd.",2023-11-26,2025-09-30,1.8453114305270362,1,first_ge_1b_event,1.0,1.0,78220000.0,78220000.0,6.0,6.0,1.998631074606434,730.0,2021-11-26
postmates,Postmates Inc.,2016-02-18,2019-01-10,2.8939082819986313,1,first_ge_1b_event,2.0,2.0,36830000.0,20620000.0,5.0,4.0,1.998631074606434,383.0,2015-01-31
pathai,"PathAI, Inc.",2019-11-02,2021-05-18,1.541409993155373,0,last_supplied_sub_1b_round_proxy,1.0,1.0,15490000.0,15490000.0,5.0,5.0,1.998631074606434,730.0,2017-11-02
neofinancial,Neo Financial Technologies Inc.,2024-05-04,2024-10-11,0.4380561259411362,0,last_supplied_sub_1b_round_proxy,1.0,1.0,144130000.0,144130000.0,7.0,7.0,1.998631074606434,730.0,2022-05-05
herofincorp,Hero FinCorp Limited,2018-09-15,2022-02-08,3.40041067761807,1,first_ge_1b_event,1.0,1.0,149760000.0,149760000.0,3.0,3.0,1.998631074606434,730.0,2016-09-15
viewthespace,"View the Space, Inc.",2015-12-02,2022-09-06,6.76249144421629,1,first_ge_1b_event,3.0,3.0,32150000.0,21350000.0,3.0,2.0,1.998631074606434,140.0,2015-07-15
fsnecommerceventuresnseinykaa,FSN E-Commerce Ventures Limited (NSEI:NYKAA),2017-10-04,2020-03-24,2.4695414099931554,1,first_ge_1b_event,3.0,3.0,36920000.0,15460000.0,3.0,2.0,1.998631074606434,300.0,2016-12-08
lendbuzzfunding,"Lendbuzz Funding, LLC",2021-07-14,2023-10-04,2.223134839151266,1,first_ge_1b_event,1.0,1.0,17370000.0,17370000.0,1.0,1.0,1.998631074606434,730.0,2019-07-15
proterra,Proterra Inc.,2012-05-26,2018-09-18,6.313483915126626,0,last_supplied_sub_1b_round_proxy,2.0,2.0,91960000.0,50890000.0,6.0,5.0,1.998631074606434,339.0,2011-06-22
wizrocket,WizRocket Inc.,2021-04-09,2022-08-09,1.3333333333333333,0,last_supplied_sub_1b_round_proxy,2.0,2.0,61000000.0,35000000.0,3.0,3.0,1.998631074606434,542.0,2019-10-15
dunzodigitalprivate,Dunzo Digital Private Limited,2019-12-05,2022-01-06,2.088980150581793,0,last_supplied_sub_1b_round_proxy,2.0,2.0,57550000.0,45000000.0,6.0,4.0,1.998631074606434,62.0,2019-10-04
adaptivebiotechnologiesnasdaqgsadpt,Adaptive Biotechnologies Corporation (NasdaqGS:ADPT),2013-06-01,2015-05-06,1.9274469541409993,1,first_ge_1b_event,1.0,1.0,9670000.0,9670000.0,0.0,0.0,1.998631074606434,730.0,2011-06-02
cyberhaven,"Cyberhaven, Inc.",2018-07-28,2025-04-02,6.680355920602327,0,last_supplied_sub_1b_round_proxy,1.0,1.0,2120000.0,2120000.0,1.0,1.0,1.998631074606434,730.0,2016-07-28
pindropsecurity,"Pindrop Security, Inc.",2015-06-19,2022-12-13,7.485284052019165,0,last_supplied_sub_1b_round_proxy,2.0,2.0,48050000.0,35150000.0,6.0,6.0,1.998631074606434,121.0,2015-02-18
h1insights,"H1 Insights, Inc.",2022-04-22,2026-05-28,4.098562628336755,0,last_supplied_sub_1b_round_proxy,2.0,2.0,71000000.0,58020000.0,11.0,7.0,1.998631074606434,491.0,2020-12-17
discord,Discord Inc.,2016-05-20,2018-04-19,1.9137577002053388,1,first_ge_1b_event,3.0,3.0,32400000.0,19140000.0,7.0,5.0,1.998631074606434,115.0,2016-01-26
wuhansiliconintegrated,"Wuhan Silicon Integrated Co., Ltd.",2024-01-24,2025-08-14,1.5550992470910336,0,last_supplied_sub_1b_round_proxy,1.0,1.0,47390000.0,47390000.0,4.0,4.0,1.998631074606434,730.0,2022-01-24
eatjust,"Eat Just, Inc.",2014-12-31,2016-12-31,2.001368925393566,0,last_supplied_sub_1b_round_proxy,3.0,3.0,115000000.0,90000000.0,9.0,7.0,1.998631074606434,13.0,2014-12-18
iorahealth,"Iora Health, Inc.",2018-10-13,2020-02-10,1.3278576317590691,1,first_ge_1b_event,2.0,2.0,174990000.0,100000000.0,10.0,9.0,1.998631074606434,145.0,2018-05-21
frontapp,"FrontApp, Inc.",2018-05-26,2022-06-28,4.090349075975359,1,first_ge_1b_event,2.0,2.0,76630000.0,66500000.0,3.0,2.0,1.998631074606434,122.0,2018-01-24
furiosaai,"FuriosaAI, Inc.",2023-05-31,2025-06-05,2.0150581793292264,0,last_supplied_sub_1b_round_proxy,1.0,1.0,72170000.0,72170000.0,3.0,3.0,1.998631074606434,730.0,2021-05-31
verygoodsecurity,"Very Good Security, Inc.",2020-08-27,2020-12-18,0.30937713894592744,1,first_ge_1b_event,2.0,2.0,43510000.0,35000000.0,6.0,4.0,1.998631074606434,308.0,2019-10-24
minieyesehk2431,"Minieye Technology Co., Ltd (SEHK:2431)",2017-03-17,2023-12-31,6.789869952087611,0,last_supplied_sub_1b_round_proxy,2.0,2.0,1951000.0,1550000.0,1.0,1.0,1.998631074606434,351.0,2016-03-31
parafin,"Parafin Technologies, Inc.",2019-10-24,2024-12-17,5.149897330595483,0,last_supplied_sub_1b_round_proxy,1.0,1.0,20000.0,20000.0,1.0,1.0,1.998631074606434,730.0,2017-10-24
atlanpte,Atlan Pte Ltd,2024-03-01,2024-05-08,0.1861738535249829,0,last_supplied_sub_1b_round_proxy,1.0,1.0,50000000.0,50000000.0,4.0,4.0,1.998631074606434,730.0,2022-03-02
pineconesystems,"Pinecone Systems, Inc.",2023-01-27,2023-04-27,0.2464065708418891,0,last_supplied_sub_1b_round_proxy,2.0,2.0,38160000.0,28000000.0,3.0,3.0,1.998631074606434,304.0,2022-03-29
loopnow,"Loop Now Technologies, Inc.",2020-08-15,2022-05-24,1.7713894592744694,0,last_supplied_sub_1b_round_proxy,1.0,1.0,11310000.0,11310000.0,0.0,0.0,1.998631074606434,730.0,2018-08-16
squire,"Squire Technologies, Inc.",2018-08-22,2021-07-28,2.9322381930184807,0,last_supplied_sub_1b_round_proxy,1.0,1.0,120000.0,120000.0,1.0,1.0,1.998631074606434,730.0,2016-08-22
therapymatch,"Therapymatch, Inc.",2021-12-30,2024-07-23,2.5626283367556466,1,first_ge_1b_event,3.0,3.0,102290000.0,70000000.0,6.0,5.0,1.998631074606434,240.0,2021-05-04
fincoservices,"Finco Services, Inc.",2020-02-27,2021-04-27,1.163586584531143,1,first_ge_1b_event,2.0,2.0,30250000.0,20000000.0,8.0,6.0,1.998631074606434,126.0,2019-10-24
thirdlove,"ThirdLove, Inc.",2014-12-31,2019-02-26,4.15605749486653,0,last_supplied_sub_1b_round_proxy,1.0,1.0,4630000.0,4630000.0,5.0,5.0,1.998631074606434,730.0,2012-12-31
includedhealth,"Included Health, Inc.",2015-02-15,2020-09-09,5.566050650239562,1,first_ge_1b_event,2.0,2.0,9980000.0,9180000.0,2.0,1.0,1.998631074606434,635.0,2013-05-21
collectivehealth,"CollectiveHealth, Inc.",2016-08-11,2021-05-04,4.728268309377139,1,first_ge_1b_event,3.0,3.0,118590000.0,81090000.0,10.0,7.0,1.998631074606434,296.0,2015-10-20
ably,"ABLY Corp., Inc.",2024-02-03,2024-12-02,0.8295687885010267,1,first_ge_1b_event,2.0,2.0,94940000.0,55820000.0,7.0,6.0,1.998631074606434,317.0,2023-03-23
bloomreach,"Bloomreach, Inc.",2012-09-29,2022-02-23,9.401779603011637,1,first_ge_1b_event,1.0,1.0,13500000.0,13500000.0,2.0,2.0,1.998631074606434,730.0,2010-09-30
pocketfmprivate,Pocket FM Private Limited,2022-04-30,2024-03-20,1.88911704312115,0,last_supplied_sub_1b_round_proxy,1.0,1.0,5500000.0,5500000.0,3.0,3.0,1.998631074606434,730.0,2020-04-30
polyai,PolyAI Limited,2024-09-06,2025-12-15,1.273100616016427,0,last_supplied_sub_1b_round_proxy,1.0,1.0,40000000.0,40000000.0,5.0,5.0,1.998631074606434,730.0,2022-09-07
shadowfaxnseishadowfax,Shadowfax Technologies Limited (NSEI:SHADOWFAX),2024-07-10,2025-03-04,0.648870636550308,0,last_supplied_sub_1b_round_proxy,2.0,2.0,79990000.0,68000000.0,8.0,8.0,1.998631074606434,134.0,2024-02-27
sutro,Sutro Labs Inc.,2021-12-30,2022-02-07,0.10677618069815195,0,last_supplied_sub_1b_round_proxy,2.0,2.0,20380000.0,16079999.999999998,3.0,2.0,1.998631074606434,315.0,2021-02-18
budbeeab,Budbee AB,2020-04-25,2022-05-23,2.0752908966461328,0,last_supplied_sub_1b_round_proxy,2.0,2.0,14650000.0,9250000.0,2.0,2.0,1.998631074606434,383.0,2019-04-08
beijingsiliconflow,"Beijing SiliconFlow Technology Co., Ltd.",2025-12-30,2026-06-16,0.459958932238193,1,first_ge_1b_event,1.0,1.0,7050000.0,7050000.0,1.0,1.0,1.998631074606434,730.0,2023-12-31
ample,"Ample, Inc.",2023-08-19,2024-11-19,1.2539356605065024,0,last_supplied_sub_1b_round_proxy,1.0,1.0,160000000.0,160000000.0,6.0,6.0,1.998631074606434,730.0,2021-08-19
mobileyenv,Mobileye N.V.,2012-03-15,2013-08-22,1.4373716632443532,1,first_ge_1b_event,1.0,1.0,37000000.0,37000000.0,3.0,3.0,1.998631074606434,730.0,2010-03-16
om1,"OM1, Inc.",2019-04-06,2021-07-16,2.2778918548939084,0,last_supplied_sub_1b_round_proxy,2.0,2.0,35950000.0,21000000.0,4.0,3.0,1.998631074606434,319.0,2018-05-22
onemobikwiksystemsnseimobikwik,One MobiKwik Systems Limited (NSEI:MOBIKWIK),2019-08-08,2021-06-09,1.83709787816564,0,last_supplied_sub_1b_round_proxy,2.0,2.0,38650000.0,35310000.0,4.0,3.0,1.998631074606434,237.0,2018-12-14
happymoney,"Happy Money, Inc.",2016-10-22,2022-02-08,5.297741273100616,0,last_supplied_sub_1b_round_proxy,1.0,1.0,12000000.0,12000000.0,1.0,1.0,1.998631074606434,730.0,2014-10-23
yieldstreet,"YieldStreet, Inc.",2017-12-13,2021-11-17,3.9288158795345653,0,last_supplied_sub_1b_round_proxy,1.0,1.0,3720000.0,3720000.0,2.0,2.0,1.998631074606434,730.0,2015-12-14
jumpcloud,JumpCloud Inc.,2016-01-23,2021-10-19,5.738535249828884,1,first_ge_1b_event,2.0,2.0,6280000.0,3200000.0,2.0,2.0,1.998631074606434,288.0,2015-04-10
luoshirobot,"Luoshi Robot Group Co., Ltd.",2017-05-04,2026-07-10,9.182751540041068,0,last_supplied_sub_1b_round_proxy,2.0,2.0,1806000.0,1500000.0,2.0,1.0,1.998631074606434,296.0,2016-07-12
wakefitinnovationsnseiwakefit,Wakefit Innovations Limited (NSEI:WAKEFIT),2020-12-09,2025-11-15,4.933607118412047,0,last_supplied_sub_1b_round_proxy,1.0,1.0,8970000.0,8970000.0,1.0,1.0,1.998631074606434,730.0,2018-12-10
volta,Volta Inc.,2017-06-09,2022-03-03,4.731006160164271,0,last_supplied_sub_1b_round_proxy,1.0,1.0,8830000.0,8830000.0,5.0,5.0,1.998631074606434,730.0,2015-06-10
tractian,Tractian Technologies Inc.,2023-06-01,2024-12-09,1.5249828884325805,0,last_supplied_sub_1b_round_proxy,1.0,1.0,3700000.0,3700000.0,1.0,1.0,1.998631074606434,730.0,2021-06-01
tulipinterfaces,"Tulip Interfaces, Inc.",2021-09-30,2025-12-22,4.227241615331964,1,first_ge_1b_event,2.0,2.0,139900000.0,100000000.0,6.0,6.0,1.998631074606434,51.0,2021-08-10
eshares,"eShares, Inc.",2015-08-13,2019-05-06,3.728952772073922,1,first_ge_1b_event,3.0,3.0,27110000.0,18000000.0,12.0,7.0,1.998631074606434,30.0,2015-07-14
maxhealthcareinstitutebse543220,Max Healthcare Institute Limited (BSE:543220),2014-01-22,2014-11-10,0.7994524298425736,0,last_supplied_sub_1b_round_proxy,1.0,1.0,103120000.0,103120000.0,1.0,1.0,1.998631074606434,730.0,2012-01-23
kareo,"Kareo, Inc.",2012-09-12,2025-12-17,13.262149212867898,0,last_supplied_sub_1b_round_proxy,1.0,1.0,2510000.0,2510000.0,1.0,1.0,1.998631074606434,730.0,2010-09-13
zerohash,Zero Hash Holdings Ltd.,2022-09-01,2025-09-23,3.060917180013689,0,last_supplied_sub_1b_round_proxy,2.0,2.0,39750000.0,35000000.0,9.0,6.0,1.998631074606434,336.0,2021-09-30
vroomnasdaqgmvrm,"Vroom, Inc. (NasdaqGM:VRM)",2015-07-05,2018-12-11,3.436002737850787,0,last_supplied_sub_1b_round_proxy,1.0,1.0,7250000.0,7250000.0,0.0,0.0,1.998631074606434,730.0,2013-07-05
markforgedholding,Markforged Holding Corporation,2018-03-31,2019-03-20,0.9691991786447639,0,last_supplied_sub_1b_round_proxy,2.0,2.0,45180000.0,30000000.0,6.0,6.0,1.998631074606434,150.0,2017-11-01
modernizingmedicine,"Modernizing Medicine, Inc.",2015-08-20,2017-05-10,1.7221081451060918,0,last_supplied_sub_1b_round_proxy,2.0,2.0,34000000.0,20000000.0,3.0,3.0,1.998631074606434,154.0,2015-03-19
alzheon,"Alzheon, Inc.",2022-01-14,2022-04-14,0.2464065708418891,0,last_supplied_sub_1b_round_proxy,1.0,1.0,7220000.0,7220000.0,0.0,0.0,1.998631074606434,730.0,2020-01-15
seeq,Seeq Corporation,2015-11-06,2024-08-06,8.750171115674195,0,last_supplied_sub_1b_round_proxy,1.0,1.0,7740000.0,7740000.0,0.0,0.0,1.998631074606434,730.0,2013-11-06
gorgias,Gorgias Inc.,2017-12-16,2022-08-15,4.662559890485968,0,last_supplied_sub_1b_round_proxy,2.0,2.0,1760000.0,1740000.0,4.0,3.0,1.998631074606434,674.0,2016-02-11
basicsemiconductorsehk9971,"BASiC Semiconductor Co., Ltd. (SEHK:9971)",2019-12-31,2025-04-25,5.316906228610541,0,last_supplied_sub_1b_round_proxy,2.0,0.0,0.0,0.0,4.0,3.0,1.998631074606434,365.0,2018-12-31
aptusvaluehousingfinanceindianseiaptus,Aptus Value Housing Finance India Limited (NSEI:APTUS),2018-09-21,2019-09-10,0.9691991786447639,0,last_supplied_sub_1b_round_proxy,1.0,1.0,40300000.0,40300000.0,2.0,2.0,1.998631074606434,730.0,2016-09-21
cockroach,"Cockroach Labs, Inc.",2017-06-03,2021-01-12,3.6112251882272415,1,first_ge_1b_event,3.0,3.0,53800000.0,27290000.0,6.0,5.0,1.998631074606434,24.0,2017-05-10
salsify,Salsify Inc.,2017-07-05,2022-04-13,4.772073921971253,1,first_ge_1b_event,2.0,2.0,46660000.0,30000000.0,4.0,4.0,1.998631074606434,168.0,2017-01-18
lookout,"Lookout, Inc.",2012-05-17,2016-05-26,4.024640657084189,1,first_ge_1b_event,2.0,2.0,30500000.0,19500000.0,4.0,3.0,1.998631074606434,512.0,2010-12-22
rebelfoodsprivate,Rebel Foods Private Limited,2021-07-30,2021-10-22,0.2299794661190965,1,first_ge_1b_event,2.0,2.0,173500000.0,126090000.0,8.0,8.0,1.998631074606434,477.0,2020-04-09
cevasanteanimale,Ceva Sante Animale,2012-06-02,2025-03-29,12.821355236139631,1,first_ge_1b_event,1.0,1.0,213350000.0,213350000.0,4.0,4.0,1.998631074606434,730.0,2010-06-03
cashfreepaymentsindiaprivate,Cashfree Payments India Private Limited,2019-08-21,2025-02-04,5.45927446954141,0,last_supplied_sub_1b_round_proxy,1.0,1.0,120000.0,120000.0,1.0,1.0,1.998631074606434,730.0,2017-08-21
fieldguide,"Fieldguide, Inc.",2024-03-01,2026-02-02,1.9247091033538672,0,last_supplied_sub_1b_round_proxy,1.0,1.0,17000000.0,17000000.0,3.0,3.0,1.998631074606434,730.0,2022-03-02
colendi,Colendi,2023-09-14,2024-05-22,0.6872005475701575,0,last_supplied_sub_1b_round_proxy,1.0,1.0,38000000.0,38000000.0,1.0,1.0,1.998631074606434,730.0,2021-09-14
supplyingdemand,"Supplying Demand, Inc.",2022-09-25,2024-03-11,1.45927446954141,1,first_ge_1b_event,2.0,2.0,97950000.0,75000000.0,7.0,5.0,1.998631074606434,265.0,2022-01-03
autofi,"AutoFi, Inc.",2018-05-23,2022-03-07,3.789185489390828,0,last_supplied_sub_1b_round_proxy,1.0,1.0,3600000.0,3600000.0,2.0,2.0,1.998631074606434,730.0,2016-05-23
novoplatform,Novo Platform Inc.,2020-02-06,2022-01-11,1.9301848049281314,0,last_supplied_sub_1b_round_proxy,2.0,2.0,6650000.0,6530000.0,7.0,5.0,1.998631074606434,314.0,2019-03-29
viridiparente,"Viridi Parente, Inc.",2021-12-10,2022-01-05,0.07118412046543464,0,last_supplied_sub_1b_round_proxy,1.0,1.0,29000000.0,29000000.0,4.0,4.0,1.998631074606434,730.0,2019-12-11
embarkveterinary,"Embark Veterinary, Inc.",2021-04-10,2021-07-28,0.29842573579739906,0,last_supplied_sub_1b_round_proxy,1.0,1.0,12870000.0,12870000.0,6.0,6.0,1.998631074606434,730.0,2019-04-11
khealth,"K Health, Inc.",2018-11-16,2020-12-31,2.1245722108145104,1,first_ge_1b_event,3.0,3.0,12350000.0,5820000.0,7.0,7.0,1.998631074606434,122.0,2018-07-17
scopely,"Scopely, Inc.",2016-11-12,2020-03-19,3.34839151266256,1,first_ge_1b_event,2.0,2.0,99340000.0,54420000.0,10.0,8.0,1.998631074606434,109.0,2016-07-26
sisense,Sisense Inc.,2018-01-06,2020-01-09,2.00684462696783,1,first_ge_1b_event,1.0,1.0,50000000.0,50000000.0,5.0,5.0,1.998631074606434,730.0,2016-01-07
soundcloud,SoundCloud Limited,2014-01-01,2017-08-11,3.6084873374401094,0,last_supplied_sub_1b_round_proxy,2.0,2.0,110000000.0,60000000.0,6.0,6.0,1.998631074606434,1.0,2013-12-31
myndmanagement,"MYND Management, Inc.",2018-10-25,2021-09-16,2.8939082819986313,0,last_supplied_sub_1b_round_proxy,2.0,2.0,10600000.0,5500000.0,3.0,3.0,1.998631074606434,583.0,2017-03-21
cloaked,"Cloaked, Inc.",2024-03-28,2026-03-19,1.9739904175222451,0,last_supplied_sub_1b_round_proxy,1.0,1.0,25000000.0,25000000.0,7.0,7.0,1.998631074606434,730.0,2022-03-29
electricai,"Electric AI, Inc.",2018-11-18,2021-10-18,2.915811088295688,0,last_supplied_sub_1b_round_proxy,3.0,3.0,12250000.0,9250000.0,7.0,5.0,1.998631074606434,235.0,2018-03-28
actifio,"Actifio, Inc.",2012-09-21,2018-08-07,5.87542778918549,1,first_ge_1b_event,2.0,2.0,49500000.0,33500000.0,4.0,4.0,1.998631074606434,291.0,2011-12-05
workithealth,"Workit Health, Inc.",2021-01-30,2021-10-21,0.7227926078028748,0,last_supplied_sub_1b_round_proxy,2.0,2.0,17000000.0,12000000.0,9.0,7.0,1.998631074606434,86.0,2020-11-05
squarespace,"Squarespace, Inc.",2012-07-12,2017-12-14,5.423682409308693,1,first_ge_1b_event,1.0,1.0,38500000.0,38500000.0,2.0,2.0,1.998631074606434,730.0,2010-07-13
inventurecapital,InVenture Capital Corporation,2013-08-28,2021-10-14,8.128678986995208,0,last_supplied_sub_1b_round_proxy,1.0,1.0,318000.0,318000.0,0.0,0.0,1.998631074606434,730.0,2011-08-29
fractylhealthnasdaqgmguts,"Fractyl Health, Inc. (NasdaqGM:GUTS)",2019-11-30,2021-06-16,1.5441478439425051,0,last_supplied_sub_1b_round_proxy,1.0,1.0,43980000.0,43980000.0,8.0,8.0,1.998631074606434,730.0,2017-11-30
snowflakenysesnow,Snowflake Inc. (NYSE:SNOW),2015-08-24,2018-01-25,2.42299794661191,1,first_ge_1b_event,3.0,3.0,25658000.0,19950000.0,3.0,3.0,1.998631074606434,307.0,2014-10-21
epicgames,"Epic Games, Inc.",2015-03-21,2018-10-26,3.600273785078713,1,first_ge_1b_event,1.0,1.0,330000000.0,330000000.0,1.0,1.0,1.998631074606434,730.0,2013-03-21
flyhomes,"FlyHomes, Inc.",2019-10-05,2021-08-05,1.834360027378508,0,last_supplied_sub_1b_round_proxy,3.0,3.0,40110000.0,21000000.0,4.0,2.0,1.998631074606434,51.0,2019-08-15
onboardiq,"OnboardIQ, Inc.",2016-10-22,2022-06-15,5.645448323066393,0,last_supplied_sub_1b_round_proxy,3.0,3.0,5770000.0,4000000.0,6.0,3.0,1.998631074606434,431.0,2015-08-18
shrirampropertiesnseishrirampps,Shriram Properties Limited (NSEI:SHRIRAMPPS),2013-06-06,2014-07-16,1.108829568788501,0,last_supplied_sub_1b_round_proxy,1.0,1.0,100840000.0,100840000.0,1.0,1.0,1.998631074606434,730.0,2011-06-07
beijinglezitianchengculturaldevelopment,"Beijing Lezi Tiancheng Cultural Development Co., Ltd.",2020-02-12,2025-05-18,5.262149212867898,0,last_supplied_sub_1b_round_proxy,1.0,1.0,6320000.0,6320000.0,4.0,4.0,1.998631074606434,730.0,2018-02-12
sciwindbiosciences,"Sciwind Biosciences Co., Ltd.",2020-04-26,2024-12-13,4.632443531827516,0,last_supplied_sub_1b_round_proxy,1.0,1.0,9480000.0,9480000.0,2.0,2.0,1.998631074606434,730.0,2018-04-27
transtherasciencesnanjingsehk2617,"TransThera Sciences (Nanjing), Inc. (SEHK:2617)",2022-04-02,2023-02-17,0.8788501026694046,0,last_supplied_sub_1b_round_proxy,5.0,5.0,197410000.0,99130000.0,21.0,9.0,1.998631074606434,250.0,2021-07-26
evolvevacationrentalnetwork,"Evolve Vacation Rental Network, Inc.",2015-04-18,2022-02-14,6.828199863107461,0,last_supplied_sub_1b_round_proxy,1.0,1.0,2700000.0,2700000.0,0.0,0.0,1.998631074606434,730.0,2013-04-18
saildrone,"Saildrone, Inc.",2020-05-14,2025-10-29,5.45927446954141,0,last_supplied_sub_1b_round_proxy,1.0,1.0,60000000.0,60000000.0,5.0,5.0,1.998631074606434,730.0,2018-05-15
cars24servicespvt,CARS24 Services Pvt. Ltd.,2020-07-17,2021-09-19,1.1745379876796715,1,first_ge_1b_event,2.0,2.0,60610000.0,49610000.0,3.0,2.0,1.998631074606434,474.0,2019-03-31
ai21,AI21 Labs Ltd.,2023-11-01,2023-11-21,0.05475701574264202,1,first_ge_1b_event,2.0,2.0,84000000.0,64000000.0,4.0,4.0,1.998631074606434,477.0,2022-07-12
atombank,Atom Bank plc,2017-11-23,2023-11-01,5.938398357289528,0,last_supplied_sub_1b_round_proxy,2.0,2.0,225090000.0,123460000.0,5.0,5.0,1.998631074606434,265.0,2017-03-03
highspot,"Highspot, Inc.",2019-06-15,2021-02-22,1.6919917864476386,1,first_ge_1b_event,2.0,2.0,50000000.0,35000000.0,4.0,4.0,1.998631074606434,264.0,2018-09-24
renttherunwaynasdaqgmrent,"Rent the Runway, Inc. (NasdaqGM:RENT)",2012-02-25,2018-03-09,6.034223134839151,0,last_supplied_sub_1b_round_proxy,1.0,1.0,15000000.0,15000000.0,2.0,2.0,1.998631074606434,730.0,2010-02-25
scorpiontherapeutics,"Scorpion Therapeutics, Inc.",2022-10-26,2024-07-16,1.7221081451060918,0,last_supplied_sub_1b_round_proxy,2.0,2.0,270470000.0,162000000.0,16.0,15.0,1.998631074606434,657.0,2021-01-07
influxdata,InfluxData Inc.,2016-12-07,2023-02-08,6.1711156741957565,0,last_supplied_sub_1b_round_proxy,1.0,1.0,9110000.0,9110000.0,2.0,2.0,1.998631074606434,730.0,2014-12-08
bitsight,"BitSight Technologies, Inc.",2015-12-04,2021-09-13,5.776865160848733,1,first_ge_1b_event,2.0,2.0,53620000.0,27870000.0,5.0,5.0,1.998631074606434,162.0,2015-06-25
sourcegraph,"Sourcegraph, Inc.",2019-10-06,2021-07-13,1.7686516084873374,1,first_ge_1b_event,1.0,1.0,20000000.0,20000000.0,2.0,2.0,1.998631074606434,730.0,2017-10-06
jrsk,"JRSK, Inc.",2017-08-16,2019-05-14,1.7412731006160165,1,first_ge_1b_event,2.0,2.0,11060000.0,8560000.0,4.0,4.0,1.998631074606434,341.0,2016-09-09
blinkcommerceprivate,Blink Commerce Private Limited,2017-02-26,2019-07-15,2.379192334017796,0,last_supplied_sub_1b_round_proxy,2.0,2.0,45080000.0,35040000.0,2.0,2.0,1.998631074606434,684.0,2015-04-14
linksquares,"LinkSquares, Inc.",2021-03-17,2022-04-04,1.0485968514715949,0,last_supplied_sub_1b_round_proxy,2.0,2.0,19330000.0,14520000.0,5.0,4.0,1.998631074606434,385.0,2020-02-26
rimacautomobilidoo,Rimac Automobili d.o.o.,2016-11-02,2022-05-31,5.574264202600959,1,first_ge_1b_event,1.0,1.0,12490000.0,12490000.0,2.0,2.0,1.998631074606434,730.0,2014-11-03
fourkites,"FourKites, Inc.",2018-01-25,2021-03-24,3.159479808350445,0,last_supplied_sub_1b_round_proxy,2.0,2.0,17050000.0,13400000.0,4.0,4.0,1.998631074606434,470.0,2016-10-12
neuroflow,"NeuroFlow, Inc.",2017-04-01,2019-12-16,2.707734428473648,0,last_supplied_sub_1b_round_proxy,2.0,2.0,47520000.0,40600000.0,6.0,4.0,1.998631074606434,352.0,2016-04-14
hydrow,"Hydrow, Inc.",2020-08-12,2022-12-20,2.3545516769336072,0,last_supplied_sub_1b_round_proxy,3.0,3.0,33330000.0,25080000.0,2.0,2.0,1.998631074606434,6.0,2020-08-06
parabilismedicinesnasdaqgspbls,"Parabilis Medicines, Inc. (NasdaqGS:PBLS)",2019-08-22,2026-01-08,6.381930184804928,0,last_supplied_sub_1b_round_proxy,2.0,2.0,76620000.0,65510000.00000001,8.0,8.0,1.998631074606434,463.0,2018-05-16
guangzhouinnogenpharmaceuticalsehk2591,"Guangzhou Innogen Pharmaceutical Group Co., Ltd (SEHK:2591)",2023-03-09,2024-01-31,0.8980150581793293,0,last_supplied_sub_1b_round_proxy,2.0,2.0,146720000.0,113490000.0,2.0,2.0,1.998631074606434,374.0,2022-02-28
practoprivate,Practo Technologies Private Limited,2017-08-05,2020-08-07,3.0061601642710474,0,last_supplied_sub_1b_round_proxy,2.0,2.0,145050000.0,90000000.0,10.0,9.0,1.998631074606434,200.0,2017-01-17
delhiverynseidelhivery,Delhivery Limited (NSEI:DELHIVERY),2016-09-07,2019-03-24,2.54072553045859,1,first_ge_1b_event,1.0,1.0,35000000.0,35000000.0,3.0,3.0,1.998631074606434,730.0,2014-09-08
ande,ANDE Corporation,2020-11-27,2024-07-30,3.671457905544148,0,last_supplied_sub_1b_round_proxy,2.0,2.0,78620000.0,47610000.0,0.0,0.0,1.998631074606434,529.0,2019-06-17
omnianalytics,"Omni Analytics, Inc.",2024-08-15,2026-04-23,1.6865160848733745,1,first_ge_1b_event,1.0,1.0,9400000.0,9400000.0,6.0,6.0,1.998631074606434,730.0,2022-08-16
shenzhenxiaoenetwork,"Shenzhen Xiaoe Network Technology Co., Ltd.",2019-12-31,2021-06-15,1.4565366187542779,0,last_supplied_sub_1b_round_proxy,2.0,2.0,18880000.0,14270000.0,2.0,1.0,1.998631074606434,10.0,2019-12-21
tideplatform,Tide Platform Limited,2023-07-12,2025-09-22,2.198494182067077,1,first_ge_1b_event,1.0,1.0,99980000.0,99980000.0,7.0,7.0,1.998631074606434,730.0,2021-07-12
policygenius,Policygenius LLC,2018-01-18,2022-03-17,4.158795345653662,0,last_supplied_sub_1b_round_proxy,2.0,2.0,35610000.0,30000000.0,8.0,8.0,1.998631074606434,239.0,2017-05-24
labelbox,"Labelbox, Inc.",2020-07-29,2022-01-06,1.4401095140314852,0,last_supplied_sub_1b_round_proxy,2.0,2.0,13900000.0,10000000.0,3.0,3.0,1.998631074606434,477.0,2019-04-09
dispatchhealth,"DispatchHealth Holdings, Inc.",2017-08-11,2021-03-03,3.5592060232717317,1,first_ge_1b_event,1.0,1.0,3650000.0,3650000.0,1.0,1.0,1.998631074606434,730.0,2015-08-12
wuxiautolinkworldinformation,"Wuxi Auto-link World Information Technology Co.,Ltd.",2018-03-31,2025-11-30,7.668720054757015,0,last_supplied_sub_1b_round_proxy,2.0,2.0,36610000.0,31190000.0,4.0,2.0,1.998631074606434,294.0,2017-06-10
sharecare,"Sharecare, Inc.",2013-06-13,2019-07-12,6.078028747433265,1,first_ge_1b_event,1.0,1.0,9750000.0,9750000.0,1.0,1.0,1.998631074606434,730.0,2011-06-14
cardurionpharmaceuticals,"Cardurion Pharmaceuticals, Inc.",2023-10-27,2024-07-16,0.7200547570157426,0,last_supplied_sub_1b_round_proxy,1.0,1.0,300000000.0,300000000.0,2.0,2.0,1.998631074606434,730.0,2021-10-27
betanysebeta,"BETA Technologies, Inc. (NYSE:BETA)",2023-05-24,2025-08-27,2.2614647501711156,1,first_ge_1b_event,1.0,1.0,425620000.0,425620000.0,2.0,2.0,1.998631074606434,730.0,2021-05-24
stryder,Stryder Corp.,2015-06-05,2021-05-12,5.935660506502396,1,first_ge_1b_event,1.0,1.0,4340000.0,4340000.0,5.0,5.0,1.998631074606434,730.0,2013-06-05
aviatrixsystems,"Aviatrix Systems, Inc.",2017-09-09,2021-09-08,3.997262149212868,1,first_ge_1b_event,2.0,2.0,35250000.0,25250000.0,3.0,3.0,1.998631074606434,234.0,2017-01-18
hackerone,HackerOne Inc.,2016-05-27,2022-01-27,5.670088980150582,0,last_supplied_sub_1b_round_proxy,2.0,2.0,33950000.0,25000000.0,2.0,2.0,1.998631074606434,338.0,2015-06-24
freshacomsv,Fresha.com SV Ltd.,2021-04-10,2021-12-13,0.676249144421629,0,last_supplied_sub_1b_round_proxy,1.0,1.0,20000000.0,20000000.0,4.0,4.0,1.998631074606434,730.0,2019-04-11
sentinelonenyses,"SentinelOne, Inc. (NYSE:S)",2015-08-07,2020-02-19,4.5366187542778915,1,first_ge_1b_event,2.0,2.0,12580000.0,10000000.0,5.0,5.0,1.998631074606434,471.0,2014-04-23
seegrid,Seegrid Corporation,2018-12-31,2024-09-05,5.68104038329911,0,last_supplied_sub_1b_round_proxy,1.0,1.0,36230000.0,36230000.0,1.0,1.0,1.998631074606434,730.0,2016-12-31
shanghaiglorysoftsoftware,"Shanghai Glorysoft Software Co., Ltd.",2021-12-24,2025-09-22,3.7453798767967146,0,last_supplied_sub_1b_round_proxy,3.0,3.0,54980000.0,39190000.0,6.0,3.0,1.998631074606434,42.0,2021-11-12
vulcanforms,VulcanForms Inc.,2022-05-15,2026-01-30,3.7125256673511293,0,last_supplied_sub_1b_round_proxy,1.0,1.0,5000000.0,5000000.0,1.0,1.0,1.998631074606434,730.0,2020-05-15
alkaidsemishanghai,Alkaidsemi (Shanghai) Technologies Corporation,2021-12-30,2025-09-30,3.7508555783709787,0,last_supplied_sub_1b_round_proxy,4.0,4.0,18330000.0,7810000.0,0.0,0.0,1.998631074606434,60.0,2021-10-31
garuda,"Garuda Labs, Inc.",2017-08-18,2023-05-18,5.746748802190281,0,last_supplied_sub_1b_round_proxy,1.0,1.0,120000.0,120000.0,1.0,1.0,1.998631074606434,730.0,2015-08-19
iterativescopes,"Iterative Scopes, Inc.",2024-01-19,2026-04-30,2.2778918548939084,1,first_ge_1b_event,1.0,1.0,150000000.0,150000000.0,6.0,6.0,1.998631074606434,730.0,2022-01-19
project44,"Project44, LLC",2018-09-12,2021-06-01,2.7186858316221767,1,first_ge_1b_event,2.0,2.0,48800000.0,35000000.0,7.0,6.0,1.998631074606434,148.0,2018-04-17
thehonestnasdaqgshnst,"The Honest Company, Inc. (NasdaqGS:HNST)",2014-03-23,2015-08-13,1.3908281998631074,1,first_ge_1b_event,1.0,1.0,27000000.0,27000000.0,3.0,3.0,1.998631074606434,730.0,2012-03-23
suzhouvigonvitabiopharmaceutical,"Suzhou Vigonvita Biopharmaceutical Co., Ltd.",2022-07-03,2024-12-23,2.4750171115674195,0,last_supplied_sub_1b_round_proxy,4.0,4.0,52160000.0,29910000.0,0.0,0.0,1.998631074606434,32.0,2022-06-01
mapbox,"Mapbox, Inc.",2017-06-16,2023-09-19,6.2587268993839835,1,first_ge_1b_event,1.0,1.0,52050000.0,52050000.0,6.0,6.0,1.998631074606434,730.0,2015-06-17
wasoko,Wasoko,2021-02-27,2022-03-16,1.0458590006844628,0,last_supplied_sub_1b_round_proxy,2.0,2.0,24860000.0,21280000.0,13.0,8.0,1.998631074606434,369.0,2020-02-24
doordashnasdaqgsdash,"DoorDash, Inc. (NasdaqGS:DASH)",2016-05-21,2018-03-01,1.7768651608487338,1,first_ge_1b_event,2.0,2.0,148340000.0,128500000.0,7.0,5.0,1.998631074606434,60.0,2016-03-22
crimsonconsulting,Crimson Consulting Limited,2017-08-25,2024-07-31,6.93223819301848,0,last_supplied_sub_1b_round_proxy,1.0,1.0,5000000.0,5000000.0,0.0,0.0,1.998631074606434,730.0,2015-08-26
verseinnovationprivate,VerSe Innovation Private Limited,2017-01-30,2020-12-22,3.893223819301848,1,first_ge_1b_event,1.0,1.0,40260000.0,40260000.0,4.0,4.0,1.998631074606434,730.0,2015-01-31
mparticle,"mParticle, Inc.",2016-10-08,2021-10-05,4.991101984941821,0,last_supplied_sub_1b_round_proxy,1.0,1.0,4700000.0,4700000.0,5.0,5.0,1.998631074606434,730.0,2014-10-09
inrix,"INRIX, Inc.",2013-07-24,2022-08-05,9.032169746748803,0,last_supplied_sub_1b_round_proxy,1.0,1.0,37000000.0,37000000.0,2.0,2.0,1.998631074606434,730.0,2011-07-25
betterment,Betterment LLC,2012-11-30,2021-09-29,8.829568788501026,1,first_ge_1b_event,2.0,2.0,12990000.0,9990000.0,3.0,3.0,1.998631074606434,66.0,2012-09-25
welltok,"Welltok, Inc.",2015-04-10,2018-04-03,2.9815195071868583,0,last_supplied_sub_1b_round_proxy,3.0,3.0,77800000.0,37000000.0,10.0,8.0,1.998631074606434,92.0,2015-01-08
kbiservices,"KBI Services, Inc.",2022-06-25,2023-03-02,0.6844626967830253,1,first_ge_1b_event,2.0,2.0,94000000.0,62000000.0,10.0,7.0,1.998631074606434,365.0,2021-06-25
bigid,"BigID, Inc.",2018-03-02,2021-04-22,3.14031485284052,1,first_ge_1b_event,2.0,2.0,16160000.0,14060000.0,7.0,5.0,1.998631074606434,32.0,2018-01-29
thehonestkitchen,"The Honest Kitchen, Inc.",2013-09-11,2022-04-04,8.56125941136208,0,last_supplied_sub_1b_round_proxy,1.0,1.0,3080000.0,3080000.0,2.0,2.0,1.998631074606434,730.0,2011-09-12
abcuro,"Abcuro, Inc.",2018-12-13,2025-02-12,6.168377823408624,0,last_supplied_sub_1b_round_proxy,2.0,2.0,10250000.0,8000000.0,3.0,3.0,1.998631074606434,22.0,2018-11-21
insightec,INSIGHTEC Ltd.,2014-12-09,2021-04-07,6.327173169062286,1,first_ge_1b_event,1.0,1.0,30900000.0,30900000.0,3.0,3.0,1.998631074606434,730.0,2012-12-09
horizonroboticssehk9660,Horizon Robotics (SEHK:9660),2017-10-26,2020-05-11,2.54072553045859,1,first_ge_1b_event,3.0,3.0,54250000.0,39300000.0,0.0,0.0,1.998631074606434,498.0,2016-06-15
finngmbh,FINN GmbH,2024-05-24,2026-06-09,2.0424366872005475,1,first_ge_1b_event,2.0,2.0,219480000.0,110000000.0,13.0,12.0,1.998631074606434,134.0,2024-01-11
clearmotion,"ClearMotion, Inc.",2016-01-07,2019-01-09,3.0061601642710474,0,last_supplied_sub_1b_round_proxy,1.0,1.0,6000000.0,6000000.0,0.0,0.0,1.998631074606434,730.0,2014-01-07
storen,StorEn Technologies Inc.,2021-01-07,2023-04-14,2.2642026009582477,0,last_supplied_sub_1b_round_proxy,1.0,1.0,660000.0,660000.0,0.0,0.0,1.998631074606434,730.0,2019-01-08
yusheng,Yusheng Holdings Limited,2020-08-21,2026-02-28,5.522245037645448,1,first_ge_1b_event,1.0,1.0,153330000.0,153330000.0,3.0,3.0,1.998631074606434,730.0,2018-08-22
heartflownasdaqgshtfl,"HeartFlow, Inc. (NasdaqGS:HTFL)",2013-02-03,2019-06-14,6.357289527720739,1,first_ge_1b_event,1.0,1.0,20520000.0,20520000.0,0.0,0.0,1.998631074606434,730.0,2011-02-04
duolingonasdaqgsduol,"Duolingo, Inc. (NasdaqGS:DUOL)",2013-10-30,2019-12-04,6.094455852156058,1,first_ge_1b_event,2.0,2.0,18300000.0,15000000.0,3.0,2.0,1.998631074606434,408.0,2012-09-17
smule,"Smule, Inc.",2013-10-30,2017-05-08,3.5208761122518824,0,last_supplied_sub_1b_round_proxy,1.0,1.0,12000000.0,12000000.0,3.0,3.0,1.998631074606434,730.0,2011-10-31
katefarms,"Kate Farms, Inc.",2022-04-09,2022-09-19,0.4462696783025325,0,last_supplied_sub_1b_round_proxy,1.0,1.0,23870000.0,23870000.0,0.0,0.0,1.998631074606434,730.0,2020-04-09
blossomhilltherapeutics,"BlossomHill Therapeutics, Inc.",2023-01-11,2025-12-10,2.9130732375085557,0,last_supplied_sub_1b_round_proxy,2.0,2.0,73000000.0,71000000.0,4.0,4.0,1.998631074606434,681.0,2021-03-01
vedantuinnovationsprivate,Vedantu Innovations Private Limited,2022-07-16,2024-09-27,2.2012320328542097,1,first_ge_1b_event,2.0,2.0,185890000.0,100100000.0,10.0,9.0,1.998631074606434,631.0,2020-10-23
andela,Andela Inc.,2018-06-16,2021-09-29,3.2881587953456535,1,first_ge_1b_event,2.0,2.0,63920000.0,40000000.0,10.0,8.0,1.998631074606434,249.0,2017-10-10
ursamajor,"Ursa Major Technologies, Inc.",2019-11-28,2025-11-18,5.973990417522245,0,last_supplied_sub_1b_round_proxy,1.0,1.0,8029999.999999999,8029999.999999999,1.0,1.0,1.998631074606434,730.0,2017-11-28
canary,Canary Technologies Corp.,2020-08-19,2025-06-12,4.813141683778234,0,last_supplied_sub_1b_round_proxy,1.0,1.0,120000.0,120000.0,1.0,1.0,1.998631074606434,730.0,2018-08-20
mirxespte,MiRXES Pte. Ltd.,2020-12-30,2023-07-25,2.565366187542779,0,last_supplied_sub_1b_round_proxy,1.0,1.0,40000000.0,40000000.0,0.0,0.0,1.998631074606434,730.0,2018-12-31
spanio,"Span.IO, Inc.",2022-02-17,2023-04-24,1.1800136892539357,0,last_supplied_sub_1b_round_proxy,1.0,1.0,10070000.0,10070000.0,10.0,10.0,1.998631074606434,730.0,2020-02-18
zealth,"Zealth, Inc.",2020-05-06,2021-11-03,1.4948665297741273,0,last_supplied_sub_1b_round_proxy,2.0,2.0,16500000.0,13500000.0,5.0,4.0,1.998631074606434,609.0,2018-09-05
dssv,"DSSV, Inc.",2017-06-16,2021-02-03,3.6358658453114305,0,last_supplied_sub_1b_round_proxy,3.0,3.0,13390000.0,10000000.0,11.0,8.0,1.998631074606434,120.0,2017-02-16
clutter,"Clutter, Inc.",2017-10-21,2019-02-20,1.3333333333333333,0,last_supplied_sub_1b_round_proxy,3.0,3.0,93900000.0,64000000.0,4.0,4.0,1.998631074606434,130.0,2017-06-13
hangzhouqunheinformation,"Hangzhou Qunhe Information Technology Co., Ltd.",2020-03-08,2020-12-31,0.8158795345653662,1,first_ge_1b_event,1.0,1.0,100000000.0,100000000.0,7.0,7.0,1.998631074606434,730.0,2018-03-09
orcam,OrCam Technologies Ltd.,2016-03-30,2017-02-28,0.917180013689254,0,last_supplied_sub_1b_round_proxy,1.0,1.0,20000000.0,20000000.0,1.0,1.0,1.998631074606434,730.0,2014-03-31
sender,"Sender, Inc.",2021-02-25,2021-09-14,0.5503080082135524,0,last_supplied_sub_1b_round_proxy,2.0,2.0,57250000.0,46470000.0,10.0,8.0,1.998631074606434,343.0,2020-03-19
datadognasdaqgsddog,"Datadog, Inc. (NasdaqGS:DDOG)",2013-04-28,2016-01-12,2.707734428473648,0,last_supplied_sub_1b_round_proxy,2.0,2.0,7440000.0,6240000.0,8.0,6.0,1.998631074606434,172.0,2012-11-07
dataiku,Dataiku Inc.,2017-01-18,2022-12-12,5.897330595482546,1,first_ge_1b_event,2.0,2.0,17700000.0,14000000.0,3.0,3.0,1.998631074606434,85.0,2016-10-25
coherehealth,"Cohere Health, Inc.",2022-10-22,2025-05-14,2.5598904859685145,0,last_supplied_sub_1b_round_proxy,2.0,2.0,56100000.0,36100000.0,5.0,5.0,1.998631074606434,557.0,2021-04-13
saltsecurity,"Salt Security, Inc.",2018-03-22,2022-09-21,4.501026694045175,1,first_ge_1b_event,1.0,1.0,120000.0,120000.0,1.0,1.0,1.998631074606434,730.0,2016-03-22
cleerly,"Cleerly, Inc.",2024-03-13,2024-12-04,0.7282683093771389,0,last_supplied_sub_1b_round_proxy,1.0,1.0,16800000.0,16800000.0,0.0,0.0,1.998631074606434,730.0,2022-03-14
maplighttherapeuticsnasdaqgsmplt,"MapLight Therapeutics, Inc. (NasdaqGS:MPLT)",2021-03-07,2025-07-28,4.39151266255989,0,last_supplied_sub_1b_round_proxy,2.0,2.0,21000000.0,16000000.0,0.0,0.0,1.998631074606434,550.0,2019-09-04
rubriknyserbrk,"Rubrik, Inc. (NYSE:RBRK)",2017-03-23,2017-04-28,0.09856262833675565,1,first_ge_1b_event,3.0,3.0,112510000.0,61250000.0,3.0,3.0,1.998631074606434,219.0,2016-08-16
24m,"24M Technologies, Inc.",2020-11-20,2024-09-05,3.79192334017796,1,first_ge_1b_event,1.0,1.0,21830000.0,21830000.0,3.0,3.0,1.998631074606434,730.0,2018-11-21
healthcatalystnasdaqgshcat,"Health Catalyst, Inc. (NasdaqGS:HCAT)",2013-09-22,2016-02-19,2.409308692676249,0,last_supplied_sub_1b_round_proxy,2.0,2.0,53510000.0,39160000.0,6.0,6.0,1.998631074606434,206.0,2013-02-28
avidxchange,"AvidXchange Holdings, Inc.",2016-05-12,2017-06-08,1.0732375085557837,1,first_ge_1b_event,2.0,2.0,186240000.0,176010000.0,6.0,6.0,1.998631074606434,241.0,2015-09-14
prestoautomationotcpkprst,Presto Automation Inc. (OTCPK:PRST),2016-09-23,2022-07-26,5.83709787816564,0,last_supplied_sub_1b_round_proxy,1.0,1.0,35000000.0,35000000.0,3.0,3.0,1.998631074606434,730.0,2014-09-24
baronapp,"Baron App, Inc.",2020-11-25,2021-03-30,0.34223134839151265,0,last_supplied_sub_1b_round_proxy,2.0,2.0,62410000.0,50000000.0,7.0,4.0,1.998631074606434,527.0,2019-06-17
particleindustries,"Particle Industries, Inc.",2021-10-29,2024-07-01,2.6721423682409307,0,last_supplied_sub_1b_round_proxy,1.0,1.0,40000000.0,40000000.0,9.0,9.0,1.998631074606434,730.0,2019-10-30
positsoftware,"Posit Software, PBC",2015-12-31,2022-06-17,6.461327857631759,0,last_supplied_sub_1b_round_proxy,1.0,1.0,6110000.0,6110000.0,1.0,1.0,1.998631074606434,730.0,2013-12-31
cultfit,Cult.Fit Limited,2021-10-28,2021-12-03,0.09856262833675565,1,first_ge_1b_event,2.0,2.0,229470000.0,117920000.0,17.0,12.0,1.998631074606434,595.0,2020-03-12
insurify,"Insurify, Inc.",2017-02-19,2021-08-09,4.468172484599589,0,last_supplied_sub_1b_round_proxy,1.0,1.0,2049999.9999999998,2049999.9999999998,0.0,0.0,1.998631074606434,730.0,2015-02-20
wag,Wag! Group Co.,2017-05-06,2018-01-30,0.7364818617385352,0,last_supplied_sub_1b_round_proxy,2.0,2.0,42920000.0,39800000.0,8.0,7.0,1.998631074606434,6.0,2017-04-30
skydio,"Skydio, Inc.",2017-01-14,2026-04-23,9.270362765229295,1,first_ge_1b_event,2.0,2.0,27930000.0,25030000.0,2.0,2.0,1.998631074606434,372.0,2016-01-08
divvypay,"DivvyPay, Inc.",2020-05-03,2021-01-05,0.676249144421629,1,first_ge_1b_event,3.0,3.0,245180000.0,200000000.0,3.0,3.0,1.998631074606434,369.0,2019-04-30
arcadiapower,"Arcadia Power, Inc.",2019-06-01,2022-05-06,2.9295003422313486,1,first_ge_1b_event,1.0,1.0,6000000.0,6000000.0,3.0,3.0,1.998631074606434,730.0,2017-06-01
digitalocean,"DigitalOcean, LLC",2017-07-07,2020-05-14,2.8528405201916494,1,first_ge_1b_event,1.0,1.0,83000000.0,83000000.0,2.0,2.0,1.998631074606434,730.0,2015-07-08
alumisnasdaqgsalms,Alumis Inc. (NasdaqGS:ALMS),2023-02-25,2024-05-31,1.2621492128678986,0,last_supplied_sub_1b_round_proxy,2.0,2.0,209620000.0,201000000.0,4.0,2.0,1.998631074606434,415.0,2022-01-06
knowbe4,"KnowBe4, Inc.",2018-01-30,2019-06-24,1.3963039014373717,1,first_ge_1b_event,2.0,2.0,38000000.0,30000000.0,2.0,2.0,1.998631074606434,98.0,2017-10-24
rapidsos,"RapidSOS, Inc.",2017-08-12,2024-03-05,6.562628336755647,0,last_supplied_sub_1b_round_proxy,3.0,3.0,15620000.0,5900000.0,3.0,2.0,1.998631074606434,12.0,2017-07-31
versanetworks,"Versa Networks, Inc.",2014-09-30,2021-06-30,6.74880219028063,0,last_supplied_sub_1b_round_proxy,2.0,2.0,43350000.0,29000000.0,4.0,4.0,1.998631074606434,122.0,2014-05-31
digitsfinancial,"Digits Financial, Inc.",2021-11-05,2022-03-24,0.3805612594113621,0,last_supplied_sub_1b_round_proxy,1.0,1.0,10450000.0,10450000.0,1.0,1.0,1.998631074606434,730.0,2019-11-06
vecnarobotics,"Vecna Robotics, Inc.",2020-08-28,2024-06-20,3.811088295687885,0,last_supplied_sub_1b_round_proxy,1.0,1.0,13500000.0,13500000.0,1.0,1.0,1.998631074606434,730.0,2018-08-29
woanshenzhen,"Woan Technology (Shenzhen) Co., Ltd.",2019-10-31,2025-05-31,5.582477754962355,0,last_supplied_sub_1b_round_proxy,1.0,0.0,0.0,0.0,3.0,3.0,1.998631074606434,730.0,2017-10-31
coterieapplications,Coterie Applications Inc.,2021-09-18,2025-09-11,3.980835044490075,0,last_supplied_sub_1b_round_proxy,2.0,2.0,11240000.0,8700000.0,7.0,6.0,1.998631074606434,547.0,2020-03-20
glooko,"Glooko, Inc.",2012-11-29,2024-10-10,11.863107460643395,0,last_supplied_sub_1b_round_proxy,2.0,2.0,4500000.0,3500000.0,2.0,2.0,1.998631074606434,304.0,2012-01-30
extremereach,"Extreme Reach, Inc.",2012-06-22,2021-12-31,9.52498288843258,0,last_supplied_sub_1b_round_proxy,1.0,1.0,9500000.0,9500000.0,3.0,3.0,1.998631074606434,730.0,2010-06-23
entrepreneurfirstoperations,Entrepreneur First Operations Limited,2024-06-27,2026-03-11,1.702943189596167,1,first_ge_1b_event,1.0,1.0,158000000.0,158000000.0,4.0,4.0,1.998631074606434,730.0,2022-06-28
ziplineinternational,Zipline International Inc.,2018-11-09,2019-05-17,0.5174537987679672,1,first_ge_1b_event,1.0,1.0,25000000.0,25000000.0,4.0,4.0,1.998631074606434,730.0,2016-11-09
viewtrixsehk3310,"Viewtrix Technology Co., Ltd (SEHK:3310)",2023-07-31,2024-08-31,1.0869267624914443,1,first_ge_1b_event,1.0,0.0,0.0,0.0,0.0,0.0,1.998631074606434,730.0,2021-07-31
pegbiosehk2565,"PegBio Co., Ltd. (SEHK:2565)",2012-08-30,2023-06-29,10.82819986310746,0,last_supplied_sub_1b_round_proxy,2.0,2.0,5300000.0,3500000.0,0.0,0.0,1.998631074606434,338.0,2011-09-27
infinitussystems,"Infinitus Systems, Inc.",2023-02-04,2024-10-23,1.7166324435318274,0,last_supplied_sub_1b_round_proxy,1.0,1.0,21400000.0,21400000.0,6.0,6.0,1.998631074606434,730.0,2021-02-04
fastlynasdaqgsfsly,"Fastly, Inc. (NasdaqGS:FSLY)",2013-03-30,2018-07-16,5.295003422313484,0,last_supplied_sub_1b_round_proxy,1.0,1.0,1200000.0,1200000.0,2.0,2.0,1.998631074606434,730.0,2011-03-31
reltio,"Reltio, Inc.",2017-03-15,2021-11-04,4.640657084188912,1,first_ge_1b_event,2.0,2.0,32150000.0,21850000.0,3.0,3.0,1.998631074606434,230.0,2016-07-28
fomo,FOMO Group Holdings,2019-08-02,2026-06-22,6.888432580424367,0,last_supplied_sub_1b_round_proxy,1.0,1.0,20000.0,20000.0,2.0,2.0,1.998631074606434,730.0,2017-08-02
strandtherapeutics,Strand Therapeutics Inc.,2021-06-03,2025-08-07,4.177960301163586,0,last_supplied_sub_1b_round_proxy,1.0,1.0,5890000.0,5890000.0,3.0,3.0,1.998631074606434,730.0,2019-06-04
inshortsmedialabsprivate,Inshorts Medialabs Private Limited,2017-02-14,2021-07-15,4.413415468856948,0,last_supplied_sub_1b_round_proxy,1.0,1.0,4019999.9999999995,4019999.9999999995,2.0,2.0,1.998631074606434,730.0,2015-02-15
novocodexbiopharmaceuticals,"NovoCodex Biopharmaceuticals Co., Ltd.",2023-03-19,2026-03-03,2.9568788501026693,0,last_supplied_sub_1b_round_proxy,2.0,2.0,123390000.0,63760000.0,6.0,5.0,1.998631074606434,256.0,2022-07-06
rexrealestateexchange,"REX - Real Estate Exchange, Inc.",2020-01-09,2022-03-22,2.198494182067077,0,last_supplied_sub_1b_round_proxy,1.0,1.0,17050000.0,17050000.0,0.0,0.0,1.998631074606434,730.0,2018-01-09
astronomer,"Astronomer, Inc.",2021-09-24,2022-03-23,0.4928131416837782,1,first_ge_1b_event,1.0,1.0,5700000.0,5700000.0,7.0,7.0,1.998631074606434,730.0,2019-09-25
genorbiopharma,"Genor BioPharma Co., Ltd.",2018-01-25,2018-11-20,0.8186173853524983,0,last_supplied_sub_1b_round_proxy,1.0,1.0,75970000.0,75970000.0,3.0,3.0,1.998631074606434,730.0,2016-01-26
temperpack,Temperpack Technologies Inc.,2017-04-26,2022-03-22,4.903490759753593,0,last_supplied_sub_1b_round_proxy,1.0,1.0,851000.0,851000.0,0.0,0.0,1.998631074606434,730.0,2015-04-27
wheelsupexperiencenyseup,Wheels Up Experience Inc. (NYSE:UP),2018-02-25,2019-08-16,1.4702258726899384,1,first_ge_1b_event,1.0,1.0,96640000.0,96640000.0,3.0,3.0,1.998631074606434,730.0,2016-02-26
thredupnasdaqgstdup,ThredUp Inc. (NasdaqGS:TDUP),2013-05-11,2019-08-21,6.277891854893908,0,last_supplied_sub_1b_round_proxy,2.0,2.0,21490000.0,14540000.0,3.0,3.0,1.998631074606434,220.0,2012-10-03
lightmatter,"Lightmatter, Inc.",2020-02-05,2024-10-16,4.695414099931554,1,first_ge_1b_event,2.0,2.0,33390000.0,22290000.0,3.0,3.0,1.998631074606434,345.0,2019-02-25
acvauctionsnyseacva,ACV Auctions Inc. (NYSE:ACVA),2018-09-19,2019-11-12,1.1471594798083504,1,first_ge_1b_event,3.0,3.0,54700000.0,34700000.0,5.0,4.0,1.998631074606434,226.0,2018-02-05
thousandeyes,"ThousandEyes, Inc.",2015-06-19,2019-02-20,3.67419575633128,0,last_supplied_sub_1b_round_proxy,2.0,2.0,24450000.0,20000000.0,3.0,3.0,1.998631074606434,192.0,2014-12-09
csdisconyselaw,"CS Disco, Inc. (NYSE:LAW)",2016-01-15,2020-10-14,4.747433264887063,0,last_supplied_sub_1b_round_proxy,2.0,2.0,12450000.0,10450000.0,2.0,2.0,1.998631074606434,424.0,2014-11-17
datarobot,"DataRobot, Inc.",2015-04-19,2020-12-09,5.642710472279261,1,first_ge_1b_event,2.0,2.0,21018000.0,21000000.0,5.0,4.0,1.998631074606434,247.0,2014-08-15
fervoenergynasdaqgsfrvo,Fervo Energy Company (NasdaqGS:FRVO),2023-04-30,2024-12-19,1.6399726214921286,1,first_ge_1b_event,2.0,2.0,166630000.0,138290000.0,12.0,12.0,1.998631074606434,251.0,2022-08-22
songtradr,"Songtradr, Inc.",2022-07-31,2023-11-21,1.3086926762491444,0,last_supplied_sub_1b_round_proxy,2.0,2.0,80000000.0,50000000.0,5.0,5.0,1.998631074606434,406.0,2021-06-20
digilens,DigiLens Inc.,2019-01-19,2022-04-07,3.2142368240930868,0,last_supplied_sub_1b_round_proxy,1.0,1.0,24100000.0,24100000.0,8.0,8.0,1.998631074606434,730.0,2017-01-19
accolade,"Accolade, Inc.",2015-12-12,2019-10-10,3.8275154004106775,0,last_supplied_sub_1b_round_proxy,1.0,1.0,30000000.0,30000000.0,1.0,1.0,1.998631074606434,730.0,2013-12-12
envisics,"Envisics, Inc.",2022-10-07,2023-09-04,0.9089664613278576,0,last_supplied_sub_1b_round_proxy,1.0,1.0,50000000.0,50000000.0,4.0,4.0,1.998631074606434,730.0,2020-10-07
rokid,Rokid Corporation Ltd.,2018-10-26,2026-04-22,7.488021902806297,0,last_supplied_sub_1b_round_proxy,1.0,1.0,65000000.0,65000000.0,3.0,3.0,1.998631074606434,730.0,2016-10-26
anrok,"Anrok, Inc.",2023-08-09,2025-10-21,2.2012320328542097,0,last_supplied_sub_1b_round_proxy,2.0,2.0,24330000.0,20000000.0,2.0,2.0,1.998631074606434,526.0,2022-03-01
conductor,"Conductor Technologies, Inc.",2019-02-14,2021-11-16,2.754277891854894,0,last_supplied_sub_1b_round_proxy,2.0,2.0,4350000.0,4230000.0,3.0,2.0,1.998631074606434,679.0,2017-04-06
sunbasket,"Sun Basket, Inc.",2017-09-16,2019-05-21,1.675564681724846,0,last_supplied_sub_1b_round_proxy,3.0,3.0,23940000.0,15000000.0,15.0,9.0,1.998631074606434,211.0,2017-02-17
infifreshfoods,Infifresh Foods Limited,2023-12-21,2025-01-27,1.103353867214237,0,last_supplied_sub_1b_round_proxy,1.0,1.0,39890000.0,39890000.0,6.0,6.0,1.998631074606434,730.0,2021-12-21
truphone,Truphone Limited,2015-02-01,2020-04-14,5.19917864476386,0,last_supplied_sub_1b_round_proxy,1.0,1.0,118050000.0,118050000.0,0.0,0.0,1.998631074606434,730.0,2013-02-01
finchtherapeuticsotcpkfnchq,"Finch Therapeutics Group, Inc. (OTCPK:FNCH.Q)",2020-02-29,2020-09-17,0.5503080082135524,0,last_supplied_sub_1b_round_proxy,2.0,2.0,89870000.0,53470000.0,7.0,7.0,1.998631074606434,225.0,2019-07-19
sifive,"SiFive, Inc.",2018-09-02,2022-03-14,3.5290896646132786,1,first_ge_1b_event,3.0,3.0,64170000.0,50610000.0,8.0,8.0,1.998631074606434,153.0,2018-04-02
sysdig,"Sysdig, Inc.",2015-06-30,2021-04-28,5.8288843258042435,1,first_ge_1b_event,1.0,1.0,2360000.0,2360000.0,1.0,1.0,1.998631074606434,730.0,2013-06-30
h2oai,"H2O.ai, Inc.",2014-12-31,2019-08-20,4.635181382614648,0,last_supplied_sub_1b_round_proxy,2.0,2.0,10650000.0,8930000.0,2.0,2.0,1.998631074606434,54.0,2014-11-07
boxed,"Boxed, Inc.",2016-04-29,2018-08-21,2.3107460643394937,0,last_supplied_sub_1b_round_proxy,2.0,2.0,33020000.0,25000000.0,11.0,8.0,1.998631074606434,471.0,2015-01-14
alloytherapeutics,"Alloy Therapeutics, Inc.",2023-04-02,2026-04-15,3.0362765229295,1,first_ge_1b_event,1.0,1.0,75000000.0,75000000.0,8.0,8.0,1.998631074606434,730.0,2021-04-02
depositsolutionsgmbh,Deposit Solutions GmbH,2018-07-20,2018-08-15,0.07118412046543464,0,last_supplied_sub_1b_round_proxy,1.0,1.0,16510000.000000002,16510000.000000002,4.0,4.0,1.998631074606434,730.0,2016-07-20
nomadhealth,"Nomad Health, Inc.",2018-08-03,2022-06-27,3.898699520876112,0,last_supplied_sub_1b_round_proxy,1.0,1.0,4680000.0,4680000.0,3.0,3.0,1.998631074606434,730.0,2016-08-03
everlaw,"Everlaw, Inc.",2015-01-09,2021-11-02,6.8145106091718,1,first_ge_1b_event,1.0,1.0,850000.0,850000.0,0.0,0.0,1.998631074606434,730.0,2013-01-09
tmrwlifesciences,"TMRW Life Sciences, Inc.",2021-05-28,2024-07-12,3.1238877481177276,0,last_supplied_sub_1b_round_proxy,2.0,2.0,48560000.0,36560000.0,1.0,1.0,1.998631074606434,374.0,2020-05-19
glossgenius,"GlossGenius, Inc.",2025-07-26,2026-07-21,0.9856262833675564,1,first_ge_1b_event,1.0,1.0,28000000.0,28000000.0,3.0,3.0,1.998631074606434,730.0,2023-07-27
maymobility,"May Mobility, Inc.",2019-08-21,2023-11-07,4.213552361396304,0,last_supplied_sub_1b_round_proxy,3.0,3.0,33030000.0,21400000.0,11.0,8.0,1.998631074606434,190.0,2019-02-12
fleetspacepty,Fleet Space Technologies Pty Ltd,2023-11-16,2024-12-11,1.0704996577686516,0,last_supplied_sub_1b_round_proxy,2.0,2.0,59120000.0,32720000.0,10.0,7.0,1.998631074606434,176.0,2023-05-24
samsaranyseiot,Samsara Inc. (NYSE:IOT),2017-05-19,2018-03-22,0.840520191649555,1,first_ge_1b_event,2.0,2.0,40000000.0,25000000.0,1.0,1.0,1.998631074606434,149.0,2016-12-21
iterable,"Iterable, Inc.",2017-12-27,2021-06-15,3.46611909650924,1,first_ge_1b_event,2.0,2.0,30840000.0,22560000.0,3.0,3.0,1.998631074606434,379.0,2016-12-13
catamorphic,Catamorphic Co.,2019-12-04,2021-08-10,1.6837782340862424,1,first_ge_1b_event,2.0,2.0,65250000.0,43250000.0,5.0,5.0,1.998631074606434,266.0,2019-03-13
somatus,"Somatus, Inc.",2019-05-04,2021-06-15,2.116358658453114,0,last_supplied_sub_1b_round_proxy,2.0,2.0,16000000.0,11000000.0,3.0,3.0,1.998631074606434,389.0,2018-04-10
memoir,"Memoir, Inc.",2023-09-21,2025-04-16,1.568788501026694,1,first_ge_1b_event,2.0,2.0,59000000.0,42000000.0,7.0,7.0,1.998631074606434,618.0,2022-01-11
rubicon,Rubicon Labs Inc.,2014-07-05,2017-02-07,2.595482546201232,0,last_supplied_sub_1b_round_proxy,1.0,1.0,1390000.0,1390000.0,0.0,0.0,1.998631074606434,730.0,2012-07-05
avaadaenergyprivate,Avaada Energy Private Limited,2021-02-07,2021-07-13,0.4271047227926078,1,first_ge_1b_event,1.0,1.0,50530000.0,50530000.0,2.0,2.0,1.998631074606434,730.0,2019-02-08
pointdigitalfinance,"Point Digital Finance, Inc.",2017-12-30,2022-05-10,4.358658453114305,0,last_supplied_sub_1b_round_proxy,1.0,1.0,3000000.0,3000000.0,1.0,1.0,1.998631074606434,730.0,2015-12-31
flockfreight,"Flock Freight, Inc.",2019-12-31,2021-10-20,1.8042436687200547,1,first_ge_1b_event,1.0,1.0,17750000.0,17750000.0,1.0,1.0,1.998631074606434,730.0,2017-12-31
built,"Built Technologies, Inc.",2019-11-14,2023-04-13,3.4113620807665983,1,first_ge_1b_event,2.0,2.0,52220000.0,31000000.0,6.0,6.0,1.998631074606434,199.0,2019-04-29
yuenkeefood,"Yuen Kee Food Group Co., Ltd.",2025-06-29,2025-12-31,0.5065023956194388,0,last_supplied_sub_1b_round_proxy,1.0,1.0,4139999.9999999995,4139999.9999999995,1.0,1.0,1.998631074606434,730.0,2023-06-30
tessolvesemiconductorpvt,Tessolve Semiconductor Pvt. Ltd.,2023-04-22,2025-09-01,2.3627652292950034,0,last_supplied_sub_1b_round_proxy,1.0,1.0,40000000.0,40000000.0,1.0,1.0,1.998631074606434,730.0,2021-04-22
openfinancialprivate,Open Financial Technologies Private Limited,2020-05-17,2021-10-12,1.404517453798768,0,last_supplied_sub_1b_round_proxy,2.0,2.0,30530000.0,30330000.0,5.0,4.0,1.998631074606434,327.0,2019-06-25
partly,Partly Group Limited,2023-10-12,2026-06-23,2.6967830253251197,0,last_supplied_sub_1b_round_proxy,2.0,2.0,26140000.0,23570000.0,9.0,8.0,1.998631074606434,304.0,2022-12-12
listen,"Listen, Inc.",2018-11-18,2026-01-14,7.156741957563312,0,last_supplied_sub_1b_round_proxy,1.0,1.0,500000.0,500000.0,1.0,1.0,1.998631074606434,730.0,2016-11-18
revenuecat,"RevenueCat, Inc.",2023-05-27,2025-05-22,1.9876796714579055,0,last_supplied_sub_1b_round_proxy,1.0,1.0,40000000.0,40000000.0,6.0,6.0,1.998631074606434,730.0,2021-05-27
butterflyeffectpte,Butterfly Effect Pte. Ltd.,2024-07-30,2025-04-25,0.7364818617385352,0,last_supplied_sub_1b_round_proxy,2.0,0.0,0.0,0.0,3.0,3.0,1.998631074606434,212.0,2023-12-31
speakeasy,"Speakeasy Labs, Inc.",2019-03-21,2024-06-18,5.245722108145106,0,last_supplied_sub_1b_round_proxy,1.0,1.0,120000.0,120000.0,1.0,1.0,1.998631074606434,730.0,2017-03-21
writer,"Writer, Inc.",2019-05-09,2024-11-12,5.514031485284052,1,first_ge_1b_event,2.0,2.0,16600000.0,11510000.0,4.0,4.0,1.998631074606434,210.0,2018-10-11
cosmosespzoo,Cosmose sp. z o.o.,2022-08-31,2023-04-24,0.6461327857631759,0,last_supplied_sub_1b_round_proxy,1.0,1.0,15000000.0,15000000.0,3.0,3.0,1.998631074606434,730.0,2020-08-31
voxmedia,"Vox Media, LLC",2012-11-07,2023-02-06,10.247775496235455,0,last_supplied_sub_1b_round_proxy,1.0,1.0,10680000.0,10680000.0,3.0,3.0,1.998631074606434,730.0,2010-11-08
runwayai,"Runway AI, Inc.",2024-12-04,2025-04-03,0.32854209445585214,1,first_ge_1b_event,1.0,1.0,50200000.0,50200000.0,6.0,6.0,1.998631074606434,730.0,2022-12-05
interviewstreet,"Interviewstreet, Inc.",2016-06-11,2022-03-29,5.796030116358659,0,last_supplied_sub_1b_round_proxy,1.0,1.0,9170000.0,9170000.0,2.0,2.0,1.998631074606434,730.0,2014-06-12
moengage,"MoEngage, Inc.",2016-12-30,2021-12-07,4.936344969199179,0,last_supplied_sub_1b_round_proxy,2.0,2.0,5126000.0,4250000.0,2.0,2.0,1.998631074606434,473.0,2015-09-14
rocketmoney,"Rocket Money, Inc.",2018-03-22,2021-06-01,3.1950718685831623,0,last_supplied_sub_1b_round_proxy,1.0,1.0,120000.0,120000.0,1.0,1.0,1.998631074606434,730.0,2016-03-22
zipstorm,"ZipStorm, Inc.",2021-05-13,2022-01-12,0.6680355920602327,1,first_ge_1b_event,2.0,2.0,71400000.0,65400000.00000001,3.0,3.0,1.998631074606434,65.0,2021-03-09
distributedcreation,Distributed Creation Inc.,2015-10-09,2021-02-22,5.374401095140315,0,last_supplied_sub_1b_round_proxy,1.0,1.0,2750000.0,2750000.0,6.0,6.0,1.998631074606434,730.0,2013-10-09
rhino,"Rhino Labs, Inc.",2019-06-29,2022-01-24,2.5735797399041753,0,last_supplied_sub_1b_round_proxy,2.0,2.0,2690000.0,1940000.0,5.0,5.0,1.998631074606434,506.0,2018-02-08
gustoinvestmentservices,"Gusto Investment Services, LLC",2018-07-19,2021-04-12,2.732375085557837,1,first_ge_1b_event,2.0,2.0,30250000.0,17490000.0,4.0,3.0,1.998631074606434,345.0,2017-08-08
kustomer,"Kustomer, LLC",2017-09-03,2019-12-04,2.2505133470225873,0,last_supplied_sub_1b_round_proxy,2.0,2.0,12500000.0,10000000.0,5.0,5.0,1.998631074606434,341.0,2016-09-27
signalfx,"SignalFx, Inc.",2015-03-31,2019-06-12,4.199863107460644,0,last_supplied_sub_1b_round_proxy,2.0,2.0,28500000.0,20000000.0,2.0,2.0,1.998631074606434,59.0,2015-01-31
propertyfinderfz,Propertyfinder FZ-LLC,2018-01-10,2025-09-09,7.663244353182751,1,first_ge_1b_event,1.0,1.0,20000000.0,20000000.0,1.0,1.0,1.998631074606434,730.0,2016-01-11
outreach,Outreach Corporation,2017-04-19,2019-04-16,1.9904175222450375,1,first_ge_1b_event,3.0,3.0,29280000.0,17360000.0,5.0,5.0,1.998631074606434,301.0,2016-06-22
lenduploans,"LendUp Loans, LLC",2015-11-12,2016-08-23,0.7802874743326489,0,last_supplied_sub_1b_round_proxy,1.0,1.0,14000000.0,14000000.0,3.0,3.0,1.998631074606434,730.0,2013-11-12
worldremit,WorldRemit Ltd,2017-02-17,2021-08-23,4.511978097193703,1,first_ge_1b_event,1.0,1.0,100000000.0,100000000.0,2.0,2.0,1.998631074606434,730.0,2015-02-18
bytedance,Bytedance Ltd,2015-09-01,2016-12-30,1.3305954825462012,1,first_ge_1b_event,2.0,2.0,110000000.0,100000000.0,7.0,4.0,1.998631074606434,457.0,2014-06-01
appdynamics,AppDynamics LLC,2015-01-23,2015-11-30,0.8514715947980835,1,first_ge_1b_event,1.0,1.0,50000000.0,50000000.0,4.0,4.0,1.998631074606434,730.0,2013-01-23
pbfintechnseipolicybzr,PB Fintech Limited (NSEI:POLICYBZR),2016-05-25,2017-10-12,1.3826146475017111,0,last_supplied_sub_1b_round_proxy,2.0,2.0,68160000.0,47890000.0,5.0,5.0,1.998631074606434,443.0,2015-03-09
smartshiftlogisticssolutionspvt,SmartShift Logistics Solutions Pvt. Ltd.,2023-10-25,2025-05-08,1.5359342915811087,1,first_ge_1b_event,1.0,1.0,99950000.0,99950000.0,4.0,4.0,1.998631074606434,730.0,2021-10-25
envedatherapeutics,"Enveda Therapeutics, Inc.",2022-08-24,2025-02-26,2.510609171800137,0,last_supplied_sub_1b_round_proxy,1.0,1.0,4980000.0,4980000.0,3.0,3.0,1.998631074606434,730.0,2020-08-24
wedoctor,We Doctor Holdings Limited,2014-01-11,2016-06-30,2.4668035592060233,1,first_ge_1b_event,1.0,1.0,11000000.0,11000000.0,0.0,0.0,1.998631074606434,730.0,2012-01-12
popout,"Popout, Inc.",2016-09-17,2021-02-23,4.435318275154004,0,last_supplied_sub_1b_round_proxy,2.0,2.0,9740000.0,7440000.0,7.0,6.0,1.998631074606434,8.0,2016-09-09
metromile,"Metromile, Inc.",2015-04-30,2018-07-24,3.2334017796030117,0,last_supplied_sub_1b_round_proxy,2.0,2.0,50190000.0,40190000.0,3.0,3.0,1.998631074606434,120.0,2014-12-31
yundingnetworkbeijing,"Yunding Network Technology (Beijing)Co.,LTD.",2016-07-30,2025-11-30,9.336071184120465,0,last_supplied_sub_1b_round_proxy,1.0,1.0,432000.0,432000.0,1.0,1.0,1.998631074606434,730.0,2014-07-31
precisionneuroscience,Precision Neuroscience Corporation,2023-05-25,2024-12-16,1.5633127994524298,0,last_supplied_sub_1b_round_proxy,2.0,2.0,53150000.0,41150000.0,7.0,7.0,1.998631074606434,120.0,2023-01-25
pplabs,PPLabs Technology Limited,2023-03-11,2025-10-16,2.6009582477754964,0,last_supplied_sub_1b_round_proxy,1.0,1.0,5560000.0,5560000.0,6.0,6.0,1.998631074606434,730.0,2021-03-11
virtahealth,Virta Health Corp,2020-04-03,2020-12-02,0.6652977412731006,1,first_ge_1b_event,2.0,2.0,138190000.0,93190000.0,7.0,7.0,1.998631074606434,84.0,2020-01-10
premierlacrosseleague,"Premier Lacrosse League, Inc.",2021-02-11,2026-06-30,5.379876796714579,0,last_supplied_sub_1b_round_proxy,1.0,1.0,25000000.0,25000000.0,1.0,1.0,1.998631074606434,730.0,2019-02-12
classpass,ClassPass Inc.,2014-06-14,2018-07-25,4.112251882272417,0,last_supplied_sub_1b_round_proxy,1.0,1.0,118000.0,118000.0,1.0,1.0,1.998631074606434,730.0,2012-06-14
hover,Hover Inc.,2020-01-29,2020-11-17,0.8021902806297057,0,last_supplied_sub_1b_round_proxy,2.0,2.0,50000000.0,25000000.0,4.0,3.0,1.998631074606434,279.0,2019-04-25
takeoff,Takeoff Technologies Inc.,2020-09-18,2021-12-07,1.218343600273785,0,last_supplied_sub_1b_round_proxy,3.0,3.0,44050000.0,25000000.0,2.0,1.0,1.998631074606434,365.0,2019-09-19
vizai,"Viz.ai, Inc.",2019-05-01,2021-03-17,1.8781656399726214,0,last_supplied_sub_1b_round_proxy,3.0,3.0,28140000.0,20800000.0,6.0,3.0,1.998631074606434,287.0,2018-07-18
immvirabioscience,Immvira Bioscience Inc.,2019-08-18,2024-01-09,4.394250513347022,0,last_supplied_sub_1b_round_proxy,1.0,1.0,3750000.0,3750000.0,4.0,4.0,1.998631074606434,730.0,2017-08-18
shanghaihuilunlifesciences,"Shanghai Huilun Life Sciences & Technology Co., Ltd.",2022-04-22,2025-09-18,3.4086242299794662,0,last_supplied_sub_1b_round_proxy,2.0,2.0,33930000.0,22630000.0,5.0,5.0,1.998631074606434,660.0,2020-07-01
freshworksnasdaqgsfrsh,Freshworks Inc. (NasdaqGS:FRSH),2014-04-26,2018-07-31,4.262833675564682,1,first_ge_1b_event,2.0,2.0,12000000.0,7000000.0,2.0,2.0,1.998631074606434,156.0,2013-11-21
warbyparkernysewrby,Warby Parker Inc. (NYSE:WRBY),2013-09-21,2015-04-30,1.6043805612594113,1,first_ge_1b_event,2.0,2.0,54160000.0,41610000.0,8.0,7.0,1.998631074606434,233.0,2013-01-31
interos,Interos Inc.,2021-12-19,2022-01-25,0.10130047912388775,0,last_supplied_sub_1b_round_proxy,1.0,1.0,8350000.0,8350000.0,1.0,1.0,1.998631074606434,730.0,2019-12-20
hefeikuxinmicroelectronics,Hefei Kuxin Microelectronics Limited,2022-12-31,2025-12-24,2.9815195071868583,0,last_supplied_sub_1b_round_proxy,2.0,2.0,21000000.0,11810000.0,3.0,3.0,1.998631074606434,365.0,2021-12-31
caliza,Caliza LLC,2022-02-05,2022-08-25,0.5503080082135524,0,last_supplied_sub_1b_round_proxy,1.0,1.0,20070000.0,20070000.0,3.0,3.0,1.998631074606434,730.0,2020-02-06
jane,"Jane Technologies, Inc.",2021-07-15,2021-08-25,0.11225188227241616,0,last_supplied_sub_1b_round_proxy,1.0,1.0,21000000.0,21000000.0,2.0,2.0,1.998631074606434,730.0,2019-07-16
mediamath,"MediaMath, Inc.",2013-07-21,2014-06-03,0.8678986995208761,0,last_supplied_sub_1b_round_proxy,1.0,1.0,32580000.0,32580000.0,6.0,6.0,1.998631074606434,730.0,2011-07-22
tecovas,"Tecovas, Inc.",2024-01-12,2025-07-30,1.5468856947296372,0,last_supplied_sub_1b_round_proxy,1.0,1.0,56000000.0,56000000.0,4.0,4.0,1.998631074606434,730.0,2022-01-12
stackexchange,Stack Exchange Inc.,2012-11-23,2020-07-28,7.676933607118412,0,last_supplied_sub_1b_round_proxy,2.0,2.0,18320000.0,12270000.0,3.0,3.0,1.998631074606434,625.0,2011-03-09
zumper,"Zumper, Inc.",2020-09-16,2022-08-25,1.9383983572895278,0,last_supplied_sub_1b_round_proxy,1.0,1.0,45650000.0,45650000.0,8.0,8.0,1.998631074606434,730.0,2018-09-17
girnarsoftwarepvt,Girnar Software Pvt. Ltd.,2015-11-27,2021-10-13,5.878165639972622,1,first_ge_1b_event,1.0,1.0,15000000.0,15000000.0,1.0,1.0,1.998631074606434,730.0,2013-11-27
moneyfarmsimspa,MoneyFarm SIM S.p.a.,2017-11-08,2022-01-31,4.229979466119096,0,last_supplied_sub_1b_round_proxy,1.0,1.0,17240000.0,17240000.0,2.0,2.0,1.998631074606434,730.0,2015-11-09
ppio,PPIO,2023-03-31,2025-04-30,2.083504449007529,0,last_supplied_sub_1b_round_proxy,1.0,0.0,0.0,0.0,0.0,0.0,1.998631074606434,730.0,2021-03-31
agnikulcosmosprivate,Agnikul Cosmos Private Limited,2024-09-11,2025-11-22,1.1964407939767283,0,last_supplied_sub_1b_round_proxy,1.0,1.0,20000000.0,20000000.0,3.0,3.0,1.998631074606434,730.0,2022-09-12
stenoagency,"Steno Agency, Inc.",2022-11-20,2026-03-26,3.345653661875428,0,last_supplied_sub_1b_round_proxy,1.0,1.0,5580000.0,5580000.0,1.0,1.0,1.998631074606434,730.0,2020-11-20
ironclad,"Ironclad, Inc.",2017-08-18,2021-01-14,3.4086242299794662,1,first_ge_1b_event,1.0,1.0,120000.0,120000.0,1.0,1.0,1.998631074606434,730.0,2015-08-19
shanghaipharmaceuticalbighealthyunshang,"Shanghai Pharmaceutical Big Health Yunshang Co., Ltd.",2017-08-17,2021-02-18,3.5071868583162216,0,last_supplied_sub_1b_round_proxy,1.0,1.0,173950000.0,173950000.0,3.0,3.0,1.998631074606434,730.0,2015-08-18
sweetgreennysesg,"Sweetgreen, Inc. (NYSE:SG)",2015-12-03,2019-09-20,3.7973990417522243,1,first_ge_1b_event,3.0,3.0,78500000.0,36800000.0,2.0,2.0,1.998631074606434,155.0,2015-07-01
indebtedpty,InDebted Holdings Pty Ltd,2022-02-26,2024-09-24,2.5763175906913074,0,last_supplied_sub_1b_round_proxy,1.0,1.0,9210000.0,9210000.0,3.0,3.0,1.998631074606434,730.0,2020-02-27
clicktherapeutics,"Click Therapeutics, Inc.",2023-10-22,2026-04-09,2.4640657084188913,0,last_supplied_sub_1b_round_proxy,1.0,1.0,52120000.0,52120000.0,8.0,8.0,1.998631074606434,730.0,2021-10-22
beijingyijiupiecommerce,"Beijing Yijiupi E-Commerce Co., Ltd.",2018-03-21,2018-09-20,0.5010266940451745,1,first_ge_1b_event,1.0,1.0,61710000.0,61710000.0,5.0,5.0,1.998631074606434,730.0,2016-03-21
dittolive,DittoLive Incorporated,2023-11-18,2025-03-06,1.297741273100616,0,last_supplied_sub_1b_round_proxy,1.0,1.0,9010000.0,9010000.0,2.0,2.0,1.998631074606434,730.0,2021-11-18
mohallatechprivate,Mohalla Tech Private Limited,2020-09-18,2021-07-27,0.8542094455852156,1,first_ge_1b_event,1.0,1.0,99860000.0,99860000.0,7.0,7.0,1.998631074606434,730.0,2018-09-19
juspayprivate,Juspay Technologies Private Limited,2018-02-24,2026-01-23,7.912388774811773,1,first_ge_1b_event,1.0,1.0,5820000.0,5820000.0,1.0,1.0,1.998631074606434,730.0,2016-02-25
100thieves,"100 Thieves, Inc.",2020-10-22,2021-12-02,1.111567419575633,0,last_supplied_sub_1b_round_proxy,2.0,2.0,50020000.0,34960000.0,7.0,5.0,1.998631074606434,464.0,2019-07-16
blacksesameinternationalholdingsehk2533,Black Sesame International Holding Limited (SEHK:2533),2019-12-12,2022-07-05,2.5626283367556466,1,first_ge_1b_event,4.0,4.0,79700000.0,40000000.0,1.0,1.0,1.998631074606434,49.0,2019-10-24
beijinghaizhisehk2706,"Beijing Haizhi Technology Group Co., Ltd. (SEHK:2706)",2018-03-02,2025-05-31,7.2470910335386725,0,last_supplied_sub_1b_round_proxy,1.0,1.0,30000000.0,30000000.0,4.0,4.0,1.998631074606434,730.0,2016-03-02
workos,"WorkOS, Inc.",2024-11-30,2026-03-02,1.2511978097193703,1,first_ge_1b_event,1.0,1.0,81660000.0,81660000.0,3.0,3.0,1.998631074606434,730.0,2022-12-01
eargo,"Eargo, Inc.",2017-12-08,2020-09-01,2.732375085557837,0,last_supplied_sub_1b_round_proxy,1.0,1.0,25690000.0,25690000.0,1.0,1.0,1.998631074606434,730.0,2015-12-09
arborbiotechnologies,"Arbor Biotechnologies, Inc.",2023-11-09,2025-03-18,1.3552361396303902,0,last_supplied_sub_1b_round_proxy,1.0,1.0,215000000.0,215000000.0,20.0,20.0,1.998631074606434,730.0,2021-11-09
neurelis,"Neurelis, Inc.",2019-12-07,2021-03-08,1.2511978097193703,0,last_supplied_sub_1b_round_proxy,1.0,1.0,15000000.0,15000000.0,2.0,2.0,1.998631074606434,730.0,2017-12-07
tive,"Tive, Inc.",2019-05-03,2026-01-02,6.669404517453799,0,last_supplied_sub_1b_round_proxy,2.0,2.0,2050000.0,1930000.0,1.0,1.0,1.998631074606434,389.0,2018-04-09
hqo,"Hqo, Inc.",2017-08-30,2023-10-18,6.132785763175907,0,last_supplied_sub_1b_round_proxy,1.0,1.0,2040000.0,2040000.0,3.0,3.0,1.998631074606434,730.0,2015-08-31
transcarent,"Transcarent, Inc.",2023-06-10,2024-05-02,0.8952772073921971,1,first_ge_1b_event,1.0,1.0,65379999.99999999,65379999.99999999,9.0,9.0,1.998631074606434,730.0,2021-06-10
bksehk2396,B&K Corporation Limited (SEHK:2396),2023-05-25,2023-10-24,0.4161533196440794,0,last_supplied_sub_1b_round_proxy,2.0,2.0,15850000.0,11640000.0,2.0,1.0,1.998631074606434,594.0,2021-10-08
titanglobalcapitalmanagementusa,Titan Global Capital Management USA LLC,2020-08-20,2021-07-20,0.9144421629021219,0,last_supplied_sub_1b_round_proxy,1.0,1.0,120000.0,120000.0,1.0,1.0,1.998631074606434,730.0,2018-08-21
roktpte,Rokt Pte. Ltd.,2015-11-22,2021-12-16,6.067077344284736,1,first_ge_1b_event,1.0,1.0,8500000.0,8500000.0,1.0,1.0,1.998631074606434,730.0,2013-11-22
shanghaiseerintelligentsehk6106,"Shanghai Seer Intelligent Technology Co., Ltd. (SEHK:6106)",2022-11-30,2025-04-30,2.414784394250513,0,last_supplied_sub_1b_round_proxy,3.0,3.0,41510000.0,26290000.0,9.0,5.0,1.998631074606434,334.0,2021-12-31
toastnysetost,"Toast, Inc. (NYSE:TOST)",2018-01-04,2018-07-10,0.5119780971937029,1,first_ge_1b_event,2.0,2.0,84040000.0,54130000.0,4.0,3.0,1.998631074606434,163.0,2017-07-25
ysten,"YSTen Technology Co., Ltd.",2016-06-24,2018-09-21,2.242299794661191,0,last_supplied_sub_1b_round_proxy,1.0,1.0,7700000.0,7700000.0,0.0,0.0,1.998631074606434,730.0,2014-06-25
thayermahan,"ThayerMahan, Inc.",2019-04-04,2024-01-09,4.766598220396989,0,last_supplied_sub_1b_round_proxy,1.0,1.0,2750000.0,2750000.0,0.0,0.0,1.998631074606434,730.0,2017-04-04
opensesame,OpenSesame Inc.,2021-05-27,2021-07-22,0.15331964407939766,0,last_supplied_sub_1b_round_proxy,1.0,1.0,27500000.0,27500000.0,2.0,2.0,1.998631074606434,730.0,2019-05-28
vectraai,"Vectra AI, Inc.",2014-01-02,2021-04-29,7.321013004791239,1,first_ge_1b_event,1.0,1.0,5380000.0,5380000.0,0.0,0.0,1.998631074606434,730.0,2012-01-03
bigtreeentertainmentpvt,Bigtree Entertainment Pvt. Ltd.,2016-06-16,2016-07-05,0.05201916495550993,0,last_supplied_sub_1b_round_proxy,1.0,1.0,24860000.0,24860000.0,3.0,3.0,1.998631074606434,730.0,2014-06-17
gridai,"Grid.ai, Inc.",2024-06-15,2024-11-21,0.4353182751540041,0,last_supplied_sub_1b_round_proxy,1.0,1.0,40000000.0,40000000.0,5.0,5.0,1.998631074606434,730.0,2022-06-16
convalifepharmaceuticals,"Convalife Pharmaceuticals Co., Ltd.",2021-11-29,2025-08-01,3.671457905544148,0,last_supplied_sub_1b_round_proxy,2.0,2.0,13860000.0,12370000.0,2.0,2.0,1.998631074606434,321.0,2021-01-12
sumologic,"Sumo Logic, Inc.",2012-12-30,2017-06-27,4.490075290896646,0,last_supplied_sub_1b_round_proxy,1.0,1.0,5550000.0,5550000.0,1.0,1.0,1.998631074606434,730.0,2010-12-31
theathleticmedia,The Athletic Media Company,2018-08-22,2020-01-21,1.4154688569472964,0,last_supplied_sub_1b_round_proxy,1.0,1.0,120000.0,120000.0,1.0,1.0,1.998631074606434,730.0,2016-08-22
beijingchehejia,Beijing Chehejia Technology Ltd.,2018-06-27,2019-08-19,1.1444216290212184,1,first_ge_1b_event,1.0,1.0,109760000.0,109760000.0,5.0,5.0,1.998631074606434,730.0,2016-06-27
oliveai,"Olive AI, Inc.",2015-08-07,2020-12-01,5.319644079397673,1,first_ge_1b_event,2.0,2.0,15100000.0,10100000.0,2.0,2.0,1.998631074606434,116.0,2015-04-13
genfleettherapeuticsshanghaisehk2595,GenFleet Therapeutics (Shanghai) Inc. (SEHK:2595),2021-04-18,2023-12-31,2.702258726899384,0,last_supplied_sub_1b_round_proxy,1.0,1.0,2980000.0,2980000.0,4.0,4.0,1.998631074606434,730.0,2019-04-19
wuxiautolinkintelligencetech,"Wuxi Autolink Intelligence Tech Co., Ltd.",2018-03-10,2024-11-28,6.721423682409308,0,last_supplied_sub_1b_round_proxy,2.0,2.0,12920000.0,7540000.0,3.0,2.0,1.998631074606434,570.0,2016-08-17
impossiblefoods,Impossible Foods Inc.,2014-09-11,2020-03-13,5.503080082135524,1,first_ge_1b_event,1.0,1.0,6420000.0,6420000.0,0.0,0.0,1.998631074606434,730.0,2012-09-11
icreditworks,iCreditWorks Inc.,2024-06-12,2025-04-14,0.837782340862423,0,last_supplied_sub_1b_round_proxy,1.0,0.0,0.0,0.0,1.0,1.0,1.998631074606434,730.0,2022-06-13
nanjingguijizhineng,"Nanjing Guiji Zhineng Technology Co., Ltd.",2019-12-31,2025-05-31,5.415468856947296,0,last_supplied_sub_1b_round_proxy,1.0,0.0,0.0,0.0,0.0,0.0,1.998631074606434,730.0,2017-12-31
taxbit,"TaxBit, Inc.",2021-01-08,2024-04-25,3.293634496919918,1,first_ge_1b_event,2.0,2.0,5750000.0,5000000.0,7.0,7.0,1.998631074606434,368.0,2020-01-06
contentstack,Contentstack Inc.,2021-10-10,2022-11-15,1.0978781656399725,0,last_supplied_sub_1b_round_proxy,2.0,2.0,98630000.0,57500000.0,4.0,4.0,1.998631074606434,123.0,2021-06-09
sevenbridgesgenomics,Seven Bridges Genomics Inc.,2018-02-15,2021-04-27,3.1950718685831623,0,last_supplied_sub_1b_round_proxy,1.0,1.0,65230000.00000001,65230000.00000001,0.0,0.0,1.998631074606434,730.0,2016-02-16
freewire,"FreeWire Technologies, Inc.",2020-12-03,2022-04-27,1.3963039014373717,0,last_supplied_sub_1b_round_proxy,1.0,1.0,15000000.0,15000000.0,7.0,7.0,1.998631074606434,730.0,2018-12-04
hykso,Hykso Inc.,2018-03-22,2021-06-30,3.274469541409993,0,last_supplied_sub_1b_round_proxy,1.0,1.0,120000.0,120000.0,1.0,1.0,1.998631074606434,730.0,2016-03-22
cowbellcyber,"Cowbell Cyber, Inc.",2021-09-23,2024-07-26,2.839151266255989,0,last_supplied_sub_1b_round_proxy,2.0,2.0,23580000.0,20280000.0,8.0,7.0,1.998631074606434,196.0,2021-03-11
cinder,"Cinder Technologies, Inc.",2024-12-04,2026-05-12,1.434633812457221,0,last_supplied_sub_1b_round_proxy,1.0,1.0,12760000.0,12760000.0,2.0,2.0,1.998631074606434,730.0,2022-12-05
forwardnetworks,"Forward Networks, Inc.",2016-11-25,2023-01-24,6.16290212183436,0,last_supplied_sub_1b_round_proxy,2.0,2.0,11975000.0,11150000.0,1.0,1.0,1.998631074606434,730.0,2014-11-26
ascendiapharmaceuticals,"Ascendia Pharmaceuticals, Inc.",2024-07-12,2025-06-04,0.8952772073921971,0,last_supplied_sub_1b_round_proxy,1.0,1.0,2500000.0,2500000.0,0.0,0.0,1.998631074606434,730.0,2022-07-13
ayar,"Ayar Labs, Inc.",2018-08-16,2026-03-02,7.542778918548939,1,first_ge_1b_event,1.0,1.0,2530000.0,2530000.0,2.0,2.0,1.998631074606434,730.0,2016-08-16
obsidiantherapeutics,"Obsidian Therapeutics, Inc.",2023-09-09,2024-04-03,0.5667351129363449,0,last_supplied_sub_1b_round_proxy,1.0,1.0,115040000.0,115040000.0,14.0,14.0,1.998631074606434,730.0,2021-09-09
crmbonus,CRM&BONUS,2023-10-06,2024-05-14,0.6050650239561944,0,last_supplied_sub_1b_round_proxy,1.0,1.0,50730000.0,50730000.0,4.0,4.0,1.998631074606434,730.0,2021-10-06
lever,"Lever, Inc.",2018-01-25,2021-11-01,3.7672826830937716,0,last_supplied_sub_1b_round_proxy,1.0,1.0,20000000.0,20000000.0,4.0,4.0,1.998631074606434,730.0,2016-01-26
redcanary,"Red Canary, Inc.",2017-03-25,2021-02-17,3.9014373716632442,0,last_supplied_sub_1b_round_proxy,2.0,2.0,7840000.0,6370000.0,4.0,4.0,1.998631074606434,236.0,2016-08-01
neotract,"NeoTract, Inc.",2016-01-27,2017-01-06,0.944558521560575,0,last_supplied_sub_1b_round_proxy,1.0,1.0,50560000.0,50560000.0,0.0,0.0,1.998631074606434,730.0,2014-01-27
electrasteel,"ElectraSteel, Inc.",2023-06-16,2025-04-24,1.8562628336755647,0,last_supplied_sub_1b_round_proxy,1.0,1.0,28250000.0,28250000.0,0.0,0.0,1.998631074606434,730.0,2021-06-16
brewdog,BrewDog PLC,2015-12-31,2018-10-16,2.7926078028747434,1,first_ge_1b_event,1.0,1.0,7040000.0,7040000.0,0.0,0.0,1.998631074606434,730.0,2013-12-31
appomni,"AppOmni, Inc.",2021-04-02,2022-06-06,1.1772758384668036,0,last_supplied_sub_1b_round_proxy,2.0,2.0,12450000.0,9450000.0,4.0,4.0,1.998631074606434,626.0,2019-07-16
statsig,"Statsig, Inc.",2023-08-05,2025-05-06,1.7522245037645447,1,first_ge_1b_event,2.0,2.0,53460000.0,43000000.0,2.0,2.0,1.998631074606434,472.0,2022-04-20
apeel,"Apeel Technology, Inc.",2016-02-03,2021-08-18,5.538672142368241,1,first_ge_1b_event,2.0,2.0,7000000.0,5750000.0,0.0,0.0,1.998631074606434,217.0,2015-07-01
shandongsinder,"Shandong Sinder Technology Co., Ltd",2024-08-30,2025-10-25,1.1526351813826146,0,last_supplied_sub_1b_round_proxy,1.0,1.0,29030000.0,29030000.0,3.0,3.0,1.998631074606434,730.0,2022-08-31
dynotherapeutics,"Dyno Therapeutics, Inc.",2020-12-30,2021-05-06,0.34770704996577684,0,last_supplied_sub_1b_round_proxy,1.0,1.0,9000000.0,9000000.0,2.0,2.0,1.998631074606434,730.0,2018-12-31
sightsciencesnasdaqgssght,"Sight Sciences, Inc. (NasdaqGS:SGHT)",2018-03-15,2020-12-01,2.7159479808350446,0,last_supplied_sub_1b_round_proxy,1.0,1.0,7000000.0,7000000.0,2.0,2.0,1.998631074606434,730.0,2016-03-15
expel,"Expel, Inc.",2020-04-09,2022-11-07,2.5790554414784395,1,first_ge_1b_event,2.0,2.0,60000000.0,40000000.0,8.0,7.0,1.998631074606434,295.0,2019-06-19
nvest,"Nvest, Inc.",2017-01-07,2018-06-13,1.429158110882957,0,last_supplied_sub_1b_round_proxy,1.0,1.0,11000000.0,11000000.0,0.0,0.0,1.998631074606434,730.0,2015-01-08
loadsmart,"Loadsmart, Inc.",2016-12-17,2022-02-01,5.125256673511293,1,first_ge_1b_event,1.0,1.0,3000000.0,3000000.0,0.0,0.0,1.998631074606434,730.0,2014-12-18
eruditusexecutiveeducationpvt,Eruditus Executive Education Pvt. Ltd.,2021-01-09,2021-08-11,0.5859000684462696,1,first_ge_1b_event,1.0,1.0,40030000.0,40030000.0,2.0,2.0,1.998631074606434,730.0,2019-01-10
zapsolutions,"Zap Solutions Holdings, Inc.",2022-04-30,2022-09-27,0.4106776180698152,0,last_supplied_sub_1b_round_proxy,2.0,2.0,7000000.0,3500000.0,3.0,3.0,1.998631074606434,730.0,2020-04-30
shaanximicotpharmaceuticalsehk2335,"Shaanxi Micot Pharmaceutical Technology Co., Ltd. (SEHK:2335)",2023-07-15,2025-09-27,2.2039698836413417,0,last_supplied_sub_1b_round_proxy,2.0,2.0,57910000.0,55730000.0,7.0,6.0,1.998631074606434,165.0,2023-01-31
passivelogic,"PassiveLogic, Inc.",2024-01-11,2025-09-18,1.6865160848733745,0,last_supplied_sub_1b_round_proxy,1.0,1.0,33970000.0,33970000.0,6.0,6.0,1.998631074606434,730.0,2022-01-11
usertesting,"UserTesting, Inc.",2016-08-26,2020-03-19,3.561943874058864,0,last_supplied_sub_1b_round_proxy,2.0,2.0,48680000.0,45500000.0,3.0,2.0,1.998631074606434,576.0,2015-01-28
sprinklrnysecxm,"Sprinklr, Inc. (NYSE:CXM)",2013-08-30,2015-03-31,1.5824777549623545,1,first_ge_1b_event,2.0,2.0,20200000.0,15000000.0,2.0,2.0,1.998631074606434,206.0,2013-02-05
callminer,"CallMiner, Inc.",2012-09-29,2022-06-21,9.724845995893224,0,last_supplied_sub_1b_round_proxy,1.0,1.0,7000000.0,7000000.0,6.0,6.0,1.998631074606434,730.0,2010-09-30
apartmentlist,"Apartment List, Inc.",2016-02-05,2020-12-21,4.876112251882272,0,last_supplied_sub_1b_round_proxy,1.0,1.0,6000000.0,6000000.0,4.0,4.0,1.998631074606434,730.0,2014-02-05
shanghaifoursemisemiconductorsehk3625,"Shanghai FourSemi Semiconductor Co., Ltd. (SEHK:3625)",2019-09-18,2022-08-31,2.951403148528405,0,last_supplied_sub_1b_round_proxy,1.0,1.0,1220000.0,1220000.0,2.0,2.0,1.998631074606434,730.0,2017-09-18
shanghaisenyiwisdominformation,"Shanghai Senyi Wisdom Information Technology Co., Ltd.",2023-07-31,2024-07-18,0.9664613278576317,0,last_supplied_sub_1b_round_proxy,1.0,1.0,77380000.0,77380000.0,3.0,3.0,1.998631074606434,730.0,2021-07-31
qventus,"Qventus, Inc.",2018-11-16,2025-01-13,6.160164271047228,0,last_supplied_sub_1b_round_proxy,1.0,1.0,13380000.0,13380000.0,5.0,5.0,1.998631074606434,730.0,2016-11-16
xanpool,XanPool,2021-06-02,2022-06-30,1.0759753593429158,0,last_supplied_sub_1b_round_proxy,1.0,1.0,100000.0,100000.0,1.0,1.0,1.998631074606434,730.0,2019-06-03
blitzstudios,"Blitz Studios, Inc.",2020-10-18,2021-09-16,0.9117043121149897,0,last_supplied_sub_1b_round_proxy,1.0,1.0,5290000.0,5290000.0,1.0,1.0,1.998631074606434,730.0,2018-10-19
ntextransportationservicespvt,NTEx Transportation Services Pvt Ltd,2020-12-18,2022-02-07,1.1389459274469542,1,first_ge_1b_event,1.0,1.0,8540000.0,8540000.0,2.0,2.0,1.998631074606434,730.0,2018-12-19
degree,"Degree, Inc.",2018-03-23,2022-01-19,3.8275154004106775,1,first_ge_1b_event,2.0,2.0,3820000.0,3700000.0,6.0,5.0,1.998631074606434,686.0,2016-05-06
divvyhomes,"Divvy Homes, Inc.",2020-10-08,2021-08-13,0.8459958932238193,1,first_ge_1b_event,1.0,1.0,10620000.0,10620000.0,5.0,5.0,1.998631074606434,730.0,2018-10-09
aryakanetworks,"Aryaka Networks, Inc.",2014-07-16,2019-05-01,4.791238877481177,0,last_supplied_sub_1b_round_proxy,1.0,1.0,51490000.0,51490000.0,5.0,5.0,1.998631074606434,730.0,2012-07-16
supermarketgrocerysuppliesprivate,Supermarket Grocery Supplies Private Limited,2016-09-11,2019-03-28,2.54072553045859,1,first_ge_1b_event,2.0,2.0,83030000.0,50060000.0,6.0,5.0,1.998631074606434,396.0,2015-08-12
lendio,"Lendio, Inc.",2013-02-16,2022-12-31,9.869952087611225,0,last_supplied_sub_1b_round_proxy,1.0,1.0,6090000.0,6090000.0,2.0,2.0,1.998631074606434,730.0,2011-02-17
dialpad,"Dialpad, Inc.",2013-05-04,2021-12-16,8.618754277891854,1,first_ge_1b_event,2.0,2.0,18000000.0,15000000.0,2.0,2.0,1.998631074606434,289.0,2012-07-19
genesishealthcare,Genesis Healthcare Co.,2017-07-06,2018-02-23,0.6351813826146475,0,last_supplied_sub_1b_round_proxy,1.0,1.0,5080000.0,5080000.0,2.0,2.0,1.998631074606434,730.0,2015-07-07
nozominetworks,Nozomi Networks Inc.,2018-10-24,2021-12-03,3.1101984941820673,0,last_supplied_sub_1b_round_proxy,2.0,2.0,22550000.0,15000000.0,5.0,5.0,1.998631074606434,309.0,2017-12-19
fazendafuturoprodutosalimenticiossa,Fazenda Futuro Produtos Alimenticios S/A,2021-07-17,2021-11-03,0.29842573579739906,0,last_supplied_sub_1b_round_proxy,2.0,2.0,29670000.0,21400000.0,6.0,4.0,1.998631074606434,319.0,2020-09-01
uptycs,"UPTYCS, INC.",2018-12-31,2021-05-26,2.401095140314853,0,last_supplied_sub_1b_round_proxy,2.0,2.0,13000000.0,10000000.0,4.0,3.0,1.998631074606434,195.0,2018-06-19
jiangsuweihengintelligent,"Jiangsu Weiheng Intelligent Technology Co., Ltd",2025-08-02,2026-01-23,0.47638603696098564,0,last_supplied_sub_1b_round_proxy,2.0,2.0,39890000.0,25100000.0,15.0,11.0,1.998631074606434,580.0,2023-12-31
brainauroramedicalsehk6681,BrainAurora Medical Technology Limited (SEHK:6681),2017-03-30,2023-02-28,5.916495550992471,0,last_supplied_sub_1b_round_proxy,1.0,1.0,826000.0,826000.0,0.0,0.0,1.998631074606434,730.0,2015-03-31
shenzhenjiechengnickelcobaltnewenergy,"Shenzhen Jiecheng Nickel Cobalt New Energy Technology Co., Ltd.",2024-07-24,2026-04-30,1.7659137577002053,0,last_supplied_sub_1b_round_proxy,1.0,1.0,17030000.0,17030000.0,8.0,8.0,1.998631074606434,730.0,2022-07-25
carwow,carwow Ltd.,2021-12-30,2024-07-14,2.537987679671458,0,last_supplied_sub_1b_round_proxy,1.0,1.0,6570000.0,6570000.0,0.0,0.0,1.998631074606434,730.0,2019-12-31
bitglass,"Bitglass, Inc.",2016-08-04,2019-04-08,2.674880219028063,0,last_supplied_sub_1b_round_proxy,1.0,1.0,25030000.0,25030000.0,3.0,3.0,1.998631074606434,730.0,2014-08-05
nikangtherapeutics,"NiKang Therapeutics, Inc.",2019-12-31,2021-05-26,1.4017796030116358,0,last_supplied_sub_1b_round_proxy,1.0,1.0,10000000.0,10000000.0,1.0,1.0,1.998631074606434,730.0,2017-12-31
g2com,"G2.com, Inc.",2017-07-28,2021-06-22,3.9014373716632442,1,first_ge_1b_event,3.0,3.0,41090000.0,30000000.0,5.0,3.0,1.998631074606434,65.0,2017-05-24
allurionotcpkalurd,Allurion Technologies Inc. (OTCPK:ALUR.D),2019-07-11,2022-09-13,3.1759069130732374,0,last_supplied_sub_1b_round_proxy,1.0,1.0,26340000.0,26340000.0,3.0,3.0,1.998631074606434,730.0,2017-07-11
monzobankholding,Monzo Bank Holding Group Limited,2018-03-03,2018-10-30,0.6598220396988365,1,first_ge_1b_event,4.0,4.0,128900000.0,97150000.0,6.0,6.0,1.998631074606434,62.0,2017-12-31
clari,Clari Inc.,2014-12-31,2021-10-13,6.784394250513347,1,first_ge_1b_event,1.0,1.0,6080000.0,6080000.0,1.0,1.0,1.998631074606434,730.0,2012-12-31
mabl,"MABL, INC.",2020-02-21,2021-11-18,1.7412731006160165,0,last_supplied_sub_1b_round_proxy,1.0,1.0,9760000.0,9760000.0,2.0,2.0,1.998631074606434,730.0,2018-02-21
nextdoornysenxdr,"Nextdoor Holdings, Inc. (NYSE:NXDR)",2014-07-24,2019-09-10,5.130732375085558,1,first_ge_1b_event,3.0,3.0,100330000.0,60000000.0,11.0,8.0,1.998631074606434,268.0,2013-10-29
cortica,Cortica Inc.,2020-11-12,2023-10-03,2.8884325804243667,0,last_supplied_sub_1b_round_proxy,2.0,2.0,45880000.0,23530000.0,3.0,3.0,1.998631074606434,317.0,2019-12-31
immuta,"Immuta, Inc.",2019-02-16,2021-05-20,2.2559890485968515,0,last_supplied_sub_1b_round_proxy,2.0,2.0,26690000.0,20000000.0,6.0,5.0,1.998631074606434,241.0,2018-06-20
constellationpharmaceuticals,"Constellation Pharmaceuticals, Inc.",2013-06-05,2018-04-09,4.843258042436688,0,last_supplied_sub_1b_round_proxy,1.0,1.0,37700000.0,37700000.0,5.0,5.0,1.998631074606434,730.0,2011-06-06
shieldai,Shield AI Inc.,2019-03-28,2022-06-16,3.2197125256673513,1,first_ge_1b_event,2.0,2.0,20500000.0,10500000.0,5.0,4.0,1.998631074606434,87.0,2018-12-31
namely,"Namely, Inc.",2015-06-11,2018-08-02,3.143052703627652,0,last_supplied_sub_1b_round_proxy,1.0,1.0,3350000.0,3350000.0,4.0,4.0,1.998631074606434,730.0,2013-06-11
redditnyserddt,"Reddit, Inc. (NYSE:RDDT)",2014-12-31,2017-07-31,2.5817932922655715,1,first_ge_1b_event,1.0,1.0,20000000.0,20000000.0,1.0,1.0,1.998631074606434,730.0,2012-12-31
aledade,"Aledade, Inc.",2021-01-17,2021-01-19,0.0054757015742642025,1,first_ge_1b_event,1.0,1.0,56150000.0,56150000.0,3.0,3.0,1.998631074606434,730.0,2019-01-18
loftbrasiltecnologialtda,Loft Brasil Tecnologia LTDA.,2021-03-14,2021-03-23,0.024640657084188913,1,first_ge_1b_event,1.0,1.0,70000000.0,70000000.0,2.0,2.0,1.998631074606434,730.0,2019-03-15
icertis,"Icertis, Inc.",2018-03-10,2021-03-11,3.0034223134839153,1,first_ge_1b_event,3.0,3.0,89500000.0,50040000.0,8.0,7.0,1.998631074606434,30.0,2018-02-08
hunanmabgeekbiotech,"Hunan Mabgeek Biotech Co., Ltd.",2020-12-26,2025-07-11,4.539356605065024,0,last_supplied_sub_1b_round_proxy,1.0,1.0,6770000.0,6770000.0,2.0,2.0,1.998631074606434,730.0,2018-12-27
hunanmabgeekbiotechnology,"Hunan Mabgeek Biotechnology Co., Ltd.",2019-01-31,2025-07-11,6.442162902121835,0,last_supplied_sub_1b_round_proxy,1.0,1.0,1160000.0,1160000.0,1.0,1.0,1.998631074606434,730.0,2017-01-31
cubicpv,CubicPV Inc.,2019-11-01,2023-06-13,3.6139630390143735,0,last_supplied_sub_1b_round_proxy,1.0,1.0,8180000.0,8180000.0,0.0,0.0,1.998631074606434,730.0,2017-11-01
frontiermedicines,Frontier Medicines Corporation,2021-06-24,2024-06-25,3.0034223134839153,0,last_supplied_sub_1b_round_proxy,1.0,1.0,67000000.0,67000000.0,5.0,5.0,1.998631074606434,730.0,2019-06-25
chengduultrapureappliedmaterialsszse301717,"Chengdu Ultra Pure Applied Materials Co., Ltd. (SZSE:301717)",2024-06-27,2025-05-31,0.9253935660506503,0,last_supplied_sub_1b_round_proxy,1.0,1.0,17290000.0,17290000.0,4.0,4.0,1.998631074606434,730.0,2022-06-28
relay,"Relay, Inc.",2025-04-25,2026-05-05,1.0266940451745379,0,last_supplied_sub_1b_round_proxy,1.0,1.0,13000000.0,13000000.0,2.0,2.0,1.998631074606434,730.0,2023-04-26
mdaqpte,M-DAQ Pte. Ltd.,2012-04-29,2019-11-11,7.534565366187543,0,last_supplied_sub_1b_round_proxy,1.0,1.0,365000.0,365000.0,0.0,0.0,1.998631074606434,730.0,2010-04-30
akili,"Akili, Inc.",2018-07-20,2021-05-26,2.8501026694045173,0,last_supplied_sub_1b_round_proxy,1.0,1.0,42360000.0,42360000.0,5.0,5.0,1.998631074606434,730.0,2016-07-20
seismictherapeutic,"Seismic Therapeutic, Inc.",2024-02-09,2024-09-12,0.5913757700205339,0,last_supplied_sub_1b_round_proxy,1.0,1.0,101380000.0,101380000.0,5.0,5.0,1.998631074606434,730.0,2022-02-09
radar,"Radar Labs, Inc.",2018-11-18,2022-02-08,3.2251882272416155,0,last_supplied_sub_1b_round_proxy,2.0,2.0,3000000.0,2500000.0,4.0,4.0,1.998631074606434,411.0,2017-10-03
sionpower,Sion Power Corporation,2023-11-24,2024-01-24,0.16700889801505817,0,last_supplied_sub_1b_round_proxy,1.0,1.0,20000000.0,20000000.0,0.0,0.0,1.998631074606434,730.0,2021-11-24
lyndratherapeutics,"Lyndra Therapeutics, Inc.",2019-04-13,2023-12-29,4.7118412046543465,0,last_supplied_sub_1b_round_proxy,2.0,2.0,84620000.0,60900000.0,11.0,11.0,1.998631074606434,75.0,2019-01-28
beijingyuanlieducation,"Beijing Yuanli Education Technology Co., Ltd.",2016-07-21,2017-05-31,0.8596851471594799,1,first_ge_1b_event,2.0,2.0,75000000.0,60000000.0,4.0,4.0,1.998631074606434,479.0,2015-03-30
compassnysecomp,"Compass, Inc. (NYSE:COMP)",2015-10-10,2017-12-07,2.1601642710472277,1,first_ge_1b_event,2.0,2.0,68240000.0,40000000.0,5.0,5.0,1.998631074606434,446.0,2014-07-21
playversus,"Play Versus, Inc.",2020-06-03,2020-11-24,0.47638603696098564,0,last_supplied_sub_1b_round_proxy,3.0,3.0,95500000.0,50000000.0,14.0,9.0,1.998631074606434,259.0,2019-09-18
atsg,"ATSG Holdings, Inc.",2021-02-26,2024-11-14,3.7152635181382614,0,last_supplied_sub_1b_round_proxy,1.0,1.0,15000000.0,15000000.0,0.0,0.0,1.998631074606434,730.0,2019-02-27
virtuoussoftware,"Virtuous Software, Inc.",2017-06-09,2024-09-19,7.279945242984257,0,last_supplied_sub_1b_round_proxy,1.0,1.0,700000.0,700000.0,1.0,1.0,1.998631074606434,730.0,2015-06-10
singlifefinancialpte,Singlife Financial Pte. Ltd.,2021-06-30,2023-11-07,2.3545516769336072,1,first_ge_1b_event,1.0,1.0,90000000.0,90000000.0,1.0,1.0,1.998631074606434,730.0,2019-07-01
hired,"Hired, Inc.",2016-03-23,2018-06-20,2.242299794661191,0,last_supplied_sub_1b_round_proxy,1.0,1.0,15000000.0,15000000.0,4.0,4.0,1.998631074606434,730.0,2014-03-24
clear,"Clear Labs, Inc.",2023-05-26,2025-01-13,1.6372347707049966,0,last_supplied_sub_1b_round_proxy,1.0,1.0,60000000.0,60000000.0,10.0,10.0,1.998631074606434,730.0,2021-05-26
elligohealthresearch,"Elligo Health Research, Inc.",2021-01-24,2021-09-23,0.6625598904859685,0,last_supplied_sub_1b_round_proxy,3.0,3.0,73400000.0,37200000.0,7.0,4.0,1.998631074606434,47.0,2020-12-08
muthootmicrofinnseimuthootmf,Muthoot Microfin Limited (NSEI:MUTHOOTMF),2019-01-24,2021-12-03,2.858316221765914,0,last_supplied_sub_1b_round_proxy,1.0,1.0,19090000.0,19090000.0,1.0,1.0,1.998631074606434,730.0,2017-01-24
jobcase,"Jobcase, Inc.",2019-09-27,2020-07-09,0.783025325119781,0,last_supplied_sub_1b_round_proxy,2.0,2.0,18500000.0,11500000.0,2.0,1.0,1.998631074606434,592.0,2018-02-12
alfredclub,"Alfred Club, Inc.",2016-11-17,2020-10-14,3.9069130732375084,0,last_supplied_sub_1b_round_proxy,1.0,1.0,2000000.0,2000000.0,3.0,3.0,1.998631074606434,730.0,2014-11-18
spycloud,"SpyCloud, Inc.",2019-06-01,2023-08-23,4.227241615331964,0,last_supplied_sub_1b_round_proxy,3.0,3.0,23500000.0,16000000.0,4.0,4.0,1.998631074606434,94.0,2019-02-27
jiangsuprotelightpharmaceuticalbiotechnology,"Jiangsu ProteLight Pharmaceutical & Biotechnology Co., Ltd.",2018-03-02,2025-11-30,7.748117727583847,0,last_supplied_sub_1b_round_proxy,2.0,2.0,18320000.0,15270000.0,3.0,2.0,1.998631074606434,30.0,2018-01-31
relativityspace,"Relativity Space, Inc.",2020-03-26,2020-11-23,0.6625598904859685,1,first_ge_1b_event,2.0,2.0,175000000.0,140000000.0,7.0,7.0,1.998631074606434,177.0,2019-10-01
genomatica,"Genomatica, Inc.",2020-10-02,2021-07-27,0.8158795345653662,0,last_supplied_sub_1b_round_proxy,1.0,1.0,90000000.0,90000000.0,3.0,3.0,1.998631074606434,730.0,2018-10-03
papa,"PAPA, INC.",2020-08-20,2021-11-04,1.2073921971252566,1,first_ge_1b_event,1.0,1.0,120000.0,120000.0,1.0,1.0,1.998631074606434,730.0,2018-08-21
viaseparations,"Via Separations, Inc.",2021-03-13,2026-04-01,5.0513347022587265,0,last_supplied_sub_1b_round_proxy,1.0,1.0,4800000.0,4800000.0,5.0,5.0,1.998631074606434,730.0,2019-03-14
xad,"xAd, Inc.",2012-10-12,2018-07-24,5.779603011635865,0,last_supplied_sub_1b_round_proxy,1.0,1.0,4280000.0,4280000.0,2.0,2.0,1.998631074606434,730.0,2010-10-13
chronosphere,"Chronosphere, Inc.",2021-11-04,2023-01-10,1.1827515400410678,1,first_ge_1b_event,2.0,2.0,54470000.0,43400000.0,3.0,3.0,1.998631074606434,303.0,2021-01-05
onesourcespecialtypharmanseionesource,OneSource Specialty Pharma Limited (NSEI:ONESOURCE),2023-03-19,2025-01-10,1.8151950718685832,1,first_ge_1b_event,2.0,2.0,155060000.0,85060000.0,4.0,3.0,1.998631074606434,730.0,2021-03-19
bilt,BILT Incorporated,2023-07-29,2025-07-10,1.949349760438056,1,first_ge_1b_event,2.0,2.0,69000000.0,60000000.0,16.0,15.0,1.998631074606434,676.0,2021-09-21
loom,"Loom, Inc.",2020-06-25,2021-05-20,0.9007529089664613,1,first_ge_1b_event,3.0,3.0,42580000.0,28750000.0,10.0,4.0,1.998631074606434,28.0,2020-05-28
cmunityinnovationsprivate,Cmunity Innovations Private Limited,2024-03-06,2025-09-01,1.4893908281998631,0,last_supplied_sub_1b_round_proxy,1.0,1.0,74530000.0,74530000.0,7.0,7.0,1.998631074606434,730.0,2022-03-07
aras,Aras Corporation,2012-07-06,2018-11-29,6.398357289527721,0,last_supplied_sub_1b_round_proxy,1.0,1.0,2670000.0,2670000.0,0.0,0.0,1.998631074606434,730.0,2010-07-07
volt,Volt Corporation Ltd,2021-01-21,2024-05-22,3.3319644079397674,0,last_supplied_sub_1b_round_proxy,1.0,1.0,6070000.0,6070000.0,1.0,1.0,1.998631074606434,730.0,2019-01-22
qualia,"Qualia Labs, Inc.",2018-09-30,2019-11-13,1.1197809719370295,0,last_supplied_sub_1b_round_proxy,1.0,1.0,7180000.0,7180000.0,0.0,0.0,1.998631074606434,730.0,2016-09-30
mammothbrands,Mammoth Brands,2016-05-21,2021-03-31,4.85968514715948,1,first_ge_1b_event,1.0,1.0,75000000.0,75000000.0,6.0,6.0,1.998631074606434,730.0,2014-05-22
tealium,Tealium Inc.,2014-07-16,2019-05-15,4.829568788501026,1,first_ge_1b_event,2.0,2.0,26100000.0,15600000.0,3.0,3.0,1.998631074606434,469.0,2013-04-03
glovoapp23sl,"Glovoapp23, S.L.",2019-09-29,2019-12-18,0.2190280629705681,1,first_ge_1b_event,2.0,2.0,169350000.0,133889999.99999999,11.0,7.0,1.998631074606434,438.0,2018-07-18
kyruus,"Kyruus, Inc.",2013-06-20,2022-09-30,9.27857631759069,0,last_supplied_sub_1b_round_proxy,1.0,1.0,5500000.0,5500000.0,3.0,3.0,1.998631074606434,730.0,2011-06-21
hangzhouhighlightpharmaceutical,"Hangzhou Highlight Pharmaceutical Co., Ltd.",2021-03-05,2025-11-28,4.733744010951403,0,last_supplied_sub_1b_round_proxy,1.0,0.0,0.0,0.0,2.0,2.0,1.998631074606434,730.0,2019-03-06
planetnysepl,Planet Labs PBC (NYSE:PL),2015-12-18,2019-07-04,3.542778918548939,1,first_ge_1b_event,1.0,1.0,51880000.0,51880000.0,11.0,11.0,1.998631074606434,730.0,2013-12-18
aquant,"Aquant, Inc.",2020-11-21,2021-10-06,0.8733744010951403,0,last_supplied_sub_1b_round_proxy,2.0,2.0,39950000.0,30000000.0,5.0,4.0,1.998631074606434,296.0,2020-01-30
unit21,"Unit21, Inc.",2022-10-19,2023-06-29,0.6926762491444216,0,last_supplied_sub_1b_round_proxy,2.0,2.0,46950000.0,34000000.0,6.0,5.0,1.998631074606434,469.0,2021-07-07
sofinasdaqgssofi,"SoFi Technologies, Inc. (NasdaqGS:SOFI)",2014-09-11,2015-02-13,0.4243668720054757,1,first_ge_1b_event,2.0,2.0,157200000.0,80000000.0,6.0,6.0,1.998631074606434,163.0,2014-04-01
guangzhouzhiguangenergystorage,"Guangzhou Zhiguang Energy Storage Technology Co., Ltd.",2022-07-15,2024-03-29,1.7056810403832992,0,last_supplied_sub_1b_round_proxy,1.0,1.0,25880000.0,25880000.0,1.0,1.0,1.998631074606434,730.0,2020-07-15
convoy,"Convoy, Inc.",2018-03-22,2019-11-13,1.6454483230663928,1,first_ge_1b_event,3.0,3.0,78620000.0,62500000.0,5.0,5.0,1.998631074606434,240.0,2017-07-25
siftscience,"Sift Science, Inc.",2016-05-13,2021-11-30,5.549623545516769,1,first_ge_1b_event,1.0,1.0,18000000.0,18000000.0,3.0,3.0,1.998631074606434,730.0,2014-05-14
bioagenasdaqgsbioa,"BioAge Labs, Inc. (NasdaqGS:BIOA)",2021-01-23,2024-02-13,3.055441478439425,0,last_supplied_sub_1b_round_proxy,1.0,1.0,22930000.0,22930000.0,7.0,7.0,1.998631074606434,730.0,2019-01-24
canva,"Canva, Inc.",2017-10-08,2019-05-20,1.6125941136208077,1,first_ge_1b_event,2.0,2.0,42340000.0,27620000.0,5.0,4.0,1.998631074606434,389.0,2016-09-14
numerion,"Numerion Labs, Inc.",2017-03-24,2020-08-11,3.383983572895277,0,last_supplied_sub_1b_round_proxy,1.0,1.0,120000.0,120000.0,1.0,1.0,1.998631074606434,730.0,2015-03-25
anaconda,"Anaconda, Inc.",2023-06-10,2025-07-31,2.1409993155373033,1,first_ge_1b_event,1.0,1.0,2600000.0,2600000.0,0.0,0.0,1.998631074606434,730.0,2021-06-10
ultravioletteautomotiveprivate,Ultraviolette Automotive Private Limited,2020-08-08,2025-05-02,4.731006160164271,0,last_supplied_sub_1b_round_proxy,1.0,1.0,873000.0,873000.0,1.0,1.0,1.998631074606434,730.0,2018-08-09
halozymehypercon,"Halozyme Hypercon, Inc.",2024-06-12,2024-10-15,0.34223134839151265,0,last_supplied_sub_1b_round_proxy,1.0,1.0,40000000.0,40000000.0,3.0,3.0,1.998631074606434,730.0,2022-06-13
sciphermedicine,Scipher Medicine Corporation,2020-09-05,2021-03-23,0.5448323066392882,0,last_supplied_sub_1b_round_proxy,1.0,1.0,9420000.0,9420000.0,1.0,1.0,1.998631074606434,730.0,2018-09-06
rain,RAIN Technology Inc.,2024-05-01,2025-04-08,0.9363449691991786,0,last_supplied_sub_1b_round_proxy,1.0,1.0,11000000.0,11000000.0,4.0,4.0,1.998631074606434,730.0,2022-05-02
petscreening,"Pet Screening, Inc.",2021-05-31,2025-03-06,3.7645448323066395,0,last_supplied_sub_1b_round_proxy,1.0,1.0,1570000.0,1570000.0,3.0,3.0,1.998631074606434,730.0,2019-06-01
hiddenlevel,Hidden Level Inc.,2023-06-22,2025-02-03,1.620807665982204,0,last_supplied_sub_1b_round_proxy,1.0,1.0,17600000.0,17600000.0,6.0,6.0,1.998631074606434,730.0,2021-06-22
cyteirtherapeutics,"Cyteir Therapeutics, Inc.",2018-11-16,2021-02-11,2.239561943874059,0,last_supplied_sub_1b_round_proxy,1.0,1.0,5820000.0,5820000.0,1.0,1.0,1.998631074606434,730.0,2016-11-16
apnimednasdaqgmapmd,"Apnimed, Inc. (NasdaqGM:APMD)",2022-04-07,2026-03-27,3.969883641341547,0,last_supplied_sub_1b_round_proxy,2.0,2.0,40000000.0,25000000.0,3.0,3.0,1.998631074606434,378.0,2021-03-25
preply,"Preply, Inc.",2017-09-09,2026-01-21,8.366872005475702,1,first_ge_1b_event,2.0,2.0,1770000.0,1650000.0,7.0,7.0,1.998631074606434,276.0,2016-12-07
hingehealthnysehnge,"Hinge Health, Inc. (NYSE:HNGE)",2018-06-20,2021-10-28,3.356605065023956,1,first_ge_1b_event,2.0,2.0,9330000.0,8000000.0,3.0,3.0,1.998631074606434,331.0,2017-07-24
avicedatherapeutics,"Aviceda Therapeutics, Inc.",2024-03-27,2025-01-07,0.783025325119781,0,last_supplied_sub_1b_round_proxy,2.0,2.0,24010000.0,15610000.0,0.0,0.0,1.998631074606434,313.0,2023-05-19
truviansciences,"Truvian Sciences, Inc.",2017-10-11,2021-02-24,3.373032169746749,0,last_supplied_sub_1b_round_proxy,1.0,1.0,2000000.0,2000000.0,0.0,0.0,1.998631074606434,730.0,2015-10-12
stemnysestem,"Stem, Inc. (NYSE:STEM)",2015-12-02,2018-07-24,2.642026009582478,0,last_supplied_sub_1b_round_proxy,1.0,1.0,28670000.0,28670000.0,3.0,3.0,1.998631074606434,730.0,2013-12-02
ntopology,"nTopology, Inc.",2019-11-30,2021-11-18,1.9685147159479808,0,last_supplied_sub_1b_round_proxy,2.0,2.0,30920000.0,23120000.0,7.0,6.0,1.998631074606434,166.0,2019-06-17
phenompeople,"Phenom People, Inc.",2018-03-03,2021-04-07,3.0965092402464065,1,first_ge_1b_event,1.0,1.0,11410000.0,11410000.0,2.0,2.0,1.998631074606434,730.0,2016-03-03
dedrone,"Dedrone Holdings, Inc.",2017-04-27,2022-07-13,5.210130047912389,0,last_supplied_sub_1b_round_proxy,2.0,2.0,17650000.0,14940000.0,3.0,3.0,1.998631074606434,73.0,2017-02-13
chainguard,"Chainguard, Inc.",2023-12-08,2024-07-25,0.6297056810403833,1,first_ge_1b_event,2.0,2.0,66000000.0,61000000.0,5.0,5.0,1.998631074606434,37.0,2023-11-01
nasuni,Nasuni Corporation,2012-12-19,2024-07-09,11.553730321697467,1,first_ge_1b_event,1.0,1.0,15000000.0,15000000.0,3.0,3.0,1.998631074606434,730.0,2010-12-20
vizgen,"Vizgen, Inc.",2021-10-14,2024-10-09,2.9869952087611225,0,last_supplied_sub_1b_round_proxy,2.0,2.0,51000000.0,37000000.0,5.0,5.0,1.998631074606434,190.0,2021-04-07
shanghairefiresehk2570,Shanghai REFIRE Group Limited (SEHK:2570),2019-07-27,2022-03-30,2.674880219028063,1,first_ge_1b_event,1.0,1.0,2970000.0,2970000.0,1.0,1.0,1.998631074606434,730.0,2017-07-27
chromeholding,Chrome Holding Co.,2013-01-06,2015-10-14,2.7679671457905544,1,first_ge_1b_event,2.0,2.0,89170000.0,57950000.0,4.0,4.0,1.998631074606434,16.0,2012-12-21
circleinternetservices,"Circle Internet Services, Inc.",2014-02-28,2021-05-11,7.197809719370294,1,first_ge_1b_event,2.0,2.0,7500000.0,6000000.0,5.0,4.0,1.998631074606434,22.0,2014-02-06
atbay,"At-Bay, Inc.",2019-11-16,2020-12-08,1.0622861054072552,0,last_supplied_sub_1b_round_proxy,2.0,2.0,16850000.0,13420000.0,3.0,2.0,1.998631074606434,556.0,2018-05-09
kiavifunding,Kiavi Funding Inc.,2016-09-29,2017-10-17,1.0485968514715949,0,last_supplied_sub_1b_round_proxy,1.0,1.0,27600000.0,27600000.0,2.0,2.0,1.998631074606434,730.0,2014-09-30
flosports,"FloSports, Inc.",2018-08-15,2025-03-19,6.5927446954141,0,last_supplied_sub_1b_round_proxy,1.0,1.0,18720000.0,18720000.0,5.0,5.0,1.998631074606434,730.0,2016-08-15
promedior,"Promedior, Inc.",2012-03-15,2019-12-31,7.794661190965092,0,last_supplied_sub_1b_round_proxy,1.0,1.0,12000000.0,12000000.0,5.0,5.0,1.998631074606434,730.0,2010-03-16
amberdata,Amberdata Inc.,2019-10-19,2022-05-04,2.54072553045859,0,last_supplied_sub_1b_round_proxy,1.0,1.0,2089999.9999999998,2089999.9999999998,1.0,1.0,1.998631074606434,730.0,2017-10-19
smartnews,"SmartNews, Inc.",2017-03-29,2019-12-31,2.757015742642026,1,first_ge_1b_event,1.0,1.0,10000000.0,10000000.0,4.0,4.0,1.998631074606434,730.0,2015-03-30
standardrobots,"Standard Robots Co., Ltd.",2023-11-30,2024-05-31,0.5010266940451745,0,last_supplied_sub_1b_round_proxy,1.0,1.0,23570000.0,23570000.0,3.0,3.0,1.998631074606434,730.0,2021-11-30
clay,Clay Labs Inc.,2019-06-15,2025-06-13,5.9958932238193015,1,first_ge_1b_event,1.0,1.0,2610000.0,2610000.0,5.0,5.0,1.998631074606434,730.0,2017-06-15
morsemicropty,Morse Micro PTY. LTD.,2019-06-30,2025-09-22,6.231348391512663,0,last_supplied_sub_1b_round_proxy,1.0,1.0,75000.0,75000.0,1.0,1.0,1.998631074606434,730.0,2017-06-30
boom,"Boom Technology, Inc.",2018-03-23,2025-12-09,7.715263518138261,1,first_ge_1b_event,1.0,1.0,120000.0,120000.0,1.0,1.0,1.998631074606434,730.0,2016-03-23
arcboat,Arc Boat Company,2023-02-28,2026-03-19,3.052703627652293,0,last_supplied_sub_1b_round_proxy,1.0,1.0,4250000.0,4250000.0,6.0,6.0,1.998631074606434,730.0,2021-02-28
leaflink,"LeafLink, Inc.",2017-12-30,2020-12-17,2.965092402464066,0,last_supplied_sub_1b_round_proxy,3.0,3.0,15030000.0,9990000.0,8.0,7.0,1.998631074606434,40.0,2017-11-20
gooddata,GoodData Corporation,2013-08-17,2018-11-20,5.259411362080766,0,last_supplied_sub_1b_round_proxy,2.0,2.0,37270000.0,22090000.0,7.0,5.0,1.998631074606434,66.0,2013-06-12
ubiquityglobalservices,"Ubiquity Global Services, Inc.",2014-10-05,2021-10-25,7.055441478439425,0,last_supplied_sub_1b_round_proxy,1.0,1.0,4000000.0,4000000.0,1.0,1.0,1.998631074606434,730.0,2012-10-05
houzz,Houzz Inc.,2012-11-10,2017-06-23,4.616016427104722,1,first_ge_1b_event,2.0,2.0,13600000.0,11600000.0,1.0,1.0,1.998631074606434,327.0,2011-12-19
nantero,"Nantero, Inc.",2015-05-29,2018-10-19,3.3921971252566734,0,last_supplied_sub_1b_round_proxy,2.0,2.0,46760000.0,31530000.0,6.0,6.0,1.998631074606434,115.0,2015-02-03
circleinternetfinancial,"Circle Internet Financial, LLC",2015-08-22,2018-05-14,2.726899383983573,1,first_ge_1b_event,3.0,3.0,76050000.0,50050000.0,9.0,9.0,1.998631074606434,115.0,2015-04-29
iex,"IEX Group, Inc.",2014-07-11,2014-09-02,0.14510609171800137,0,last_supplied_sub_1b_round_proxy,2.0,2.0,25900000.0,24400000.0,0.0,0.0,1.998631074606434,399.0,2013-06-07
aryacollateralwarehousingservicesprivate,Arya Collateral Warehousing Services Private Limited,2018-12-13,2024-07-04,5.557837097878165,0,last_supplied_sub_1b_round_proxy,1.0,1.0,1930000.0,1930000.0,1.0,1.0,1.998631074606434,730.0,2016-12-13
evidationhealth,"Evidation Health, Inc.",2017-01-30,2020-07-01,3.4168377823408624,0,last_supplied_sub_1b_round_proxy,1.0,1.0,6540000.0,6540000.0,3.0,3.0,1.998631074606434,730.0,2015-01-31
chongqingzongshenaviationenginemanufacturing,"Chongqing Zongshen Aviation Engine Manufacturing Co., Ltd.",2022-10-23,2023-04-02,0.4407939767282683,0,last_supplied_sub_1b_round_proxy,2.0,2.0,26360000.0,18700000.0,6.0,5.0,1.998631074606434,685.0,2020-12-07
mitrassistmedical,MitrAssist Medical Ltd.,2019-11-08,2020-12-30,1.1444216290212184,0,last_supplied_sub_1b_round_proxy,1.0,1.0,16000000.0,16000000.0,2.0,2.0,1.998631074606434,730.0,2017-11-08
maximobilityspainsl,"Maxi Mobility Spain, S.L.",2017-10-11,2018-01-22,0.28199863107460643,1,first_ge_1b_event,2.0,2.0,132000000.0,120000000.0,3.0,3.0,1.998631074606434,539.0,2016-04-20
glossier,"Glossier, Inc.",2016-11-16,2019-03-19,2.3353867214236823,1,first_ge_1b_event,1.0,1.0,8390000.0,8390000.0,8.0,8.0,1.998631074606434,730.0,2014-11-17
ostendo,"Ostendo Technologies, Inc.",2016-06-05,2016-07-14,0.10677618069815195,0,last_supplied_sub_1b_round_proxy,1.0,1.0,48630000.0,48630000.0,1.0,1.0,1.998631074606434,730.0,2014-06-06
newstore,"NewStore, Inc.",2017-07-21,2021-07-07,3.9616700889801506,0,last_supplied_sub_1b_round_proxy,1.0,1.0,30000000.0,30000000.0,1.0,1.0,1.998631074606434,730.0,2015-07-22
tackleio,"Tackle.io, Inc.",2020-03-27,2021-12-21,1.7357973990417521,1,first_ge_1b_event,1.0,1.0,697000.0,697000.0,0.0,0.0,1.998631074606434,730.0,2018-03-28
affinivax,"Affinivax, Inc.",2020-01-05,2020-04-07,0.2546201232032854,0,last_supplied_sub_1b_round_proxy,1.0,1.0,6990000.0,6990000.0,0.0,0.0,1.998631074606434,730.0,2018-01-05
outschool,"Outschool, Inc.",2018-03-22,2021-04-14,3.0636550308008212,1,first_ge_1b_event,1.0,1.0,120000.0,120000.0,0.0,0.0,1.998631074606434,730.0,2016-03-22
sigo,Sigo Technologies Inc.,2024-04-06,2026-07-14,2.269678302532512,0,last_supplied_sub_1b_round_proxy,1.0,1.0,5400000.0,5400000.0,7.0,7.0,1.998631074606434,730.0,2022-04-07
moov,Moov Technologies Inc.,2020-05-03,2021-11-10,1.5222450376454484,0,last_supplied_sub_1b_round_proxy,1.0,1.0,400000.0,400000.0,0.0,0.0,1.998631074606434,730.0,2018-05-04
guangzhoulupengpharmaceutical,"Guangzhou Lupeng Pharmaceutical Co., Ltd.",2021-08-14,2025-12-10,4.323066392881588,0,last_supplied_sub_1b_round_proxy,1.0,1.0,15720000.0,15720000.0,3.0,3.0,1.998631074606434,730.0,2019-08-15
yantailannachengbiotechnology,"Yantai Lannacheng Biotechnology Co., Ltd.",2026-04-24,2026-07-06,0.1998631074606434,0,last_supplied_sub_1b_round_proxy,1.0,1.0,41400000.0,41400000.0,5.0,5.0,1.998631074606434,730.0,2024-04-24
uplandme,"Uplandme, Inc.",2021-06-12,2023-10-20,2.3545516769336072,0,last_supplied_sub_1b_round_proxy,1.0,1.0,1770000.0,1770000.0,1.0,1.0,1.998631074606434,730.0,2019-06-13
flipsidecrypto,"Flipside Crypto, Inc.",2024-04-18,2025-10-23,1.514031485284052,0,last_supplied_sub_1b_round_proxy,1.0,1.0,50000000.0,50000000.0,19.0,19.0,1.998631074606434,730.0,2022-04-19
wellthy,"Wellthy, Inc.",2019-11-13,2023-05-11,3.490759753593429,0,last_supplied_sub_1b_round_proxy,2.0,2.0,10260000.0,5180000.0,4.0,4.0,1.998631074606434,301.0,2019-01-16
liuliumeisehk6658,"Liuliumei Co., Ltd. (SEHK:6658)",2017-06-21,2024-12-31,7.529089664613279,0,last_supplied_sub_1b_round_proxy,1.0,1.0,21740000.0,21740000.0,2.0,2.0,1.998631074606434,730.0,2015-06-22
spotonenterprise,SpotOn Enterprise,2017-11-09,2021-09-24,3.8740588637919235,0,last_supplied_sub_1b_round_proxy,1.0,1.0,20000.0,20000.0,1.0,1.0,1.998631074606434,730.0,2015-11-10
equipmentsharecomnasdaqgseqpt,EquipmentShare.com Inc. (NasdaqGS:EQPT),2017-03-24,2021-04-14,4.057494866529774,1,first_ge_1b_event,1.0,1.0,120000.0,120000.0,1.0,1.0,1.998631074606434,730.0,2015-03-25
sanghvibeautypvt,Sanghvi Beauty & Technologies Pvt Ltd,2021-06-26,2021-11-09,0.3723477070499658,1,first_ge_1b_event,1.0,1.0,14490000.0,14490000.0,2.0,2.0,1.998631074606434,730.0,2019-06-27
branchmessenger,"Branch Messenger, Inc.",2018-09-20,2022-02-15,3.405886379192334,0,last_supplied_sub_1b_round_proxy,3.0,3.0,10390000.0,6780000.0,5.0,4.0,1.998631074606434,414.0,2017-08-02
affiniatherapeutics,"Affinia Therapeutics, Inc.",2023-05-03,2025-10-07,2.431211498973306,0,last_supplied_sub_1b_round_proxy,1.0,1.0,110000000.0,110000000.0,15.0,15.0,1.998631074606434,730.0,2021-05-03
transfr,"Transfr, Inc.",2022-11-19,2023-09-28,0.8569472963723477,0,last_supplied_sub_1b_round_proxy,1.0,1.0,12000000.0,12000000.0,1.0,1.0,1.998631074606434,730.0,2020-11-19
shanghaijunsaibiotechnology,"Shanghai Junsai Biotechnology Co., Ltd.",2022-02-20,2025-11-30,3.7754962354551678,0,last_supplied_sub_1b_round_proxy,1.0,1.0,1420000.0,1420000.0,2.0,2.0,1.998631074606434,730.0,2020-02-21
fundguard,"FundGuard, Inc.",2023-02-23,2024-03-25,1.0841889117043122,0,last_supplied_sub_1b_round_proxy,2.0,2.0,52000000.0,40000000.0,7.0,5.0,1.998631074606434,310.0,2022-04-19
one97communicationsnseipaytm,One97 Communications Limited (NSEI:PAYTM),2013-10-09,2017-05-18,3.6057494866529773,1,first_ge_1b_event,1.0,1.0,10020000.0,10020000.0,1.0,1.0,1.998631074606434,730.0,2011-10-10
opaquesystems,"OPAQUE Systems, Inc.",2023-07-07,2026-02-12,2.6036960985626285,0,last_supplied_sub_1b_round_proxy,1.0,1.0,9550000.0,9550000.0,4.0,4.0,1.998631074606434,730.0,2021-07-07
liberateinnovations,Liberate Innovations Inc.,2025-01-04,2025-10-15,0.7775496235455168,0,last_supplied_sub_1b_round_proxy,1.0,1.0,7000000.0,7000000.0,1.0,1.0,1.998631074606434,730.0,2023-01-05
bitkeepglobal,BitKeep Global Inc.,2020-05-30,2023-03-22,2.809034907597536,0,last_supplied_sub_1b_round_proxy,1.0,1.0,10000000.0,10000000.0,1.0,1.0,1.998631074606434,730.0,2018-05-31
apkudo,"Apkudo, Inc.",2021-12-30,2023-03-15,1.2046543463381245,0,last_supplied_sub_1b_round_proxy,1.0,1.0,13800000.0,13800000.0,0.0,0.0,1.998631074606434,730.0,2019-12-31
wahedinvest,Wahed Invest LLC,2020-06-29,2022-06-16,1.9630390143737166,0,last_supplied_sub_1b_round_proxy,1.0,1.0,8000000.0,8000000.0,2.0,2.0,1.998631074606434,730.0,2018-06-30
hipcamp,"Hipcamp, Inc.",2020-06-11,2020-12-21,0.5284052019164955,0,last_supplied_sub_1b_round_proxy,2.0,2.0,34500000.0,25000000.0,4.0,4.0,1.998631074606434,323.0,2019-07-24
rigup,"Rigup, Inc.",2016-05-28,2019-10-10,3.3675564681724848,1,first_ge_1b_event,2.0,2.0,17730000.0,14730000.0,7.0,6.0,1.998631074606434,44.0,2016-04-14
aadukaanfinancialservicesprivate,A & A Dukaan Financial Services Private Limited,2019-10-17,2025-04-22,5.514031485284052,0,last_supplied_sub_1b_round_proxy,1.0,1.0,30000000.0,30000000.0,1.0,1.0,1.998631074606434,730.0,2017-10-17
beijinglanchengxiongdiculturemedia,"Beijing Lancheng Xiongdi Culture Media Co., Ltd.",2016-11-02,2017-02-07,0.2655715263518138,0,last_supplied_sub_1b_round_proxy,2.0,1.0,30000000.0,30000000.0,5.0,4.0,1.998631074606434,154.0,2016-06-01
ubtechroboticssehk9880,Ubtech Robotics Corp Ltd (SEHK:9880),2017-02-28,2018-05-03,1.1745379876796715,1,first_ge_1b_event,2.0,2.0,29000000.0,20000000.0,2.0,2.0,1.998631074606434,577.0,2015-08-01
refinery29,"Refinery29, Inc.",2015-01-31,2015-04-27,0.23545516769336072,0,last_supplied_sub_1b_round_proxy,1.0,1.0,5520000.0,5520000.0,5.0,5.0,1.998631074606434,730.0,2013-01-31
hicuityhealth,"Hicuity Health, Inc.",2013-10-13,2023-06-27,9.702943189596168,0,last_supplied_sub_1b_round_proxy,1.0,1.0,8000000.0,8000000.0,4.0,4.0,1.998631074606434,730.0,2011-10-14
gtmedical,"GT Medical Technologies, Inc.",2020-01-31,2026-06-09,6.354551676933607,0,last_supplied_sub_1b_round_proxy,1.0,1.0,3070000.0,3070000.0,1.0,1.0,1.998631074606434,730.0,2018-01-31
starhealthandalliedinsurancenseistarhealth,Star Health and Allied Insurance Company Limited (NSEI:STARHEALTH),2015-02-14,2016-08-31,1.5441478439425051,0,last_supplied_sub_1b_round_proxy,1.0,1.0,22970000.0,22970000.0,1.0,1.0,1.998631074606434,730.0,2013-02-14
eurekatherapeutics,"Eureka Therapeutics, Inc.",2016-09-21,2020-01-24,3.3401779603011637,0,last_supplied_sub_1b_round_proxy,1.0,1.0,21000000.0,21000000.0,4.0,4.0,1.998631074606434,730.0,2014-09-22
orbitalinsight,"Orbital Insight, Inc.",2019-05-02,2023-03-31,3.912388774811773,0,last_supplied_sub_1b_round_proxy,1.0,1.0,50130000.0,50130000.0,9.0,9.0,1.998631074606434,730.0,2017-05-02
noom,"Noom, Inc.",2020-03-30,2021-05-20,1.1389459274469542,1,first_ge_1b_event,2.0,2.0,71720000.0,55710000.0,3.0,3.0,1.998631074606434,329.0,2019-05-06
hazelhealth,"Hazel Health, Inc.",2021-12-30,2022-10-27,0.8240930869267625,0,last_supplied_sub_1b_round_proxy,1.0,1.0,20000000.0,20000000.0,1.0,1.0,1.998631074606434,730.0,2019-12-31
logrhythm,"LogRhythm, Inc.",2013-03-29,2014-07-22,1.3141683778234086,0,last_supplied_sub_1b_round_proxy,2.0,2.0,24940000.0,15000000.0,6.0,5.0,1.998631074606434,283.0,2012-06-19
curbio,Curbio Inc.,2020-11-11,2022-01-18,1.1854893908281998,0,last_supplied_sub_1b_round_proxy,2.0,2.0,10330000.0,7100000.0,3.0,2.0,1.998631074606434,467.0,2019-08-02
fictiv,Fictiv Inc.,2016-03-30,2022-05-05,6.09719370294319,0,last_supplied_sub_1b_round_proxy,1.0,1.0,10980000.0,10980000.0,1.0,1.0,1.998631074606434,730.0,2014-03-31
starburstdata,"Starburst Data, Inc.",2021-11-19,2022-02-09,0.2245037645448323,1,first_ge_1b_event,2.0,2.0,63330000.0,41500000.0,2.0,2.0,1.998631074606434,521.0,2020-06-16
ethosnasdaqgslife,Ethos Technologies Inc. (NasdaqGS:LIFE),2020-10-29,2021-05-11,0.5311430527036276,1,first_ge_1b_event,2.0,2.0,89820000.0,60000000.0,6.0,5.0,1.998631074606434,429.0,2019-08-27
actonsoftware,"Act-On Software, Inc.",2012-11-15,2014-04-15,1.4127310061601643,0,last_supplied_sub_1b_round_proxy,3.0,3.0,30050000.0,16000000.0,5.0,4.0,1.998631074606434,71.0,2012-09-05
kivraab,Kivra AB,2018-06-01,2022-06-30,4.079397672826831,0,last_supplied_sub_1b_round_proxy,1.0,1.0,6020000.0,6020000.0,2.0,2.0,1.998631074606434,730.0,2016-06-01
thirdarcbio,"Third Arc Bio, Inc.",2024-12-30,2026-02-04,1.0978781656399725,0,last_supplied_sub_1b_round_proxy,1.0,1.0,32750000.0,32750000.0,1.0,1.0,1.998631074606434,730.0,2022-12-31
strategicpharmaceuticalsolutions,Strategic Pharmaceutical Solutions Inc.,2012-04-19,2018-06-05,6.1273100616016425,0,last_supplied_sub_1b_round_proxy,1.0,1.0,18430000.0,18430000.0,1.0,1.0,1.998631074606434,730.0,2010-04-20
egenesis,"eGenesis, Inc.",2023-03-02,2024-09-04,1.51129363449692,0,last_supplied_sub_1b_round_proxy,1.0,1.0,125000000.0,125000000.0,18.0,18.0,1.998631074606434,730.0,2021-03-02
beaconbiosignals,"Beacon Biosignals, Inc.",2023-10-04,2026-04-15,2.529774127310062,0,last_supplied_sub_1b_round_proxy,1.0,1.0,29850000.0,29850000.0,2.0,2.0,1.998631074606434,730.0,2021-10-04
wefunder,"Wefunder, Inc.",2017-05-26,2023-08-24,6.245037645448323,0,last_supplied_sub_1b_round_proxy,1.0,1.0,6810000.0,6810000.0,0.0,0.0,1.998631074606434,730.0,2015-05-27
rewardstyle,"rewardStyle, Inc.",2017-07-30,2021-11-22,4.314852840520191,1,first_ge_1b_event,1.0,1.0,15000000.0,15000000.0,1.0,1.0,1.998631074606434,730.0,2015-07-31
billiontoonenasdaqgsblln,"BillionToOne, Inc. (NasdaqGS:BLLN)",2021-03-27,2024-06-21,3.2361396303901437,1,first_ge_1b_event,1.0,1.0,15000000.0,15000000.0,7.0,7.0,1.998631074606434,730.0,2019-03-28
mathemisverigeab,MatHem i Sverige AB,2019-12-08,2020-02-14,0.1861738535249829,0,last_supplied_sub_1b_round_proxy,1.0,1.0,26070000.0,26070000.0,1.0,1.0,1.998631074606434,730.0,2017-12-08
muonspace,"Muon Space, Inc.",2024-06-07,2025-06-12,1.0130047912388775,0,last_supplied_sub_1b_round_proxy,1.0,1.0,25000000.0,25000000.0,5.0,5.0,1.998631074606434,730.0,2022-06-08
vanquabio,"Vanqua Bio, Inc.",2022-07-09,2024-07-05,1.9904175222450375,0,last_supplied_sub_1b_round_proxy,1.0,1.0,19150000.0,19150000.0,1.0,1.0,1.998631074606434,730.0,2020-07-09
andurilindustries,"Anduril Industries, Inc.",2019-08-31,2019-09-11,0.030116358658453114,1,first_ge_1b_event,2.0,2.0,58620000.0,41000000.0,3.0,3.0,1.998631074606434,457.0,2018-05-31
socure,Socure Inc.,2021-02-27,2021-03-16,0.04654346338124572,1,first_ge_1b_event,2.0,2.0,65000000.0,35000000.0,10.0,7.0,1.998631074606434,186.0,2020-08-25
schoolinks,"SchooLinks, Inc.",2023-03-16,2024-10-21,1.6016427104722792,0,last_supplied_sub_1b_round_proxy,1.0,1.0,8320000.0,8320000.0,3.0,3.0,1.998631074606434,730.0,2021-03-16
recroom,Rec Room Inc.,2019-02-02,2021-03-23,2.135523613963039,1,first_ge_1b_event,1.0,1.0,5040000.0,5040000.0,8.0,8.0,1.998631074606434,730.0,2017-02-02
karbon,"Karbon, Inc.",2020-06-21,2023-09-18,3.241615331964408,0,last_supplied_sub_1b_round_proxy,1.0,1.0,6830000.0,6830000.0,1.0,1.0,1.998631074606434,730.0,2018-06-22
chromeriver,"Chrome River Technologies, Inc.",2014-05-11,2015-06-30,1.136208076659822,0,last_supplied_sub_1b_round_proxy,1.0,1.0,3080000.0,3080000.0,2.0,2.0,1.998631074606434,730.0,2012-05-11
yugabytedb,Yugabytedb Inc.,2019-11-02,2021-10-28,1.9876796714579055,1,first_ge_1b_event,1.0,1.0,8000000.0,8000000.0,1.0,1.0,1.998631074606434,730.0,2017-11-02
moderntreasury,Modern Treasury Corp.,2020-08-20,2022-03-30,1.6071184120465434,1,first_ge_1b_event,2.0,2.0,10450000.0,10330000.0,2.0,1.0,1.998631074606434,245.0,2019-12-19
cloudhealth,"CloudHealth Technologies, Inc.",2016-06-16,2017-06-27,1.0294318959616702,0,last_supplied_sub_1b_round_proxy,3.0,3.0,39750000.0,20050000.0,4.0,4.0,1.998631074606434,44.0,2016-05-03
cheetah,"Cheetah Technologies, Inc.",2017-12-30,2024-05-09,6.357289527720739,0,last_supplied_sub_1b_round_proxy,1.0,1.0,3000000.0,3000000.0,1.0,1.0,1.998631074606434,730.0,2015-12-31
tennortherapeuticssuzhousehk6872,TenNor Therapeutics (Suzhou) Limited (SEHK:6872),2024-12-20,2025-08-01,0.6132785763175906,1,first_ge_1b_event,1.0,1.0,9110000.0,9110000.0,3.0,3.0,1.998631074606434,730.0,2022-12-21
airgsmpte,AirGSM Pte. Ltd.,2021-05-08,2023-07-31,2.2286105407255303,0,last_supplied_sub_1b_round_proxy,1.0,1.0,100000.0,100000.0,1.0,1.0,1.998631074606434,730.0,2019-05-09
baigeonlinedigitalsehk2672,"Baige Online Digital Technology Co., Ltd. (SEHK:2672)",2020-12-30,2025-01-31,4.087611225188227,0,last_supplied_sub_1b_round_proxy,1.0,1.0,2180000.0,2180000.0,1.0,1.0,1.998631074606434,730.0,2018-12-31
matterport,"Matterport, Inc.",2016-07-06,2019-03-05,2.6611909650924024,0,last_supplied_sub_1b_round_proxy,1.0,1.0,16000000.0,16000000.0,9.0,9.0,1.998631074606434,730.0,2014-07-07
kalabionasdaqcmkala,"KALA BIO, Inc. (NasdaqCM:KALA)",2015-02-24,2016-04-13,1.1334702258726899,0,last_supplied_sub_1b_round_proxy,1.0,1.0,11500000.0,11500000.0,5.0,5.0,1.998631074606434,730.0,2013-02-24
sojern,"Sojern, Inc.",2014-03-27,2018-11-13,4.632443531827516,0,last_supplied_sub_1b_round_proxy,1.0,1.0,32100000.0,32100000.0,4.0,4.0,1.998631074606434,730.0,2012-03-27
rometherapeutics,"ROME Therapeutics, Inc.",2022-04-27,2023-09-12,1.377138945927447,0,last_supplied_sub_1b_round_proxy,1.0,1.0,50000000.0,50000000.0,3.0,3.0,1.998631074606434,730.0,2020-04-27
longbiopharmasuzhousehk1779,"LongBio Pharma (Suzhou) Co., Ltd. (SEHK:1779)",2023-07-29,2025-05-30,1.83709787816564,0,last_supplied_sub_1b_round_proxy,1.0,1.0,15260000.0,15260000.0,0.0,0.0,1.998631074606434,730.0,2021-07-29
cityblockhealth,"Cityblock Health, Inc.",2020-01-04,2021-09-03,1.6646132785763177,1,first_ge_1b_event,2.0,2.0,85880000.0,65090000.0,9.0,9.0,1.998631074606434,268.0,2019-04-11
lumafield,"Lumafield, Inc.",2021-12-30,2025-03-13,3.2005475701574264,0,last_supplied_sub_1b_round_proxy,2.0,2.0,32940000.0,22850000.0,4.0,4.0,1.998631074606434,364.0,2020-12-31
bodyshopbids,"BodyShopBids, Inc.",2019-06-13,2023-07-17,4.093086926762491,0,last_supplied_sub_1b_round_proxy,1.0,1.0,12000000.0,12000000.0,1.0,1.0,1.998631074606434,730.0,2017-06-13
calmcom,"Calm.com, Inc.",2019-11-07,2020-12-08,1.0869267624914443,1,first_ge_1b_event,2.0,2.0,9841000.0,9360000.0,2.0,2.0,1.998631074606434,505.0,2018-06-20
modaoperandi,"Moda Operandi, Inc.",2015-12-31,2020-01-31,4.084873374401095,1,first_ge_1b_event,2.0,2.0,83010000.0,60250000.0,8.0,6.0,1.998631074606434,321.0,2015-02-13
kyriba,Kyriba Corp.,2012-10-04,2019-04-11,6.5160848733744015,1,first_ge_1b_event,1.0,1.0,10640000.0,10640000.0,1.0,1.0,1.998631074606434,730.0,2010-10-05
preferrednetworks,"Preferred Networks, Inc.",2017-09-29,2024-12-23,7.233401779603011,1,first_ge_1b_event,2.0,2.0,15810000.0,8289999.999999999,2.0,1.0,1.998631074606434,639.0,2015-12-30
smiledirectclubotcpksdccq,"SmileDirectClub, Inc. (OTCPK:SDCC.Q)",2018-07-25,2018-10-10,0.2108145106091718,1,first_ge_1b_event,1.0,1.0,46750000.0,46750000.0,1.0,1.0,1.998631074606434,730.0,2016-07-25
skytap,"Skytap, Inc.",2016-02-05,2017-08-22,1.5441478439425051,0,last_supplied_sub_1b_round_proxy,2.0,2.0,45220000.0,35000000.0,5.0,5.0,1.998631074606434,414.0,2014-12-18
omnidian,"Omnidian, Inc.",2023-11-26,2025-04-21,1.4017796030116358,0,last_supplied_sub_1b_round_proxy,2.0,2.0,61370000.0,36370000.0,13.0,12.0,1.998631074606434,31.0,2023-10-26
onapsis,"Onapsis, Inc.",2016-06-17,2020-10-06,4.303901437371663,0,last_supplied_sub_1b_round_proxy,1.0,1.0,9630000.0,9630000.0,2.0,2.0,1.998631074606434,730.0,2014-06-18
robinpowered,"Robin Powered, Inc.",2016-12-15,2022-09-20,5.763175906913073,0,last_supplied_sub_1b_round_proxy,2.0,2.0,9690000.0,7000000.0,10.0,6.0,1.998631074606434,198.0,2016-05-31
momatherapeutics,"MoMa Therapeutics, Inc.",2022-04-15,2022-05-10,0.06844626967830253,0,last_supplied_sub_1b_round_proxy,1.0,1.0,86000000.0,86000000.0,6.0,6.0,1.998631074606434,730.0,2020-04-15
stablealphaprivate,Stable-Alpha Technologies Private Limited,2025-02-10,2026-03-27,1.1225188227241616,0,last_supplied_sub_1b_round_proxy,1.0,1.0,4540000.0,4540000.0,2.0,2.0,1.998631074606434,730.0,2023-02-11
casanacare,"Casana Care, Inc.",2022-04-01,2024-01-02,1.754962354551677,0,last_supplied_sub_1b_round_proxy,2.0,2.0,16580000.0,14400000.0,8.0,6.0,1.998631074606434,456.0,2020-12-31
1661,"1661, Inc.",2018-08-29,2021-06-24,2.8199863107460645,1,first_ge_1b_event,3.0,3.0,89740000.0,59990000.0,5.0,5.0,1.998631074606434,202.0,2018-02-08
fifthasset,"Fifth Asset, Inc.",2022-09-30,2023-07-26,0.8186173853524983,0,last_supplied_sub_1b_round_proxy,2.0,2.0,2951000.0,2000000.0,1.0,1.0,1.998631074606434,303.0,2021-12-01
federatedwireless,"Federated Wireless, Inc.",2018-01-31,2022-05-02,4.249144421629021,0,last_supplied_sub_1b_round_proxy,2.0,2.0,64000000.0,42000000.0,7.0,6.0,1.998631074606434,139.0,2017-09-14
divergent,Divergent Technologies Inc.,2018-12-31,2025-09-15,6.707734428473648,1,first_ge_1b_event,1.0,1.0,22500000.0,22500000.0,2.0,2.0,1.998631074606434,730.0,2016-12-31
lenskartsolutionsnseilenskart,Lenskart Solutions Limited (NSEI:LENSKART),2016-11-29,2021-07-19,4.635181382614648,1,first_ge_1b_event,2.0,2.0,31470000.0,21700000.0,4.0,3.0,1.998631074606434,84.0,2016-09-06
hungrymarketplace,"Hungry Marketplace, Inc.",2020-06-12,2023-06-21,3.02258726899384,0,last_supplied_sub_1b_round_proxy,1.0,1.0,4710000.0,4710000.0,3.0,3.0,1.998631074606434,730.0,2018-06-13
sitetracker,"Sitetracker, Inc.",2019-07-11,2022-09-28,3.216974674880219,0,last_supplied_sub_1b_round_proxy,2.0,2.0,35000000.0,24000000.0,5.0,5.0,1.998631074606434,322.0,2018-08-23
greenlightbiosciences,"GreenLight Biosciences, Inc.",2017-07-20,2020-06-26,2.9349760438056127,0,last_supplied_sub_1b_round_proxy,1.0,1.0,20050000.0,20050000.0,4.0,4.0,1.998631074606434,730.0,2015-07-21
videoamp,"VideoAmp, Inc.",2016-12-10,2021-10-21,4.862422997946612,1,first_ge_1b_event,2.0,2.0,15520000.0,13310000.0,7.0,7.0,1.998631074606434,395.0,2015-11-11
flatfile,Flatfile Inc.,2021-07-16,2022-09-27,1.1991786447638604,0,last_supplied_sub_1b_round_proxy,3.0,3.0,44510000.0,34830000.0,11.0,9.0,1.998631074606434,128.0,2021-03-10
tangotherapeuticsnasdaqgmtngx,"Tango Therapeutics, Inc. (NasdaqGM:TNGX)",2019-03-30,2020-08-17,1.3853524982888432,0,last_supplied_sub_1b_round_proxy,1.0,1.0,55700000.0,55700000.0,1.0,1.0,1.998631074606434,730.0,2017-03-30
thoughtspot,"ThoughtSpot, Inc.",2014-12-31,2019-08-28,4.657084188911704,1,first_ge_1b_event,2.0,2.0,40310000.0,30150000.0,2.0,2.0,1.998631074606434,196.0,2014-06-18
squint,"Squint, Inc.",2025-05-31,2025-08-12,0.1998631074606434,0,last_supplied_sub_1b_round_proxy,2.0,2.0,16490000.0,13000000.0,2.0,2.0,1.998631074606434,549.0,2023-11-29
capellaspace,Capella Space Corp.,2021-04-17,2023-01-10,1.73305954825462,0,last_supplied_sub_1b_round_proxy,2.0,2.0,43120000.0,29400000.0,0.0,0.0,1.998631074606434,492.0,2019-12-12
youlifenasdaqcmyoul,Youlife Group Inc. (NasdaqCM:YOUL),2018-12-31,2020-12-31,2.001368925393566,0,last_supplied_sub_1b_round_proxy,1.0,1.0,2160000.0,2160000.0,0.0,0.0,1.998631074606434,730.0,2016-12-31
vinteduab,Vinted UAB,2016-01-31,2019-11-27,3.8220396988364134,1,first_ge_1b_event,1.0,1.0,27000000.0,27000000.0,2.0,2.0,1.998631074606434,730.0,2014-01-31
deepgram,"Deepgram, Inc.",2018-03-23,2026-01-13,7.811088295687885,1,first_ge_1b_event,1.0,1.0,120000.0,120000.0,1.0,1.0,1.998631074606434,730.0,2016-03-23
daybreakai,"Daybreak AI, Inc.",2020-06-25,2026-02-05,5.61533196440794,0,last_supplied_sub_1b_round_proxy,2.0,1.0,35000000.0,35000000.0,4.0,4.0,1.998631074606434,105.0,2020-03-12
aurabiosciencesnasdaqgmaura,"Aura Biosciences, Inc. (NasdaqGM:AURA)",2018-05-25,2021-04-06,2.86652977412731,0,last_supplied_sub_1b_round_proxy,1.0,1.0,28210000.0,28210000.0,5.0,5.0,1.998631074606434,730.0,2016-05-25
betterplaceforests,Better Place Forests Co.,2021-06-11,2022-01-21,0.6132785763175906,0,last_supplied_sub_1b_round_proxy,2.0,2.0,47850000.0,40000000.0,2.0,1.0,1.998631074606434,437.0,2020-03-31
wuhanchangjinphotonicsshse688635,"Wuhan Changjin Photonics Technology Co., Ltd (SHSE:688635)",2024-08-30,2025-03-26,0.5694729637234771,0,last_supplied_sub_1b_round_proxy,1.0,1.0,2900000.0,2900000.0,1.0,1.0,1.998631074606434,730.0,2022-08-31
veem,Veem Inc.,2017-11-16,2020-09-16,2.833675564681725,0,last_supplied_sub_1b_round_proxy,2.0,2.0,38430000.0,25000000.0,9.0,6.0,1.998631074606434,253.0,2017-03-08
scvngr,"SCVNGR, Inc.",2012-12-30,2016-04-04,3.260780287474333,0,last_supplied_sub_1b_round_proxy,1.0,1.0,17000000.0,17000000.0,3.0,3.0,1.998631074606434,730.0,2010-12-31
wisq,Wisq Inc.,2023-05-31,2025-07-01,2.086242299794661,0,last_supplied_sub_1b_round_proxy,2.0,2.0,40240000.0,20240000.0,3.0,3.0,1.998631074606434,401.0,2022-04-25
institutionalcapitalnetwork,"Institutional Capital Network, Inc.",2020-11-07,2021-12-23,1.1252566735112937,1,first_ge_1b_event,1.0,1.0,25000000.0,25000000.0,6.0,6.0,1.998631074606434,730.0,2018-11-08
spothero,"SpotHero, Inc.",2016-06-10,2019-12-31,3.5564681724845997,0,last_supplied_sub_1b_round_proxy,2.0,2.0,24550000.0,20050000.0,15.0,12.0,1.998631074606434,296.0,2015-08-19
duosecurity,"Duo Security, Inc.",2012-08-24,2017-10-18,5.149897330595483,1,first_ge_1b_event,2.0,2.0,6999000.0,6000000.0,3.0,3.0,1.998631074606434,11.0,2012-08-13
manusbio,Manus Bio Inc.,2020-07-02,2020-11-17,0.37782340862423,0,last_supplied_sub_1b_round_proxy,1.0,1.0,19400000.0,19400000.0,0.0,0.0,1.998631074606434,730.0,2018-07-03
sibros,"Sibros Technologies, Inc.",2021-07-24,2022-01-25,0.5065023956194388,0,last_supplied_sub_1b_round_proxy,1.0,1.0,3550000.0,3550000.0,2.0,2.0,1.998631074606434,730.0,2019-07-25
retailmoneymarket,Retail Money Market Limited,2017-03-28,2017-05-30,0.17248459958932238,0,last_supplied_sub_1b_round_proxy,1.0,1.0,29770000.0,29770000.0,2.0,2.0,1.998631074606434,730.0,2015-03-29
splashfinancial,"Splash Financial, Inc.",2016-11-13,2025-09-17,8.843258042436688,0,last_supplied_sub_1b_round_proxy,1.0,1.0,30000.0,30000.0,1.0,1.0,1.998631074606434,730.0,2014-11-14
realtyshares,"RealtyShares, Inc.",2016-02-29,2017-09-13,1.538672142368241,0,last_supplied_sub_1b_round_proxy,1.0,1.0,50000.0,50000.0,1.0,1.0,1.998631074606434,730.0,2014-03-01
xiliotherapeuticsnasdaqcmxlo,"Xilio Therapeutics, Inc. (NasdaqCM:XLO)",2020-09-26,2021-02-24,0.4134154688569473,0,last_supplied_sub_1b_round_proxy,2.0,2.0,123000000.0,100500000.0,9.0,9.0,1.998631074606434,208.0,2020-03-02
nusano,"Nusano, Inc.",2020-10-23,2024-10-01,3.9397672826830936,0,last_supplied_sub_1b_round_proxy,1.0,1.0,41680000.0,41680000.0,0.0,0.0,1.998631074606434,730.0,2018-10-24
monotonyai,"Monotony.ai, Inc.",2020-06-24,2021-05-04,0.8596851471594799,0,last_supplied_sub_1b_round_proxy,2.0,2.0,8900000.0,6250000.0,0.0,0.0,1.998631074606434,357.0,2019-07-03
jinxineldercareindustry,Jinxin Eldercare Industry Group Limited,2021-03-30,2026-02-07,4.85968514715948,0,last_supplied_sub_1b_round_proxy,2.0,2.0,5400000.0,3060000.0,3.0,2.0,1.998631074606434,89.0,2020-12-31
carbon,"Carbon, Inc.",2015-12-31,2016-09-15,0.7091033538672142,1,first_ge_1b_event,2.0,2.0,42030000.0,31030000.0,6.0,4.0,1.998631074606434,365.0,2014-12-31
netskopenasdaqgsntsk,"Netskope, Inc. (NasdaqGS:NTSK)",2015-10-03,2021-07-09,5.765913757700205,1,first_ge_1b_event,3.0,3.0,131430000.0,75000000.0,4.0,4.0,1.998631074606434,30.0,2015-09-03
idfinanceinvestmentssl,"ID FINANCE INVESTMENTS, S.L.",2021-11-12,2023-03-22,1.3552361396303902,0,last_supplied_sub_1b_round_proxy,1.0,1.0,6360000.0,6360000.0,0.0,0.0,1.998631074606434,730.0,2019-11-13
salesloft,"Salesloft, Inc.",2017-03-31,2021-01-06,3.7700205338809036,1,first_ge_1b_event,2.0,2.0,25670000.0,15520000.0,3.0,2.0,1.998631074606434,29.0,2017-03-02
jnanatherapeutics,Jnana Therapeutics Inc.,2019-12-14,2022-11-15,2.921286789869952,0,last_supplied_sub_1b_round_proxy,1.0,1.0,50200000.0,50200000.0,5.0,5.0,1.998631074606434,730.0,2017-12-14
xevant,"Xevant, Inc.",2022-12-29,2024-02-20,1.1444216290212184,0,last_supplied_sub_1b_round_proxy,2.0,2.0,6110000.0,3110000.0,3.0,3.0,1.998631074606434,42.0,2022-11-17
utilidata,"Utilidata, Inc.",2022-07-21,2026-05-28,3.8521560574948666,0,last_supplied_sub_1b_round_proxy,2.0,2.0,30320000.0,26750000.0,6.0,6.0,1.998631074606434,163.0,2022-02-08
garudaaerospace,Garuda Aerospace Limited,2024-12-13,2025-06-11,0.4928131416837782,0,last_supplied_sub_1b_round_proxy,2.0,2.0,51910000.0,30000000.0,3.0,3.0,1.998631074606434,669.0,2023-02-13
aescape,"Aescape, Inc.",2024-08-15,2025-03-04,0.5503080082135524,0,last_supplied_sub_1b_round_proxy,1.0,1.0,11410000.0,11410000.0,1.0,1.0,1.998631074606434,730.0,2022-08-16
durapowerholdingpte,Durapower Holding Pte. Ltd.,2020-03-22,2023-02-27,2.9349760438056127,0,last_supplied_sub_1b_round_proxy,1.0,1.0,40230000.0,40230000.0,1.0,1.0,1.998631074606434,730.0,2018-03-23
dustyrobotics,"Dusty Robotics, Inc.",2020-08-15,2022-05-10,1.73305954825462,0,last_supplied_sub_1b_round_proxy,1.0,1.0,2210000.0,2210000.0,3.0,3.0,1.998631074606434,730.0,2018-08-16
figmanysefig,"Figma, Inc. (NYSE:FIG)",2015-12-31,2020-04-30,4.331279945242985,1,first_ge_1b_event,2.0,2.0,18000000.0,14000000.0,4.0,4.0,1.998631074606434,28.0,2015-12-03
logrocket,"LogRocket, Inc.",2021-03-10,2022-06-21,1.2813141683778233,0,last_supplied_sub_1b_round_proxy,2.0,2.0,24000000.0,15000000.0,2.0,2.0,1.998631074606434,489.0,2019-11-07
pax,"PAX Labs, Inc.",2017-06-03,2019-04-29,1.9028062970568105,1,first_ge_1b_event,2.0,2.0,90960000.0,46690000.0,4.0,4.0,1.998631074606434,78.0,2017-03-17
tamr,"TAMR, Inc.",2016-05-18,2023-07-12,7.148528405201916,0,last_supplied_sub_1b_round_proxy,1.0,1.0,14250000.0,14250000.0,2.0,2.0,1.998631074606434,730.0,2014-05-19
pollyex,"PollyEx, Inc.",2024-01-26,2024-09-10,0.6242299794661191,0,last_supplied_sub_1b_round_proxy,1.0,1.0,37250000.0,37250000.0,7.0,7.0,1.998631074606434,730.0,2022-01-26
connectrn,connectRN Inc.,2020-06-04,2021-12-08,1.51129363449692,0,last_supplied_sub_1b_round_proxy,1.0,1.0,11530000.0,11530000.0,0.0,0.0,1.998631074606434,730.0,2018-06-05
snorkelai,"Snorkel AI, Inc.",2023-04-07,2025-05-29,2.1437371663244353,1,first_ge_1b_event,1.0,1.0,35000000.0,35000000.0,6.0,6.0,1.998631074606434,730.0,2021-04-07
horizon3ai,"Horizon3 AI, Inc.",2023-06-08,2023-08-08,0.16700889801505817,0,last_supplied_sub_1b_round_proxy,2.0,2.0,35000000.0,30000000.0,1.0,1.0,1.998631074606434,583.0,2021-11-02
onebrief,"Onebrief, Inc.",2024-10-11,2025-06-16,0.6789869952087612,1,first_ge_1b_event,2.0,2.0,22130000.0,16000000.0,3.0,3.0,1.998631074606434,51.0,2024-08-21
axonius,"Axonius, Inc.",2019-09-06,2021-02-28,1.4811772758384667,1,first_ge_1b_event,3.0,3.0,36600000.0,20000000.0,6.0,6.0,1.998631074606434,10.0,2019-08-27
bulletproof360,"Bulletproof 360, Inc.",2017-07-22,2018-07-31,1.0239561943874058,0,last_supplied_sub_1b_round_proxy,2.0,2.0,35090000.0,22140000.0,2.0,2.0,1.998631074606434,59.0,2017-05-24
superhumanplatform,Superhuman Platform Inc.,2019-05-08,2021-11-17,2.529774127310062,1,first_ge_1b_event,1.0,1.0,109720000.0,109720000.0,5.0,5.0,1.998631074606434,730.0,2017-05-08
cerebrassystemsnasdaqgscbrs,Cerebras Systems Inc. (NasdaqGS:CBRS),2018-05-31,2018-11-30,0.5010266940451745,1,first_ge_1b_event,2.0,2.0,52250000.0,27250000.0,4.0,3.0,1.998631074606434,516.0,2016-12-31
schvey,"Schvey, Inc.",2016-07-01,2022-01-20,5.555099247091033,0,last_supplied_sub_1b_round_proxy,1.0,1.0,2630000.0,2630000.0,6.0,6.0,1.998631074606434,730.0,2014-07-02
dandelionenergy,"Dandelion Energy, Inc.",2019-05-24,2024-09-24,5.338809034907597,0,last_supplied_sub_1b_round_proxy,4.0,4.0,22965000.0,16079999.999999998,9.0,7.0,1.998631074606434,101.0,2019-02-12
hydration,"Hydration Labs, Inc.",2019-07-13,2022-08-09,3.07460643394935,0,last_supplied_sub_1b_round_proxy,1.0,1.0,16590000.0,16590000.0,3.0,3.0,1.998631074606434,730.0,2017-07-13
extrahopnetworks,"ExtraHop Networks, Inc.",2013-05-01,2014-05-29,1.0759753593429158,0,last_supplied_sub_1b_round_proxy,1.0,1.0,14000000.0,14000000.0,2.0,2.0,1.998631074606434,730.0,2011-05-02
notableotcpkntblq,"Notable Labs, Ltd. (OTCPK:NTBL.Q)",2017-03-24,2022-07-15,5.308692676249144,0,last_supplied_sub_1b_round_proxy,1.0,1.0,120000.0,120000.0,1.0,1.0,1.998631074606434,730.0,2015-03-25
elementbiosciences,"Element Biosciences, Inc.",2021-06-17,2024-07-11,3.0663928815879533,1,first_ge_1b_event,2.0,2.0,125300000.0,110300000.0,4.0,4.0,1.998631074606434,525.0,2020-01-09
cogito,Cogito Corporation,2018-05-12,2019-09-05,1.3169062286105406,0,last_supplied_sub_1b_round_proxy,1.0,1.0,1000000.0,1000000.0,0.0,0.0,1.998631074606434,730.0,2016-05-12
pathpoint,"Pathpoint, Inc.",2021-01-06,2021-06-29,0.47638603696098564,0,last_supplied_sub_1b_round_proxy,1.0,1.0,6000000.0,6000000.0,0.0,0.0,1.998631074606434,730.0,2019-01-07
vedantabiosciences,"Vedanta Biosciences, Inc.",2018-06-06,2020-06-09,2.0095824777549622,0,last_supplied_sub_1b_round_proxy,1.0,1.0,52230000.0,52230000.0,4.0,4.0,1.998631074606434,730.0,2016-06-06
carbonhealth,"Carbon Health Technologies, Inc.",2022-05-11,2023-01-09,0.6652977412731006,1,first_ge_1b_event,1.0,1.0,25120000.0,25120000.0,1.0,1.0,1.998631074606434,730.0,2020-05-11
brytercx,"BryterCX, Inc.",2012-11-28,2018-05-09,5.4428473648186175,0,last_supplied_sub_1b_round_proxy,1.0,1.0,19050000.0,19050000.0,1.0,1.0,1.998631074606434,730.0,2010-11-29
turnkeyvacationrentals,"TurnKey Vacation Rentals, Inc.",2018-03-10,2019-07-23,1.3689253935660506,0,last_supplied_sub_1b_round_proxy,2.0,2.0,31770000.0,21350000.0,3.0,3.0,1.998631074606434,366.0,2017-03-09
nuodb,"NuoDB, Inc.",2016-02-24,2018-12-28,2.841889117043121,0,last_supplied_sub_1b_round_proxy,2.0,2.0,30680000.0,16180000.0,4.0,4.0,1.998631074606434,342.0,2015-03-19
epiccreations,Epic! Creations Inc.,2017-12-10,2020-06-17,2.518822724161533,0,last_supplied_sub_1b_round_proxy,2.0,2.0,16000000.0,8000000.0,7.0,7.0,1.998631074606434,258.0,2017-03-27
placemakr,"Placemakr, Inc.",2020-11-07,2023-03-21,2.3655030800821355,0,last_supplied_sub_1b_round_proxy,1.0,1.0,4070000.0000000005,4070000.0000000005,6.0,6.0,1.998631074606434,730.0,2018-11-08
cybergrx,"CyberGRX, Inc.",2018-07-14,2019-12-10,1.4072553045859,0,last_supplied_sub_1b_round_proxy,2.0,2.0,29000000.0,20000000.0,9.0,8.0,1.998631074606434,452.0,2017-04-18
driftcom,"Drift.com, Inc.",2016-09-29,2018-04-17,1.5468856947296372,0,last_supplied_sub_1b_round_proxy,1.0,1.0,14900000.0,14900000.0,4.0,4.0,1.998631074606434,730.0,2014-09-30
realtymogul,"Realty Mogul, Co.",2015-01-17,2019-06-19,4.418891170431212,0,last_supplied_sub_1b_round_proxy,3.0,3.0,10060000.0,9040000.0,2.0,1.0,1.998631074606434,296.0,2014-03-27
nanjingxiyinecommerce,Nanjing Xiyin E-Commerce Co. Ltd.,2017-12-30,2018-12-31,1.002053388090349,1,first_ge_1b_event,1.0,1.0,46210000.0,46210000.0,2.0,2.0,1.998631074606434,730.0,2015-12-31
sendlepty,Sendle Pty Ltd,2023-06-23,2024-07-02,1.0266940451745379,0,last_supplied_sub_1b_round_proxy,1.0,1.0,34130000.0,34130000.0,5.0,5.0,1.998631074606434,730.0,2021-06-23
elephasbiosciences,Elephas Biosciences Corporation,2023-10-14,2025-11-06,2.0643394934976045,0,last_supplied_sub_1b_round_proxy,1.0,1.0,20000000.0,20000000.0,0.0,0.0,1.998631074606434,730.0,2021-10-14
firstmile,"First Mile Group, Inc.",2019-10-18,2021-09-30,1.9520876112251881,1,first_ge_1b_event,2.0,2.0,16590000.0,12000000.0,3.0,3.0,1.998631074606434,31.0,2019-09-17
powur,"Powur, PBC",2017-07-05,2021-09-13,4.191649555099247,0,last_supplied_sub_1b_round_proxy,1.0,1.0,775000.0,775000.0,0.0,0.0,1.998631074606434,730.0,2015-07-06
execonline,"ExecOnline, Inc.",2014-10-26,2021-04-21,6.485968514715948,0,last_supplied_sub_1b_round_proxy,2.0,2.0,5748000.0,4950000.0,5.0,4.0,1.998631074606434,37.0,2014-09-19
spiff,"Spiff, Inc.",2021-06-18,2023-05-16,1.9082819986310746,0,last_supplied_sub_1b_round_proxy,3.0,3.0,15900000.0,10040000.0,8.0,6.0,1.998631074606434,329.0,2020-07-24
trendly,"Trendly, Inc.",2021-02-06,2021-12-27,0.8870636550308009,0,last_supplied_sub_1b_round_proxy,1.0,1.0,26660000.0,26660000.0,3.0,3.0,1.998631074606434,730.0,2019-02-07
roadie,"Roadie, Inc.",2017-01-26,2019-02-25,2.080766598220397,0,last_supplied_sub_1b_round_proxy,2.0,2.0,26180000.0,15000000.0,4.0,3.0,1.998631074606434,226.0,2016-06-14
uniphore,Uniphore Technologies Inc.,2017-05-06,2022-02-16,4.783025325119781,1,first_ge_1b_event,2.0,2.0,5530000.0,3440000.0,4.0,3.0,1.998631074606434,215.0,2016-10-03
worldsenterprises,"Worlds Enterprises, Inc.",2022-02-05,2023-01-03,0.9089664613278576,0,last_supplied_sub_1b_round_proxy,1.0,1.0,9740000.0,9740000.0,5.0,5.0,1.998631074606434,730.0,2020-02-06
fairmarkit,"Fairmarkit, Inc.",2020-05-23,2022-09-01,2.2751540041067764,0,last_supplied_sub_1b_round_proxy,1.0,1.0,1220000.0,1220000.0,4.0,4.0,1.998631074606434,730.0,2018-05-24
brightsidehealth,"Brightside Health, Inc.",2022-04-15,2024-03-26,1.946611909650924,0,last_supplied_sub_1b_round_proxy,3.0,3.0,72190000.0,50000000.0,5.0,5.0,1.998631074606434,17.0,2022-03-29
axtria,"Axtria, Inc.",2017-07-06,2018-12-21,1.45927446954141,0,last_supplied_sub_1b_round_proxy,1.0,1.0,30000000.0,30000000.0,1.0,1.0,1.998631074606434,730.0,2015-07-07
gelesisotcpkglshq,"Gelesis Holdings, Inc. (OTCPK:GLSH.Q)",2017-12-17,2018-03-01,0.2026009582477755,0,last_supplied_sub_1b_round_proxy,1.0,1.0,31500000.0,31500000.0,3.0,3.0,1.998631074606434,730.0,2015-12-18
floqast,"FloQast, Inc.",2019-06-21,2021-07-21,2.083504449007529,1,first_ge_1b_event,1.0,1.0,25000000.0,25000000.0,3.0,3.0,1.998631074606434,730.0,2017-06-21
btrs,BTRS Holdings Inc.,2014-11-14,2015-04-15,0.4161533196440794,0,last_supplied_sub_1b_round_proxy,1.0,1.0,25000000.0,25000000.0,1.0,1.0,1.998631074606434,730.0,2012-11-14
wso2,WSO2 LLC,2015-02-04,2015-08-10,0.5119780971937029,0,last_supplied_sub_1b_round_proxy,1.0,1.0,10000000.0,10000000.0,3.0,3.0,1.998631074606434,730.0,2013-02-04
imbriapharmaceuticals,"Imbria Pharmaceuticals, Inc.",2020-07-08,2025-10-31,5.314168377823409,0,last_supplied_sub_1b_round_proxy,1.0,1.0,40250000.0,40250000.0,0.0,0.0,1.998631074606434,730.0,2018-07-09
leveltenenergy,"LevelTen Energy, Inc.",2019-04-19,2024-07-16,5.242984257357974,0,last_supplied_sub_1b_round_proxy,2.0,2.0,6400000.0,6280000.0,8.0,6.0,1.998631074606434,554.0,2017-10-12
cypressio,"Cypress.io, Inc.",2018-01-06,2020-12-16,2.943189596167009,0,last_supplied_sub_1b_round_proxy,2.0,2.0,1587000.0,987000.0,3.0,3.0,1.998631074606434,95.0,2017-10-03
keyme,"KeyMe, LLC",2015-03-31,2017-09-14,2.458590006844627,0,last_supplied_sub_1b_round_proxy,2.0,2.0,10600000.0,7850000.0,3.0,3.0,1.998631074606434,351.0,2014-04-14
discmedicinenasdaqgmiron,"Disc Medicine, Inc. (NasdaqGM:IRON)",2019-10-31,2021-09-02,1.839835728952772,0,last_supplied_sub_1b_round_proxy,2.0,2.0,55000000.0,50000000.0,3.0,3.0,1.998631074606434,2.0,2019-10-29
altiostarnetworks,"Altiostar Networks, Inc.",2019-01-25,2019-10-11,0.7091033538672142,0,last_supplied_sub_1b_round_proxy,2.0,2.0,29000000.0,27000000.0,0.0,0.0,1.998631074606434,514.0,2017-08-29
traxsolutionspte,Trax Technology Solutions Pte Ltd.,2018-06-08,2019-07-22,1.1197809719370295,1,first_ge_1b_event,1.0,1.0,40000000.0,40000000.0,0.0,0.0,1.998631074606434,730.0,2016-06-08
syrospharmaceuticalsotcpksyrs,"Syros Pharmaceuticals, Inc. (OTCPK:SYRS)",2014-08-22,2016-01-12,1.3908281998631074,0,last_supplied_sub_1b_round_proxy,2.0,2.0,29100000.0,27850000.0,3.0,3.0,1.998631074606434,499.0,2013-04-10
evisit,"eVisit, Inc.",2022-10-20,2024-06-25,1.68104038329911,0,last_supplied_sub_1b_round_proxy,1.0,1.0,14000000.0,14000000.0,3.0,3.0,1.998631074606434,730.0,2020-10-20
medallia,"Medallia, Inc.",2014-09-26,2019-02-25,4.41615331964408,1,first_ge_1b_event,1.0,1.0,35000000.0,35000000.0,1.0,1.0,1.998631074606434,730.0,2012-09-26
crickethealth,"Cricket Health, Inc.",2018-01-31,2021-08-05,3.509924709103354,0,last_supplied_sub_1b_round_proxy,1.0,1.0,3080000.0,3080000.0,5.0,5.0,1.998631074606434,730.0,2016-02-01
hirevue,"HireVue, Inc.",2014-08-29,2015-06-02,0.758384668035592,0,last_supplied_sub_1b_round_proxy,2.0,2.0,42730000.0,25150000.0,7.0,6.0,1.998631074606434,332.0,2013-10-01
demandbase,"Demandbase, Inc.",2013-05-11,2015-07-15,2.1765913757700206,0,last_supplied_sub_1b_round_proxy,2.0,2.0,25560000.0,15000000.0,6.0,6.0,1.998631074606434,45.0,2013-03-27
chipfinancial,Chip Financial Ltd.,2019-11-27,2023-12-06,4.024640657084189,0,last_supplied_sub_1b_round_proxy,2.0,2.0,10830000.0,9390000.0,0.0,0.0,1.998631074606434,21.0,2019-11-06
ezcater,"ezCater, Inc.",2016-04-14,2019-04-01,2.9623545516769334,1,first_ge_1b_event,2.0,2.0,13930000.0,12930000.0,3.0,3.0,1.998631074606434,191.0,2015-10-06
recordedfuture,"Recorded Future, Inc.",2014-05-24,2017-10-31,3.4387405886379194,0,last_supplied_sub_1b_round_proxy,1.0,1.0,12050000.0,12050000.0,5.0,5.0,1.998631074606434,730.0,2012-05-24
cerecin,Cerecin Inc.,2020-10-03,2022-08-18,1.8726899383983573,0,last_supplied_sub_1b_round_proxy,1.0,1.0,35140000.0,35140000.0,2.0,2.0,1.998631074606434,730.0,2018-10-04
hunanxizihealth,"Hunan Xizi Health Group Co., Ltd.",2022-10-31,2022-12-31,0.16700889801505817,0,last_supplied_sub_1b_round_proxy,1.0,1.0,11960000.0,11960000.0,2.0,2.0,1.998631074606434,730.0,2020-10-31
ribontherapeutics,"Ribon Therapeutics, Inc.",2019-10-10,2022-12-22,3.2005475701574264,0,last_supplied_sub_1b_round_proxy,2.0,2.0,108500000.0,65000000.0,9.0,9.0,1.998631074606434,279.0,2019-01-04
air,"Air Labs, Inc.",2021-08-13,2024-09-18,3.0992470910335386,0,last_supplied_sub_1b_round_proxy,2.0,2.0,16540000.0,12000000.0,6.0,6.0,1.998631074606434,331.0,2020-09-16
2080media,"2080 Media, Inc.",2012-08-01,2021-01-14,8.454483230663929,0,last_supplied_sub_1b_round_proxy,1.0,1.0,3200000.0,3200000.0,3.0,3.0,1.998631074606434,730.0,2010-08-02
liquidx,"LiquidX, Inc.",2018-03-21,2022-06-01,4.1971252566735116,0,last_supplied_sub_1b_round_proxy,1.0,1.0,5920000.0,5920000.0,1.0,1.0,1.998631074606434,730.0,2016-03-21
tidelift,"Tidelift, Inc.",2020-05-21,2022-09-13,2.3134839151266258,0,last_supplied_sub_1b_round_proxy,2.0,2.0,40000000.0,25000000.0,2.0,2.0,1.998631074606434,500.0,2019-01-07
gradientai,Gradient A.I. Corp.,2021-01-06,2024-07-30,3.561943874058864,0,last_supplied_sub_1b_round_proxy,2.0,2.0,11100000.0,8650000.0,3.0,3.0,1.998631074606434,457.0,2019-10-07
beijingsinotauintlpharmaceutical,"Beijing Sinotau Intl. Pharmaceutical Technology Co., Ltd.",2019-01-31,2020-06-30,1.4127310061601643,0,last_supplied_sub_1b_round_proxy,2.0,2.0,41950000.0,23050000.0,0.0,0.0,1.998631074606434,396.0,2017-12-31
botkeeper,Botkeeper Inc.,2020-01-25,2021-11-04,1.7768651608487338,0,last_supplied_sub_1b_round_proxy,2.0,2.0,22500000.0,18000000.0,4.0,4.0,1.998631074606434,432.0,2018-11-19
boundlessbionasdaqgsbold,"Boundless Bio, Inc. (NasdaqGS:BOLD)",2023-04-28,2023-05-16,0.049281314168377825,0,last_supplied_sub_1b_round_proxy,2.0,2.0,178090000.0,105590000.0,23.0,13.0,1.998631074606434,228.0,2022-09-12
staqpharma,"STAQ Pharma, Inc.",2023-03-31,2025-09-16,2.4640657084188913,0,last_supplied_sub_1b_round_proxy,1.0,1.0,9000000.0,9000000.0,0.0,0.0,1.998631074606434,730.0,2021-03-31
yourbiohealth,"YourBio Health, Inc.",2016-08-12,2021-09-03,5.059548254620124,0,last_supplied_sub_1b_round_proxy,1.0,1.0,15260000.0,15260000.0,5.0,5.0,1.998631074606434,730.0,2014-08-13
candidcare,Candid Care Co.,2019-11-21,2023-12-31,4.1095140314852845,0,last_supplied_sub_1b_round_proxy,1.0,1.0,12940000.0,12940000.0,4.0,4.0,1.998631074606434,730.0,2017-11-21
ambri,Ambri Incorporated,2013-05-19,2021-08-09,8.224503764544833,0,last_supplied_sub_1b_round_proxy,2.0,2.0,4970000.0,2690000.0,3.0,3.0,1.998631074606434,361.0,2012-05-23
kasisto,"Kasisto, Inc.",2016-08-19,2024-09-17,8.07939767282683,0,last_supplied_sub_1b_round_proxy,1.0,1.0,2250000.0,2250000.0,7.0,7.0,1.998631074606434,730.0,2014-08-20
compa,"Compa Technologies, Inc.",2023-08-26,2026-01-26,2.4202600958247777,0,last_supplied_sub_1b_round_proxy,1.0,1.0,3900000.0,3900000.0,4.0,4.0,1.998631074606434,730.0,2021-08-26
bettercloud,"BetterCloud, Inc.",2015-01-10,2018-04-05,3.2334017796030117,0,last_supplied_sub_1b_round_proxy,3.0,3.0,19670000.0,8620000.0,6.0,6.0,1.998631074606434,241.0,2014-05-14
pie,"Pie Group Holdings, Inc.",2020-08-09,2024-09-19,4.112251882272417,0,last_supplied_sub_1b_round_proxy,2.0,2.0,77050000.0,72000000.0,7.0,7.0,1.998631074606434,73.0,2020-05-28
alertmedia,"Alert Media, Inc.",2015-12-31,2020-04-07,4.268309377138946,0,last_supplied_sub_1b_round_proxy,2.0,2.0,4861000.0,4190000.0000000005,3.0,3.0,1.998631074606434,196.0,2015-06-18
netomi,"Netomi, Inc.",2018-03-23,2021-11-17,3.6550308008213555,0,last_supplied_sub_1b_round_proxy,1.0,1.0,120000.0,120000.0,1.0,1.0,1.998631074606434,730.0,2016-03-23
donotpay,"DoNotPay, Inc",2021-07-02,2021-07-31,0.07939767282683094,0,last_supplied_sub_1b_round_proxy,2.0,2.0,16590000.0,12000000.0,10.0,9.0,1.998631074606434,374.0,2020-06-23
winecom,"Wine.com, LLC",2016-02-11,2018-11-26,2.7898699520876113,0,last_supplied_sub_1b_round_proxy,1.0,1.0,2009999.9999999998,2009999.9999999998,1.0,1.0,1.998631074606434,730.0,2014-02-11
socotra,"Socotra, Inc.",2020-09-23,2022-03-14,1.4702258726899384,0,last_supplied_sub_1b_round_proxy,2.0,2.0,31800000.0,16600000.000000002,5.0,5.0,1.998631074606434,244.0,2020-01-23
nuvolo,Nuvolo Technologies Corporation,2017-11-17,2021-06-09,3.5592060232717317,0,last_supplied_sub_1b_round_proxy,2.0,2.0,12000000.0,10000000.0,4.0,3.0,1.998631074606434,148.0,2017-06-22
meridabiosciences,"Merida Biosciences, Inc.",2024-12-30,2025-04-08,0.27104722792607805,0,last_supplied_sub_1b_round_proxy,1.0,1.0,33840000.0,33840000.0,1.0,1.0,1.998631074606434,730.0,2022-12-31
nupulsecv,"NuPulseCV, Inc.",2013-05-16,2020-03-26,6.861054072553046,0,last_supplied_sub_1b_round_proxy,1.0,1.0,550000.0,550000.0,1.0,1.0,1.998631074606434,730.0,2011-05-17
trianabiomedicines,"Triana Biomedicines, Inc.",2023-09-17,2025-12-03,2.212183436002738,0,last_supplied_sub_1b_round_proxy,2.0,2.0,120000000.0,110000000.0,6.0,6.0,1.998631074606434,529.0,2022-04-06
boosterfuels,"Booster Fuels, Inc.",2018-02-11,2022-05-25,4.2819986310746065,1,first_ge_1b_event,2.0,2.0,29650000.0,20060000.0,9.0,9.0,1.998631074606434,195.0,2017-07-31
virtuixnasdaqgmvtix,Virtuix Holdings Inc. (NasdaqGM:VTIX),2025-03-16,2025-06-23,0.27104722792607805,0,last_supplied_sub_1b_round_proxy,1.0,1.0,1020000.0,1020000.0,0.0,0.0,1.998631074606434,730.0,2023-03-17
checkmatepharmaceuticals,"Checkmate Pharmaceuticals, Inc.",2019-02-16,2020-06-10,1.3141683778234086,0,last_supplied_sub_1b_round_proxy,1.0,1.0,25000000.0,25000000.0,2.0,2.0,1.998631074606434,730.0,2017-02-16
ripplematch,RippleMatch Inc.,2021-09-04,2022-06-08,0.758384668035592,0,last_supplied_sub_1b_round_proxy,2.0,2.0,29500000.0,23500000.0,8.0,8.0,1.998631074606434,137.0,2021-04-20
route92medical,"Route 92 Medical, Inc.",2018-05-26,2026-04-07,7.865845311430527,0,last_supplied_sub_1b_round_proxy,1.0,1.0,5900000.0,5900000.0,0.0,0.0,1.998631074606434,730.0,2016-05-26
syapse,"Syapse, Inc.",2016-07-07,2021-02-02,4.574948665297741,0,last_supplied_sub_1b_round_proxy,2.0,2.0,36250000.0,26500000.0,3.0,3.0,1.998631074606434,177.0,2016-01-12
908devicesnasdaqgmmass,908 Devices Inc. (NasdaqGM:MASS),2017-06-30,2019-04-26,1.8206707734428473,0,last_supplied_sub_1b_round_proxy,1.0,1.0,13070000.0,13070000.0,6.0,6.0,1.998631074606434,730.0,2015-07-01
palleonpharmaceuticals,Palleon Pharmaceuticals Inc.,2019-10-04,2020-09-17,0.9555099247091033,0,last_supplied_sub_1b_round_proxy,1.0,1.0,48280000.0,48280000.0,5.0,5.0,1.998631074606434,730.0,2017-10-04
sessionm,"SessionM, Inc.",2017-05-04,2018-07-23,1.218343600273785,0,last_supplied_sub_1b_round_proxy,1.0,1.0,10870000.0,10870000.0,6.0,6.0,1.998631074606434,730.0,2015-05-05
swiggynseiswiggy,Swiggy Limited (NSEI:SWIGGY),2018-01-17,2018-06-20,0.4216290212183436,1,first_ge_1b_event,3.0,3.0,55980000.0,34010000.0,7.0,5.0,1.998631074606434,535.0,2016-07-31
capitalsmallfinancebanknseicapitalsfb,Capital Small Finance Bank Limited (NSEI:CAPITALSFB),2019-04-13,2023-06-19,4.183436002737851,0,last_supplied_sub_1b_round_proxy,1.0,1.0,10030000.0,10030000.0,3.0,3.0,1.998631074606434,730.0,2017-04-13
vaporio,"Vapor IO, Inc.",2017-12-02,2022-12-31,5.078713210130048,0,last_supplied_sub_1b_round_proxy,2.0,2.0,15160000.0,10530000.0,3.0,2.0,1.998631074606434,164.0,2017-06-21
viscardia,"Viscardia, Inc.",2019-11-13,2025-12-02,6.053388090349076,0,last_supplied_sub_1b_round_proxy,1.0,1.0,1150000.0,1150000.0,1.0,1.0,1.998631074606434,730.0,2017-11-13
alianza,"Alianza, Inc.",2015-11-01,2023-08-23,7.808350444900753,0,last_supplied_sub_1b_round_proxy,1.0,1.0,3500000.0,3500000.0,1.0,1.0,1.998631074606434,730.0,2013-11-01
maverickworkwear,"Maverick Work Wear, Inc.",2023-04-19,2023-05-26,0.10130047912388775,0,last_supplied_sub_1b_round_proxy,2.0,2.0,28570000.0,20000000.0,4.0,4.0,1.998631074606434,420.0,2022-02-23
babylonotcpkbblnf,Babylon Holdings Limited (OTCPK:BBLN.F),2018-01-13,2019-08-02,1.5496235455167693,1,first_ge_1b_event,2.0,2.0,85130000.0,60130000.0,4.0,4.0,1.998631074606434,263.0,2017-04-25
1mgprivate,1MG Technologies Private Limited,2021-06-27,2022-09-06,1.1937029431895962,1,first_ge_1b_event,1.0,1.0,70080000.0,70080000.0,7.0,7.0,1.998631074606434,730.0,2019-06-28
lightforceorthodontics,"LightForce Orthodontics, Inc.",2020-10-04,2021-11-02,1.0787132101300478,0,last_supplied_sub_1b_round_proxy,2.0,2.0,18800000.0,13680000.0,3.0,3.0,1.998631074606434,25.0,2020-09-09
venturecatalystsprivate,Venture Catalysts Private Limited,2018-06-30,2025-09-07,7.189596167008898,0,last_supplied_sub_1b_round_proxy,1.0,1.0,503000.0,503000.0,1.0,1.0,1.998631074606434,730.0,2016-06-30
langchain,"LangChain, Inc.",2025-03-30,2025-10-20,0.5585215605749486,1,first_ge_1b_event,2.0,2.0,35000000.0,25000000.0,2.0,1.0,1.998631074606434,412.0,2024-02-12
sgrouples,Sgrouples Inc.,2016-09-02,2024-10-09,8.101300479123887,0,last_supplied_sub_1b_round_proxy,2.0,2.0,4200000.0,3000000.0,0.0,0.0,1.998631074606434,177.0,2016-03-09
olipop,"Olipop, Inc.",2021-01-10,2025-03-03,4.142368240930869,1,first_ge_1b_event,2.0,2.0,15540000.0,13040000.0,5.0,5.0,1.998631074606434,350.0,2020-01-26
strongarm,"StrongArm Technologies, Inc.",2017-08-17,2022-01-20,4.427104722792608,0,last_supplied_sub_1b_round_proxy,1.0,1.0,2920000.0,2920000.0,1.0,1.0,1.998631074606434,730.0,2015-08-18
signalmedia,Signal Media Limited,2021-10-20,2021-12-15,0.15331964407939766,0,last_supplied_sub_1b_round_proxy,1.0,1.0,25000000.0,25000000.0,4.0,4.0,1.998631074606434,730.0,2019-10-21
lukka,"Lukka, Inc.",2020-02-26,2022-01-14,1.8836413415468858,1,first_ge_1b_event,1.0,1.0,9990000.0,9990000.0,4.0,4.0,1.998631074606434,730.0,2018-02-26
envoy,"Envoy, Inc.",2020-10-21,2021-12-30,1.1909650924024642,1,first_ge_1b_event,1.0,1.0,43000000.0,43000000.0,3.0,3.0,1.998631074606434,730.0,2018-10-22
upsideservices,"Upside Services, Inc.",2019-01-16,2022-04-26,3.274469541409993,1,first_ge_1b_event,1.0,1.0,50000000.0,50000000.0,2.0,2.0,1.998631074606434,730.0,2017-01-16
zigbang,"Zigbang Co., Ltd.",2017-12-14,2022-06-30,4.542094455852156,1,first_ge_1b_event,1.0,1.0,33000000.0,33000000.0,1.0,1.0,1.998631074606434,730.0,2015-12-15
seatgeek,"SeatGeek, Inc.",2012-01-08,2022-08-31,10.64476386036961,1,first_ge_1b_event,1.0,1.0,789000.0,789000.0,0.0,0.0,1.998631074606434,730.0,2010-01-08
mogunysemogu,MOGU Inc. (NYSE:MOGU),2014-10-31,2016-02-11,1.2813141683778233,1,first_ge_1b_event,1.0,0.0,0.0,0.0,3.0,3.0,1.998631074606434,730.0,2012-10-31
shanghaikingstarwinningsoftware,"Shanghai Kingstar Winning Software Technology Co., Ltd.",2018-06-24,2019-12-19,1.486652977412731,0,last_supplied_sub_1b_round_proxy,1.0,1.0,29020000.0,29020000.0,1.0,1.0,1.998631074606434,730.0,2016-06-24
theinnisgunnbrewing,The Innis & Gunn Brewing Company Limited,2019-09-15,2020-01-29,0.3723477070499658,0,last_supplied_sub_1b_round_proxy,1.0,1.0,20370000.0,20370000.0,1.0,1.0,1.998631074606434,730.0,2017-09-15
upperlinehealth,"Upperline Health, Inc.",2023-04-22,2025-02-28,1.8562628336755647,0,last_supplied_sub_1b_round_proxy,2.0,2.0,20920000.0,14030000.0,0.0,0.0,1.998631074606434,495.0,2021-12-13
angad,Angad Corp.,2019-08-23,2025-03-24,5.585215605749487,0,last_supplied_sub_1b_round_proxy,1.0,1.0,9030000.0,9030000.0,1.0,1.0,1.998631074606434,730.0,2017-08-23
akouos,"Akouos, Inc.",2019-11-13,2020-03-03,0.30390143737166325,0,last_supplied_sub_1b_round_proxy,1.0,1.0,7580000.0,7580000.0,3.0,3.0,1.998631074606434,730.0,2017-11-13
learneo,"Learneo, Inc.",2014-04-12,2021-12-14,7.67419575633128,1,first_ge_1b_event,1.0,1.0,1500000.0,1500000.0,2.0,2.0,1.998631074606434,730.0,2012-04-12
flutterwave,Flutterwave Incorporated,2018-08-23,2026-06-16,7.813826146475017,1,first_ge_1b_event,1.0,1.0,120000.0,120000.0,1.0,1.0,1.998631074606434,730.0,2016-08-23
solerahealth,"Solera Health, Inc.",2017-11-02,2025-01-14,7.200547570157426,0,last_supplied_sub_1b_round_proxy,3.0,3.0,30450000.0,18330000.0,4.0,4.0,1.998631074606434,118.0,2017-07-07
cleargov,ClearGov Inc.,2019-03-30,2024-03-18,4.969199178644764,0,last_supplied_sub_1b_round_proxy,1.0,1.0,1410000.0,1410000.0,2.0,2.0,1.998631074606434,730.0,2017-03-30
everfi,"EverFi, LLC",2012-09-01,2016-07-27,3.9014373716632442,0,last_supplied_sub_1b_round_proxy,2.0,2.0,25930000.0,15400000.0,5.0,5.0,1.998631074606434,17.0,2012-08-15
deepcure,"DeepCure, Inc.",2023-11-08,2024-04-11,0.4243668720054757,0,last_supplied_sub_1b_round_proxy,1.0,1.0,40000000.0,40000000.0,4.0,4.0,1.998631074606434,730.0,2021-11-08
opengov,"OpenGov, Inc.",2014-07-01,2019-09-03,5.174537987679671,0,last_supplied_sub_1b_round_proxy,2.0,2.0,18000000.0,15000000.0,7.0,4.0,1.998631074606434,47.0,2014-05-15
dawnaerospace,Dawn Aerospace Limited,2024-12-05,2026-06-16,1.5277207392197125,0,last_supplied_sub_1b_round_proxy,1.0,1.0,20000000.0,20000000.0,3.0,3.0,1.998631074606434,730.0,2022-12-06
polypidnasdaqcmpypd,PolyPid Ltd. (NasdaqCM:PYPD),2012-10-19,2018-11-07,6.050650239561944,0,last_supplied_sub_1b_round_proxy,2.0,2.0,3400000.0,2000000.0,1.0,1.0,1.998631074606434,270.0,2012-01-23
tarvedatherapeutics,"Tarveda Therapeutics, Inc.",2018-01-26,2021-09-27,3.668720054757016,0,last_supplied_sub_1b_round_proxy,2.0,2.0,53950000.0,29320000.0,6.0,5.0,1.998631074606434,358.0,2017-02-02
calahealth,"Cala Health, Inc.",2018-02-15,2024-12-09,6.8145106091718,0,last_supplied_sub_1b_round_proxy,1.0,1.0,3280000.0,3280000.0,3.0,3.0,1.998631074606434,730.0,2016-02-16
silk,Silk Technologies Inc.,2013-05-01,2015-01-22,1.727583846680356,0,last_supplied_sub_1b_round_proxy,1.0,1.0,16180000.0,16180000.0,3.0,3.0,1.998631074606434,730.0,2011-05-02
proletariat,Proletariat Inc.,2017-02-09,2019-11-19,2.7734428473648185,0,last_supplied_sub_1b_round_proxy,1.0,1.0,6000000.0,6000000.0,3.0,3.0,1.998631074606434,730.0,2015-02-10
gupshup,"Gupshup, Inc.",2012-01-20,2021-07-28,9.519507186858316,1,first_ge_1b_event,2.0,2.0,22080000.0,12080000.0,6.0,6.0,1.998631074606434,142.0,2011-08-31
intouch,"InTouch Technologies, Inc.",2012-04-27,2012-11-23,0.5749486652977412,0,last_supplied_sub_1b_round_proxy,1.0,1.0,10000000.0,10000000.0,4.0,4.0,1.998631074606434,730.0,2010-04-28
beehiiv,beehiiv Inc.,2023-10-05,2025-04-30,1.568788501026694,0,last_supplied_sub_1b_round_proxy,2.0,2.0,15100000.0,12500000.0,11.0,8.0,1.998631074606434,106.0,2023-06-21
clevelanddiagnostics,"Cleveland Diagnostics, Inc.",2017-03-19,2025-10-20,8.588637919233403,0,last_supplied_sub_1b_round_proxy,2.0,2.0,3230000.0,1980000.0,0.0,0.0,1.998631074606434,307.0,2016-05-16
1uphealth,"1upHealth, Inc.",2022-02-04,2023-04-12,1.1827515400410678,0,last_supplied_sub_1b_round_proxy,2.0,2.0,33000000.0,25000000.0,5.0,4.0,1.998631074606434,295.0,2021-04-15
enrollease,Enrollease Inc.,2019-06-20,2021-03-25,1.7631759069130732,0,last_supplied_sub_1b_round_proxy,2.0,2.0,25460000.0,19250000.0,6.0,5.0,1.998631074606434,94.0,2019-03-18
pager,"Pager, Inc.",2017-03-09,2022-08-01,5.3963039014373715,0,last_supplied_sub_1b_round_proxy,2.0,2.0,15530000.0,9940000.0,4.0,4.0,1.998631074606434,157.0,2016-10-03
cardiodx,"CardioDx, Inc.",2013-05-05,2014-12-18,1.620807665982204,0,last_supplied_sub_1b_round_proxy,2.0,2.0,126220000.0,68200000.0,14.0,13.0,1.998631074606434,251.0,2012-08-27
veryable,Veryable Inc.,2020-02-26,2021-08-10,1.4537987679671458,0,last_supplied_sub_1b_round_proxy,1.0,1.0,1700000.0,1700000.0,0.0,0.0,1.998631074606434,730.0,2018-02-26
kulabio,"Kula Bio, Inc.",2023-05-25,2025-11-03,2.4449007529089664,0,last_supplied_sub_1b_round_proxy,2.0,2.0,60200000.0,50000000.0,12.0,11.0,1.998631074606434,483.0,2022-01-27
dustidentity,"DUST Identity, Inc.",2021-07-25,2023-12-05,2.3627652292950034,0,last_supplied_sub_1b_round_proxy,1.0,1.0,12370000.0,12370000.0,6.0,6.0,1.998631074606434,730.0,2019-07-26
ripple,Ripple Labs Inc.,2018-09-13,2019-12-20,1.267624914442163,1,first_ge_1b_event,1.0,1.0,52460000.0,52460000.0,8.0,8.0,1.998631074606434,730.0,2016-09-13
nanosys,"Nanosys, Inc.",2014-11-26,2022-08-04,7.687885010266941,0,last_supplied_sub_1b_round_proxy,1.0,1.0,15000000.0,15000000.0,0.0,0.0,1.998631074606434,730.0,2012-11-26
ridi,Ridi Corporation,2018-12-28,2022-02-28,3.1704312114989732,1,first_ge_1b_event,1.0,1.0,16489999.999999998,16489999.999999998,4.0,4.0,1.998631074606434,730.0,2016-12-28
genomemedicalholding,Genome Medical Holding Company,2019-05-25,2021-08-30,2.2669404517453797,0,last_supplied_sub_1b_round_proxy,2.0,2.0,21000000.0,11000000.0,6.0,4.0,1.998631074606434,505.0,2018-01-05
thewoodenstreetfurniturespvt,The Woodenstreet Furnitures Pvt. Ltd,2024-04-26,2024-12-07,0.6160164271047228,0,last_supplied_sub_1b_round_proxy,1.0,1.0,29890000.0,29890000.0,1.0,1.0,1.998631074606434,730.0,2022-04-27
perfectted,PerfectTed,2025-03-01,2025-10-04,0.5941136208076659,0,last_supplied_sub_1b_round_proxy,1.0,1.0,60000.0,60000.0,0.0,0.0,1.998631074606434,730.0,2023-03-02
matternet,"Matternet, Inc.",2018-12-31,2022-06-01,3.4168377823408624,0,last_supplied_sub_1b_round_proxy,1.0,1.0,11570000.0,11570000.0,0.0,0.0,1.998631074606434,730.0,2016-12-31
mantasoftware,"Manta Software, Inc.",2020-09-17,2023-04-24,2.598220396988364,0,last_supplied_sub_1b_round_proxy,2.0,2.0,5000000.0,4000000.0,2.0,2.0,1.998631074606434,351.0,2019-10-02
glycomine,"Glycomine, Inc.",2018-11-16,2025-04-16,6.414784394250513,0,last_supplied_sub_1b_round_proxy,1.0,1.0,12000000.0,12000000.0,2.0,2.0,1.998631074606434,730.0,2016-11-16
plaid,Plaid Inc.,2016-12-30,2021-08-17,4.629705681040384,1,first_ge_1b_event,2.0,2.0,58830000.0,44130000.0,5.0,5.0,1.998631074606434,194.0,2016-06-19
apollograph,"Apollo Graph, Inc.",2014-07-25,2021-08-17,7.063655030800821,1,first_ge_1b_event,1.0,1.0,13580000.0,13580000.0,3.0,3.0,1.998631074606434,730.0,2012-07-25
envisagenics,"Envisagenics, Inc.",2023-09-29,2024-06-04,0.6817248459958932,0,last_supplied_sub_1b_round_proxy,1.0,1.0,21460000.0,21460000.0,6.0,6.0,1.998631074606434,730.0,2021-09-29
podimetrics,"Podimetrics, Inc.",2018-05-27,2022-03-24,3.8247775496235454,0,last_supplied_sub_1b_round_proxy,1.0,1.0,5820000.0,5820000.0,3.0,3.0,1.998631074606434,730.0,2016-05-27
vuori,"Vuori, Inc.",2021-08-14,2021-10-13,0.16427104722792607,1,first_ge_1b_event,1.0,1.0,45000000.0,45000000.0,1.0,1.0,1.998631074606434,730.0,2019-08-15
icon,"ICON Technology, Inc.",2020-10-16,2022-02-18,1.3415468856947297,1,first_ge_1b_event,2.0,2.0,43950000.0,34950000.0,21.0,13.0,1.998631074606434,58.0,2020-08-19
wealth,Wealth Inc.,2018-05-18,2025-04-16,6.913073237508556,0,last_supplied_sub_1b_round_proxy,1.0,1.0,20000.0,20000.0,1.0,1.0,1.998631074606434,730.0,2016-05-18
alsymenergy,Alsym Energy Inc.,2023-09-14,2024-04-03,0.5530458590006845,0,last_supplied_sub_1b_round_proxy,1.0,1.0,21850000.0,21850000.0,0.0,0.0,1.998631074606434,730.0,2021-09-14
shenzhenchengtech,"ShenZhen Cheng-Tech Co.,Ltd.",2020-05-03,2024-08-21,4.301163586584531,0,last_supplied_sub_1b_round_proxy,2.0,2.0,2800000.0,1540000.0,3.0,2.0,1.998631074606434,246.0,2019-08-31
nivagenpharmaceuticals,"Nivagen Pharmaceuticals, Inc.",2019-09-14,2023-08-11,3.9069130732375084,0,last_supplied_sub_1b_round_proxy,1.0,1.0,10000000.0,10000000.0,0.0,0.0,1.998631074606434,730.0,2017-09-14
semmatherapeutics,"Semma Therapeutics, Inc.",2017-03-17,2017-11-30,0.7063655030800822,0,last_supplied_sub_1b_round_proxy,1.0,1.0,25590000.0,25590000.0,4.0,4.0,1.998631074606434,730.0,2015-03-18
mobiamedicalnasdaqgsmobi,"Mobia Medical, Inc. (NasdaqGS:MOBI)",2017-12-09,2025-03-12,7.255304585900069,0,last_supplied_sub_1b_round_proxy,1.0,1.0,5500000.0,5500000.0,2.0,2.0,1.998631074606434,730.0,2015-12-10
owl,"Owl Labs, Inc.",2019-05-09,2022-11-14,3.5181382614647503,0,last_supplied_sub_1b_round_proxy,2.0,2.0,21000000.0,15000000.0,3.0,3.0,1.998631074606434,22.0,2019-04-17
128,"128 Technology, Inc.",2016-07-30,2019-09-12,3.1184120465434635,0,last_supplied_sub_1b_round_proxy,3.0,3.0,35840000.0,19990000.0,0.0,0.0,1.998631074606434,235.0,2015-12-08
malta,Malta Inc.,2023-08-20,2026-01-14,2.403832991101985,0,last_supplied_sub_1b_round_proxy,1.0,1.0,60900000.0,60900000.0,5.0,5.0,1.998631074606434,730.0,2021-08-20
emailage,Emailage Corp.,2018-04-13,2018-06-21,0.188911704312115,0,last_supplied_sub_1b_round_proxy,1.0,1.0,5670000.0,5670000.0,4.0,4.0,1.998631074606434,730.0,2016-04-13
peopleai,"People.ai, Inc.",2018-08-23,2021-08-11,2.967830253251198,1,first_ge_1b_event,1.0,1.0,120000.0,120000.0,1.0,1.0,1.998631074606434,730.0,2016-08-23
variantyx,Variantyx Inc.,2021-06-05,2022-02-14,0.6954140999315537,0,last_supplied_sub_1b_round_proxy,1.0,1.0,7000000.0,7000000.0,1.0,1.0,1.998631074606434,730.0,2019-06-06
cosmicintelligent,Cosmic Intelligent Labs Limited,2019-03-20,2023-05-02,4.117727583846681,0,last_supplied_sub_1b_round_proxy,1.0,1.0,120000.0,120000.0,1.0,1.0,1.998631074606434,730.0,2017-03-20
brainlyspolkazograniczonaodpowiedzialnoscia,Brainly Spólka z ograniczona odpowiedzialnoscia,2016-10-14,2019-07-16,2.751540041067762,0,last_supplied_sub_1b_round_proxy,1.0,1.0,10310000.0,10310000.0,4.0,4.0,1.998631074606434,730.0,2014-10-15
encamp,"Encamp, Inc.",2022-04-27,2022-06-13,0.12867898699520877,0,last_supplied_sub_1b_round_proxy,1.0,1.0,5220000.0,5220000.0,3.0,3.0,1.998631074606434,730.0,2020-04-27
ingomoney,"Ingo Money, Inc.",2015-10-07,2022-06-22,6.707734428473648,0,last_supplied_sub_1b_round_proxy,1.0,1.0,8400000.0,8400000.0,1.0,1.0,1.998631074606434,730.0,2013-10-07
carecloud,CareCloud Corporation,2013-09-26,2019-05-02,5.596167008898015,0,last_supplied_sub_1b_round_proxy,2.0,2.0,49110000.0,29000000.0,4.0,4.0,1.998631074606434,42.0,2013-08-15
robinhealthcare,"Robin Healthcare, Inc.",2019-12-27,2021-12-08,1.949349760438056,0,last_supplied_sub_1b_round_proxy,2.0,2.0,14860000.0,11500000.0,1.0,1.0,1.998631074606434,100.0,2019-09-18
vivavisionbiotech,"VivaVision Biotech, Limited",2018-11-22,2021-08-09,2.7132101300479126,0,last_supplied_sub_1b_round_proxy,1.0,1.0,2320000.0,2320000.0,2.0,2.0,1.998631074606434,730.0,2016-11-22
kerostherapeuticsnasdaqgmkros,"Keros Therapeutics, Inc. (NasdaqGM:KROS)",2019-11-13,2020-03-04,0.3066392881587953,0,last_supplied_sub_1b_round_proxy,2.0,2.0,34000000.0,23000000.0,6.0,6.0,1.998631074606434,310.0,2019-01-07
shenzhenmuchenglin,"Shenzhen Muchenglin Technology Co., Ltd.",2017-02-09,2020-12-31,3.890485968514716,0,last_supplied_sub_1b_round_proxy,2.0,2.0,3502000.0,3360000.0,3.0,2.0,1.998631074606434,457.0,2015-11-10
eulermotorsprivate,Euler Motors Private Limited,2024-04-16,2025-05-19,1.0896646132785763,0,last_supplied_sub_1b_round_proxy,1.0,1.0,4870000.0,4870000.0,1.0,1.0,1.998631074606434,730.0,2022-04-17
kami,Kami Limited,2020-12-19,2024-08-20,3.668720054757016,0,last_supplied_sub_1b_round_proxy,1.0,1.0,1020000.0,1020000.0,3.0,3.0,1.998631074606434,730.0,2018-12-20
virtualincision,Virtual Incision Corporation,2012-10-28,2023-09-19,10.8911704312115,0,last_supplied_sub_1b_round_proxy,1.0,1.0,6850000.0,6850000.0,2.0,2.0,1.998631074606434,730.0,2010-10-29
bitmovin,"Bitmovin, Inc.",2016-08-11,2021-04-20,4.689938398357289,0,last_supplied_sub_1b_round_proxy,1.0,1.0,892000.0,892000.0,4.0,4.0,1.998631074606434,730.0,2014-08-12
instridehealth,"InStride Health, Inc.",2024-10-02,2026-06-15,1.700205338809035,0,last_supplied_sub_1b_round_proxy,1.0,1.0,25960000.0,25960000.0,3.0,3.0,1.998631074606434,730.0,2022-10-03
protegobiopharma,"Protego Biopharma, Inc.",2021-12-16,2025-12-01,3.9589322381930185,0,last_supplied_sub_1b_round_proxy,1.0,1.0,1000000.0,1000000.0,0.0,0.0,1.998631074606434,730.0,2019-12-17
slopetech,"Slope Tech, Inc.",2023-11-22,2024-07-17,0.6516084873374401,0,last_supplied_sub_1b_round_proxy,1.0,1.0,7900000.0,7900000.0,1.0,1.0,1.998631074606434,730.0,2021-11-22
medicallyhome,"Medically Home Group, Inc.",2020-04-15,2020-11-04,0.5557837097878165,0,last_supplied_sub_1b_round_proxy,1.0,1.0,14040000.0,14040000.0,1.0,1.0,1.998631074606434,730.0,2018-04-16
ultivue,"Ultivue, Inc.",2017-08-20,2021-04-27,3.685147159479808,0,last_supplied_sub_1b_round_proxy,1.0,1.0,5150000.0,5150000.0,1.0,1.0,1.998631074606434,730.0,2015-08-21
dispatchit,"DispatchIt, Inc.",2020-07-25,2022-03-28,1.672826830937714,0,last_supplied_sub_1b_round_proxy,2.0,2.0,14090000.0,11290000.0,5.0,5.0,1.998631074606434,23.0,2020-07-02
ygreneenergyfund,"Ygrene Energy Fund, Inc.",2018-12-21,2022-07-20,3.578370978781656,0,last_supplied_sub_1b_round_proxy,1.0,1.0,95000000.0,95000000.0,1.0,1.0,1.998631074606434,730.0,2016-12-21
evenfinancial,"Even Financial, Inc.",2017-03-11,2019-09-04,2.4832306639288158,0,last_supplied_sub_1b_round_proxy,1.0,1.0,2800000.0,2800000.0,5.0,5.0,1.998631074606434,730.0,2015-03-12
picklerobot,Pickle Robot Company,2022-11-13,2024-11-20,2.020533880903491,0,last_supplied_sub_1b_round_proxy,1.0,1.0,2000000.0,2000000.0,0.0,0.0,1.998631074606434,730.0,2020-11-13
truvideo,"TruVideo, Inc.",2021-06-12,2024-10-24,3.3675564681724848,0,last_supplied_sub_1b_round_proxy,2.0,2.0,4600000.0,3000000.0,1.0,1.0,1.998631074606434,529.0,2019-12-31
ethena,"Ethena, Inc.",2022-06-04,2022-06-07,0.008213552361396304,0,last_supplied_sub_1b_round_proxy,3.0,3.0,19760000.0,15550000.0,5.0,4.0,1.998631074606434,320.0,2021-07-19
insurancezebra,"Insurance Zebra, Inc.",2015-12-10,2020-06-05,4.487337440109514,0,last_supplied_sub_1b_round_proxy,1.0,1.0,4570000.0,4570000.0,4.0,4.0,1.998631074606434,730.0,2013-12-10
1lifehealthcare,"1Life Healthcare, Inc.",2012-05-17,2018-08-22,6.264202600958248,1,first_ge_1b_event,2.0,2.0,35420000.0,20160000.0,3.0,3.0,1.998631074606434,239.0,2011-09-21
udemy,"Udemy, Inc.",2013-10-11,2020-02-19,6.357289527720739,1,first_ge_1b_event,1.0,1.0,3000000.0,3000000.0,3.0,3.0,1.998631074606434,730.0,2011-10-12
sqzbiotechnologiesotcpksqzb,SQZ Biotechnologies Company (OTCPK:SQZB),2017-07-27,2018-08-08,1.0321697467488022,0,last_supplied_sub_1b_round_proxy,2.0,2.0,29140000.0,24060000.0,5.0,4.0,1.998631074606434,238.0,2016-12-01
curetech,CureTech Ltd.,2013-09-12,2013-09-17,0.013689253935660506,0,last_supplied_sub_1b_round_proxy,1.0,1.0,19000000.0,19000000.0,1.0,1.0,1.998631074606434,730.0,2011-09-13
eightsleep,"Eight Sleep, Inc.",2017-08-17,2026-03-04,8.544832306639288,1,first_ge_1b_event,1.0,1.0,120000.0,120000.0,1.0,1.0,1.998631074606434,730.0,2015-08-18
reveleer,"Reveleer, Inc.",2019-03-23,2023-02-21,3.917864476386037,0,last_supplied_sub_1b_round_proxy,2.0,2.0,14180000.0,9130000.0,1.0,1.0,1.998631074606434,116.0,2018-11-27
trisaluslifesciencesnasdaqgmtlsi,"TriSalus Life Sciences, Inc. (NasdaqGM:TLSI)",2013-07-05,2022-11-10,9.349760438056126,0,last_supplied_sub_1b_round_proxy,1.0,1.0,6530000.0,6530000.0,2.0,2.0,1.998631074606434,730.0,2011-07-06
inventables,"Inventables, Inc.",2015-06-16,2024-08-02,9.130732375085557,0,last_supplied_sub_1b_round_proxy,1.0,1.0,3240000.0,3240000.0,3.0,3.0,1.998631074606434,730.0,2013-06-16
medcaptainmedical,"Medcaptain Medical Technology Co., Ltd.",2018-08-25,2023-09-27,5.089664613278576,1,first_ge_1b_event,2.0,2.0,21420000.0,15410000.0,4.0,4.0,1.998631074606434,255.0,2017-12-13
verkada,Verkada Inc.,2019-09-21,2025-02-19,5.415468856947296,1,first_ge_1b_event,2.0,2.0,18930000.0,14940000.0,2.0,2.0,1.998631074606434,528.0,2018-04-11
arrcus,"Arrcus, Inc.",2018-12-31,2021-10-21,2.8062970568104038,0,last_supplied_sub_1b_round_proxy,2.0,2.0,18080000.0,14670000.0,2.0,2.0,1.998631074606434,168.0,2018-07-16
thewanderlust,"The Wanderlust Group, Inc.",2019-09-19,2022-01-19,2.3353867214236823,0,last_supplied_sub_1b_round_proxy,1.0,1.0,2970000.0,2970000.0,0.0,0.0,1.998631074606434,730.0,2017-09-19
crossbowtherapeutics,"Crossbow Therapeutics, Inc.",2025-07-10,2026-03-18,0.6872005475701575,0,last_supplied_sub_1b_round_proxy,1.0,1.0,80000000.0,80000000.0,7.0,7.0,1.998631074606434,730.0,2023-07-11
wowmomofoodspvt,Wow Momo Foods Pvt. Ltd,2017-08-09,2021-09-21,4.117727583846681,0,last_supplied_sub_1b_round_proxy,2.0,2.0,8400000.0,6830000.0,1.0,1.0,1.998631074606434,57.0,2017-06-13
neurogastrx,"Neurogastrx, Inc.",2020-01-04,2021-07-13,1.5222450376454484,0,last_supplied_sub_1b_round_proxy,1.0,1.0,61350000.0,61350000.0,3.0,3.0,1.998631074606434,730.0,2018-01-04
descartes,"Descartes Labs, Inc.",2017-04-30,2019-10-04,2.428473648186174,0,last_supplied_sub_1b_round_proxy,2.0,2.0,8510000.0,5050000.0,5.0,5.0,1.998631074606434,530.0,2015-11-17
tekion,Tekion Corp.,2018-03-31,2021-10-05,3.515400410677618,1,first_ge_1b_event,3.0,3.0,35060000.0,22000000.0,8.0,7.0,1.998631074606434,59.0,2018-01-31
chaossearch,"ChaosSearch, Inc.",2019-06-20,2020-12-16,1.4921286789869952,0,last_supplied_sub_1b_round_proxy,1.0,1.0,1000000.0,1000000.0,1.0,1.0,1.998631074606434,730.0,2017-06-20
honor,"Honor Technology, Inc.",2018-08-05,2021-10-05,3.167693360711841,1,first_ge_1b_event,1.0,1.0,45020000.0,45020000.0,4.0,4.0,1.998631074606434,730.0,2016-08-05
shoulderinnovationsnysesi,"Shoulder Innovations, Inc. (NYSE:SI)",2022-11-02,2025-03-10,2.351813826146475,0,last_supplied_sub_1b_round_proxy,1.0,1.0,21550000.0,21550000.0,7.0,7.0,1.998631074606434,730.0,2020-11-02
resurety,"REsurety, Inc.",2019-03-17,2024-10-15,5.582477754962355,0,last_supplied_sub_1b_round_proxy,1.0,1.0,2180000.0,2180000.0,0.0,0.0,1.998631074606434,730.0,2017-03-17
wrognprivate,Wrogn Private Limited,2017-07-06,2024-10-16,7.279945242984257,0,last_supplied_sub_1b_round_proxy,1.0,1.0,7240000.0,7240000.0,1.0,1.0,1.998631074606434,730.0,2015-07-07
mercybioanalytics,"Mercy BioAnalytics, Inc.",2023-02-01,2025-09-03,2.5872689938398357,0,last_supplied_sub_1b_round_proxy,1.0,1.0,27280000.0,27280000.0,0.0,0.0,1.998631074606434,730.0,2021-02-01
ubernyseuber,"Uber Technologies, Inc. (NYSE:UBER)",2012-10-14,2014-06-06,1.6427104722792607,1,first_ge_1b_event,2.0,2.0,15560000.0,14060000.0,4.0,4.0,1.998631074606434,608.0,2011-02-14
flaretherapeutics,Flare Therapeutics Inc.,2023-05-13,2026-06-30,3.132101300479124,0,last_supplied_sub_1b_round_proxy,1.0,1.0,82000000.0,82000000.0,6.0,6.0,1.998631074606434,730.0,2021-05-13
galy,Galy Co.,2024-03-29,2024-07-10,0.28199863107460643,0,last_supplied_sub_1b_round_proxy,1.0,1.0,31640000.0,31640000.0,1.0,1.0,1.998631074606434,730.0,2022-03-30
brainsgate,"BrainsGate, Ltd.",2018-07-31,2020-12-07,2.3545516769336072,0,last_supplied_sub_1b_round_proxy,1.0,1.0,26000000.0,26000000.0,1.0,1.0,1.998631074606434,730.0,2016-07-31
cloudzero,CloudZero Inc.,2022-12-18,2024-10-11,1.8151950718685832,0,last_supplied_sub_1b_round_proxy,1.0,1.0,8000000.0,8000000.0,0.0,0.0,1.998631074606434,730.0,2020-12-18
fanbasesocialmedia,"Fanbase Social Media, Inc.",2023-06-28,2025-12-17,2.4722792607802875,0,last_supplied_sub_1b_round_proxy,1.0,1.0,3500000.0,3500000.0,0.0,0.0,1.998631074606434,730.0,2021-06-28
proof,"Proof Technology, Inc.",2024-12-14,2025-12-15,1.002053388090349,0,last_supplied_sub_1b_round_proxy,2.0,2.0,33650000.0,30400000.0,3.0,3.0,1.998631074606434,323.0,2024-01-26
padsplit,"PadSplit, Inc.",2021-04-16,2021-11-03,0.5503080082135524,0,last_supplied_sub_1b_round_proxy,2.0,2.0,14600000.0,10000000.0,5.0,5.0,1.998631074606434,240.0,2020-08-19
assured,Assured Inc.,2020-12-30,2023-03-07,2.1820670773442847,0,last_supplied_sub_1b_round_proxy,1.0,1.0,4270000.0,4270000.0,1.0,1.0,1.998631074606434,730.0,2018-12-31
maestrofood,Maestro Food Co.,2018-03-22,2021-02-04,2.8747433264887063,0,last_supplied_sub_1b_round_proxy,2.0,2.0,9290000.0,9170000.0,3.0,3.0,1.998631074606434,94.0,2017-12-18
metacx,"MetaCX, Inc.",2020-12-04,2025-07-15,4.610540725530458,0,last_supplied_sub_1b_round_proxy,1.0,1.0,10250000.0,10250000.0,1.0,1.0,1.998631074606434,730.0,2018-12-05
upgrade,"Upgrade, Inc.",2019-03-31,2021-08-11,2.3655030800821355,1,first_ge_1b_event,1.0,1.0,48050000.0,48050000.0,8.0,8.0,1.998631074606434,730.0,2017-03-31
frostgiantstudios,"Frost Giant Studios, Inc.",2022-10-20,2024-09-09,1.88911704312115,0,last_supplied_sub_1b_round_proxy,1.0,1.0,4700000.0,4700000.0,5.0,5.0,1.998631074606434,730.0,2020-10-20
accenttherapeutics,"Accent Therapeutics, Inc.",2020-05-17,2024-01-23,3.685147159479808,0,last_supplied_sub_1b_round_proxy,1.0,1.0,40250000.0,40250000.0,3.0,3.0,1.998631074606434,730.0,2018-05-18
vestahealthcare,Vesta Healthcare,2022-01-12,2024-03-13,2.1656399726214923,0,last_supplied_sub_1b_round_proxy,1.0,1.0,30020000.0,30020000.0,8.0,8.0,1.998631074606434,730.0,2020-01-13
inkbit,Inkbit Corporation,2021-11-03,2024-05-06,2.5051334702258727,0,last_supplied_sub_1b_round_proxy,2.0,2.0,42050000.0,30000000.0,6.0,5.0,1.998631074606434,106.0,2021-07-20
gradle,"Gradle, Inc.",2017-12-09,2021-11-18,3.9425051334702257,0,last_supplied_sub_1b_round_proxy,2.0,2.0,14700000.0,10500000.0,3.0,2.0,1.998631074606434,343.0,2016-12-31
necteromedical,"Nectero Medical, Inc.",2023-09-01,2024-04-11,0.6105407255304586,0,last_supplied_sub_1b_round_proxy,1.0,1.0,19500000.0,19500000.0,1.0,1.0,1.998631074606434,730.0,2021-09-01
ambatteries,"AM Batteries, Inc.",2024-01-14,2024-12-17,0.9253935660506503,0,last_supplied_sub_1b_round_proxy,2.0,2.0,27000000.0,25000000.0,9.0,9.0,1.998631074606434,459.0,2022-10-12
altoexperience,Alto Experience Inc.,2020-10-08,2024-04-29,3.5564681724845997,0,last_supplied_sub_1b_round_proxy,2.0,2.0,14500000.0,7700000.0,2.0,2.0,1.998631074606434,630.0,2019-01-17
activsurgical,"ACTIV Surgical, Inc.",2019-06-27,2022-03-22,2.735112936344969,0,last_supplied_sub_1b_round_proxy,1.0,1.0,1500000.0,1500000.0,0.0,0.0,1.998631074606434,730.0,2017-06-27
ajaxtherapeutics,"Ajax Therapeutics, Inc.",2021-06-27,2024-05-13,2.8774811772758384,0,last_supplied_sub_1b_round_proxy,2.0,2.0,48000000.0,40000000.0,6.0,6.0,1.998631074606434,26.0,2021-06-01
stockx,StockX LLC,2019-02-15,2020-12-16,1.834360027378508,1,first_ge_1b_event,2.0,2.0,49510000.0,44000000.0,5.0,4.0,1.998631074606434,156.0,2018-09-12
evconnect,"EV Connect, Inc.",2021-10-21,2021-12-08,0.13141683778234087,0,last_supplied_sub_1b_round_proxy,1.0,1.0,12000000.0,12000000.0,2.0,2.0,1.998631074606434,730.0,2019-10-22
homee,"Homee, Inc.",2019-06-21,2024-10-29,5.3579739904175225,0,last_supplied_sub_1b_round_proxy,2.0,2.0,11660000.0,8970000.0,6.0,6.0,1.998631074606434,360.0,2018-06-26
optimusride,Optimus Ride Inc.,2018-10-11,2019-04-22,0.5284052019164955,0,last_supplied_sub_1b_round_proxy,2.0,2.0,23310000.0,18020000.0,9.0,7.0,1.998631074606434,343.0,2017-11-02
guardiananalytics,"Guardian Analytics, Inc.",2012-05-23,2017-01-03,4.616016427104722,0,last_supplied_sub_1b_round_proxy,2.0,2.0,23050000.0,14050000.0,4.0,4.0,1.998631074606434,337.0,2011-06-21
proofpilot,"ProofPilot, Inc.",2024-04-03,2025-09-24,1.4757015742642026,0,last_supplied_sub_1b_round_proxy,1.0,1.0,12000000.0,12000000.0,4.0,4.0,1.998631074606434,730.0,2022-04-04
zhejianglaifualdrivesehk3952,"Zhejiang Laifual Drive Co., Ltd. (SEHK:3952)",2019-08-17,2026-06-21,6.844626967830253,0,last_supplied_sub_1b_round_proxy,2.0,1.0,1500000.0,1500000.0,2.0,2.0,1.998631074606434,516.0,2018-03-19
runbuggyomi,"RunBuggy OMI, Inc.",2024-06-06,2025-09-30,1.3169062286105406,0,last_supplied_sub_1b_round_proxy,2.0,2.0,31000000.0,19000000.0,3.0,3.0,1.998631074606434,202.0,2023-11-17
movocash,"MovoCash, Inc.",2021-04-08,2021-12-21,0.70362765229295,0,last_supplied_sub_1b_round_proxy,1.0,1.0,6980000.0,6980000.0,0.0,0.0,1.998631074606434,730.0,2019-04-09
buoyhealth,"Buoy Health, Inc.",2017-12-21,2020-11-10,2.8884325804243667,0,last_supplied_sub_1b_round_proxy,1.0,1.0,2470000.0,2470000.0,0.0,0.0,1.998631074606434,730.0,2015-12-22
rappisas,Rappi S.A.S.,2018-03-22,2018-08-31,0.44353182751540043,1,first_ge_1b_event,2.0,2.0,56620000.0,56500000.0,2.0,1.0,1.998631074606434,356.0,2017-03-31
goop,"Goop, Inc.",2017-12-30,2018-03-28,0.24093086926762491,0,last_supplied_sub_1b_round_proxy,2.0,2.0,32600000.0,17600000.0,3.0,3.0,1.998631074606434,501.0,2016-08-16
everstage,"Everstage, Inc.",2023-08-11,2024-10-16,1.1827515400410678,0,last_supplied_sub_1b_round_proxy,2.0,2.0,14700000.0,13000000.0,2.0,2.0,1.998631074606434,479.0,2022-04-19
topsort,"Topsort, Inc.",2024-02-17,2024-07-16,0.4106776180698152,0,last_supplied_sub_1b_round_proxy,1.0,1.0,8350000.0,8350000.0,4.0,4.0,1.998631074606434,730.0,2022-02-17
trendyol,Trendyol,2012-12-22,2021-04-20,8.32580424366872,1,first_ge_1b_event,2.0,2.0,36000000.0,26000000.0,4.0,4.0,1.998631074606434,519.0,2011-07-22
mdsave,MDSave Incorporated,2017-05-11,2019-01-07,1.6591375770020533,0,last_supplied_sub_1b_round_proxy,2.0,2.0,19650000.0,14650000.0,2.0,1.0,1.998631074606434,288.0,2016-07-27
zerocater,"ZeroCater, Inc.",2013-03-21,2023-02-16,9.908281998631075,0,last_supplied_sub_1b_round_proxy,1.0,1.0,1720000.0,1720000.0,1.0,1.0,1.998631074606434,730.0,2011-03-22
bugcrowd,Bugcrowd Inc.,2020-03-06,2023-09-21,3.542778918548939,0,last_supplied_sub_1b_round_proxy,1.0,1.0,26020000.0,26020000.0,8.0,8.0,1.998631074606434,730.0,2018-03-07
rocketlane,Rocketlane Corp.,2023-06-23,2024-06-25,1.0075290896646132,0,last_supplied_sub_1b_round_proxy,2.0,2.0,20940000.0,17980000.0,3.0,3.0,1.998631074606434,520.0,2022-01-19
doubledutch,"DoubleDutch, Inc.",2013-04-21,2015-08-12,2.308008213552361,0,last_supplied_sub_1b_round_proxy,3.0,3.0,7210000.0,4000000.0,8.0,6.0,1.998631074606434,160.0,2012-11-12
inariagriculture,"Inari Agriculture, Inc.",2018-12-31,2021-05-12,2.3627652292950034,1,first_ge_1b_event,2.0,2.0,55190000.0,40130000.0,3.0,3.0,1.998631074606434,144.0,2018-08-09
colossalbiosciences,Colossal Biosciences Inc.,2023-09-13,2025-09-17,2.0123203285420943,1,first_ge_1b_event,2.0,2.0,83470000.0,65430000.00000001,17.0,12.0,1.998631074606434,369.0,2022-09-09
karat,"Karat, Inc.",2021-05-14,2021-10-13,0.4161533196440794,1,first_ge_1b_event,1.0,1.0,28000000.0,28000000.0,3.0,3.0,1.998631074606434,730.0,2019-05-15
coravin,"Coravin, Inc.",2013-04-10,2016-11-08,3.5811088295687883,0,last_supplied_sub_1b_round_proxy,1.0,1.0,595000.0,595000.0,0.0,0.0,1.998631074606434,730.0,2011-04-11
luminarycloud,"Luminary Cloud, Inc.",2022-12-22,2025-09-15,2.732375085557837,0,last_supplied_sub_1b_round_proxy,1.0,1.0,15000000.0,15000000.0,0.0,0.0,1.998631074606434,730.0,2020-12-22
cota,"COTA, Inc.",2018-12-15,2022-10-21,3.8494182067077345,0,last_supplied_sub_1b_round_proxy,2.0,2.0,58000000.0,40000000.0,4.0,2.0,1.998631074606434,305.0,2018-02-13
brightsidebenefit,"Brightside Benefit, Inc.",2022-06-16,2022-11-10,0.4024640657084189,0,last_supplied_sub_1b_round_proxy,1.0,1.0,35150000.0,35150000.0,3.0,3.0,1.998631074606434,730.0,2020-06-16
armory,"Armory, Inc.",2019-03-21,2020-10-13,1.566050650239562,0,last_supplied_sub_1b_round_proxy,1.0,1.0,120000.0,120000.0,1.0,1.0,1.998631074606434,730.0,2017-03-21
hatgsc,"HAT GSC, Inc.",2013-08-03,2019-12-20,6.379192334017796,0,last_supplied_sub_1b_round_proxy,1.0,1.0,2810000.0,2810000.0,1.0,1.0,1.998631074606434,730.0,2011-08-04
bakfestivals,"BAK Festivals, Inc.",2020-02-08,2021-05-05,1.2375085557837098,0,last_supplied_sub_1b_round_proxy,1.0,1.0,1000000.0,1000000.0,0.0,0.0,1.998631074606434,730.0,2018-02-08
metabolon,"Metabolon, Inc",2013-08-24,2020-09-23,7.082819986310746,0,last_supplied_sub_1b_round_proxy,1.0,1.0,13310000.0,13310000.0,7.0,7.0,1.998631074606434,730.0,2011-08-25
diracresearchab,Dirac Research AB,2020-09-13,2021-05-28,0.70362765229295,0,last_supplied_sub_1b_round_proxy,1.0,1.0,8640000.0,8640000.0,0.0,0.0,1.998631074606434,730.0,2018-09-14
strongdm,"strongDM, Inc.",2017-05-10,2024-05-02,6.978781656399726,0,last_supplied_sub_1b_round_proxy,2.0,2.0,3520000.0,2740000.0,5.0,4.0,1.998631074606434,306.0,2016-07-08
pulmonxnasdaqgslung,Pulmonx Corporation (NasdaqGS:LUNG),2012-02-22,2014-04-01,2.105407255304586,0,last_supplied_sub_1b_round_proxy,2.0,2.0,41590000.0,31590000.0,7.0,7.0,1.998631074606434,22.0,2012-01-31
emulate,"Emulate, Inc.",2016-07-27,2018-06-19,1.894592744695414,0,last_supplied_sub_1b_round_proxy,1.0,1.0,12000000.0,12000000.0,2.0,2.0,1.998631074606434,730.0,2014-07-28
vidahealth,"Vida Health, Inc.",2016-10-27,2025-07-23,8.736481861738536,0,last_supplied_sub_1b_round_proxy,1.0,1.0,5000000.0,5000000.0,4.0,4.0,1.998631074606434,730.0,2014-10-28
voltus,"Voltus, Inc.",2019-10-23,2020-10-29,1.0184804928131417,0,last_supplied_sub_1b_round_proxy,1.0,1.0,10100000.0,10100000.0,1.0,1.0,1.998631074606434,730.0,2017-10-23
seluxdiagnostics,"Selux Diagnostics, Inc.",2020-12-11,2022-02-28,1.215605749486653,0,last_supplied_sub_1b_round_proxy,1.0,1.0,25000000.0,25000000.0,4.0,4.0,1.998631074606434,730.0,2018-12-12
pyramidbiosciences,"Pyramid Biosciences, Inc.",2019-11-01,2021-10-15,1.9548254620123204,0,last_supplied_sub_1b_round_proxy,1.0,1.0,3630000.0,3630000.0,0.0,0.0,1.998631074606434,730.0,2017-11-01
inrupt,"Inrupt, Inc.",2021-11-03,2021-12-09,0.09856262833675565,0,last_supplied_sub_1b_round_proxy,1.0,1.0,3950000.0,3950000.0,1.0,1.0,1.998631074606434,730.0,2019-11-04
beijingbiostarpharmaceuticalssehk2563,"Beijing Biostar Pharmaceuticals Co., Ltd. (SEHK:2563)",2015-12-06,2017-08-12,1.6837782340862424,0,last_supplied_sub_1b_round_proxy,1.0,1.0,7050000.0,7050000.0,0.0,0.0,1.998631074606434,730.0,2013-12-06
avedro,"Avedro, Inc.",2017-11-11,2018-05-02,0.47091033538672145,0,last_supplied_sub_1b_round_proxy,1.0,1.0,32650000.0,32650000.0,2.0,2.0,1.998631074606434,730.0,2015-11-12
postcardcabins,Postcard Cabins,2019-02-23,2021-01-05,1.8672142368240932,0,last_supplied_sub_1b_round_proxy,1.0,1.0,15000000.0,15000000.0,1.0,1.0,1.998631074606434,730.0,2017-02-23
smartcommerce,"SmartCommerce, Inc.",2020-12-12,2025-04-22,4.358658453114305,0,last_supplied_sub_1b_round_proxy,1.0,1.0,5200000.0,5200000.0,1.0,1.0,1.998631074606434,730.0,2018-12-13
nextinsurance,"Next Insurance, Inc.",2018-03-15,2020-03-24,2.026009582477755,1,first_ge_1b_event,2.0,2.0,48000000.0,35000000.0,7.0,4.0,1.998631074606434,275.0,2017-06-13
nidobiosciences,"Nido Biosciences, Inc.",2021-09-09,2023-05-15,1.678302532511978,0,last_supplied_sub_1b_round_proxy,1.0,1.0,4000000.0,4000000.0,0.0,0.0,1.998631074606434,730.0,2019-09-10
kasa,"Kasa, Inc.",2020-12-30,2021-10-09,0.7748117727583846,0,last_supplied_sub_1b_round_proxy,1.0,1.0,6340000.0,6340000.0,0.0,0.0,1.998631074606434,730.0,2018-12-31
octanelending,"Octane Lending, Inc.",2016-07-13,2025-11-12,9.333333333333334,1,first_ge_1b_event,1.0,1.0,595000.0,595000.0,0.0,0.0,1.998631074606434,730.0,2014-07-14
stellularbio,"Stellular Bio, Inc.",2019-05-31,2021-11-04,2.431211498973306,0,last_supplied_sub_1b_round_proxy,1.0,1.0,11850000.0,11850000.0,3.0,3.0,1.998631074606434,730.0,2017-05-31
casmatherapeutics,"Casma Therapeutics, Inc.",2022-09-10,2022-11-15,0.1806981519507187,0,last_supplied_sub_1b_round_proxy,1.0,1.0,50000000.0,50000000.0,4.0,4.0,1.998631074606434,730.0,2020-09-10
64x,"64-x, Inc.",2020-08-20,2022-01-19,1.4154688569472964,0,last_supplied_sub_1b_round_proxy,1.0,1.0,120000.0,120000.0,1.0,1.0,1.998631074606434,730.0,2018-08-21
lolatravel,"Lola Travel Company, Inc.",2018-04-05,2019-03-26,0.971937029431896,0,last_supplied_sub_1b_round_proxy,2.0,2.0,44680000.0,25000000.0,5.0,5.0,1.998631074606434,423.0,2017-02-06
abnormalsecurity,Abnormal Security Corporation,2021-11-18,2024-08-06,2.7159479808350446,1,first_ge_1b_event,1.0,1.0,24000000.0,24000000.0,1.0,1.0,1.998631074606434,730.0,2019-11-19
reifyhealth,"Reify Health, Inc.",2020-12-30,2021-08-10,0.6105407255304586,1,first_ge_1b_event,2.0,2.0,37400000.0,30000000.0,3.0,3.0,1.998631074606434,140.0,2020-08-12
narvii,"Narvii, Inc.",2017-09-23,2018-06-12,0.7173169062286106,0,last_supplied_sub_1b_round_proxy,2.0,2.0,22210000.0,19790000.0,6.0,6.0,1.998631074606434,282.0,2016-12-15
emoov,eMoov Limited,2017-10-04,2018-07-27,0.810403832991102,0,last_supplied_sub_1b_round_proxy,2.0,2.0,15580000.0,11610000.0,6.0,5.0,1.998631074606434,44.0,2017-08-21
airkit,Airkit Inc.,2019-12-31,2021-05-11,1.3607118412046544,0,last_supplied_sub_1b_round_proxy,1.0,1.0,7000000.0,7000000.0,1.0,1.0,1.998631074606434,730.0,2017-12-31
vesper,"Vesper Technologies, Inc.",2021-04-08,2021-09-30,0.4791238877481177,0,last_supplied_sub_1b_round_proxy,1.0,1.0,32350000.0,32350000.0,9.0,9.0,1.998631074606434,730.0,2019-04-09
trinetx,"TriNetX, LLC",2017-07-30,2019-03-13,1.6180698151950719,0,last_supplied_sub_1b_round_proxy,1.0,1.0,24510000.0,24510000.0,1.0,1.0,1.998631074606434,730.0,2015-07-31
funnelleasing,"Funnel Leasing, Inc.",2013-07-05,2023-10-30,10.318959616700889,0,last_supplied_sub_1b_round_proxy,1.0,1.0,750000.0,750000.0,2.0,2.0,1.998631074606434,730.0,2011-07-06
formhealth,"Form Health, Inc.",2021-06-09,2024-06-26,3.047227926078029,0,last_supplied_sub_1b_round_proxy,1.0,1.0,3430000.0,3430000.0,0.0,0.0,1.998631074606434,730.0,2019-06-10
viascience,"Via Science, Inc.",2021-06-12,2025-03-04,3.7262149212867897,0,last_supplied_sub_1b_round_proxy,2.0,2.0,16320000.0,10000000.0,2.0,2.0,1.998631074606434,32.0,2021-05-11
ndphoenix,"ND Phoenix, Inc.",2013-05-05,2021-07-13,8.188911704312115,0,last_supplied_sub_1b_round_proxy,1.0,1.0,20010000.0,20010000.0,5.0,5.0,1.998631074606434,730.0,2011-05-06
blockfi,BlockFi Inc.,2020-02-13,2022-01-10,1.9082819986310746,1,first_ge_1b_event,3.0,3.0,24080000.0,20200000.0,14.0,10.0,1.998631074606434,191.0,2019-08-06
giemedical,"GIE Medical, Inc.",2023-02-10,2023-09-06,0.5694729637234771,0,last_supplied_sub_1b_round_proxy,1.0,1.0,10980000.0,10980000.0,0.0,0.0,1.998631074606434,730.0,2021-02-10
stridehealth,"Stride Health, Inc.",2017-05-19,2021-10-26,4.438056125941136,0,last_supplied_sub_1b_round_proxy,1.0,1.0,18280000.0,18280000.0,3.0,3.0,1.998631074606434,730.0,2015-05-20
flowerturbines,"Flower Turbines, Inc.",2021-12-01,2024-06-20,2.5516769336071183,0,last_supplied_sub_1b_round_proxy,2.0,2.0,2090000.0,1070000.0,0.0,0.0,1.998631074606434,272.0,2021-03-04
locicontrols,"Loci Controls, Inc.",2016-03-12,2022-11-18,6.685831622176591,0,last_supplied_sub_1b_round_proxy,2.0,2.0,1780000.0,1010000.0,1.0,1.0,1.998631074606434,186.0,2015-09-08
ingeneron,"InGeneron, Inc.",2018-07-07,2024-03-04,5.6591375770020536,0,last_supplied_sub_1b_round_proxy,1.0,1.0,4500000.0,4500000.0,0.0,0.0,1.998631074606434,730.0,2016-07-07
immunomettherapeutics,"ImmunoMet Therapeutics, Inc.",2018-03-08,2022-10-19,4.616016427104722,0,last_supplied_sub_1b_round_proxy,1.0,1.0,5200000.0,5200000.0,1.0,1.0,1.998631074606434,730.0,2016-03-08
fedbankfinancialservicesnseifedfina,Fedbank Financial Services Limited (NSEI:FEDFINA),2020-11-12,2021-07-18,0.6789869952087612,0,last_supplied_sub_1b_round_proxy,1.0,1.0,23290000.0,23290000.0,1.0,1.0,1.998631074606434,730.0,2018-11-13
gomaps,"Go Maps, Inc.",2019-12-28,2020-09-03,0.6844626967830253,0,last_supplied_sub_1b_round_proxy,1.0,1.0,20150000.0,20150000.0,0.0,0.0,1.998631074606434,730.0,2017-12-28
duckduckgo,"Duck Duck Go, Inc.",2013-10-12,2018-08-23,4.862422997946612,0,last_supplied_sub_1b_round_proxy,1.0,1.0,3000000.0,3000000.0,1.0,1.0,1.998631074606434,730.0,2011-10-13
cleardatanetworks,"ClearDATA Networks, Inc.",2015-12-05,2017-03-30,1.3169062286105406,0,last_supplied_sub_1b_round_proxy,3.0,3.0,42420000.0,25000000.0,6.0,6.0,1.998631074606434,191.0,2015-05-28
raptormaps,"Raptor Maps, Inc.",2018-08-22,2024-12-10,6.3025325119780975,0,last_supplied_sub_1b_round_proxy,1.0,1.0,120000.0,120000.0,1.0,1.0,1.998631074606434,730.0,2016-08-22
hydrowindenergy,Hydro Wind Energy Ltd,2022-04-20,2025-02-25,2.8528405201916494,0,last_supplied_sub_1b_round_proxy,1.0,1.0,120000.0,120000.0,1.0,1.0,1.998631074606434,730.0,2020-04-20
yonder,"Yonder, Inc.",2022-09-15,2024-09-19,2.0123203285420943,0,last_supplied_sub_1b_round_proxy,1.0,1.0,272000.0,272000.0,0.0,0.0,1.998631074606434,730.0,2020-09-15
anokiwave,Anokiwave Inc.,2017-06-10,2018-08-28,1.215605749486653,0,last_supplied_sub_1b_round_proxy,1.0,1.0,4610000.0,4610000.0,1.0,1.0,1.998631074606434,730.0,2015-06-11
wrike,"Wrike, Inc.",2014-06-12,2015-05-06,0.8980150581793293,0,last_supplied_sub_1b_round_proxy,1.0,1.0,1000000.0,1000000.0,1.0,1.0,1.998631074606434,730.0,2012-06-12
avitide,"Avitide, Inc.",2016-06-08,2018-08-24,2.209445585215606,0,last_supplied_sub_1b_round_proxy,2.0,2.0,11100000.0,7660000.0,5.0,5.0,1.998631074606434,307.0,2015-08-06
mintosmarketplaceas,Mintos Marketplace AS,2022-12-01,2024-04-30,1.4127310061601643,0,last_supplied_sub_1b_round_proxy,1.0,1.0,8640000.0,8640000.0,0.0,0.0,1.998631074606434,730.0,2020-12-01
societyoneaustraliapty,SocietyOne Australia Pty. Ltd.,2018-04-14,2019-12-25,1.6974674880219027,0,last_supplied_sub_1b_round_proxy,1.0,1.0,25000000.0,25000000.0,5.0,5.0,1.998631074606434,730.0,2016-04-14
aseko,"Aseko, Inc.",2019-06-07,2020-05-29,0.9774127310061602,0,last_supplied_sub_1b_round_proxy,1.0,1.0,8480000.0,8480000.0,0.0,0.0,1.998631074606434,730.0,2017-06-07
awfisspacesolutionsnseiawfis,Awfis Space Solutions Limited (NSEI:AWFIS),2020-07-24,2022-12-05,2.3655030800821355,0,last_supplied_sub_1b_round_proxy,1.0,1.0,20010000.0,20010000.0,2.0,2.0,1.998631074606434,730.0,2018-07-25
unitiswedenabpubl,Uniti Sweden AB (publ),2018-11-19,2019-02-26,0.27104722792607805,0,last_supplied_sub_1b_round_proxy,1.0,1.0,1300000.0,1300000.0,0.0,0.0,1.998631074606434,730.0,2016-11-19
homelight,"HomeLight, Inc.",2018-04-18,2024-08-26,6.357289527720739,1,first_ge_1b_event,2.0,2.0,50940000.0,40700000.0,9.0,6.0,1.998631074606434,246.0,2017-08-15
circularboard,Circular Board Inc.,2020-02-26,2024-04-04,4.1040383299110195,0,last_supplied_sub_1b_round_proxy,1.0,1.0,1130000.0,1130000.0,3.0,3.0,1.998631074606434,730.0,2018-02-26
ispottv,"iSpot.tv, Inc.",2014-07-06,2022-06-13,7.9370294318959616,1,first_ge_1b_event,1.0,1.0,575000.0,575000.0,0.0,0.0,1.998631074606434,730.0,2012-07-06
sonatype,"Sonatype, Inc.",2012-09-12,2016-08-04,3.893223819301848,0,last_supplied_sub_1b_round_proxy,2.0,2.0,35300000.0,25300000.0,5.0,5.0,1.998631074606434,64.0,2012-07-10
hopskipdrive,"HopSkipDrive, Inc.",2018-01-25,2022-09-13,4.632443531827516,0,last_supplied_sub_1b_round_proxy,1.0,1.0,10220000.0,10220000.0,6.0,6.0,1.998631074606434,730.0,2016-01-26
frameworkcomputer,Framework Computer Inc,2024-01-27,2024-04-23,0.23819301848049282,0,last_supplied_sub_1b_round_proxy,1.0,1.0,18000000.0,18000000.0,4.0,4.0,1.998631074606434,730.0,2022-01-27
replit,"Replit, Inc.",2023-02-18,2025-09-10,2.5598904859685145,1,first_ge_1b_event,1.0,1.0,20830000.0,20830000.0,5.0,5.0,1.998631074606434,730.0,2021-02-18
inviarobotics,"inVia Robotics, Inc.",2020-02-14,2021-07-28,1.4510609171800137,0,last_supplied_sub_1b_round_proxy,2.0,2.0,26440000.0,19700000.0,2.0,2.0,1.998631074606434,562.0,2018-08-01
boweryrealestatesystems,"Bowery Real Estate Systems, Inc",2019-05-22,2023-07-18,4.15605749486653,0,last_supplied_sub_1b_round_proxy,3.0,3.0,20090000.0,13100000.0,8.0,5.0,1.998631074606434,138.0,2019-01-04
fullcontact,FullContact Inc.,2013-08-22,2018-06-12,4.804928131416838,0,last_supplied_sub_1b_round_proxy,2.0,2.0,8970000.0,7020000.0,7.0,7.0,1.998631074606434,406.0,2012-07-12
csamedical,"CSA Medical, Inc.",2013-01-24,2024-09-09,11.624914442162902,0,last_supplied_sub_1b_round_proxy,1.0,1.0,10000000.0,10000000.0,1.0,1.0,1.998631074606434,730.0,2011-01-25
appcues,"Appcues, Inc.",2016-12-22,2022-01-18,5.073237508555784,0,last_supplied_sub_1b_round_proxy,1.0,1.0,3990000.0,3990000.0,1.0,1.0,1.998631074606434,730.0,2014-12-23
octavebioscience,"Octave Bioscience, Inc.",2019-09-13,2025-09-04,5.976728268309377,0,last_supplied_sub_1b_round_proxy,1.0,1.0,2500000.0,2500000.0,0.0,0.0,1.998631074606434,730.0,2017-09-13
zoomcommunicationsnasdaqgszm,"Zoom Communications, Inc. (NasdaqGS:ZM)",2015-01-28,2015-02-04,0.019164955509924708,0,last_supplied_sub_1b_round_proxy,2.0,2.0,16560000.0,10060000.0,2.0,1.0,1.998631074606434,511.0,2013-09-04
bioconsortia,"BioConsortia, Inc.",2018-10-27,2025-08-01,6.76249144421629,0,last_supplied_sub_1b_round_proxy,2.0,2.0,18000000.0,10000000.0,2.0,2.0,1.998631074606434,228.0,2018-03-13
cellinobiotech,"Cellino Biotech, Inc.",2020-12-04,2022-01-25,1.1416837782340863,0,last_supplied_sub_1b_round_proxy,1.0,1.0,1500000.0,1500000.0,0.0,0.0,1.998631074606434,730.0,2018-12-05
thetomorrowcompanies,The Tomorrow Companies Inc.,2019-11-09,2026-05-18,6.521560574948666,1,first_ge_1b_event,3.0,3.0,67890000.0,50000000.0,8.0,7.0,1.998631074606434,401.0,2018-10-04
viatransportationnysevia,"Via Transportation, Inc. (NYSE:VIA)",2017-04-01,2017-09-04,0.4271047227926078,1,first_ge_1b_event,1.0,1.0,26810000.0,26810000.0,4.0,4.0,1.998631074606434,730.0,2015-04-02
epicorebiosystems,"Epicore Biosystems, Inc.",2020-10-15,2025-05-01,4.542094455852156,0,last_supplied_sub_1b_round_proxy,1.0,1.0,350000.0,350000.0,0.0,0.0,1.998631074606434,730.0,2018-10-16
plumhq,PlumHQ,2022-11-20,2026-03-26,3.345653661875428,0,last_supplied_sub_1b_round_proxy,1.0,1.0,4090000.0,4090000.0,4.0,4.0,1.998631074606434,730.0,2020-11-20
erthos,"Erthos, Inc.",2023-08-24,2023-09-11,0.049281314168377825,0,last_supplied_sub_1b_round_proxy,1.0,1.0,500000.0,500000.0,0.0,0.0,1.998631074606434,730.0,2021-08-24
conniehealth,Connie Health Inc.,2023-07-28,2026-06-18,2.891170431211499,0,last_supplied_sub_1b_round_proxy,1.0,1.0,13000000.0,13000000.0,5.0,5.0,1.998631074606434,730.0,2021-07-28
guildeducation,"Guild Education, Inc.",2017-12-30,2022-06-02,4.421629021218344,1,first_ge_1b_event,3.0,3.0,31500000.0,21000000.0,7.0,6.0,1.998631074606434,115.0,2017-09-06
rodeotherapeutics,Rodeo Therapeutics Corporation,2019-07-25,2020-04-02,0.6899383983572895,0,last_supplied_sub_1b_round_proxy,1.0,1.0,5900000.0,5900000.0,9.0,9.0,1.998631074606434,730.0,2017-07-25
paytient,"Paytient Technologies, Inc.",2022-10-19,2022-12-21,0.17248459958932238,0,last_supplied_sub_1b_round_proxy,1.0,1.0,3860000.0,3860000.0,0.0,0.0,1.998631074606434,730.0,2020-10-19
aclaristherapeuticsnasdaqgsacrs,"Aclaris Therapeutics, Inc. (NasdaqGS:ACRS)",2014-09-10,2014-10-02,0.06023271731690623,0,last_supplied_sub_1b_round_proxy,1.0,1.0,20890000.0,20890000.0,3.0,3.0,1.998631074606434,730.0,2012-09-10
jetainasdaqcmjtai,Jet.AI Inc. (NasdaqCM:JTAI),2021-10-28,2023-01-18,1.2238193018480492,0,last_supplied_sub_1b_round_proxy,1.0,1.0,1070000.0,1070000.0,0.0,0.0,1.998631074606434,730.0,2019-10-29
shibumicom,"Shibumi.com, Inc.",2018-12-20,2022-10-27,3.8521560574948666,0,last_supplied_sub_1b_round_proxy,1.0,1.0,4550000.0,4550000.0,0.0,0.0,1.998631074606434,730.0,2016-12-20
regrowagriculture,"Regrow Agriculture, Inc.",2023-08-17,2025-03-26,1.6071184120465434,0,last_supplied_sub_1b_round_proxy,2.0,2.0,55020000.0,38000000.0,10.0,7.0,1.998631074606434,450.0,2022-05-24
depcompower,"DEPCOM Power, Inc.",2016-09-17,2016-09-28,0.030116358658453114,0,last_supplied_sub_1b_round_proxy,2.0,2.0,4625000.0,3750000.0,0.0,0.0,1.998631074606434,113.0,2016-05-27
arrivemobility,Arrive Mobility Inc.,2014-12-19,2018-11-13,3.9014373716632442,0,last_supplied_sub_1b_round_proxy,1.0,1.0,2069999.9999999998,2069999.9999999998,2.0,2.0,1.998631074606434,730.0,2012-12-19
andium,"Andium, Inc.",2023-04-08,2024-10-29,1.5605749486652978,0,last_supplied_sub_1b_round_proxy,1.0,1.0,15000000.0,15000000.0,2.0,2.0,1.998631074606434,730.0,2021-04-08
avantismedicalsystems,"Avantis Medical Systems, Inc.",2013-07-07,2018-03-19,4.698151950718686,0,last_supplied_sub_1b_round_proxy,1.0,1.0,17880000.0,17880000.0,0.0,0.0,1.998631074606434,730.0,2011-07-08
virtualitics,"Virtualitics, Inc.",2019-04-04,2023-07-14,4.276522929500342,0,last_supplied_sub_1b_round_proxy,1.0,1.0,4460000.0,4460000.0,1.0,1.0,1.998631074606434,730.0,2017-04-04
globaluprising,"Global Uprising, PBC",2016-04-10,2021-09-08,5.412731006160164,0,last_supplied_sub_1b_round_proxy,2.0,2.0,7100000.0,4099999.9999999995,5.0,4.0,1.998631074606434,383.0,2015-03-24
clarifyhealthsolutions,"Clarify Health Solutions, Inc.",2021-10-14,2022-04-15,0.5010266940451745,1,first_ge_1b_event,1.0,1.0,82280000.0,82280000.0,1.0,1.0,1.998631074606434,730.0,2019-10-15
portalinstruments,"Portal Instruments, Inc.",2017-10-19,2022-04-29,4.525667351129363,0,last_supplied_sub_1b_round_proxy,1.0,1.0,10000000.0,10000000.0,2.0,2.0,1.998631074606434,730.0,2015-10-20
phenitecsemiconductor,Phenitec Semiconductor Corp.,2018-04-01,2018-04-18,0.04654346338124572,0,last_supplied_sub_1b_round_proxy,1.0,1.0,17820000.0,17820000.0,1.0,1.0,1.998631074606434,730.0,2016-04-01
mammothbiosciences,"Mammoth Biosciences, Inc.",2019-09-13,2024-04-25,4.616016427104722,1,first_ge_1b_event,2.0,2.0,7530000.0,7410000.0,1.0,1.0,1.998631074606434,386.0,2018-08-23
abhholdco,"ABH Holdco, Incorporated",2023-06-16,2023-12-15,0.49828884325804246,0,last_supplied_sub_1b_round_proxy,1.0,1.0,2450000.0,2450000.0,0.0,0.0,1.998631074606434,730.0,2021-06-16
mihupcommunicationsprivate,Mihup Communications Private Limited,2018-08-31,2024-10-29,6.16290212183436,0,last_supplied_sub_1b_round_proxy,1.0,1.0,6720000.0,6720000.0,1.0,1.0,1.998631074606434,730.0,2016-08-31
blueoceanroboticsaps,Blue Ocean Robotics ApS,2018-06-30,2019-12-05,1.431895961670089,0,last_supplied_sub_1b_round_proxy,1.0,1.0,1490000.0,1490000.0,0.0,0.0,1.998631074606434,730.0,2016-06-30
equipifi,"Equipifi, Inc.",2024-05-05,2026-05-14,2.023271731690623,0,last_supplied_sub_1b_round_proxy,1.0,1.0,13250000.0,13250000.0,2.0,2.0,1.998631074606434,730.0,2022-05-06
khorgoschuanshanculturemedia,"Khorgos Chuanshan Culture Media Co., Ltd.",2020-09-28,2022-02-18,1.3908281998631074,0,last_supplied_sub_1b_round_proxy,1.0,1.0,29120000.0,29120000.0,0.0,0.0,1.998631074606434,730.0,2018-09-29
shiftgig,"Shiftgig, Inc.",2016-11-12,2017-01-23,0.1971252566735113,0,last_supplied_sub_1b_round_proxy,1.0,1.0,8289999.999999999,8289999.999999999,6.0,6.0,1.998631074606434,730.0,2014-11-13
cream,"Cream, Inc.",2020-11-12,2022-10-31,1.9657768651608487,0,last_supplied_sub_1b_round_proxy,1.0,1.0,800000.0,800000.0,0.0,0.0,1.998631074606434,730.0,2018-11-13
corvidiatherapeutics,"Corvidia Therapeutics, Inc.",2018-02-16,2018-04-25,0.1861738535249829,0,last_supplied_sub_1b_round_proxy,1.0,1.0,34480000.0,34480000.0,2.0,2.0,1.998631074606434,730.0,2016-02-17
lumiahealth,"Lumia Health, Inc.",2025-01-23,2026-04-09,1.2073921971252566,0,last_supplied_sub_1b_round_proxy,1.0,1.0,5100000.0,5100000.0,2.0,2.0,1.998631074606434,730.0,2023-01-24
ovopco,"OV OPCO, LLC.",2017-06-09,2020-01-31,2.64476386036961,0,last_supplied_sub_1b_round_proxy,3.0,3.0,22420000.0,13000000.0,8.0,5.0,1.998631074606434,325.0,2016-07-19
h2scan,H2scan Corporation,2014-11-08,2020-01-15,5.1854893908282,0,last_supplied_sub_1b_round_proxy,1.0,1.0,4600000.0,4600000.0,1.0,1.0,1.998631074606434,730.0,2012-11-08
evolvedmd,"evolvedMD, LLC",2025-06-12,2025-07-14,0.08761122518822724,0,last_supplied_sub_1b_round_proxy,1.0,1.0,14000000.0,14000000.0,5.0,5.0,1.998631074606434,730.0,2023-06-13
gr4vy,"Gr4vy, Inc.",2022-11-03,2023-06-28,0.648870636550308,0,last_supplied_sub_1b_round_proxy,2.0,2.0,12200000.0,11100000.0,5.0,4.0,1.998631074606434,553.0,2021-04-29
ziglu,Ziglu Limited,2022-09-21,2025-02-18,2.412046543463381,0,last_supplied_sub_1b_round_proxy,2.0,2.0,35200000.0,27370000.0,1.0,1.0,1.998631074606434,325.0,2021-10-31
zeromotorcycles,"Zero Motorcycles, Inc.",2015-07-17,2024-10-24,9.273100616016427,1,first_ge_1b_event,3.0,3.0,21510000.0,10000000.0,0.0,0.0,1.998631074606434,478.0,2014-03-26
raisefintechventuresprivate,Raise Fintech Ventures Private Limited,2024-01-25,2025-10-06,1.6974674880219027,1,first_ge_1b_event,1.0,1.0,21990000.0,21990000.0,4.0,4.0,1.998631074606434,730.0,2022-01-25
alyce,"Alyce, Inc.",2019-09-27,2021-04-08,1.5304585900068446,0,last_supplied_sub_1b_round_proxy,2.0,2.0,17690000.0,13150000.0,6.0,5.0,1.998631074606434,101.0,2019-06-18
circuithub,"CircuitHub, Inc.",2022-02-13,2026-05-20,4.262833675564682,0,last_supplied_sub_1b_round_proxy,1.0,1.0,4250000.0,4250000.0,0.0,0.0,1.998631074606434,730.0,2020-02-14
ursaspacesystems,Ursa Space Systems Inc.,2020-07-18,2025-08-20,5.089664613278576,0,last_supplied_sub_1b_round_proxy,1.0,1.0,5700000.0,5700000.0,3.0,3.0,1.998631074606434,730.0,2018-07-19
guerrillainfrasolutionspvt,Guerrilla Infra Solutions Pvt. Ltd.,2018-08-23,2025-01-28,6.433949349760438,0,last_supplied_sub_1b_round_proxy,1.0,1.0,120000.0,120000.0,1.0,1.0,1.998631074606434,730.0,2016-08-23
crayon,"Crayon, Inc.",2018-11-10,2021-05-04,2.4804928131416837,0,last_supplied_sub_1b_round_proxy,2.0,2.0,8450000.0,5100000.0,4.0,4.0,1.998631074606434,213.0,2018-04-11
smartcoinfinancialsprivate,SmartCoin Financials Private Limited,2024-02-19,2026-02-09,1.9739904175222451,0,last_supplied_sub_1b_round_proxy,1.0,1.0,6970000.0,6970000.0,3.0,3.0,1.998631074606434,730.0,2022-02-19
1kkiranabazaar,1k Kirana Bazaar,2024-04-05,2024-04-29,0.06570841889117043,0,last_supplied_sub_1b_round_proxy,1.0,1.0,25000000.0,25000000.0,3.0,3.0,1.998631074606434,730.0,2022-04-06
truelinkfinancial,"True Link Financial, Inc.",2017-01-20,2020-07-28,3.5181382614647503,0,last_supplied_sub_1b_round_proxy,1.0,1.0,3790000.0,3790000.0,5.0,5.0,1.998631074606434,730.0,2015-01-21
alscopoolingservicesehk2649,"ALSCO Pooling Service Co., Ltd. (SEHK:2649)",2020-03-29,2022-09-08,2.4449007529089664,0,last_supplied_sub_1b_round_proxy,1.0,1.0,21520000.0,21520000.0,0.0,0.0,1.998631074606434,730.0,2018-03-30
adzerk,"Adzerk, Inc.",2022-12-06,2024-02-28,1.2292950034223136,0,last_supplied_sub_1b_round_proxy,2.0,2.0,21460000.0,11460000.0,4.0,4.0,1.998631074606434,362.0,2021-12-09
taoweavenasdaqcmtwav,"TaoWeave, Inc. (NasdaqCM:TWAV)",2018-09-23,2018-10-09,0.04380561259411362,0,last_supplied_sub_1b_round_proxy,1.0,1.0,65000000.0,65000000.0,5.0,5.0,1.998631074606434,730.0,2016-09-23
arkudatherapeutics,"Arkuda Therapeutics, Inc.",2021-11-06,2022-02-10,0.26283367556468173,0,last_supplied_sub_1b_round_proxy,1.0,1.0,44000000.0,44000000.0,4.0,4.0,1.998631074606434,730.0,2019-11-07
giwindows,"G.I. Windows, Inc.",2022-08-19,2024-11-20,2.2559890485968515,0,last_supplied_sub_1b_round_proxy,2.0,2.0,30890000.0,16399999.999999998,4.0,4.0,1.998631074606434,50.0,2022-06-30
tibitcommunications,"TiBiT Communications, Inc.",2021-08-21,2022-02-15,0.487337440109514,0,last_supplied_sub_1b_round_proxy,1.0,1.0,25000000.0,25000000.0,3.0,3.0,1.998631074606434,730.0,2019-08-22
terrestrialbio,"Terrestrial Bio, Inc.",2015-05-24,2026-03-19,10.819986310746064,0,last_supplied_sub_1b_round_proxy,1.0,1.0,1250000.0,1250000.0,1.0,1.0,1.998631074606434,730.0,2013-05-24
inboxhealth,Inbox Health Corp.,2022-03-10,2023-05-04,1.1498973305954825,0,last_supplied_sub_1b_round_proxy,1.0,1.0,3500000.0,3500000.0,6.0,6.0,1.998631074606434,730.0,2020-03-10
affectlayer,"AffectLayer, Inc.",2018-10-18,2018-12-13,0.15331964407939766,0,last_supplied_sub_1b_round_proxy,2.0,2.0,16870000.0,12030000.0,2.0,2.0,1.998631074606434,618.0,2017-02-07
latchable,Latchable Inc.,2017-02-12,2017-05-05,0.2245037645448323,0,last_supplied_sub_1b_round_proxy,1.0,1.0,20000.0,20000.0,1.0,1.0,1.998631074606434,730.0,2015-02-13
trusona,"Trusona, Inc.",2018-02-21,2020-01-14,1.894592744695414,0,last_supplied_sub_1b_round_proxy,2.0,2.0,17000000.0,9000000.0,2.0,2.0,1.998631074606434,253.0,2017-06-13
rem3dyhealth,Rem3dy Health Limited,2023-05-13,2026-06-09,3.07460643394935,0,last_supplied_sub_1b_round_proxy,1.0,1.0,11080000.0,11080000.0,3.0,3.0,1.998631074606434,730.0,2021-05-13
savingstar,"SavingStar, Inc.",2013-04-17,2017-07-11,4.232717316906228,0,last_supplied_sub_1b_round_proxy,2.0,2.0,16270000.0,9000000.0,5.0,4.0,1.998631074606434,405.0,2012-03-08
nociontherapeutics,"Nocion Therapeutics, Inc.",2021-04-16,2026-01-07,4.728268309377139,0,last_supplied_sub_1b_round_proxy,1.0,1.0,28130000.0,28130000.0,4.0,4.0,1.998631074606434,730.0,2019-04-17
watermelonexpress,"Watermelon Express, Inc.",2012-12-06,2025-04-30,12.396988364134154,0,last_supplied_sub_1b_round_proxy,2.0,2.0,8090000.0,6000000.0,3.0,2.0,1.998631074606434,160.0,2012-06-29
cassianetworks,"Cassia Networks, Inc.",2018-10-11,2022-04-26,3.540041067761807,0,last_supplied_sub_1b_round_proxy,1.0,1.0,12330000.0,12330000.0,8.0,8.0,1.998631074606434,730.0,2016-10-11
jetclosing,"JetClosing, Inc.",2018-11-30,2021-03-12,2.2806297056810405,0,last_supplied_sub_1b_round_proxy,3.0,3.0,24360000.0,20000000.0,5.0,5.0,1.998631074606434,175.0,2018-06-08
secret,"Secret, Inc.",2016-03-08,2021-06-30,5.3114305270362765,0,last_supplied_sub_1b_round_proxy,2.0,2.0,33600000.0,25000000.0,10.0,6.0,1.998631074606434,603.0,2014-07-14
labviva,"Labviva, Inc.",2023-06-02,2025-01-13,1.6180698151950719,0,last_supplied_sub_1b_round_proxy,1.0,1.0,8000000.0,8000000.0,3.0,3.0,1.998631074606434,730.0,2021-06-02
bestexresearch,BestEx Research Group LLC,2022-12-07,2023-03-02,0.2327173169062286,0,last_supplied_sub_1b_round_proxy,1.0,1.0,5000000.0,5000000.0,1.0,1.0,1.998631074606434,730.0,2020-12-07
inpria,Inpria Corporation,2019-07-10,2020-02-20,0.6160164271047228,0,last_supplied_sub_1b_round_proxy,1.0,1.0,23500000.0,23500000.0,5.0,5.0,1.998631074606434,730.0,2017-07-10
paxata,"Paxata, Inc.",2015-10-28,2017-09-14,1.8809034907597535,0,last_supplied_sub_1b_round_proxy,1.0,1.0,7830000.0,7830000.0,1.0,1.0,1.998631074606434,730.0,2013-10-28
rinse,"Rinse, Inc.",2017-06-08,2025-02-20,7.704312114989733,0,last_supplied_sub_1b_round_proxy,2.0,2.0,9840000.0,6030000.0,13.0,11.0,1.998631074606434,415.0,2016-04-19
multiversecomputing,Multiverse Computing,2026-03-05,2026-07-27,0.3942505133470226,1,first_ge_1b_event,1.0,1.0,27170000.0,27170000.0,6.0,6.0,1.998631074606434,730.0,2024-03-05
fisherwallacelaboratories,"Fisher Wallace Laboratories, Inc.",2022-03-10,2025-01-02,2.817248459958932,0,last_supplied_sub_1b_round_proxy,1.0,1.0,1070000.0,1070000.0,0.0,0.0,1.998631074606434,730.0,2020-03-10
amplifylifeinsurance,Amplify Life Insurance Company,2023-11-04,2024-06-17,0.6187542778918549,0,last_supplied_sub_1b_round_proxy,2.0,2.0,22090000.0,12000000.0,5.0,5.0,1.998631074606434,498.0,2022-06-24
graylog,"GrayLog, Inc.",2020-06-14,2023-10-02,3.299110198494182,0,last_supplied_sub_1b_round_proxy,1.0,1.0,5000000.0,5000000.0,0.0,0.0,1.998631074606434,730.0,2018-06-15
infrascale,"InfraScale, Inc.",2016-06-04,2019-05-08,2.924024640657084,0,last_supplied_sub_1b_round_proxy,1.0,1.0,17100000.0,17100000.0,1.0,1.0,1.998631074606434,730.0,2014-06-05
onehope,"ONEHOPE, Inc.",2015-03-23,2022-12-05,7.704312114989733,0,last_supplied_sub_1b_round_proxy,1.0,1.0,5990000.0,5990000.0,0.0,0.0,1.998631074606434,730.0,2013-03-23
avextraag,Avextra AG,2023-07-05,2024-02-07,0.5941136208076659,0,last_supplied_sub_1b_round_proxy,1.0,1.0,3560000.0,3560000.0,1.0,1.0,1.998631074606434,730.0,2021-07-05
fujianlemowulian,"Fujian Lemo Wulian Technology Co., Ltd.",2019-12-31,2024-09-30,4.7501711156741955,0,last_supplied_sub_1b_round_proxy,1.0,1.0,7680000.0,7680000.0,1.0,1.0,1.998631074606434,730.0,2017-12-31
wasabi,Wasabi Technologies LLC,2018-05-16,2022-12-07,4.561259411362081,1,first_ge_1b_event,1.0,1.0,1940000.0,1940000.0,0.0,0.0,1.998631074606434,730.0,2016-05-16
manifold,"Manifold Technology, Inc.",2019-10-24,2025-12-18,6.151950718685832,0,last_supplied_sub_1b_round_proxy,1.0,1.0,6670000.0,6670000.0,0.0,0.0,1.998631074606434,730.0,2017-10-24
hypercraft,"HYPERCRAFT, INC.",2025-02-20,2025-06-04,0.28473648186173856,0,last_supplied_sub_1b_round_proxy,1.0,1.0,6500000.0,6500000.0,1.0,1.0,1.998631074606434,730.0,2023-02-21
instabase,"Instabase, Inc.",2017-08-30,2019-10-21,2.1409993155373033,1,first_ge_1b_event,2.0,2.0,26940000.0,23170000.0,2.0,2.0,1.998631074606434,98.0,2017-05-24
asteranasdaqgsalab,"Astera Labs, Inc. (NasdaqGS:ALAB)",2022-08-12,2022-11-17,0.2655715263518138,1,first_ge_1b_event,1.0,1.0,26000000.0,26000000.0,2.0,2.0,1.998631074606434,730.0,2020-08-12
ryzac,"Ryzac, Inc.",2013-10-25,2016-07-12,2.7132101300479126,0,last_supplied_sub_1b_round_proxy,2.0,2.0,12530000.0,10000000.0,10.0,8.0,1.998631074606434,493.0,2012-06-19
electricsolidus,"Electric Solidus, Inc.",2023-11-22,2025-10-01,1.8590006844626967,0,last_supplied_sub_1b_round_proxy,1.0,1.0,6000000.0,6000000.0,5.0,5.0,1.998631074606434,730.0,2021-11-22
hypersciences,"HyperSciences, Inc.",2021-05-19,2023-01-23,1.68104038329911,0,last_supplied_sub_1b_round_proxy,2.0,2.0,10270000.0,9200000.0,0.0,0.0,1.998631074606434,107.0,2021-02-01
completesolar,"Complete Solar, Inc.",2013-07-25,2022-03-01,8.59958932238193,0,last_supplied_sub_1b_round_proxy,2.0,1.0,510000.0,510000.0,1.0,1.0,1.998631074606434,252.0,2012-11-15
oncologyanalytics,"Oncology Analytics, Inc.",2018-01-27,2020-05-26,2.327173169062286,0,last_supplied_sub_1b_round_proxy,1.0,1.0,7500000.0,7500000.0,2.0,2.0,1.998631074606434,730.0,2016-01-28
dollskill,"Dolls Kill, Inc.",2016-08-10,2018-12-21,2.3627652292950034,0,last_supplied_sub_1b_round_proxy,1.0,1.0,5000000.0,5000000.0,1.0,1.0,1.998631074606434,730.0,2014-08-11
setpointmedical,SetPoint Medical Corporation,2012-10-18,2017-08-28,4.85968514715948,0,last_supplied_sub_1b_round_proxy,1.0,1.0,5000000.0,5000000.0,0.0,0.0,1.998631074606434,730.0,2010-10-19
iantrek,"Iantrek, Inc.",2022-10-26,2025-08-20,2.817248459958932,0,last_supplied_sub_1b_round_proxy,2.0,2.0,28220000.0,23000000.0,2.0,2.0,1.998631074606434,58.0,2022-08-29
biobotanalytics,"Biobot Analytics, Inc.",2022-04-17,2025-06-06,3.137577002053388,0,last_supplied_sub_1b_round_proxy,2.0,2.0,27570000.0,20830000.0,14.0,12.0,1.998631074606434,170.0,2021-10-29
offerfit,"OfferFit, Inc.",2023-11-16,2024-12-31,1.1252566735112937,0,last_supplied_sub_1b_round_proxy,1.0,1.0,14270000.0,14270000.0,9.0,9.0,1.998631074606434,730.0,2021-11-16
thecheekypanda,The Cheeky Panda Limited,2021-05-09,2022-11-21,1.5359342915811087,0,last_supplied_sub_1b_round_proxy,3.0,3.0,6140000.0,2680000.0,0.0,0.0,1.998631074606434,80.0,2021-02-18
alkymi,"Alkymi, Inc.",2022-02-25,2025-08-07,3.4469541409993156,0,last_supplied_sub_1b_round_proxy,1.0,1.0,5190000.0,5190000.0,3.0,3.0,1.998631074606434,730.0,2020-02-26
greenhornwellnessprivate,Greenhorn Wellness Private Limited,2022-09-04,2025-04-07,2.5900068446269677,0,last_supplied_sub_1b_round_proxy,1.0,1.0,449000.0,449000.0,2.0,2.0,1.998631074606434,730.0,2020-09-04
scanadu,Scanadu Incorporated,2015-11-12,2018-10-02,2.8884325804243667,0,last_supplied_sub_1b_round_proxy,1.0,1.0,10500000.0,10500000.0,6.0,6.0,1.998631074606434,730.0,2013-11-12
beijingzhishiyinxiang,"Beijing Zhishi Yinxiang Co., Ltd.",2018-10-31,2019-05-30,0.5776865160848734,1,first_ge_1b_event,1.0,1.0,14750000.0,14750000.0,2.0,2.0,1.998631074606434,730.0,2016-10-31
skygatehospitalitypvt,Sky Gate Hospitality Pvt. Ltd.,2019-02-18,2024-11-18,5.749486652977413,0,last_supplied_sub_1b_round_proxy,1.0,1.0,373000.0,373000.0,0.0,0.0,1.998631074606434,730.0,2017-02-18
create,"Create, Inc.",2018-09-30,2025-09-29,6.997946611909651,0,last_supplied_sub_1b_round_proxy,1.0,1.0,120000.0,120000.0,2.0,2.0,1.998631074606434,730.0,2016-09-30
connectly,"Connectly, Inc.",2023-02-28,2024-09-11,1.5359342915811087,0,last_supplied_sub_1b_round_proxy,1.0,1.0,4000000.0,4000000.0,3.0,3.0,1.998631074606434,730.0,2021-02-28
luminance,Luminance Technologies Ltd.,2018-12-15,2024-04-02,5.297741273100616,0,last_supplied_sub_1b_round_proxy,2.0,1.0,10000000.0,10000000.0,3.0,3.0,1.998631074606434,381.0,2017-11-29
whop,"Whop, Inc.",2025-07-19,2026-02-25,0.6050650239561944,1,first_ge_1b_event,1.0,1.0,17040000.0,17040000.0,3.0,3.0,1.998631074606434,730.0,2023-07-20
flumehealth,"Flume Health, Inc.",2020-04-10,2022-03-04,1.8973305954825461,0,last_supplied_sub_1b_round_proxy,2.0,2.0,4150000.0,4050000.0,4.0,4.0,1.998631074606434,344.0,2019-05-02
orgio,"Orgio, Inc.",2021-07-17,2024-09-18,3.1731690622861053,0,last_supplied_sub_1b_round_proxy,2.0,2.0,11220000.0,8500000.0,4.0,3.0,1.998631074606434,514.0,2020-02-19
venminder,"Venminder, Inc.",2015-04-17,2020-11-10,5.568788501026694,0,last_supplied_sub_1b_round_proxy,1.0,1.0,3340000.0,3340000.0,1.0,1.0,1.998631074606434,730.0,2013-04-17
olistservicosdigitaisltda,Olist Serviços Digitais Ltda,2021-10-21,2021-12-15,0.15058179329226556,1,first_ge_1b_event,1.0,1.0,46650000.0,46650000.0,3.0,3.0,1.998631074606434,730.0,2019-10-22
redseal,"RedSeal, Inc.",2018-12-28,2019-04-09,0.2792607802874743,0,last_supplied_sub_1b_round_proxy,1.0,1.0,5000000.0,5000000.0,0.0,0.0,1.998631074606434,730.0,2016-12-28
dragos,"Dragos, Inc.",2018-08-24,2023-09-18,5.06776180698152,1,first_ge_1b_event,2.0,2.0,11890000.0,10690000.0,3.0,3.0,1.998631074606434,382.0,2017-08-07
genies,"Genies, Inc.",2017-05-06,2017-12-18,0.6187542778918549,0,last_supplied_sub_1b_round_proxy,1.0,1.0,11570000.0,11570000.0,9.0,9.0,1.998631074606434,730.0,2015-05-07
servicetitannasdaqgsttan,"ServiceTitan, Inc. (NasdaqGS:TTAN)",2017-06-15,2018-11-14,1.4154688569472964,1,first_ge_1b_event,1.0,1.0,18960000.0,18960000.0,4.0,4.0,1.998631074606434,730.0,2015-06-16
beijingkuangshi,"Beijing Kuangshi Technology Co., Ltd.",2017-05-13,2019-05-08,1.9849418206707734,1,first_ge_1b_event,1.0,1.0,47000000.0,47000000.0,3.0,3.0,1.998631074606434,730.0,2015-05-14
tradesy,"Tradesy, Inc.",2014-10-24,2015-01-27,0.2600958247775496,0,last_supplied_sub_1b_round_proxy,1.0,1.0,1470000.0,1470000.0,6.0,6.0,1.998631074606434,730.0,2012-10-24
mindmazesa,MindMaze SA,2014-06-30,2016-02-17,1.6344969199178645,1,first_ge_1b_event,1.0,1.0,10000000.0,10000000.0,1.0,1.0,1.998631074606434,730.0,2012-06-30
ellevation,"Ellevation, Inc.",2018-02-15,2020-04-08,2.1437371663244353,0,last_supplied_sub_1b_round_proxy,2.0,2.0,32510000.0,17990000.0,5.0,3.0,1.998631074606434,36.0,2018-01-10
crownaffair,"Crown Affair, Inc.",2024-03-24,2026-05-08,2.1218343600273784,0,last_supplied_sub_1b_round_proxy,1.0,1.0,4460000.0,4460000.0,0.0,0.0,1.998631074606434,730.0,2022-03-25
urbannseiurbanco,Urban Company Limited (NSEI:URBANCO),2017-11-18,2021-04-27,3.4387405886379194,1,first_ge_1b_event,1.0,1.0,24910000.0,24910000.0,3.0,3.0,1.998631074606434,730.0,2015-11-19
zapataquantumotcpkzpta,"Zapata Quantum, Inc. (OTCPK:ZPTA)",2020-04-03,2020-11-19,0.6297056810403833,0,last_supplied_sub_1b_round_proxy,1.0,1.0,5440000.0,5440000.0,1.0,1.0,1.998631074606434,730.0,2018-04-04
flatfroglaboratoriesab,FlatFrog Laboratories AB,2014-06-18,2016-12-14,2.4914442162902124,0,last_supplied_sub_1b_round_proxy,1.0,1.0,25130000.0,25130000.0,3.0,3.0,1.998631074606434,730.0,2012-06-18
digitalonboarding,Digital Onboarding Inc.,2021-02-21,2024-01-18,2.9048596851471595,0,last_supplied_sub_1b_round_proxy,1.0,1.0,815000.0,815000.0,0.0,0.0,1.998631074606434,730.0,2019-02-22
sourceglobal,"Source Global, PBC",2018-04-01,2022-03-28,3.9890485968514717,1,first_ge_1b_event,2.0,2.0,27810000.0,22150000.0,0.0,0.0,1.998631074606434,11.0,2018-03-21
spartanrace,"Spartan Race, Inc.",2018-04-19,2021-01-04,2.7132101300479126,0,last_supplied_sub_1b_round_proxy,1.0,1.0,10000000.0,10000000.0,1.0,1.0,1.998631074606434,730.0,2016-04-19
bluebearprivate,Bluebear Technologies Private Limited,2019-06-01,2025-05-08,5.935660506502396,0,last_supplied_sub_1b_round_proxy,1.0,1.0,16000.0,16000.0,1.0,1.0,1.998631074606434,730.0,2017-06-01
beijingyilonghengyeoiltechnicalengineering,"Beijing YilongHengye Oil Technical Engineering Co., Ltd.",2018-03-15,2018-08-16,0.4216290212183436,0,last_supplied_sub_1b_round_proxy,2.0,2.0,6120000.0,3070000.0,2.0,1.0,1.998631074606434,660.0,2016-05-24
lyrahealth,"Lyra Health, Inc.",2017-06-03,2021-01-28,3.6550308008213555,1,first_ge_1b_event,2.0,2.0,36000000.0,35000000.0,6.0,6.0,1.998631074606434,598.0,2015-10-14
apono,Apono Inc.,2024-03-21,2025-11-18,1.6618754277891854,0,last_supplied_sub_1b_round_proxy,1.0,1.0,5000000.0,5000000.0,2.0,2.0,1.998631074606434,730.0,2022-03-22
commaai,"Comma.ai, Inc.",2018-03-28,2021-11-16,3.6386036960985626,0,last_supplied_sub_1b_round_proxy,1.0,1.0,3100000.0,3100000.0,1.0,1.0,1.998631074606434,730.0,2016-03-28
onna,"Onna Technologies, Inc.",2020-01-23,2021-09-07,1.623545516769336,0,last_supplied_sub_1b_round_proxy,2.0,2.0,15970000.0,11000000.0,4.0,4.0,1.998631074606434,234.0,2019-06-03
nextfoods,"NextFoods, Inc.",2015-06-11,2025-12-18,10.521560574948666,0,last_supplied_sub_1b_round_proxy,1.0,1.0,8250000.0,8250000.0,2.0,2.0,1.998631074606434,730.0,2013-06-11
10beauty,"10Beauty, Inc.",2022-03-23,2026-07-01,4.27378507871321,0,last_supplied_sub_1b_round_proxy,1.0,1.0,2890000.0,2890000.0,0.0,0.0,1.998631074606434,730.0,2020-03-23
scaleai,"Scale AI, Inc.",2018-08-22,2020-12-01,2.2778918548939084,1,first_ge_1b_event,3.0,3.0,22620000.0,18000000.0,4.0,3.0,1.998631074606434,15.0,2018-08-07
assetzsmecapital,Assetz SME Capital Limited,2019-11-20,2022-08-31,2.7789185489390826,0,last_supplied_sub_1b_round_proxy,1.0,1.0,2089999.9999999998,2089999.9999999998,0.0,0.0,1.998631074606434,730.0,2017-11-20
vetro,"VETRO, Inc.",2023-06-02,2025-05-20,1.9657768651608487,0,last_supplied_sub_1b_round_proxy,2.0,2.0,15250000.0,8250000.0,3.0,2.0,1.998631074606434,72.0,2023-03-22
arthrositherapeutics,"Arthrosi Therapeutics, Inc.",2021-01-29,2023-03-03,2.088980150581793,0,last_supplied_sub_1b_round_proxy,1.0,1.0,11000000.0,11000000.0,0.0,0.0,1.998631074606434,730.0,2019-01-30
ketryx,Ketryx Corporation,2024-07-05,2025-09-04,1.1663244353182751,0,last_supplied_sub_1b_round_proxy,2.0,2.0,16000000.0,14000000.0,3.0,3.0,1.998631074606434,213.0,2023-12-05
workato,"Workato, Inc.",2019-07-18,2021-01-12,1.4893908281998631,1,first_ge_1b_event,2.0,2.0,35020000.0,25000000.0,5.0,4.0,1.998631074606434,225.0,2018-12-05
voltserver,VoltServer Inc.,2021-08-01,2023-04-13,1.6974674880219027,0,last_supplied_sub_1b_round_proxy,1.0,1.0,7420000.0,7420000.0,1.0,1.0,1.998631074606434,730.0,2019-08-02
vividly,Vividly Inc.,2023-04-02,2025-01-14,1.787816563997262,0,last_supplied_sub_1b_round_proxy,1.0,1.0,5640000.0,5640000.0,2.0,2.0,1.998631074606434,730.0,2021-04-02
greyrockenergy,"Greyrock Energy, Inc.",2015-12-31,2016-09-15,0.7091033538672142,0,last_supplied_sub_1b_round_proxy,1.0,1.0,1300000.0,1300000.0,0.0,0.0,1.998631074606434,730.0,2013-12-31
providencemedical,"Providence Medical Technology, Inc.",2017-08-25,2018-09-20,1.0704996577686516,0,last_supplied_sub_1b_round_proxy,1.0,1.0,5080000.0,5080000.0,2.0,2.0,1.998631074606434,730.0,2015-08-26
empowerbenefits,Empower Benefits Inc.,2015-04-11,2019-09-30,4.470910335386721,0,last_supplied_sub_1b_round_proxy,1.0,1.0,1000000.0,1000000.0,0.0,0.0,1.998631074606434,730.0,2013-04-11
firstfuelsoftware,"FirstFuel Software, Inc.",2013-09-21,2017-07-26,3.8439425051334704,0,last_supplied_sub_1b_round_proxy,2.0,2.0,12300000.0,9710000.0,3.0,3.0,1.998631074606434,576.0,2012-02-23
exosomediagnostics,"Exosome Diagnostics, Inc.",2012-11-10,2016-01-07,3.156741957563313,0,last_supplied_sub_1b_round_proxy,1.0,1.0,22740000.0,22740000.0,2.0,2.0,1.998631074606434,730.0,2010-11-11
rejoni,"Rejoni, Inc.",2022-09-14,2023-10-18,1.0924024640657084,0,last_supplied_sub_1b_round_proxy,1.0,1.0,15000000.0,15000000.0,4.0,4.0,1.998631074606434,730.0,2020-09-14
cartcom,"Cart.com, Inc.",2023-04-15,2024-07-17,1.2566735112936345,1,first_ge_1b_event,1.0,1.0,25330000.0,25330000.0,4.0,4.0,1.998631074606434,730.0,2021-04-15
bioiq,"BioIQ, Inc.",2018-05-16,2019-11-25,1.5277207392197125,0,last_supplied_sub_1b_round_proxy,3.0,3.0,43570000.0,26500000.0,2.0,2.0,1.998631074606434,55.0,2018-03-22
fever,"Fever Labs, Inc.",2016-05-06,2023-01-27,6.7268993839835725,1,first_ge_1b_event,2.0,2.0,11670000.0,9590000.0,5.0,4.0,1.998631074606434,164.0,2015-11-24
performa,"Performa Labs, Inc.",2022-05-12,2022-07-29,0.2135523613963039,0,last_supplied_sub_1b_round_proxy,1.0,1.0,3000000.0,3000000.0,2.0,2.0,1.998631074606434,730.0,2020-05-12
preveil,"PreVeil, Inc.",2020-03-26,2022-10-24,2.5790554414784395,0,last_supplied_sub_1b_round_proxy,1.0,1.0,10350000.0,10350000.0,1.0,1.0,1.998631074606434,730.0,2018-03-27
nurx,NURX Inc.,2018-03-22,2018-07-10,0.30116358658453113,0,last_supplied_sub_1b_round_proxy,1.0,1.0,120000.0,120000.0,1.0,1.0,1.998631074606434,730.0,2016-03-22
expressable,"Expressable, Inc.",2023-05-06,2024-05-20,1.0403832991101984,0,last_supplied_sub_1b_round_proxy,2.0,2.0,20360000.0,15000000.0,4.0,4.0,1.998631074606434,451.0,2022-02-09
chimefinancialnasdaqgschym,"Chime Financial, Inc. (NasdaqGS:CHYM)",2014-12-31,2020-03-05,5.177275838466803,1,first_ge_1b_event,2.0,2.0,11770000.0,8000000.0,4.0,4.0,1.998631074606434,57.0,2014-11-04
dataminr,"Dataminr, Inc.",2014-09-24,2018-06-29,3.761806981519507,1,first_ge_1b_event,1.0,1.0,13250000.0,13250000.0,5.0,5.0,1.998631074606434,730.0,2012-09-24
trutag,"TruTag Technologies, Inc.",2021-09-02,2021-11-24,0.2272416153319644,0,last_supplied_sub_1b_round_proxy,1.0,1.0,25470000.0,25470000.0,2.0,2.0,1.998631074606434,730.0,2019-09-03
oomnitza,Oomnitza Inc.,2017-03-24,2022-12-31,5.771389459274469,0,last_supplied_sub_1b_round_proxy,1.0,1.0,2360000.0,2360000.0,0.0,0.0,1.998631074606434,730.0,2015-03-25
ladder,"Ladder, Inc.",2022-10-16,2024-12-02,2.130047912388775,0,last_supplied_sub_1b_round_proxy,2.0,2.0,3220000.0,3070000.0,1.0,1.0,1.998631074606434,678.0,2020-12-07
scitara,Scitara Corporation,2023-01-22,2026-06-18,3.403148528405202,0,last_supplied_sub_1b_round_proxy,1.0,1.0,5130000.0,5130000.0,2.0,2.0,1.998631074606434,730.0,2021-01-22
simplywise,"SimplyWise, Inc.",2021-11-05,2025-10-23,3.9644079397672827,0,last_supplied_sub_1b_round_proxy,1.0,1.0,3500000.0,3500000.0,0.0,0.0,1.998631074606434,730.0,2019-11-06
seaportdiagnostics,"Seaport Diagnostics, Inc.",2017-12-15,2020-09-09,2.735112936344969,0,last_supplied_sub_1b_round_proxy,1.0,1.0,12500000.0,12500000.0,7.0,7.0,1.998631074606434,730.0,2015-12-16
navitorpharmaceuticals,"Navitor Pharmaceuticals, Inc.",2020-03-15,2020-05-07,0.14510609171800137,0,last_supplied_sub_1b_round_proxy,1.0,1.0,44630000.0,44630000.0,7.0,7.0,1.998631074606434,730.0,2018-03-16
oceanaero,"Ocean Aero, Inc.",2024-09-29,2026-01-20,1.3086926762491444,0,last_supplied_sub_1b_round_proxy,1.0,1.0,4000000.0,4000000.0,0.0,0.0,1.998631074606434,730.0,2022-09-30
robotcom,"ROBOT.COM Holdings, Inc.",2019-03-10,2023-02-22,3.9561943874058865,0,last_supplied_sub_1b_round_proxy,1.0,1.0,16000.0,16000.0,1.0,1.0,1.998631074606434,730.0,2017-03-10
misorobotics,"Miso Robotics, Inc.",2023-01-07,2023-05-17,0.35592060232717315,0,last_supplied_sub_1b_round_proxy,1.0,1.0,6140000.0,6140000.0,0.0,0.0,1.998631074606434,730.0,2021-01-07
transitionbio,"Transition Bio, Inc.",2022-09-30,2024-10-30,2.083504449007529,0,last_supplied_sub_1b_round_proxy,2.0,2.0,59000000.0,50000000.0,5.0,5.0,1.998631074606434,120.0,2022-06-02
netronomesystems,"Netronome Systems, Inc.",2012-05-04,2013-04-18,0.9555099247091033,0,last_supplied_sub_1b_round_proxy,1.0,1.0,20630000.0,20630000.0,4.0,4.0,1.998631074606434,730.0,2010-05-05
milika,"Milika, Inc.",2023-08-18,2026-05-13,2.735112936344969,0,last_supplied_sub_1b_round_proxy,1.0,1.0,6950000.0,6950000.0,0.0,0.0,1.998631074606434,730.0,2021-08-18
allotex,"Allotex, Inc.",2020-02-28,2023-06-29,3.3319644079397674,0,last_supplied_sub_1b_round_proxy,1.0,1.0,16750000.0,16750000.0,0.0,0.0,1.998631074606434,730.0,2018-02-28
swiftbiosciences,Swift Biosciences Inc.,2012-08-10,2018-11-13,6.2587268993839835,0,last_supplied_sub_1b_round_proxy,1.0,1.0,3430000.0,3430000.0,2.0,2.0,1.998631074606434,730.0,2010-08-11
leapfrogpower,"Leapfrog Power, Inc.",2022-01-15,2023-11-16,1.834360027378508,0,last_supplied_sub_1b_round_proxy,1.0,1.0,7720000.0,7720000.0,6.0,6.0,1.998631074606434,730.0,2020-01-16
definedcrowd,DefinedCrowd Corporation,2018-09-01,2022-01-20,3.3867214236824092,0,last_supplied_sub_1b_round_proxy,2.0,2.0,12920000.0,11800000.0,8.0,7.0,1.998631074606434,32.0,2018-07-31
titanadvancedenergysolutions,"Titan Advanced Energy Solutions, Inc.",2021-08-14,2021-11-02,0.2190280629705681,0,last_supplied_sub_1b_round_proxy,1.0,1.0,10190000.0,10190000.0,2.0,2.0,1.998631074606434,730.0,2019-08-15
deepfibersolutions,"Deep Fiber Solutions, Inc.",2015-12-17,2017-04-21,1.3442847364818618,0,last_supplied_sub_1b_round_proxy,2.0,2.0,10000000.0,7000000.0,0.0,0.0,1.998631074606434,339.0,2015-01-12
vicarioussurgicalotcpkrbot,Vicarious Surgical Inc. (OTCPK:RBOT),2020-03-25,2020-08-07,0.36960985626283366,0,last_supplied_sub_1b_round_proxy,2.0,2.0,26760000.0,16760000.000000002,3.0,3.0,1.998631074606434,419.0,2019-01-31
rhinohealthtech,"Rhino HealthTech, Inc.",2023-02-10,2026-01-27,2.9623545516769334,0,last_supplied_sub_1b_round_proxy,1.0,1.0,5000000.0,5000000.0,2.0,2.0,1.998631074606434,730.0,2021-02-10
splashtop,Splashtop Inc.,2012-05-31,2021-03-10,8.774811772758385,1,first_ge_1b_event,1.0,1.0,14230000.0,14230000.0,4.0,4.0,1.998631074606434,730.0,2010-06-01
pison,"Pison Technology, Inc.",2023-03-23,2025-01-29,1.8562628336755647,0,last_supplied_sub_1b_round_proxy,2.0,2.0,8610000.0,7240000.0,4.0,4.0,1.998631074606434,503.0,2021-11-05
proveidentity,"Prove Identity, Inc.",2012-07-29,2013-10-08,1.1937029431895962,0,last_supplied_sub_1b_round_proxy,1.0,1.0,11140000.0,11140000.0,4.0,4.0,1.998631074606434,730.0,2010-07-30
flashscientific,Flash Scientific Technology Inc.,2024-06-15,2024-12-09,0.48459958932238195,0,last_supplied_sub_1b_round_proxy,1.0,1.0,396000.0,396000.0,0.0,0.0,1.998631074606434,730.0,2022-06-16
shanghaiyaoshiquanyunhealthdevelopment,"Shanghai Yaoshi Quanyun Health Technology Development Co., Ltd.",2018-08-08,2021-05-20,2.7816563997262147,0,last_supplied_sub_1b_round_proxy,1.0,1.0,7510000.0,7510000.0,1.0,1.0,1.998631074606434,730.0,2016-08-08
ubiety,"Ubiety Technologies, Inc.",2024-02-17,2025-01-07,0.8898015058179329,0,last_supplied_sub_1b_round_proxy,1.0,1.0,10480000.0,10480000.0,0.0,0.0,1.998631074606434,730.0,2022-02-17
ooobestdoctor,OOO BestDoctor,2018-12-22,2021-06-10,2.4668035592060233,0,last_supplied_sub_1b_round_proxy,1.0,1.0,34000.0,34000.0,1.0,1.0,1.998631074606434,730.0,2016-12-22
ponyai,"Pony.ai, Inc.",2018-12-31,2020-02-26,1.1553730321697468,1,first_ge_1b_event,1.0,0.0,0.0,0.0,2.0,2.0,1.998631074606434,730.0,2016-12-31
citrineinformatics,"Citrine Informatics, Inc.",2018-05-24,2025-02-07,6.71047227926078,0,last_supplied_sub_1b_round_proxy,1.0,1.0,8760000.0,8760000.0,0.0,0.0,1.998631074606434,730.0,2016-05-24
raidatech,RAIDAtech Inc.,2021-10-29,2022-10-31,1.0047912388774811,0,last_supplied_sub_1b_round_proxy,1.0,1.0,172000.0,172000.0,0.0,0.0,1.998631074606434,730.0,2019-10-30
sixfoldai,"Sixfold AI, Inc.",2025-05-23,2026-01-29,0.6872005475701575,0,last_supplied_sub_1b_round_proxy,2.0,2.0,21500000.0,15000000.0,4.0,4.0,1.998631074606434,352.0,2024-06-05
paladinpower,"Paladin Power, Inc.",2025-01-04,2025-07-03,0.4928131416837782,0,last_supplied_sub_1b_round_proxy,2.0,2.0,5596000.0,5000000.0,0.0,0.0,1.998631074606434,85.0,2024-10-11
mercatormedsystems,"Mercator MedSystems, Inc.",2015-05-30,2019-06-14,4.041067761806982,0,last_supplied_sub_1b_round_proxy,1.0,1.0,6500000.0,6500000.0,5.0,5.0,1.998631074606434,730.0,2013-05-30
catchpointsystems,"Catchpoint Systems, Inc.",2015-12-09,2016-10-26,0.8815879534565366,0,last_supplied_sub_1b_round_proxy,2.0,2.0,12500000.0,6500000.0,1.0,1.0,1.998631074606434,148.0,2015-07-14
wholsumfoodspvt,Wholsum Foods Pvt. Ltd.,2026-01-07,2026-02-10,0.09308692676249145,0,last_supplied_sub_1b_round_proxy,1.0,1.0,7210000.0,7210000.0,5.0,5.0,1.998631074606434,730.0,2024-01-08
commercelayersrl,Commerce Layer SRL,2019-03-15,2021-05-25,2.195756331279945,0,last_supplied_sub_1b_round_proxy,1.0,1.0,231000.0,231000.0,0.0,0.0,1.998631074606434,730.0,2017-03-15
aiera,"Aiera, Inc.",2020-12-12,2025-06-02,4.470910335386721,0,last_supplied_sub_1b_round_proxy,1.0,1.0,3500000.0,3500000.0,5.0,5.0,1.998631074606434,730.0,2018-12-13
oncomyxtherapeutics,"OncoMyx Therapeutics, Inc.",2021-06-04,2021-12-08,0.5119780971937029,0,last_supplied_sub_1b_round_proxy,1.0,1.0,25000000.0,25000000.0,6.0,6.0,1.998631074606434,730.0,2019-06-05
mega,Mega Limited,2017-10-28,2026-03-09,8.361396303901437,0,last_supplied_sub_1b_round_proxy,1.0,1.0,2980000.0,2980000.0,1.0,1.0,1.998631074606434,730.0,2015-10-29
helperbees,"Helper Bees, Inc.",2022-07-22,2023-04-19,0.7419575633127995,0,last_supplied_sub_1b_round_proxy,2.0,2.0,18810000.0,12810000.0,7.0,5.0,1.998631074606434,213.0,2021-12-21
lendkey,"LendKey Technologies, Inc.",2014-10-05,2019-12-11,5.1827515400410675,0,last_supplied_sub_1b_round_proxy,2.0,2.0,24440000.0,12500000.0,7.0,5.0,1.998631074606434,424.0,2013-08-07
valon,"Valon Technologies, Inc.",2022-07-28,2022-08-02,0.013689253935660506,1,first_ge_1b_event,1.0,1.0,8490000.0,8490000.0,0.0,0.0,1.998631074606434,730.0,2020-07-28
obligo,"Obligo, Inc.",2020-05-31,2021-11-02,1.4236824093086926,0,last_supplied_sub_1b_round_proxy,1.0,1.0,3000000.0,3000000.0,3.0,3.0,1.998631074606434,730.0,2018-06-01
mauiimaging,"Maui Imaging, Inc.",2021-01-28,2025-07-03,4.427104722792608,0,last_supplied_sub_1b_round_proxy,1.0,1.0,7000000.0,7000000.0,0.0,0.0,1.998631074606434,730.0,2019-01-29
bigleafnetworks,"Bigleaf Networks, Inc.",2017-03-31,2025-03-03,7.923340177960301,0,last_supplied_sub_1b_round_proxy,1.0,1.0,1530000.0,1530000.0,3.0,3.0,1.998631074606434,730.0,2015-04-01
lyten,"Lyten, Inc.",2018-03-04,2021-03-31,3.07460643394935,1,first_ge_1b_event,1.0,1.0,8000000.0,8000000.0,0.0,0.0,1.998631074606434,730.0,2016-03-04
focalsystems,Focal Systems Inc.,2018-03-22,2021-12-27,3.7672826830937716,0,last_supplied_sub_1b_round_proxy,2.0,2.0,2780000.0,2660000.0,2.0,1.0,1.998631074606434,660.0,2016-05-31
kytopen,Kytopen Corp,2021-05-27,2026-04-07,4.862422997946612,0,last_supplied_sub_1b_round_proxy,1.0,1.0,4350000.0,4350000.0,2.0,2.0,1.998631074606434,730.0,2019-05-28
hereenterprise,Here Enterprise Inc.,2016-04-01,2020-12-09,4.689938398357289,0,last_supplied_sub_1b_round_proxy,1.0,1.0,4000000.0,4000000.0,1.0,1.0,1.998631074606434,730.0,2014-04-02
isee,"ISEE, Inc.",2019-09-15,2022-11-17,3.1731690622861053,0,last_supplied_sub_1b_round_proxy,1.0,1.0,2850000.0,2850000.0,1.0,1.0,1.998631074606434,730.0,2017-09-15
prognoshealth,Prognos Health Inc.,2019-11-28,2023-05-04,3.430527036276523,0,last_supplied_sub_1b_round_proxy,1.0,1.0,20500000.0,20500000.0,7.0,7.0,1.998631074606434,730.0,2017-11-28
glysens,GlySens Incorporated,2017-01-04,2020-06-12,3.436002737850787,0,last_supplied_sub_1b_round_proxy,2.0,2.0,33000000.0,21000000.0,0.0,0.0,1.998631074606434,366.0,2016-01-04
adaptivestudios,"Adaptive Studios, Inc.",2015-12-31,2018-03-12,2.195756331279945,0,last_supplied_sub_1b_round_proxy,1.0,1.0,14340000.0,14340000.0,0.0,0.0,1.998631074606434,730.0,2013-12-31
oviahealth,Ovia Health Inc.,2015-01-07,2020-08-25,5.631759069130732,0,last_supplied_sub_1b_round_proxy,1.0,1.0,1500000.0,1500000.0,3.0,3.0,1.998631074606434,730.0,2013-01-07
breathe,"Breathe, Inc.",2017-08-19,2017-11-02,0.2053388090349076,0,last_supplied_sub_1b_round_proxy,1.0,1.0,100000.0,100000.0,1.0,1.0,1.998631074606434,730.0,2015-08-20
miniluxeholdingtsxvmnlx,MiniLuxe Holding Corp. (TSXV:MNLX),2016-10-06,2017-06-05,0.6625598904859685,0,last_supplied_sub_1b_round_proxy,2.0,2.0,30500000.0,23000000.0,6.0,6.0,1.998631074606434,93.0,2016-07-05
statespace,"State Space Labs, Inc.",2022-05-22,2026-04-14,3.89596167008898,0,last_supplied_sub_1b_round_proxy,1.0,1.0,10000000.0,10000000.0,5.0,5.0,1.998631074606434,730.0,2020-05-22
quanergysystems,"Quanergy Systems, Inc.",2016-03-11,2016-08-22,0.4490075290896646,1,first_ge_1b_event,1.0,1.0,3500000.0,3500000.0,3.0,3.0,1.998631074606434,730.0,2014-03-12
rentberry,"Rentberry, Inc.",2017-12-30,2023-02-14,5.125256673511293,0,last_supplied_sub_1b_round_proxy,1.0,1.0,845000.0,845000.0,0.0,0.0,1.998631074606434,730.0,2015-12-31
glintpayservices,Glint Pay Services Limited,2020-08-29,2021-06-14,0.7912388774811773,0,last_supplied_sub_1b_round_proxy,1.0,1.0,2820000.0,2820000.0,0.0,0.0,1.998631074606434,730.0,2018-08-30
tomonetworks,"Tomo Networks, Inc.",2023-08-24,2025-07-14,1.88911704312115,0,last_supplied_sub_1b_round_proxy,1.0,1.0,40450000.0,40450000.0,4.0,4.0,1.998631074606434,730.0,2021-08-24
cnex,"CNEX Labs, Inc.",2019-03-15,2021-03-10,1.9876796714579055,0,last_supplied_sub_1b_round_proxy,1.0,1.0,13430000.0,13430000.0,1.0,1.0,1.998631074606434,730.0,2017-03-15
lawrencevilleplasmaphysics,"Lawrenceville Plasma Physics, Inc.",2020-04-30,2025-01-29,4.7501711156741955,0,last_supplied_sub_1b_round_proxy,1.0,1.0,996000.0,996000.0,0.0,0.0,1.998631074606434,730.0,2018-05-01
nexgent,NexGenT Inc,2018-06-07,2019-07-11,1.0924024640657084,0,last_supplied_sub_1b_round_proxy,1.0,1.0,60000.0,60000.0,1.0,1.0,1.998631074606434,730.0,2016-06-07
verawholehealth,Vera Whole Health Inc.,2016-04-08,2020-04-06,3.994524298425736,0,last_supplied_sub_1b_round_proxy,1.0,1.0,5000000.0,5000000.0,0.0,0.0,1.998631074606434,730.0,2014-04-09
encored,"Encored, Inc.",2016-10-26,2022-10-20,5.982203969883641,0,last_supplied_sub_1b_round_proxy,1.0,1.0,6340000.0,6340000.0,0.0,0.0,1.998631074606434,730.0,2014-10-27
clearblade,"ClearBlade, Inc.",2019-09-20,2020-04-03,0.5366187542778919,0,last_supplied_sub_1b_round_proxy,1.0,1.0,2800000.0,2800000.0,2.0,2.0,1.998631074606434,730.0,2017-09-20
spectrawave,"SpectraWAVE, Inc.",2023-02-03,2024-09-11,1.6043805612594113,0,last_supplied_sub_1b_round_proxy,1.0,0.0,0.0,0.0,1.0,1.0,1.998631074606434,730.0,2021-02-03
marketingevolution,"Marketing Evolution, Inc.",2021-03-18,2025-12-05,4.717316906228611,0,last_supplied_sub_1b_round_proxy,2.0,2.0,54850000.0,46850000.0,3.0,3.0,1.998631074606434,43.0,2021-02-03
biodesixnasdaqgmbdsx,"Biodesix, Inc. (NasdaqGM:BDSX)",2012-11-04,2016-02-24,3.3045859000684463,0,last_supplied_sub_1b_round_proxy,1.0,1.0,7070000.0,7070000.0,1.0,1.0,1.998631074606434,730.0,2010-11-05
inclined,"Inclined Technologies, Inc.",2022-10-19,2025-08-12,2.8145106091718,0,last_supplied_sub_1b_round_proxy,1.0,1.0,4000000.0,4000000.0,0.0,0.0,1.998631074606434,730.0,2020-10-19
oxipitalai,Oxipital AI Inc.,2017-12-16,2026-07-08,8.558521560574949,0,last_supplied_sub_1b_round_proxy,1.0,1.0,9190000.0,9190000.0,2.0,2.0,1.998631074606434,730.0,2015-12-17
phizzle,"Phizzle, Inc.",2013-07-26,2023-02-27,9.59069130732375,0,last_supplied_sub_1b_round_proxy,1.0,1.0,3020000.0,3020000.0,1.0,1.0,1.998631074606434,730.0,2011-07-27
lynxfinhealth,"Lynx FinHealth, Inc.",2023-04-01,2025-02-06,1.8535249828884326,0,last_supplied_sub_1b_round_proxy,2.0,2.0,17500000.0,15000000.0,3.0,3.0,1.998631074606434,394.0,2022-03-03
atlas,Atlas Holdings Group Inc,2017-10-12,2022-01-25,4.287474332648871,0,last_supplied_sub_1b_round_proxy,1.0,1.0,118000.0,118000.0,1.0,1.0,1.998631074606434,730.0,2015-10-13
contagiousonlinemedianetworkprivate,Contagious Online Media Network Private Limited,2018-02-16,2019-05-22,1.2594113620807665,0,last_supplied_sub_1b_round_proxy,2.0,2.0,14550000.0,9580000.0,1.0,1.0,1.998631074606434,200.0,2017-07-31
evolvnasdaqcmevlv,"Evolv Technologies Holdings, Inc. (NasdaqCM:EVLV)",2019-03-14,2020-01-08,0.8213552361396304,0,last_supplied_sub_1b_round_proxy,2.0,2.0,33030000.0,18750000.0,4.0,4.0,1.998631074606434,234.0,2018-07-23
wheelerbio,"Wheeler Bio, Inc.",2024-01-04,2025-03-20,1.2073921971252566,0,last_supplied_sub_1b_round_proxy,2.0,2.0,45000000.0,31000000.0,9.0,8.0,1.998631074606434,266.0,2023-04-13
greengrassfoods,"Green Grass Foods, Inc.",2018-08-11,2019-07-26,0.9555099247091033,0,last_supplied_sub_1b_round_proxy,2.0,2.0,3562000.0,2820000.0,0.0,0.0,1.998631074606434,241.0,2017-12-13
gohenry,GoHenry Limited,2018-06-07,2018-10-31,0.3997262149212868,0,last_supplied_sub_1b_round_proxy,1.0,1.0,5820000.0,5820000.0,0.0,0.0,1.998631074606434,730.0,2016-06-07
magicleap,"Magic Leap, Inc.",2016-02-05,2020-07-07,4.418891170431212,1,first_ge_1b_event,1.0,1.0,31300000.0,31300000.0,0.0,0.0,1.998631074606434,730.0,2014-02-05
lunaroutpost,Lunar Outpost Inc,2024-05-09,2024-11-13,0.5147159479808351,0,last_supplied_sub_1b_round_proxy,1.0,1.0,12060000.0,12060000.0,5.0,5.0,1.998631074606434,730.0,2022-05-10
squarerobot,"Square Robot, Inc.",2019-10-19,2025-12-23,6.179329226557153,0,last_supplied_sub_1b_round_proxy,1.0,1.0,3000000.0,3000000.0,0.0,0.0,1.998631074606434,730.0,2017-10-19
lantos,"Lantos Technologies, Inc.",2021-10-30,2021-12-09,0.10951403148528405,0,last_supplied_sub_1b_round_proxy,1.0,1.0,5200000.0,5200000.0,0.0,0.0,1.998631074606434,730.0,2019-10-31
occipital,"Occipital, Inc.",2013-08-08,2015-07-28,1.9685147159479808,0,last_supplied_sub_1b_round_proxy,1.0,1.0,7000000.0,7000000.0,3.0,3.0,1.998631074606434,730.0,2011-08-09
taskeasy,"TaskEasy, Inc.",2018-04-26,2019-11-05,1.5277207392197125,0,last_supplied_sub_1b_round_proxy,1.0,1.0,11760000.0,11760000.0,6.0,6.0,1.998631074606434,730.0,2016-04-26
livly,"Livly, Inc.",2021-03-11,2024-08-13,3.4250513347022586,0,last_supplied_sub_1b_round_proxy,1.0,1.0,10000000.0,10000000.0,7.0,7.0,1.998631074606434,730.0,2019-03-12
allbound,"Allbound, Inc.",2017-09-22,2022-07-26,4.8405201916495555,0,last_supplied_sub_1b_round_proxy,2.0,2.0,2610000.0,1510000.0,3.0,3.0,1.998631074606434,339.0,2016-10-18
cropinsolutionspvt,CropIn Technology Solutions Pvt. Ltd.,2019-09-25,2022-12-09,3.2060232717316905,0,last_supplied_sub_1b_round_proxy,1.0,1.0,2350000.0,2350000.0,3.0,3.0,1.998631074606434,730.0,2017-09-25
roo,"Roo, LLC",2022-09-16,2023-12-14,1.242984257357974,0,last_supplied_sub_1b_round_proxy,1.0,1.0,174000.0,174000.0,0.0,0.0,1.998631074606434,730.0,2020-09-16
blackkite,"Black Kite, Inc.",2018-06-14,2021-10-13,3.3319644079397674,0,last_supplied_sub_1b_round_proxy,1.0,1.0,50000.0,50000.0,1.0,1.0,1.998631074606434,730.0,2016-06-14
roofstock,"Roofstock, Inc.",2017-12-28,2022-03-10,4.1971252566735116,1,first_ge_1b_event,2.0,2.0,27000000.0,20000000.0,6.0,6.0,1.998631074606434,409.0,2016-11-14
zaius,"Zaius, Inc.",2016-06-09,2018-04-12,1.839835728952772,0,last_supplied_sub_1b_round_proxy,2.0,2.0,14310000.0,8000000.0,3.0,3.0,1.998631074606434,45.0,2016-04-25
cowboysa,Cowboy SA,2022-01-09,2024-09-04,2.652977412731006,0,last_supplied_sub_1b_round_proxy,1.0,1.0,4670000.0,4670000.0,0.0,0.0,1.998631074606434,730.0,2020-01-10
silentpush,"Silent Push, Inc.",2025-06-13,2025-09-12,0.24914442162902123,0,last_supplied_sub_1b_round_proxy,2.0,2.0,20000000.0,10000000.0,2.0,2.0,1.998631074606434,184.0,2024-12-11
crowdcube,Crowdcube Limited,2015-05-09,2015-07-30,0.2245037645448323,0,last_supplied_sub_1b_round_proxy,2.0,2.0,10860000.0,8530000.0,2.0,2.0,1.998631074606434,291.0,2014-07-22
verterotherapeutics,"Vertero Therapeutics, Inc.",2018-11-30,2025-10-21,6.891170431211499,0,last_supplied_sub_1b_round_proxy,1.0,1.0,19150000.0,19150000.0,4.0,4.0,1.998631074606434,730.0,2016-11-30
tavaorganics,"Tava Organics, Ltd.",2018-08-31,2021-06-15,2.7898699520876113,0,last_supplied_sub_1b_round_proxy,2.0,2.0,3350000.0,2000000.0,0.0,0.0,1.998631074606434,442.0,2017-06-15
klaviyonysekvyo,"Klaviyo, Inc. (NYSE:KVYO)",2018-03-31,2020-11-17,2.6338124572210813,1,first_ge_1b_event,1.0,1.0,7000000.0,7000000.0,1.0,1.0,1.998631074606434,730.0,2016-03-31
grobiosciences,GRO Biosciences Inc.,2021-03-21,2024-07-18,3.326488706365503,0,last_supplied_sub_1b_round_proxy,1.0,1.0,3750000.0,3750000.0,0.0,0.0,1.998631074606434,730.0,2019-03-22
techm3,"TECH M3, INC.",2013-04-21,2019-04-12,5.973990417522245,0,last_supplied_sub_1b_round_proxy,1.0,1.0,1120000.0,1120000.0,0.0,0.0,1.998631074606434,730.0,2011-04-22
iyunoasiapte,I-YUNO Asia Pte. Ltd.,2020-04-09,2022-01-27,1.8015058179329226,1,first_ge_1b_event,1.0,1.0,23500000.0,23500000.0,1.0,1.0,1.998631074606434,730.0,2018-04-10
pellepharm,"PellePharm, Inc.",2017-07-23,2018-07-03,0.944558521560575,0,last_supplied_sub_1b_round_proxy,1.0,1.0,4550000.0,4550000.0,0.0,0.0,1.998631074606434,730.0,2015-07-24
oncorps,OnCorps LLC,2021-09-30,2022-03-21,0.47091033538672145,0,last_supplied_sub_1b_round_proxy,1.0,1.0,2340000.0,2340000.0,0.0,0.0,1.998631074606434,730.0,2019-10-01
armorcode,"ArmorCode, Inc.",2023-05-13,2026-03-03,2.8062970568104038,0,last_supplied_sub_1b_round_proxy,3.0,3.0,25000000.0,14000000.0,5.0,4.0,1.998631074606434,178.0,2022-11-16
ollion,"Ollion, Inc.",2013-11-21,2014-10-14,0.8952772073921971,0,last_supplied_sub_1b_round_proxy,1.0,1.0,600000.0,600000.0,2.0,2.0,1.998631074606434,730.0,2011-11-22
ten63therapeutics,"Ten63 Therapeutics, Inc.",2023-01-27,2026-02-19,3.0636550308008212,0,last_supplied_sub_1b_round_proxy,1.0,1.0,2150000.0,2150000.0,1.0,1.0,1.998631074606434,730.0,2021-01-27
seastreet,"Sea Street Technologies, Inc.",2015-12-31,2018-02-20,2.1409993155373033,0,last_supplied_sub_1b_round_proxy,1.0,1.0,3640000.0,3640000.0,0.0,0.0,1.998631074606434,730.0,2013-12-31
dtccdigitalus,DTCC Digital (US) Inc.,2020-03-11,2021-04-26,1.1252566735112937,0,last_supplied_sub_1b_round_proxy,2.0,2.0,18760000.0,17760000.0,6.0,5.0,1.998631074606434,64.0,2020-01-07
braincare,Braincare Limited,2022-11-25,2025-12-09,3.0390143737166326,0,last_supplied_sub_1b_round_proxy,1.0,1.0,2310000.0,2310000.0,1.0,1.0,1.998631074606434,730.0,2020-11-25
rategravity,"Rategravity, Inc.",2019-05-02,2021-01-14,1.7056810403832992,0,last_supplied_sub_1b_round_proxy,2.0,2.0,2150000.0,2029999.9999999998,2.0,1.0,1.998631074606434,729.0,2017-05-03
under,"Under Technologies, Inc.",2020-10-23,2021-06-08,0.6242299794661191,0,last_supplied_sub_1b_round_proxy,2.0,2.0,4770000.0,2500000.0,1.0,1.0,1.998631074606434,435.0,2019-08-15
agrivida,"Agrivida, Inc.",2014-09-11,2019-07-24,4.865160848733744,0,last_supplied_sub_1b_round_proxy,1.0,1.0,8520000.0,8520000.0,10.0,10.0,1.998631074606434,730.0,2012-09-11
defensestorm,"DefenseStorm, Inc.",2022-08-25,2024-04-23,1.6618754277891854,0,last_supplied_sub_1b_round_proxy,3.0,3.0,32080000.0,15000000.0,5.0,2.0,1.998631074606434,79.0,2022-06-07
presencelearning,"PresenceLearning, Inc.",2015-04-25,2020-05-19,5.06776180698152,0,last_supplied_sub_1b_round_proxy,1.0,1.0,8130000.000000001,8130000.000000001,6.0,6.0,1.998631074606434,730.0,2013-04-25
dreamboxlearning,"DreamBox Learning, Inc.",2013-12-06,2015-08-27,1.7221081451060918,0,last_supplied_sub_1b_round_proxy,1.0,1.0,11000000.0,11000000.0,3.0,3.0,1.998631074606434,730.0,2011-12-07
accessvascular,"Access Vascular, Inc.",2020-10-01,2023-10-31,3.080082135523614,0,last_supplied_sub_1b_round_proxy,1.0,1.0,3830000.0,3830000.0,1.0,1.0,1.998631074606434,730.0,2018-10-02
xlbatteries,"XL Batteries, Inc.",2025-02-22,2025-08-20,0.49007529089664614,0,last_supplied_sub_1b_round_proxy,1.0,1.0,10000000.0,10000000.0,4.0,4.0,1.998631074606434,730.0,2023-02-23
owneriq,"ownerIQ, Inc.",2013-06-16,2018-05-01,4.87337440109514,0,last_supplied_sub_1b_round_proxy,2.0,2.0,14500000.0,7500000.0,8.0,8.0,1.998631074606434,349.0,2012-07-02
temporal,Temporal Technologies Inc.,2021-10-30,2025-03-31,3.4168377823408624,1,first_ge_1b_event,2.0,2.0,25430000.0,18680000.0,4.0,4.0,1.998631074606434,380.0,2020-10-15
m2xenergy,M2X Energy Inc.,2023-12-31,2024-06-20,0.47091033538672145,0,last_supplied_sub_1b_round_proxy,1.0,1.0,20000000.0,20000000.0,4.0,4.0,1.998631074606434,730.0,2021-12-31
splitwise,"Splitwise, Inc.",2020-07-25,2021-04-28,0.758384668035592,0,last_supplied_sub_1b_round_proxy,1.0,1.0,9870000.0,9870000.0,0.0,0.0,1.998631074606434,730.0,2018-07-26
chroma,Chroma Inc.,2015-06-15,2023-04-06,7.808350444900753,0,last_supplied_sub_1b_round_proxy,1.0,1.0,20000.0,20000.0,1.0,1.0,1.998631074606434,730.0,2013-06-15
transversemedical,Transverse Medical Inc.,2020-10-02,2025-04-28,4.569472963723477,0,last_supplied_sub_1b_round_proxy,1.0,1.0,550000.0,550000.0,0.0,0.0,1.998631074606434,730.0,2018-10-03
blockskye,"Blockskye, Inc.",2021-04-03,2025-07-17,4.287474332648871,0,last_supplied_sub_1b_round_proxy,1.0,1.0,2400000.0,2400000.0,1.0,1.0,1.998631074606434,730.0,2019-04-04
2020biolabsnasdaqcmaidx,"20/20 Biolabs, Inc. (NasdaqCM:AIDX)",2018-02-03,2025-02-28,7.069130732375085,0,last_supplied_sub_1b_round_proxy,2.0,2.0,3070000.0,2000000.0,0.0,0.0,1.998631074606434,8.0,2018-01-26
eatstreet,"EatStreet, Inc.",2015-04-10,2018-10-19,3.5263518138261465,0,last_supplied_sub_1b_round_proxy,2.0,2.0,11250000.0,8800000.0,7.0,6.0,1.998631074606434,185.0,2014-10-07
lucidgreen,"Lucid Green, Inc.",2021-07-01,2025-09-22,4.227241615331964,0,last_supplied_sub_1b_round_proxy,1.0,1.0,1850000.0,1850000.0,0.0,0.0,1.998631074606434,730.0,2019-07-02
modvans,ModVans Inc.,2022-07-01,2022-12-29,0.49555099247091033,0,last_supplied_sub_1b_round_proxy,2.0,2.0,1249000.0,1060000.0,0.0,0.0,1.998631074606434,434.0,2021-04-23
yesware,"Yesware, Inc.",2013-09-26,2018-08-08,4.865160848733744,0,last_supplied_sub_1b_round_proxy,2.0,2.0,5000000.0,4000000.0,4.0,4.0,1.998631074606434,463.0,2012-06-20
aulosbioscience,"Aulos Bioscience, Inc.",2023-01-08,2023-08-01,0.5612594113620808,0,last_supplied_sub_1b_round_proxy,1.0,1.0,40000000.0,40000000.0,1.0,1.0,1.998631074606434,730.0,2021-01-08
realmagic,"Real Magic, Inc.",2021-06-19,2024-08-08,3.137577002053388,0,last_supplied_sub_1b_round_proxy,2.0,2.0,20000000.0,14000000.0,1.0,1.0,1.998631074606434,114.0,2021-02-25
stemgenics,"Stemgenics, Inc.",2016-01-03,2018-07-20,2.543463381245722,0,last_supplied_sub_1b_round_proxy,1.0,1.0,1100000.0,1100000.0,0.0,0.0,1.998631074606434,730.0,2014-01-03
verve,"Verve, Inc.",2022-04-10,2023-07-28,1.297741273100616,0,last_supplied_sub_1b_round_proxy,1.0,1.0,5250000.0,5250000.0,0.0,0.0,1.998631074606434,730.0,2020-04-10
blueswireless,Blues Wireless Inc.,2022-03-26,2025-07-07,3.2826830937713893,0,last_supplied_sub_1b_round_proxy,1.0,1.0,11060000.0,11060000.0,1.0,1.0,1.998631074606434,730.0,2020-03-26
insphireio,inspHIRE IO Corp.,2021-03-05,2023-03-07,2.004106776180698,0,last_supplied_sub_1b_round_proxy,1.0,1.0,8400000.0,8400000.0,8.0,8.0,1.998631074606434,730.0,2019-03-06
wherobots,Wherobots Inc.,2024-09-26,2024-11-26,0.16700889801505817,0,last_supplied_sub_1b_round_proxy,1.0,1.0,5500000.0,5500000.0,2.0,2.0,1.998631074606434,730.0,2022-09-27
metaxintegratedcircuitsshanghaishse688802,"MetaX Integrated Circuits (Shanghai) Co., Ltd. (SHSE:688802)",2022-12-31,2025-02-28,2.16290212183436,1,first_ge_1b_event,1.0,1.0,10720000.0,10720000.0,3.0,3.0,1.998631074606434,730.0,2020-12-31
swishanalytics,Swish Analytics Inc.,2017-11-09,2021-11-17,4.0219028062970565,0,last_supplied_sub_1b_round_proxy,1.0,1.0,20000.0,20000.0,1.0,1.0,1.998631074606434,730.0,2015-11-10
murj,"Murj, Inc.",2020-05-08,2022-04-01,1.8973305954825461,0,last_supplied_sub_1b_round_proxy,1.0,1.0,8500000.0,8500000.0,2.0,2.0,1.998631074606434,730.0,2018-05-09
squadlocker,"SquadLocker, Inc.",2019-05-01,2020-02-25,0.8213552361396304,0,last_supplied_sub_1b_round_proxy,1.0,1.0,4000000.0,4000000.0,0.0,0.0,1.998631074606434,730.0,2017-05-01
yieldmo,"Yieldmo, Inc.",2015-12-04,2017-06-23,1.5523613963039014,0,last_supplied_sub_1b_round_proxy,2.0,2.0,18000000.0,10000000.0,7.0,6.0,1.998631074606434,408.0,2014-10-22
exitherapharmaceuticals,"eXIthera Pharmaceuticals, Inc.",2021-06-26,2022-07-01,1.0130047912388775,0,last_supplied_sub_1b_round_proxy,1.0,1.0,6000000.0,6000000.0,1.0,1.0,1.998631074606434,730.0,2019-06-27
sthaler,Sthaler Limited,2017-06-28,2018-08-01,1.0924024640657084,0,last_supplied_sub_1b_round_proxy,3.0,3.0,5419000.0,3880000.0,1.0,1.0,1.998631074606434,50.0,2017-05-09
elementalmachines,"Elemental Machines, Inc.",2018-02-02,2026-05-29,8.317590691307323,0,last_supplied_sub_1b_round_proxy,1.0,1.0,2500000.0,2500000.0,4.0,4.0,1.998631074606434,730.0,2016-02-03
grubmarket,"GrubMarket, Inc.",2017-01-27,2022-02-16,5.054072553045859,1,first_ge_1b_event,3.0,3.0,32170000.0,19240000.0,11.0,6.0,1.998631074606434,176.0,2016-08-04
targetarm,Target Arm Inc.,2022-05-14,2025-12-10,3.575633127994524,0,last_supplied_sub_1b_round_proxy,1.0,1.0,120000.0,120000.0,1.0,1.0,1.998631074606434,730.0,2020-05-14
lookingglassfactory,Looking Glass Factory Inc.,2019-02-27,2023-02-07,3.9452429842573578,0,last_supplied_sub_1b_round_proxy,1.0,1.0,10000000.0,10000000.0,1.0,1.0,1.998631074606434,730.0,2017-02-27
creator,Creator Inc.,2014-06-06,2017-09-30,3.3182751540041067,0,last_supplied_sub_1b_round_proxy,1.0,1.0,50000.0,50000.0,1.0,1.0,1.998631074606434,730.0,2012-06-06
incubex,"IncubEx, Inc.",2020-04-26,2021-04-23,0.9911019849418207,0,last_supplied_sub_1b_round_proxy,1.0,1.0,5000000.0,5000000.0,1.0,1.0,1.998631074606434,730.0,2018-04-27
civatechoncology,"CivaTech Oncology, Inc.",2019-08-15,2021-12-12,2.327173169062286,0,last_supplied_sub_1b_round_proxy,1.0,1.0,916000.0,916000.0,0.0,0.0,1.998631074606434,730.0,2017-08-15
norma,Norma Inc.,2023-12-31,2024-08-06,0.5995893223819302,0,last_supplied_sub_1b_round_proxy,1.0,0.0,0.0,0.0,0.0,0.0,1.998631074606434,730.0,2021-12-31
ourbodyelectric,"Our Body Electric, Inc.",2021-06-06,2021-07-22,0.12594113620807665,0,last_supplied_sub_1b_round_proxy,1.0,1.0,4220000.0,4220000.0,1.0,1.0,1.998631074606434,730.0,2019-06-07
readcoor,"ReadCoor, Inc.",2018-09-28,2020-01-10,1.2840520191649556,0,last_supplied_sub_1b_round_proxy,1.0,1.0,23000000.0,23000000.0,3.0,3.0,1.998631074606434,730.0,2016-09-28
interplaylearning,"Interplay Learning, Inc.",2018-10-04,2021-02-17,2.3737166324435317,0,last_supplied_sub_1b_round_proxy,1.0,1.0,1000000.0,1000000.0,2.0,2.0,1.998631074606434,730.0,2016-10-04
verasecurity,"Vera Security, Inc.",2016-11-17,2019-09-06,2.8008213552361396,0,last_supplied_sub_1b_round_proxy,1.0,1.0,10270000.0,10270000.0,2.0,2.0,1.998631074606434,730.0,2014-11-18
innovid,Innovid Corp.,2013-08-29,2015-03-27,1.5742642026009583,0,last_supplied_sub_1b_round_proxy,1.0,1.0,9500000.0,9500000.0,3.0,3.0,1.998631074606434,730.0,2011-08-30
oneskin,OneSkin Inc.,2018-07-14,2024-10-03,6.223134839151267,0,last_supplied_sub_1b_round_proxy,1.0,1.0,250000.0,250000.0,1.0,1.0,1.998631074606434,730.0,2016-07-14
apptopia,"Apptopia, Inc.",2020-04-01,2021-05-11,1.108829568788501,0,last_supplied_sub_1b_round_proxy,1.0,1.0,2700000.0,2700000.0,3.0,3.0,1.998631074606434,730.0,2018-04-02
d3,D3 Technology Inc.,2012-05-13,2016-06-27,4.123203285420945,0,last_supplied_sub_1b_round_proxy,1.0,1.0,500000.0,500000.0,0.0,0.0,1.998631074606434,730.0,2010-05-14
ivexsol,iVexSol Inc.,2022-12-01,2023-01-26,0.15331964407939766,0,last_supplied_sub_1b_round_proxy,1.0,1.0,13000000.0,13000000.0,2.0,2.0,1.998631074606434,730.0,2020-12-01
hireart,HireArt Inc.,2021-07-30,2022-07-18,0.9664613278576317,0,last_supplied_sub_1b_round_proxy,1.0,1.0,5800000.0,5800000.0,0.0,0.0,1.998631074606434,730.0,2019-07-31
farmwise,"FarmWise Labs, Inc.",2021-09-17,2023-05-12,1.648186173853525,0,last_supplied_sub_1b_round_proxy,1.0,1.0,15560000.0,15560000.0,4.0,4.0,1.998631074606434,730.0,2019-09-18
righthandrobotics,"RightHand Robotics, Inc.",2017-10-06,2018-12-17,1.1964407939767283,0,last_supplied_sub_1b_round_proxy,1.0,1.0,3220000.0,3220000.0,0.0,0.0,1.998631074606434,730.0,2015-10-07
coinroutes,CoinRoutes Inc.,2021-10-21,2022-03-18,0.405201916495551,0,last_supplied_sub_1b_round_proxy,1.0,1.0,3180000.0,3180000.0,1.0,1.0,1.998631074606434,730.0,2019-10-22
foldax,"Foldax, Inc.",2017-08-30,2023-11-07,6.187542778918549,0,last_supplied_sub_1b_round_proxy,2.0,2.0,5580000.0,3080000.0,1.0,1.0,1.998631074606434,400.0,2016-07-26
seismicsoftware,"Seismic Software, Inc.",2015-08-15,2018-12-18,3.3429158110882957,1,first_ge_1b_event,2.0,2.0,24520000.0,20000000.0,2.0,2.0,1.998631074606434,219.0,2015-01-08
go1pty,GO1 Pty Limited,2017-08-17,2022-05-31,4.785763175906913,1,first_ge_1b_event,1.0,1.0,120000.0,120000.0,1.0,1.0,1.998631074606434,730.0,2015-08-18
testlio,Testlio Inc.,2018-04-12,2021-10-26,3.540041067761807,0,last_supplied_sub_1b_round_proxy,1.0,1.0,6250000.0,6250000.0,2.0,2.0,1.998631074606434,730.0,2016-04-12
polimorphic,"Polimorphic, Inc.",2021-09-25,2025-06-09,3.704312114989733,0,last_supplied_sub_1b_round_proxy,1.0,1.0,150000.0,150000.0,1.0,1.0,1.998631074606434,730.0,2019-09-26
ascension,"Ascension Labs, Inc.",2017-12-10,2019-07-17,1.5989048596851472,0,last_supplied_sub_1b_round_proxy,1.0,1.0,6000000.0,6000000.0,7.0,7.0,1.998631074606434,730.0,2015-12-11
unifysquare,"Unify Square, Inc.",2016-04-06,2018-06-29,2.2286105407255303,0,last_supplied_sub_1b_round_proxy,2.0,2.0,23950000.0,12220000.0,2.0,2.0,1.998631074606434,258.0,2015-07-23
anchor,"Anchor Labs, Inc.",2019-12-31,2026-02-05,6.099931553730322,1,first_ge_1b_event,1.0,1.0,17000000.0,17000000.0,3.0,3.0,1.998631074606434,730.0,2017-12-31
geneostherapeutics,"Geneos Therapeutics, Inc.",2021-02-20,2023-09-27,2.598220396988364,0,last_supplied_sub_1b_round_proxy,1.0,1.0,10500000.0,10500000.0,2.0,2.0,1.998631074606434,730.0,2019-02-21
infobionic,"InfoBionic, Inc.",2020-09-10,2023-10-16,3.0965092402464065,0,last_supplied_sub_1b_round_proxy,1.0,1.0,49650000.0,49650000.0,5.0,5.0,1.998631074606434,730.0,2018-09-11
apixio,"Apixio, Inc.",2014-08-17,2018-08-14,3.991786447638604,0,last_supplied_sub_1b_round_proxy,1.0,1.0,7440000.0,7440000.0,0.0,0.0,1.998631074606434,730.0,2012-08-17
truewerk,"Truewerk, Inc.",2021-08-11,2023-06-28,1.8781656399726214,0,last_supplied_sub_1b_round_proxy,1.0,1.0,1610000.0,1610000.0,3.0,3.0,1.998631074606434,730.0,2019-08-12
o9solutions,"o9 Solutions, Inc.",2017-05-31,2022-01-26,4.657084188911704,1,first_ge_1b_event,1.0,1.0,9000000.0,9000000.0,0.0,0.0,1.998631074606434,730.0,2015-06-01
shenzheninvttransportation,"Shenzhen INVT Transportation Technology Co., Ltd.",2018-12-14,2021-06-02,2.4668035592060233,0,last_supplied_sub_1b_round_proxy,1.0,1.0,8690000.0,8690000.0,1.0,1.0,1.998631074606434,730.0,2016-12-14
avadain,"Avadain, Inc.",2024-08-18,2025-05-13,0.7337440109514032,0,last_supplied_sub_1b_round_proxy,2.0,2.0,5870000.0,4500000.0,0.0,0.0,1.998631074606434,298.0,2023-10-25
lastline,"Lastline, Inc.",2013-07-31,2017-07-11,3.9452429842573578,0,last_supplied_sub_1b_round_proxy,1.0,1.0,900000.0,900000.0,0.0,0.0,1.998631074606434,730.0,2011-08-01
lumithera,"LumiThera, Inc.",2019-10-31,2025-02-26,5.325119780971937,0,last_supplied_sub_1b_round_proxy,1.0,1.0,5540000.0,5540000.0,0.0,0.0,1.998631074606434,730.0,2017-10-31
spexisag,Spexis AG,2018-05-12,2019-09-30,1.3853524982888432,0,last_supplied_sub_1b_round_proxy,1.0,1.0,2900000.0,2900000.0,2.0,2.0,1.998631074606434,730.0,2016-05-12
pacificintegratedenergy,"Pacific Integrated Energy, Inc.",2012-09-13,2020-10-28,8.123203285420944,0,last_supplied_sub_1b_round_proxy,1.0,1.0,4000000.0,4000000.0,0.0,0.0,1.998631074606434,730.0,2010-09-14
vology,"Vology, Inc.",2013-02-23,2017-10-11,4.629705681040384,0,last_supplied_sub_1b_round_proxy,1.0,1.0,15000000.0,15000000.0,3.0,3.0,1.998631074606434,730.0,2011-02-24
sesainyseses,SES AI Corporation (NYSE:SES),2015-09-20,2016-01-29,0.3586584531143053,0,last_supplied_sub_1b_round_proxy,1.0,1.0,4500000.0,4500000.0,2.0,2.0,1.998631074606434,730.0,2013-09-20
imagry,Imagry Inc.,2019-08-05,2022-09-30,3.154004106776181,0,last_supplied_sub_1b_round_proxy,1.0,1.0,6100000.0,6100000.0,0.0,0.0,1.998631074606434,730.0,2017-08-05
bondlink,"BondLink, Inc.",2019-12-31,2021-05-19,1.3826146475017111,0,last_supplied_sub_1b_round_proxy,1.0,1.0,17050000.0,17050000.0,2.0,2.0,1.998631074606434,730.0,2017-12-31
sidecarinteractive,"Sidecar Interactive, Inc.",2015-01-09,2019-07-25,4.539356605065024,0,last_supplied_sub_1b_round_proxy,1.0,1.0,1500000.0,1500000.0,4.0,4.0,1.998631074606434,730.0,2013-01-09
timescale,"Timescale, Inc.",2017-06-14,2019-01-29,1.626283367556468,0,last_supplied_sub_1b_round_proxy,1.0,1.0,3760000.0,3760000.0,0.0,0.0,1.998631074606434,730.0,2015-06-15
maculogix,"MacuLogix, Inc.",2017-07-30,2019-03-04,1.593429158110883,0,last_supplied_sub_1b_round_proxy,1.0,1.0,5000000.0,5000000.0,4.0,4.0,1.998631074606434,730.0,2015-07-31
abxr,"ABXR Labs, Inc.",2023-10-05,2025-07-07,1.754962354551677,0,last_supplied_sub_1b_round_proxy,1.0,1.0,4950000.0,4950000.0,1.0,1.0,1.998631074606434,730.0,2021-10-05
stridefunding,"Stride Funding, Inc.",2023-12-02,2024-04-26,0.3997262149212868,0,last_supplied_sub_1b_round_proxy,1.0,1.0,12000000.0,12000000.0,6.0,6.0,1.998631074606434,730.0,2021-12-02
cellicstherapeutics,"Cellics Therapeutics, Inc.",2019-04-21,2022-02-17,2.8281998631074607,0,last_supplied_sub_1b_round_proxy,2.0,2.0,13000000.0,7000000.0,0.0,0.0,1.998631074606434,363.0,2018-04-23
wanderjaunt,"WanderJaunt, Inc.",2019-08-02,2019-09-18,0.12867898699520877,0,last_supplied_sub_1b_round_proxy,1.0,1.0,2000000.0,2000000.0,4.0,4.0,1.998631074606434,730.0,2017-08-02
nexla,"Nexla, Inc.",2019-05-16,2021-09-14,2.3326488706365502,0,last_supplied_sub_1b_round_proxy,1.0,1.0,3510000.0,3510000.0,4.0,4.0,1.998631074606434,730.0,2017-05-16
avafood,"Ava Food Labs, Inc.",2018-07-14,2020-04-08,1.7357973990417521,0,last_supplied_sub_1b_round_proxy,2.0,2.0,7100000.0,7050000.0,1.0,1.0,1.998631074606434,198.0,2017-12-28
seedrs,Seedrs Limited,2016-01-30,2017-10-03,1.675564681724846,0,last_supplied_sub_1b_round_proxy,2.0,2.0,15980000.0,11730000.0,3.0,3.0,1.998631074606434,185.0,2015-07-29
napajenpharma,"NapaJen Pharma, Inc.",2016-02-13,2021-09-17,5.593429158110883,0,last_supplied_sub_1b_round_proxy,1.0,1.0,9000000.0,9000000.0,2.0,2.0,1.998631074606434,730.0,2014-02-13
templum,"Templum, Inc.",2019-10-26,2026-05-01,6.513347022587269,0,last_supplied_sub_1b_round_proxy,2.0,2.0,12700000.0,10000000.0,5.0,4.0,1.998631074606434,551.0,2018-04-23
warmly,"Warmly, Inc.",2022-04-30,2023-10-19,1.4702258726899384,0,last_supplied_sub_1b_round_proxy,2.0,2.0,2220000.0,2100000.0,4.0,3.0,1.998631074606434,625.0,2020-08-13
senserasystems,"Sensera Systems, Inc.",2025-08-14,2026-02-26,0.5366187542778919,0,last_supplied_sub_1b_round_proxy,1.0,0.0,0.0,0.0,2.0,2.0,1.998631074606434,730.0,2023-08-15
orthalign,"OrthAlign, Inc.",2012-12-07,2020-09-02,7.737166324435318,0,last_supplied_sub_1b_round_proxy,1.0,1.0,3970000.0,3970000.0,0.0,0.0,1.998631074606434,730.0,2010-12-08
aptihealth,"AptiHealth, Inc.",2021-06-25,2023-04-05,1.7768651608487338,0,last_supplied_sub_1b_round_proxy,1.0,1.0,2500000.0,2500000.0,1.0,1.0,1.998631074606434,730.0,2019-06-26
soci,"SOCi, Inc.",2019-08-06,2020-01-30,0.48459958932238195,0,last_supplied_sub_1b_round_proxy,2.0,2.0,18760000.0,10500000.0,8.0,7.0,1.998631074606434,342.0,2018-08-29
vibenomics,Vibenomics Inc.,2019-10-12,2022-05-31,2.6338124572210813,0,last_supplied_sub_1b_round_proxy,1.0,1.0,3080000.0,3080000.0,3.0,3.0,1.998631074606434,730.0,2017-10-12
legionmentertainment,"Legion M Entertainment, Inc.",2018-08-15,2024-10-29,6.206707734428473,0,last_supplied_sub_1b_round_proxy,1.0,1.0,1000000.0,1000000.0,0.0,0.0,1.998631074606434,730.0,2016-08-15
intensitytherapeuticsnasdaqcmints,"Intensity Therapeutics, Inc. (NasdaqCM:INTS)",2018-06-26,2018-11-02,0.3531827515400411,0,last_supplied_sub_1b_round_proxy,1.0,1.0,10000000.0,10000000.0,4.0,4.0,1.998631074606434,730.0,2016-06-26
fast,Fast Labs Inc.,2014-06-29,2018-06-19,3.972621492128679,0,last_supplied_sub_1b_round_proxy,1.0,1.0,3700000.0,3700000.0,5.0,5.0,1.998631074606434,730.0,2012-06-29
lygos,"Lygos, Inc.",2018-03-23,2019-04-17,1.0677618069815196,0,last_supplied_sub_1b_round_proxy,2.0,2.0,14180000.0,14060000.0,6.0,6.0,1.998631074606434,253.0,2017-07-13
qwick,"Qwick, Inc.",2020-12-19,2021-12-31,1.0321697467488022,0,last_supplied_sub_1b_round_proxy,2.0,2.0,4830000.0,3500000.0,4.0,4.0,1.998631074606434,642.0,2019-03-18
geneaenergypartners,"Genea Energy Partners, Inc.",2018-01-04,2018-06-27,0.47638603696098564,0,last_supplied_sub_1b_round_proxy,1.0,1.0,17370000.0,17370000.0,0.0,0.0,1.998631074606434,730.0,2016-01-05
virohanprivate,Virohan Private Limited,2024-12-07,2025-12-19,1.0321697467488022,0,last_supplied_sub_1b_round_proxy,2.0,2.0,8630000.0,6830000.0,5.0,3.0,1.998631074606434,290.0,2024-02-21
modulate,"Modulate, Inc.",2021-02-26,2022-08-16,1.4674880219028064,0,last_supplied_sub_1b_round_proxy,2.0,2.0,6000000.0,4000000.0,5.0,5.0,1.998631074606434,361.0,2020-03-02
hakimo,Hakimo Inc.,2025-04-24,2026-07-08,1.2046543463381245,0,last_supplied_sub_1b_round_proxy,1.0,1.0,6000000.0,6000000.0,5.0,5.0,1.998631074606434,730.0,2023-04-25
gosun,GoSun Inc.,2022-07-13,2024-09-23,2.198494182067077,0,last_supplied_sub_1b_round_proxy,1.0,1.0,1070000.0,1070000.0,0.0,0.0,1.998631074606434,730.0,2020-07-13
onemoregame,"One More Game, Inc.",2021-12-19,2022-04-19,0.33127994524298426,0,last_supplied_sub_1b_round_proxy,1.0,1.0,5670000.0,5670000.0,2.0,2.0,1.998631074606434,730.0,2019-12-20
sciaps,"SciAps, Inc.",2016-05-17,2023-01-17,6.669404517453799,0,last_supplied_sub_1b_round_proxy,2.0,2.0,13110000.0,8810000.0,6.0,5.0,1.998631074606434,263.0,2015-08-28
table22,"Table22, Inc.",2018-06-07,2020-12-31,2.568104038329911,0,last_supplied_sub_1b_round_proxy,2.0,2.0,2810000.0,2750000.0,1.0,1.0,1.998631074606434,335.0,2017-07-07
barklyprotects,"Barkly Protects, Inc.",2016-11-19,2017-04-26,0.432580424366872,0,last_supplied_sub_1b_round_proxy,2.0,2.0,16990000.0,12500000.0,2.0,2.0,1.998631074606434,515.0,2015-06-23
phylosbioscience,"Phylos Bioscience, Inc.",2017-02-02,2022-02-01,4.996577686516085,0,last_supplied_sub_1b_round_proxy,1.0,1.0,250000.0,250000.0,0.0,0.0,1.998631074606434,730.0,2015-02-03
ssbeverages1,"SS Beverages 1, Inc.",2025-06-12,2025-08-13,0.1697467488021903,0,last_supplied_sub_1b_round_proxy,1.0,0.0,0.0,0.0,0.0,0.0,1.998631074606434,730.0,2023-06-13
zenysis,Zenysis Technologies Inc.,2018-03-22,2022-06-22,4.251882272416153,0,last_supplied_sub_1b_round_proxy,1.0,1.0,120000.0,120000.0,1.0,1.0,1.998631074606434,730.0,2016-03-22
dcfrontierspte,DC Frontiers Pte. Ltd.,2017-03-15,2022-08-12,5.409993155373032,0,last_supplied_sub_1b_round_proxy,1.0,1.0,1440000.0,1440000.0,1.0,1.0,1.998631074606434,730.0,2015-03-16
urbanmassage,Urban Massage Ltd.,2017-05-18,2020-09-28,3.3648186173853527,0,last_supplied_sub_1b_round_proxy,1.0,0.0,0.0,0.0,4.0,4.0,1.998631074606434,730.0,2015-05-19
chasmadvancedmaterials,"CHASM Advanced Materials, Inc.",2020-10-01,2021-08-03,0.837782340862423,0,last_supplied_sub_1b_round_proxy,1.0,1.0,11010000.0,11010000.0,2.0,2.0,1.998631074606434,730.0,2018-10-02
tonalsystems,"Tonal Systems, Inc.",2019-12-31,2021-03-19,1.215605749486653,1,first_ge_1b_event,1.0,1.0,10470000.0,10470000.0,1.0,1.0,1.998631074606434,730.0,2017-12-31
incrediblehealth,"Incredible Health, Inc.",2019-07-12,2022-08-17,3.0992470910335386,1,first_ge_1b_event,1.0,1.0,2000000.0,2000000.0,3.0,3.0,1.998631074606434,730.0,2017-07-12
centaur,Centaur Labs Inc.,2023-08-17,2024-10-08,1.1444216290212184,0,last_supplied_sub_1b_round_proxy,1.0,1.0,15890000.0,15890000.0,5.0,5.0,1.998631074606434,730.0,2021-08-17
foodrxandai,"Food Rx and AI, Inc.",2024-06-19,2024-09-30,0.28199863107460643,0,last_supplied_sub_1b_round_proxy,1.0,1.0,8400000.0,8400000.0,4.0,4.0,1.998631074606434,730.0,2022-06-20
stilt,Stilt Inc.,2018-03-22,2022-03-10,3.9671457905544147,0,last_supplied_sub_1b_round_proxy,1.0,1.0,120000.0,120000.0,1.0,1.0,1.998631074606434,730.0,2016-03-22
polychargeamerica,"PolyCharge America, Inc.",2020-01-12,2022-01-11,1.998631074606434,0,last_supplied_sub_1b_round_proxy,2.0,2.0,9250000.0,7000000.0,2.0,1.0,1.998631074606434,158.0,2019-08-07
twobitcircus,"Two Bit Circus, Inc.",2017-10-27,2018-06-13,0.6269678302532512,0,last_supplied_sub_1b_round_proxy,1.0,1.0,6500000.0,6500000.0,3.0,3.0,1.998631074606434,730.0,2015-10-28
darkhorseconsulting,"Dark Horse Consulting Group, Inc.",2021-07-29,2022-10-04,1.1827515400410678,0,last_supplied_sub_1b_round_proxy,1.0,1.0,2620000.0,2620000.0,1.0,1.0,1.998631074606434,730.0,2019-07-30
cre8tech,Cre8tech Labs Inc.,2020-04-12,2025-01-24,4.785763175906913,0,last_supplied_sub_1b_round_proxy,1.0,1.0,10000000.0,10000000.0,1.0,1.0,1.998631074606434,730.0,2018-04-13
urbansitter,"UrbanSitter, Inc.",2014-01-22,2014-02-13,0.06023271731690623,0,last_supplied_sub_1b_round_proxy,2.0,2.0,7750000.0,6000000.0,4.0,4.0,1.998631074606434,464.0,2012-10-15
10000,"10000, Inc.",2025-07-13,2025-09-02,0.13963039014373715,0,last_supplied_sub_1b_round_proxy,1.0,1.0,11920000.0,11920000.0,0.0,0.0,1.998631074606434,730.0,2023-07-14
blocknative,Blocknative Corporation,2020-06-27,2022-12-15,2.4668035592060233,0,last_supplied_sub_1b_round_proxy,1.0,1.0,2000000.0,2000000.0,1.0,1.0,1.998631074606434,730.0,2018-06-28
camp4therapeuticsnasdaqgmcamp,Camp4 Therapeutics Corporation (NasdaqGM:CAMP),2020-05-30,2021-06-15,1.0431211498973305,0,last_supplied_sub_1b_round_proxy,1.0,1.0,34080000.0,34080000.0,3.0,3.0,1.998631074606434,730.0,2018-05-31
koiosmedical,"Koios Medical, Inc.",2021-01-10,2025-04-30,4.301163586584531,0,last_supplied_sub_1b_round_proxy,1.0,1.0,5000000.0,5000000.0,0.0,0.0,1.998631074606434,730.0,2019-01-11
pawlicyadvisor,Pawlicy Advisor Inc.,2021-04-24,2022-06-15,1.1416837782340863,0,last_supplied_sub_1b_round_proxy,1.0,1.0,100000.0,100000.0,1.0,1.0,1.998631074606434,730.0,2019-04-25
phospholutions,"Phospholutions, Inc.",2021-06-05,2023-08-10,2.1793292265571527,0,last_supplied_sub_1b_round_proxy,1.0,1.0,1500000.0,1500000.0,2.0,2.0,1.998631074606434,730.0,2019-06-06
valencell,"Valencell, Inc.",2013-06-19,2020-01-27,6.606433949349761,0,last_supplied_sub_1b_round_proxy,1.0,1.0,5520000.0,5520000.0,3.0,3.0,1.998631074606434,730.0,2011-06-20
clypd,"clypd, Inc.",2015-03-05,2019-05-17,4.199863107460644,0,last_supplied_sub_1b_round_proxy,2.0,2.0,11690000.0,8320000.0,6.0,6.0,1.998631074606434,471.0,2013-11-19
epilogimagingsystems,"Epilog Imaging Systems, Inc.",2022-07-01,2024-09-25,2.236824093086927,0,last_supplied_sub_1b_round_proxy,1.0,1.0,1070000.0,1070000.0,0.0,0.0,1.998631074606434,730.0,2020-07-01
quiq,"Quiq, Inc.",2018-08-23,2019-07-29,0.9308692676249144,0,last_supplied_sub_1b_round_proxy,2.0,2.0,9500000.0,6500000.0,2.0,2.0,1.998631074606434,161.0,2018-03-15
butlr,"Butlr Technologies, Inc.",2023-07-15,2024-08-26,1.1170431211498972,0,last_supplied_sub_1b_round_proxy,2.0,2.0,27880000.0,20000000.0,11.0,8.0,1.998631074606434,354.0,2022-07-26
simplifi,"Simplifi Holdings, LLC",2015-12-12,2021-10-01,5.804243668720055,1,first_ge_1b_event,1.0,1.0,16000000.0,16000000.0,2.0,2.0,1.998631074606434,730.0,2013-12-12
andros,Andros Technologies Inc.,2018-07-01,2021-07-14,3.0362765229295,0,last_supplied_sub_1b_round_proxy,1.0,1.0,2890000.0,2890000.0,3.0,3.0,1.998631074606434,730.0,2016-07-01
internationalbattery,"International Battery Company, Inc.",2025-04-05,2026-06-18,1.2019164955509924,0,last_supplied_sub_1b_round_proxy,1.0,1.0,16300000.0,16300000.0,0.0,0.0,1.998631074606434,730.0,2023-04-06
wiglenergy,"WiGL eNERGY, Inc.",2023-07-30,2025-02-28,1.5852156057494866,0,last_supplied_sub_1b_round_proxy,1.0,1.0,3770000.0,3770000.0,0.0,0.0,1.998631074606434,730.0,2021-07-30
breezewayhomes,"Breezeway Homes, Inc.",2022-01-02,2022-10-04,0.7529089664613279,0,last_supplied_sub_1b_round_proxy,2.0,2.0,10250000.0,6250000.0,4.0,4.0,1.998631074606434,251.0,2021-04-26
hectareagritech,Hectare Agritech Limited,2017-11-19,2023-03-06,5.292265571526352,0,last_supplied_sub_1b_round_proxy,1.0,1.0,319000.0,319000.0,0.0,0.0,1.998631074606434,730.0,2015-11-20
clarkeindustrialengineering,"Clarke Industrial Engineering, Inc.",2017-04-20,2020-03-31,2.945927446954141,0,last_supplied_sub_1b_round_proxy,3.0,3.0,3738000.0,1860000.0,1.0,1.0,1.998631074606434,428.0,2016-02-17
pulsivsolar,PulsiV Solar Limited,2017-10-26,2022-11-08,5.034907597535934,0,last_supplied_sub_1b_round_proxy,1.0,1.0,765000.0,765000.0,1.0,1.0,1.998631074606434,730.0,2015-10-27
bedrockoceanexploration,"Bedrock Ocean Exploration, PBC",2022-12-31,2023-07-12,0.5284052019164955,0,last_supplied_sub_1b_round_proxy,1.0,1.0,8000000.0,8000000.0,4.0,4.0,1.998631074606434,730.0,2020-12-31
mantelcapture,"Mantel Capture, Inc.",2024-08-22,2024-09-05,0.038329911019849415,0,last_supplied_sub_1b_round_proxy,1.0,1.0,2000000.0,2000000.0,2.0,2.0,1.998631074606434,730.0,2022-08-23
paddle8,"Paddle8, Inc.",2015-04-26,2018-01-23,2.746064339493498,0,last_supplied_sub_1b_round_proxy,1.0,1.0,5530000.0,5530000.0,2.0,2.0,1.998631074606434,730.0,2013-04-26
aurishealth,"Auris Health, Inc.",2016-03-30,2017-08-04,1.3470225872689938,1,first_ge_1b_event,1.0,1.0,33000000.0,33000000.0,4.0,4.0,1.998631074606434,730.0,2014-03-31
solestial,"Solestial, Inc.",2024-10-05,2025-05-15,0.6078028747433265,0,last_supplied_sub_1b_round_proxy,1.0,1.0,11180000.0,11180000.0,5.0,5.0,1.998631074606434,730.0,2022-10-06
clinicient,"Clinicient, Inc.",2012-11-18,2019-07-10,6.639288158795345,0,last_supplied_sub_1b_round_proxy,1.0,1.0,2800000.0,2800000.0,1.0,1.0,1.998631074606434,730.0,2010-11-19
matrixindustries,"MATRIX Industries, Inc.",2018-05-19,2020-06-18,2.083504449007529,0,last_supplied_sub_1b_round_proxy,1.0,1.0,2660000.0,2660000.0,0.0,0.0,1.998631074606434,730.0,2016-05-19
strava,"Strava, Inc.",2013-01-11,2020-11-16,7.846680355920602,1,first_ge_1b_event,2.0,2.0,16100000.0,12600000.0,2.0,2.0,1.998631074606434,535.0,2011-07-26
chartbeat,"Chartbeat, Inc.",2012-08-30,2018-07-25,5.900068446269678,0,last_supplied_sub_1b_round_proxy,1.0,1.0,3000000.0,3000000.0,9.0,9.0,1.998631074606434,730.0,2010-08-31
tivorsanpharmaceuticals,"Tivorsan Pharmaceuticals, Inc",2014-02-22,2018-03-17,4.0629705681040384,0,last_supplied_sub_1b_round_proxy,2.0,2.0,3890000.0,2770000.0,0.0,0.0,1.998631074606434,10.0,2014-02-12
workweekmedia,"Workweek Media, Inc.",2024-03-31,2024-04-19,0.05201916495550993,0,last_supplied_sub_1b_round_proxy,1.0,1.0,4440000.0,4440000.0,0.0,0.0,1.998631074606434,730.0,2022-04-01
neurala,"Neurala, Inc.",2016-12-09,2021-06-24,4.539356605065024,0,last_supplied_sub_1b_round_proxy,1.0,1.0,926000.0,926000.0,1.0,1.0,1.998631074606434,730.0,2014-12-10
focusip,"Focus IP, Inc.",2019-04-18,2024-04-16,4.996577686516085,0,last_supplied_sub_1b_round_proxy,2.0,2.0,15500000.0,10000000.0,3.0,3.0,1.998631074606434,29.0,2019-03-20
neuromotion,Neuromotion Inc.,2020-06-18,2021-12-13,1.486652977412731,0,last_supplied_sub_1b_round_proxy,1.0,1.0,3640000.0,3640000.0,4.0,4.0,1.998631074606434,730.0,2018-06-19
netlify,"Netlify, Inc.",2018-08-16,2021-11-17,3.2553045859000687,1,first_ge_1b_event,2.0,2.0,14550000.0,12000000.0,4.0,4.0,1.998631074606434,372.0,2017-08-09
helionenergy,"Helion Energy, Inc.",2016-08-11,2020-09-22,4.114989733059549,1,first_ge_1b_event,1.0,1.0,1500000.0,1500000.0,2.0,2.0,1.998631074606434,730.0,2014-08-12
epalex,Epalex Corporation,2020-11-19,2022-10-14,1.9000684462696784,0,last_supplied_sub_1b_round_proxy,1.0,1.0,999000.0,999000.0,0.0,0.0,1.998631074606434,730.0,2018-11-20
batonmarket,Baton Market Inc.,2025-01-08,2025-01-21,0.03559206023271732,0,last_supplied_sub_1b_round_proxy,1.0,1.0,2800000.0,2800000.0,2.0,2.0,1.998631074606434,730.0,2023-01-09
ventiva,"Ventiva, Inc.",2023-07-29,2024-02-21,0.5667351129363449,0,last_supplied_sub_1b_round_proxy,1.0,1.0,10380000.0,10380000.0,0.0,0.0,1.998631074606434,730.0,2021-07-29
harvestsavingswealth,Harvest Savings & Wealth Technologies Inc.,2017-05-05,2019-06-25,2.138261464750171,0,last_supplied_sub_1b_round_proxy,3.0,3.0,7300000.0,3300000.0,4.0,3.0,1.998631074606434,81.0,2017-02-13
sigmacomputing,"Sigma Computing, Inc.",2016-04-23,2026-05-18,10.067077344284737,1,first_ge_1b_event,1.0,1.0,8000000.0,8000000.0,1.0,1.0,1.998631074606434,730.0,2014-04-24
seqwell,"seqWell, Inc.",2018-07-15,2023-09-26,5.19917864476386,0,last_supplied_sub_1b_round_proxy,2.0,2.0,2060000.0,1320000.0,0.0,0.0,1.998631074606434,437.0,2017-05-04
seamachinesrobotics,"Sea Machines Robotics, Inc.",2019-05-03,2024-01-12,4.695414099931554,0,last_supplied_sub_1b_round_proxy,3.0,3.0,11760000.0,10110000.0,11.0,9.0,1.998631074606434,137.0,2018-12-17
johnnieo,Johnnie-O Inc.,2017-03-23,2019-01-23,1.83709787816564,0,last_supplied_sub_1b_round_proxy,2.0,2.0,15000000.0,9040000.0,0.0,0.0,1.998631074606434,57.0,2017-01-25
zylo,"Zylo, Inc.",2018-10-13,2019-09-26,0.9527720739219713,0,last_supplied_sub_1b_round_proxy,1.0,1.0,3380000.0,3380000.0,3.0,3.0,1.998631074606434,730.0,2016-10-13
decent,"Decent, Inc.",2020-05-17,2022-04-20,1.9247091033538672,0,last_supplied_sub_1b_round_proxy,1.0,1.0,8000000.0,8000000.0,14.0,14.0,1.998631074606434,730.0,2018-05-18
tippingmrpinkpvt,Tipping Mr Pink Pvt Ltd,2025-12-13,2026-03-18,0.2600958247775496,0,last_supplied_sub_1b_round_proxy,1.0,0.0,0.0,0.0,7.0,7.0,1.998631074606434,730.0,2023-12-14
alluresecurity,"Allure Security Technology, Inc.",2025-02-02,2026-03-19,1.1225188227241616,0,last_supplied_sub_1b_round_proxy,2.0,2.0,19880000.0,10000000.0,7.0,6.0,1.998631074606434,305.0,2024-04-03
clearskydata,"ClearSky Data, Inc.",2015-12-31,2018-11-13,2.869267624914442,0,last_supplied_sub_1b_round_proxy,1.0,1.0,12350000.0,12350000.0,2.0,2.0,1.998631074606434,730.0,2013-12-31
powertechwater,"PowerTech Water, Inc.",2021-09-13,2024-12-30,3.29637234770705,0,last_supplied_sub_1b_round_proxy,1.0,1.0,1500000.0,1500000.0,4.0,4.0,1.998631074606434,730.0,2019-09-14
atheer,"Atheer, Inc.",2016-01-06,2017-10-16,1.7768651608487338,0,last_supplied_sub_1b_round_proxy,1.0,1.0,9200000.0,9200000.0,1.0,1.0,1.998631074606434,730.0,2014-01-06
airworkssolutions,"Airworks Solutions, Inc.",2021-01-10,2023-10-24,2.784394250513347,0,last_supplied_sub_1b_round_proxy,2.0,2.0,3780000.0,2340000.0,4.0,4.0,1.998631074606434,374.0,2020-01-02
weatherflowtempest,"WeatherFlow-Tempest, Inc.",2023-04-15,2025-01-22,1.7741273100616017,0,last_supplied_sub_1b_round_proxy,2.0,2.0,2604000.0,2500000.0,0.0,0.0,1.998631074606434,351.0,2022-04-29
yousolar,"YouSolar, Inc.",2022-08-14,2023-03-15,0.5831622176591376,0,last_supplied_sub_1b_round_proxy,1.0,1.0,1070000.0,1070000.0,0.0,0.0,1.998631074606434,730.0,2020-08-14
weswapcom,WeSwap.com Limited,2018-11-18,2019-07-15,0.6543463381245722,0,last_supplied_sub_1b_round_proxy,1.0,1.0,3020000.0,3020000.0,1.0,1.0,1.998631074606434,730.0,2016-11-18
greenberryscoffeeroasters,"Greenberry's Coffee Roasters, Inc.",2024-02-23,2025-04-28,1.1772758384668036,0,last_supplied_sub_1b_round_proxy,2.0,2.0,336000.0,199000.0,0.0,0.0,1.998631074606434,573.0,2022-07-30
gravyanalytics,"Gravy Analytics, Inc.",2021-01-03,2022-01-06,1.0075290896646132,0,last_supplied_sub_1b_round_proxy,1.0,1.0,5000000.0,5000000.0,0.0,0.0,1.998631074606434,730.0,2019-01-04
torpago,"Torpago, Inc.",2023-11-17,2024-06-06,0.5530458590006845,0,last_supplied_sub_1b_round_proxy,1.0,1.0,2460000.0,2460000.0,2.0,2.0,1.998631074606434,730.0,2021-11-17
mamsy,Mamsy,2013-12-30,2015-02-09,1.111567419575633,0,last_supplied_sub_1b_round_proxy,1.0,0.0,0.0,0.0,1.0,1.0,1.998631074606434,730.0,2011-12-31
auxmoneygmbh,auxmoney GmbH,2015-03-12,2016-02-29,0.9691991786447639,1,first_ge_1b_event,1.0,1.0,12000000.0,12000000.0,2.0,2.0,1.998631074606434,730.0,2013-03-12
criticalinsight,"Critical Insight, Inc.",2020-02-14,2022-06-15,2.3326488706365502,0,last_supplied_sub_1b_round_proxy,2.0,2.0,22350000.0,16000000.0,2.0,2.0,1.998631074606434,87.0,2019-11-19
fortem,"Fortem Technologies, Inc.",2019-05-06,2019-06-13,0.10403832991101986,0,last_supplied_sub_1b_round_proxy,1.0,1.0,5060000.0,5060000.0,2.0,2.0,1.998631074606434,730.0,2017-05-06
stord,"Stord, Inc.",2020-04-17,2022-05-10,2.0616016427104724,1,first_ge_1b_event,2.0,2.0,15040000.0,12410000.0,4.0,4.0,1.998631074606434,378.0,2019-04-05
vivvi,"Vivvi, Inc.",2020-10-31,2022-02-16,1.2950034223134839,0,last_supplied_sub_1b_round_proxy,2.0,2.0,10250000.0,8000000.0,0.0,0.0,1.998631074606434,299.0,2020-01-06
neumentum,"Neumentum, Inc.",2019-12-06,2021-10-14,1.8562628336755647,0,last_supplied_sub_1b_round_proxy,1.0,1.0,6000000.0,6000000.0,0.0,0.0,1.998631074606434,730.0,2017-12-06
spire,"Spire, Inc.",2017-03-23,2021-07-19,4.323066392881588,0,last_supplied_sub_1b_round_proxy,1.0,1.0,120000.0,120000.0,1.0,1.0,1.998631074606434,730.0,2015-03-24
knock,"Knock, Inc.",2017-04-02,2024-02-15,6.872005475701574,0,last_supplied_sub_1b_round_proxy,2.0,2.0,2840000.0,1650000.0,0.0,0.0,1.998631074606434,219.0,2016-08-26
talentsky,"TalentSky, Inc.",2018-01-12,2018-05-07,0.31485284052019163,0,last_supplied_sub_1b_round_proxy,1.0,1.0,7500000.0,7500000.0,0.0,0.0,1.998631074606434,730.0,2016-01-13
jobsandtalentsl,Jobs and Talent S.L.,2017-05-26,2021-12-01,4.517453798767967,1,first_ge_1b_event,1.0,1.0,35880000.0,35880000.0,4.0,4.0,1.998631074606434,730.0,2015-05-27
wellframe,Wellframe Inc.,2016-09-07,2017-07-12,0.8432580424366872,0,last_supplied_sub_1b_round_proxy,1.0,1.0,8500000.0,8500000.0,3.0,3.0,1.998631074606434,730.0,2014-09-08
reflektion,"Reflektion, Inc.",2016-03-03,2017-10-25,1.6454483230663928,0,last_supplied_sub_1b_round_proxy,1.0,1.0,8000000.0,8000000.0,2.0,2.0,1.998631074606434,730.0,2014-03-04
dtools,"D-Tools, Inc.",2024-04-28,2025-08-05,1.270362765229295,0,last_supplied_sub_1b_round_proxy,1.0,1.0,10000000.0,10000000.0,0.0,0.0,1.998631074606434,730.0,2022-04-29
foundationdevices,"Foundation Devices, Inc.",2023-06-04,2026-01-20,2.631074606433949,0,last_supplied_sub_1b_round_proxy,1.0,1.0,2500000.0,2500000.0,7.0,7.0,1.998631074606434,730.0,2021-06-04
autopilothq,AutopilotHQ Inc.,2016-05-19,2017-06-06,1.0485968514715949,0,last_supplied_sub_1b_round_proxy,2.0,2.0,14080000.0,7050000.0,6.0,6.0,1.998631074606434,294.0,2015-07-30
terminussoftware,"Terminus Software, Inc.",2017-10-18,2018-07-24,0.7638603696098563,0,last_supplied_sub_1b_round_proxy,2.0,2.0,10600000.0,10300000.0,8.0,8.0,1.998631074606434,156.0,2017-05-15
xpt,XPT Group LLC,2019-06-13,2019-09-16,0.2600958247775496,0,last_supplied_sub_1b_round_proxy,1.0,1.0,6000000.0,6000000.0,1.0,1.0,1.998631074606434,730.0,2017-06-13
pictherapeutics,"PIC Therapeutics, Inc.",2022-04-15,2022-10-19,0.5119780971937029,0,last_supplied_sub_1b_round_proxy,1.0,1.0,11480000.0,11480000.0,1.0,1.0,1.998631074606434,730.0,2020-04-15
lemongrass,"Lemongrass Holdings, Inc.",2020-11-29,2020-11-30,0.0027378507871321013,0,last_supplied_sub_1b_round_proxy,2.0,2.0,17270000.0,10010000.0,2.0,2.0,1.998631074606434,335.0,2019-12-30
montycloud,"MontyCloud, Inc.",2021-11-20,2026-01-13,4.147843942505133,0,last_supplied_sub_1b_round_proxy,1.0,1.0,2850000.0,2850000.0,2.0,2.0,1.998631074606434,730.0,2019-11-21
xometrynasdaqgsxmtr,"Xometry, Inc. (NasdaqGS:XMTR)",2015-10-25,2017-02-01,1.273100616016427,0,last_supplied_sub_1b_round_proxy,2.0,2.0,7200000.0,4200000.0,0.0,0.0,1.998631074606434,451.0,2014-07-31
freshopty,Fresho Pty Ltd,2018-09-22,2021-03-11,2.4668035592060233,0,last_supplied_sub_1b_round_proxy,1.0,1.0,229000.0,229000.0,1.0,1.0,1.998631074606434,730.0,2016-09-22
cirkul,"Cirkul, Inc.",2021-03-26,2022-06-13,1.215605749486653,1,first_ge_1b_event,1.0,1.0,4870000.0,4870000.0,0.0,0.0,1.998631074606434,730.0,2019-03-27
flagshipbiosciences,"Flagship Biosciences, Inc.",2020-07-08,2022-08-31,2.1464750171115674,0,last_supplied_sub_1b_round_proxy,1.0,1.0,2500000.0,2500000.0,0.0,0.0,1.998631074606434,730.0,2018-07-09
wisealpha,WiseAlpha Technologies Limited,2018-05-24,2024-02-23,5.752224503764545,0,last_supplied_sub_1b_round_proxy,2.0,2.0,2490000.0,1620000.0,0.0,0.0,1.998631074606434,374.0,2017-05-15
artaxbiopharma,"Artax Biopharma, Inc.",2017-09-21,2022-05-11,4.635181382614648,0,last_supplied_sub_1b_round_proxy,1.0,1.0,10000000.0,10000000.0,2.0,2.0,1.998631074606434,730.0,2015-09-22
fairewholesale,"Faire Wholesale, Inc.",2019-03-21,2022-05-10,3.137577002053388,1,first_ge_1b_event,2.0,2.0,12190000.0,12070000.0,4.0,3.0,1.998631074606434,392.0,2018-02-22
instantconnect,Instant Connect Holdings Corporation,2023-10-14,2024-05-01,0.5475701574264202,0,last_supplied_sub_1b_round_proxy,1.0,1.0,8100000.0,8100000.0,0.0,0.0,1.998631074606434,730.0,2021-10-14
neograft,"Neograft Technologies, Inc.",2015-08-30,2017-01-26,1.4099931553730323,0,last_supplied_sub_1b_round_proxy,1.0,1.0,16950000.0,16950000.0,0.0,0.0,1.998631074606434,730.0,2013-08-30
smartcatplatform,Smartcat Platform Inc.,2018-07-20,2018-09-07,0.13415468856947296,0,last_supplied_sub_1b_round_proxy,1.0,1.0,2800000.0,2800000.0,1.0,1.0,1.998631074606434,730.0,2016-07-20
companionmedical,"Companion Medical, Inc.",2016-05-13,2018-05-03,1.9712525667351128,0,last_supplied_sub_1b_round_proxy,2.0,2.0,3750000.0,3260000.0,2.0,1.0,1.998631074606434,359.0,2015-05-20
capitalrisefinance,CapitalRise Finance Ltd,2021-03-09,2023-06-20,2.2806297056810405,0,last_supplied_sub_1b_round_proxy,1.0,1.0,1960000.0,1960000.0,0.0,0.0,1.998631074606434,730.0,2019-03-10
connected2fiber,"Connected2Fiber, Inc.",2018-09-29,2021-03-22,2.4777549623545516,0,last_supplied_sub_1b_round_proxy,1.0,1.0,1680000.0,1680000.0,1.0,1.0,1.998631074606434,730.0,2016-09-29
beautylish,"Beautylish, Inc.",2012-07-30,2020-03-19,7.6358658453114305,0,last_supplied_sub_1b_round_proxy,1.0,1.0,1100000.0,1100000.0,1.0,1.0,1.998631074606434,730.0,2010-07-31
alloyenterprises,"Alloy Enterprises, Inc.",2022-05-22,2023-05-18,0.9883641341546886,0,last_supplied_sub_1b_round_proxy,2.0,2.0,4730000.0,4330000.0,0.0,0.0,1.998631074606434,430.0,2021-03-18
veorobotics,"Veo Robotics, Inc.",2018-06-30,2019-01-31,0.5886379192334018,0,last_supplied_sub_1b_round_proxy,2.0,2.0,13000000.0,12000000.0,3.0,3.0,1.998631074606434,255.0,2017-10-18
ketos,"Ketos, Inc.",2021-02-04,2024-05-21,3.2908966461327855,0,last_supplied_sub_1b_round_proxy,2.0,2.0,24000000.0,15000000.0,9.0,8.0,1.998631074606434,101.0,2020-10-26
crowdproperty,CrowdProperty Ltd,2019-11-19,2023-04-03,3.370294318959617,0,last_supplied_sub_1b_round_proxy,2.0,2.0,2380000.0,1200000.0,0.0,0.0,1.998631074606434,223.0,2019-04-10
ndustrialio,"Ndustrial.io, Inc.",2023-05-05,2025-01-09,1.6837782340862424,0,last_supplied_sub_1b_round_proxy,1.0,1.0,6000000.0,6000000.0,5.0,5.0,1.998631074606434,730.0,2021-05-05
checkpointsurgical,"Checkpoint Surgical, Inc.",2020-09-18,2024-06-13,3.7344284736481863,0,last_supplied_sub_1b_round_proxy,1.0,0.0,0.0,0.0,4.0,4.0,1.998631074606434,730.0,2018-09-19
cndlifesciences,"CND Life Sciences, Inc.",2023-04-28,2025-05-01,2.0095824777549622,0,last_supplied_sub_1b_round_proxy,2.0,2.0,7870000.0,5000000.0,2.0,1.0,1.998631074606434,451.0,2022-02-01
cardiacinsight,Cardiac Insight Inc.,2015-08-08,2020-02-11,4.511978097193703,0,last_supplied_sub_1b_round_proxy,1.0,1.0,4059999.9999999995,4059999.9999999995,0.0,0.0,1.998631074606434,730.0,2013-08-08
trellisresearch,"Trellis Research, Inc.",2022-02-04,2023-08-23,1.5468856947296372,0,last_supplied_sub_1b_round_proxy,1.0,1.0,4400000.0,4400000.0,3.0,3.0,1.998631074606434,730.0,2020-02-05
casetext,"Casetext, Inc.",2018-11-02,2020-03-13,1.3607118412046544,0,last_supplied_sub_1b_round_proxy,1.0,1.0,10480000.0,10480000.0,5.0,5.0,1.998631074606434,730.0,2016-11-02
hellojoy,"HelloJoy, Inc.",2021-03-06,2025-07-02,4.323066392881588,0,last_supplied_sub_1b_round_proxy,2.0,2.0,4720000.0,3420000.0,3.0,2.0,1.998631074606434,162.0,2020-09-25
movencorp,Movencorp Inc.,2014-08-10,2018-03-31,3.6386036960985626,0,last_supplied_sub_1b_round_proxy,3.0,3.0,12490000.0,8000000.0,5.0,3.0,1.998631074606434,40.0,2014-07-01
degirum,DeGirum Corp.,2020-10-10,2022-05-18,1.6016427104722792,0,last_supplied_sub_1b_round_proxy,1.0,1.0,1600000.0,1600000.0,0.0,0.0,1.998631074606434,730.0,2018-10-11
rollbar,"Rollbar, Inc.",2019-10-23,2020-03-04,0.36413415468856947,0,last_supplied_sub_1b_round_proxy,1.0,1.0,5900000.0,5900000.0,2.0,2.0,1.998631074606434,730.0,2017-10-23
moviepass,MoviePass Inc.,2016-09-25,2018-02-09,1.374401095140315,0,last_supplied_sub_1b_round_proxy,1.0,1.0,2200000.0,2200000.0,1.0,1.0,1.998631074606434,730.0,2014-09-26
bitvore,Bitvore Corporation,2016-03-17,2022-01-05,5.804243668720055,0,last_supplied_sub_1b_round_proxy,1.0,1.0,7770000.0,7770000.0,2.0,2.0,1.998631074606434,730.0,2014-03-18
dwolla,"Dwolla, Inc.",2012-11-16,2018-02-12,5.240246406570842,0,last_supplied_sub_1b_round_proxy,2.0,2.0,6000000.0,5000000.0,7.0,5.0,1.998631074606434,283.0,2012-02-07
herasystems,"Hera Systems, Inc.",2017-09-29,2019-08-20,1.88911704312115,0,last_supplied_sub_1b_round_proxy,1.0,1.0,2530000.0,2530000.0,2.0,2.0,1.998631074606434,730.0,2015-09-30
nimbusengineering,Nimbus Engineering Inc.,2019-04-25,2023-03-27,3.920602327173169,0,last_supplied_sub_1b_round_proxy,1.0,1.0,275000.0,275000.0,0.0,0.0,1.998631074606434,730.0,2017-04-25
stratifyd,"Stratifyd, Inc.",2017-02-27,2022-09-07,5.5249828884325805,0,last_supplied_sub_1b_round_proxy,1.0,1.0,1000000.0,1000000.0,4.0,4.0,1.998631074606434,730.0,2015-02-28
artmap,ArtMap Inc.,2021-03-03,2023-05-15,2.198494182067077,0,last_supplied_sub_1b_round_proxy,2.0,2.0,2070000.0,1070000.0,3.0,3.0,1.998631074606434,266.0,2020-06-10
altiasystems,"Altia Systems, Inc.",2016-01-09,2017-02-03,1.0704996577686516,0,last_supplied_sub_1b_round_proxy,1.0,1.0,11710000.0,11710000.0,1.0,1.0,1.998631074606434,730.0,2014-01-09
seattlefoodtech,"Seattle Food Tech, Inc.",2020-08-19,2025-01-08,4.388774811772758,0,last_supplied_sub_1b_round_proxy,2.0,2.0,8990000.0,8870000.0,6.0,5.0,1.998631074606434,111.0,2020-04-30
tactus,"Tactus Technology, Inc.",2020-01-24,2021-08-18,1.566050650239562,1,first_ge_1b_event,1.0,1.0,6220000.0,6220000.0,0.0,0.0,1.998631074606434,730.0,2018-01-24
gener8ads,Gener8 Ads Limited,2023-07-06,2024-06-12,0.9363449691991786,0,last_supplied_sub_1b_round_proxy,2.0,2.0,9040000.0,6140000.0,0.0,0.0,1.998631074606434,113.0,2023-03-15
chroniccaremanagement,"Chronic Care Management, Inc.",2021-12-19,2025-10-28,3.8576317590691307,0,last_supplied_sub_1b_round_proxy,1.0,1.0,2550000.0,2550000.0,0.0,0.0,1.998631074606434,730.0,2019-12-20
catalystorthoscience,Catalyst OrthoScience Inc.,2018-09-06,2024-09-10,6.012320328542095,0,last_supplied_sub_1b_round_proxy,2.0,2.0,6900000.0,3600000.0,1.0,1.0,1.998631074606434,281.0,2017-11-29
reactivebiosciences,Reactive Biosciences Inc.,2019-03-02,2022-09-12,3.5318275154004106,0,last_supplied_sub_1b_round_proxy,1.0,1.0,10530000.0,10530000.0,11.0,11.0,1.998631074606434,730.0,2017-03-02
bostongene,BostonGene Corporation,2021-04-23,2022-04-06,0.9527720739219713,1,first_ge_1b_event,1.0,1.0,50000000.0,50000000.0,1.0,1.0,1.998631074606434,730.0,2019-04-24
saloapp,"Salo App, Inc.",2023-09-23,2025-02-24,1.4236824093086926,0,last_supplied_sub_1b_round_proxy,1.0,1.0,600000.0,600000.0,3.0,3.0,1.998631074606434,730.0,2021-09-23
hyprlabs,HYPRLABS Inc.,2024-12-30,2026-02-04,1.0978781656399725,0,last_supplied_sub_1b_round_proxy,1.0,0.0,0.0,0.0,1.0,1.0,1.998631074606434,730.0,2022-12-31
gusto,"Gusto, Inc.",2014-04-30,2022-10-28,8.49555099247091,1,first_ge_1b_event,2.0,2.0,31820000.0,25750000.0,7.0,5.0,1.998631074606434,70.0,2014-02-19
fanai,FanAI Inc.,2020-02-27,2021-11-16,1.7193702943189597,0,last_supplied_sub_1b_round_proxy,1.0,1.0,4460000.0,4460000.0,11.0,11.0,1.998631074606434,730.0,2018-02-27
concourse,"Concourse Technologies, Inc.",2025-01-16,2026-01-27,1.0294318959616702,0,last_supplied_sub_1b_round_proxy,1.0,1.0,4200000.0,4200000.0,2.0,2.0,1.998631074606434,730.0,2023-01-17
arpio,"Arpio, Inc.",2025-08-13,2026-06-03,0.8049281314168378,0,last_supplied_sub_1b_round_proxy,1.0,1.0,8230000.0,8230000.0,8.0,8.0,1.998631074606434,730.0,2023-08-14
rhumbix,"Rhumbix, Inc.",2019-10-18,2021-09-21,1.9274469541409993,0,last_supplied_sub_1b_round_proxy,2.0,2.0,21400000.0,14300000.0,9.0,7.0,1.998631074606434,120.0,2019-06-20
windbornesystems,WindBorne Systems Inc.,2021-09-25,2024-05-29,2.674880219028063,0,last_supplied_sub_1b_round_proxy,1.0,1.0,150000.0,150000.0,1.0,1.0,1.998631074606434,730.0,2019-09-26
kolide,"Kolide, Inc.",2018-06-27,2021-09-16,3.2224503764544834,0,last_supplied_sub_1b_round_proxy,2.0,2.0,9600000.0,8000000.0,1.0,1.0,1.998631074606434,72.0,2018-04-16
xcraftenterprisesotcpkxcft,"xCraft Enterprises, Inc (OTCPK:XCFT)",2022-03-03,2022-08-02,0.4161533196440794,0,last_supplied_sub_1b_round_proxy,1.0,1.0,503000.0,503000.0,0.0,0.0,1.998631074606434,730.0,2020-03-03
apporchid,App Orchid Inc.,2019-10-03,2020-11-03,1.0869267624914443,0,last_supplied_sub_1b_round_proxy,1.0,1.0,2000000.0,2000000.0,0.0,0.0,1.998631074606434,730.0,2017-10-03
uzurv,"UZURV Holdings, Inc.",2021-05-14,2024-02-14,2.754277891854894,0,last_supplied_sub_1b_round_proxy,1.0,1.0,5000000.0,5000000.0,0.0,0.0,1.998631074606434,730.0,2019-05-15
410medical,"410 Medical, Inc.",2017-01-12,2026-07-14,9.500342231348391,0,last_supplied_sub_1b_round_proxy,1.0,1.0,1200000.0,1200000.0,0.0,0.0,1.998631074606434,730.0,2015-01-13
web3venturespty,WEB3 Ventures Pty Ltd,2023-12-09,2025-08-18,1.6919917864476386,0,last_supplied_sub_1b_round_proxy,1.0,1.0,4570000.0,4570000.0,4.0,4.0,1.998631074606434,730.0,2021-12-09
powerreviews,"PowerReviews, Inc.",2020-04-16,2020-10-30,0.5393566050650239,0,last_supplied_sub_1b_round_proxy,1.0,1.0,3000000.0,3000000.0,0.0,0.0,1.998631074606434,730.0,2018-04-17
bevspot,"BevSpot, Inc.",2016-10-06,2018-10-16,2.026009582477755,0,last_supplied_sub_1b_round_proxy,3.0,3.0,18590000.0,11000000.0,1.0,1.0,1.998631074606434,92.0,2016-07-06
windesco,"WindESCo, Inc.",2018-09-26,2023-07-28,4.8350444900752905,0,last_supplied_sub_1b_round_proxy,1.0,1.0,2120000.0,2120000.0,2.0,2.0,1.998631074606434,730.0,2016-09-26
rationalvaccines,"Rational Vaccines, Inc.",2017-09-29,2018-09-26,0.9911019849418207,0,last_supplied_sub_1b_round_proxy,2.0,2.0,8900000.0,8199999.999999999,0.0,0.0,1.998631074606434,24.0,2017-09-05
allspice,"AllSpice, Inc.",2023-12-08,2025-06-23,1.541409993155373,0,last_supplied_sub_1b_round_proxy,2.0,2.0,9780000.0,6000000.0,4.0,4.0,1.998631074606434,147.0,2023-07-14
cedarcares,"Cedar Cares, Inc.",2019-12-06,2021-03-09,1.2566735112936345,1,first_ge_1b_event,1.0,1.0,13000000.0,13000000.0,4.0,4.0,1.998631074606434,730.0,2017-12-06
theproscloset,"The Pro's Closet, Inc.",2018-03-24,2020-09-09,2.4640657084188913,0,last_supplied_sub_1b_round_proxy,2.0,2.0,11500000.0,9000000.0,2.0,2.0,1.998631074606434,191.0,2017-09-14
linnaeustherapeutics,"Linnaeus Therapeutics, Inc.",2021-02-07,2024-12-26,3.8822724161533197,0,last_supplied_sub_1b_round_proxy,2.0,2.0,15030000.0,10710000.0,1.0,1.0,1.998631074606434,509.0,2019-09-17
immerse,Immerse Inc.,2022-10-30,2024-01-08,1.1909650924024642,0,last_supplied_sub_1b_round_proxy,1.0,1.0,2490000.0,2490000.0,1.0,1.0,1.998631074606434,730.0,2020-10-30
reconstruct,"Reconstruct, Inc.",2021-05-13,2025-05-21,4.0219028062970565,0,last_supplied_sub_1b_round_proxy,1.0,1.0,7700000.0,7700000.0,3.0,3.0,1.998631074606434,730.0,2019-05-14
lionsemiconductor,Lion Semiconductor Inc.,2015-10-15,2020-10-29,5.040383299110198,0,last_supplied_sub_1b_round_proxy,1.0,1.0,2000000.0,2000000.0,0.0,0.0,1.998631074606434,730.0,2013-10-15
springbot,"Springbot, Inc.",2016-06-29,2018-10-16,2.297056810403833,0,last_supplied_sub_1b_round_proxy,1.0,1.0,4000000.0,4000000.0,4.0,4.0,1.998631074606434,730.0,2014-06-30
mudrex,Mudrex Inc.,2021-03-18,2022-08-02,1.374401095140315,0,last_supplied_sub_1b_round_proxy,1.0,1.0,150000.0,150000.0,1.0,1.0,1.998631074606434,730.0,2019-03-19
poseidonmedical,"Poseidon Medical, Inc.",2012-09-13,2021-10-20,9.100616016427105,0,last_supplied_sub_1b_round_proxy,1.0,1.0,22950000.0,22950000.0,4.0,4.0,1.998631074606434,730.0,2010-09-14
rosieapplications,Rosie Applications Inc.,2019-09-12,2021-02-03,1.3963039014373717,0,last_supplied_sub_1b_round_proxy,1.0,1.0,3520000.0,3520000.0,0.0,0.0,1.998631074606434,730.0,2017-09-12
retrainai,"Retrain.ai, Inc.",2022-09-30,2022-12-14,0.2053388090349076,0,last_supplied_sub_1b_round_proxy,1.0,1.0,4000000.0,4000000.0,3.0,3.0,1.998631074606434,730.0,2020-09-30
glean,"Glean Technologies, Inc.",2021-12-30,2024-09-10,2.6967830253251197,1,first_ge_1b_event,1.0,1.0,15300000.0,15300000.0,3.0,3.0,1.998631074606434,730.0,2019-12-31
zerocognitivesystems,"ZERO Cognitive Systems, Inc.",2019-09-13,2022-03-01,2.4640657084188913,0,last_supplied_sub_1b_round_proxy,1.0,1.0,120000.0,120000.0,1.0,1.0,1.998631074606434,730.0,2017-09-13
iridia,"Iridia, Inc.",2019-06-06,2021-11-16,2.4476386036960984,0,last_supplied_sub_1b_round_proxy,1.0,1.0,400000.0,400000.0,0.0,0.0,1.998631074606434,730.0,2017-06-06
autify,"Autify, Inc.",2021-07-16,2021-10-05,0.22176591375770022,0,last_supplied_sub_1b_round_proxy,1.0,1.0,3070000.0,3070000.0,3.0,3.0,1.998631074606434,730.0,2019-07-17
daupler,"Daupler, Inc.",2021-08-20,2025-03-06,3.542778918548939,0,last_supplied_sub_1b_round_proxy,1.0,1.0,3970000.0,3970000.0,1.0,1.0,1.998631074606434,730.0,2019-08-21
voyagemobile,"Voyage Mobile, Inc.",2020-10-25,2022-02-03,1.2758384668035592,0,last_supplied_sub_1b_round_proxy,1.0,1.0,618000.0,618000.0,0.0,0.0,1.998631074606434,730.0,2018-10-26
stacklet,"Stacklet, Inc.",2022-08-12,2024-06-04,1.8124572210814511,0,last_supplied_sub_1b_round_proxy,1.0,1.0,4000000.0,4000000.0,2.0,2.0,1.998631074606434,730.0,2020-08-12
sydecar,"Sydecar, Inc.",2024-04-04,2024-11-20,0.6297056810403833,0,last_supplied_sub_1b_round_proxy,2.0,2.0,16380000.0,8300000.000000001,4.0,4.0,1.998631074606434,447.0,2023-01-13
justparkparking,JustPark Parking Limited,2017-03-16,2017-11-30,0.7091033538672142,0,last_supplied_sub_1b_round_proxy,1.0,1.0,5450000.0,5450000.0,0.0,0.0,1.998631074606434,730.0,2015-03-17
vitalfarmsnasdaqgmvitl,"Vital Farms, Inc. (NasdaqGM:VITL)",2016-09-18,2017-04-06,0.5475701574264202,0,last_supplied_sub_1b_round_proxy,3.0,3.0,16250000.0,8000000.0,1.0,1.0,1.998631074606434,276.0,2015-12-17
nationalmobility,"National Mobility, LLC",2021-07-18,2023-06-29,1.946611909650924,0,last_supplied_sub_1b_round_proxy,1.0,1.0,800000.0,800000.0,0.0,0.0,1.998631074606434,730.0,2019-07-19
figur8,"Figur8, Inc.",2021-08-26,2023-08-08,1.949349760438056,0,last_supplied_sub_1b_round_proxy,1.0,1.0,4480000.0,4480000.0,2.0,2.0,1.998631074606434,730.0,2019-08-27
caringo,"Caringo, Inc.",2012-07-25,2018-08-20,6.069815195071868,0,last_supplied_sub_1b_round_proxy,1.0,1.0,4470000.0,4470000.0,0.0,0.0,1.998631074606434,730.0,2010-07-26
crowd2fund,Crowd2Fund Limited,2017-03-24,2019-11-21,2.6611909650924024,0,last_supplied_sub_1b_round_proxy,1.0,1.0,2980000.0,2980000.0,0.0,0.0,1.998631074606434,730.0,2015-03-25
pharmajet,"PharmaJet, Inc.",2012-03-29,2018-03-05,5.932922655715264,0,last_supplied_sub_1b_round_proxy,1.0,1.0,9140000.0,9140000.0,0.0,0.0,1.998631074606434,730.0,2010-03-30
aventri,"Aventri, Inc.",2012-06-06,2015-07-28,3.14031485284052,0,last_supplied_sub_1b_round_proxy,1.0,1.0,2590000.0,2590000.0,3.0,3.0,1.998631074606434,730.0,2010-06-07
casechek,"Casechek, Inc.",2024-08-22,2025-09-10,1.051334702258727,0,last_supplied_sub_1b_round_proxy,1.0,1.0,6090000.0,6090000.0,0.0,0.0,1.998631074606434,730.0,2022-08-23
hylete,"HYLETE, Inc.",2018-08-24,2023-01-06,4.369609856262834,0,last_supplied_sub_1b_round_proxy,1.0,1.0,899000.0,899000.0,1.0,1.0,1.998631074606434,730.0,2016-08-24
verato,"Verato, Inc.",2017-01-26,2019-01-07,1.946611909650924,0,last_supplied_sub_1b_round_proxy,1.0,1.0,12500000.0,12500000.0,2.0,2.0,1.998631074606434,730.0,2015-01-27
garnerhealth,"Garner Health Technology, Inc.",2023-02-03,2026-02-10,3.0198494182067077,1,first_ge_1b_event,1.0,1.0,12500000.0,12500000.0,3.0,3.0,1.998631074606434,730.0,2021-02-03
zenatarisrenewableenergyprivate,Zenataris Renewable Energy Private Limited,2026-02-25,2026-05-19,0.2272416153319644,0,last_supplied_sub_1b_round_proxy,1.0,1.0,4960000.0,4960000.0,1.0,1.0,1.998631074606434,730.0,2024-02-26
laminar,"Laminar, Inc.",2021-11-14,2025-05-15,3.4989733059548254,0,last_supplied_sub_1b_round_proxy,1.0,1.0,7160000.0,7160000.0,1.0,1.0,1.998631074606434,730.0,2019-11-15
bouldincreek,"Bouldin Creek Holdings, Inc.",2016-11-24,2021-04-06,4.3641341546885695,0,last_supplied_sub_1b_round_proxy,1.0,1.0,1600000.0,1600000.0,0.0,0.0,1.998631074606434,730.0,2014-11-25
tenderfood,"Tender Food, Inc.",2022-12-03,2025-10-14,2.863791923340178,0,last_supplied_sub_1b_round_proxy,2.0,2.0,13500000.0,12000000.0,6.0,6.0,1.998631074606434,291.0,2022-02-15
6senseinsights,"6Sense Insights, Inc.",2015-12-31,2021-03-30,5.245722108145106,1,first_ge_1b_event,2.0,2.0,10750000.0,8000000.0,3.0,3.0,1.998631074606434,591.0,2014-05-19
observiq,"observIQ, Inc.",2017-06-28,2017-10-19,0.30937713894592744,0,last_supplied_sub_1b_round_proxy,2.0,2.0,13270000.0,8670000.0,5.0,5.0,1.998631074606434,260.0,2016-10-11
carterra,"Carterra, Inc.",2016-06-29,2020-01-03,3.512662559890486,0,last_supplied_sub_1b_round_proxy,1.0,1.0,2000000.0,2000000.0,0.0,0.0,1.998631074606434,730.0,2014-06-30
visanahealth,"Visana Health, Inc.",2025-06-08,2025-08-18,0.1943874058863792,0,last_supplied_sub_1b_round_proxy,1.0,1.0,13360000.0,13360000.0,8.0,8.0,1.998631074606434,730.0,2023-06-09
dayzerodiagnostics,Day Zero Diagnostics Inc.,2019-08-07,2022-02-09,2.510609171800137,0,last_supplied_sub_1b_round_proxy,1.0,1.0,3660000.0,3660000.0,1.0,1.0,1.998631074606434,730.0,2017-08-07
t3dtherapeutics,"T3D Therapeutics, Inc.",2015-08-05,2022-09-06,7.08829568788501,0,last_supplied_sub_1b_round_proxy,2.0,2.0,1160000.0,723000.0,0.0,0.0,1.998631074606434,509.0,2014-03-14
avelasbiosciences,"Avelas BioSciences, Inc.",2014-12-06,2016-08-18,1.700205338809035,0,last_supplied_sub_1b_round_proxy,1.0,1.0,7450000.0,7450000.0,1.0,1.0,1.998631074606434,730.0,2012-12-06
juneshine,"JuneShine, Inc.",2021-02-11,2024-01-31,2.967830253251198,0,last_supplied_sub_1b_round_proxy,1.0,1.0,5000000.0,5000000.0,4.0,4.0,1.998631074606434,730.0,2019-02-12
auth0,"Auth0, Inc.",2018-08-24,2020-07-14,1.88911704312115,1,first_ge_1b_event,1.0,1.0,14570000.0,14570000.0,4.0,4.0,1.998631074606434,730.0,2016-08-24
motionsoft,"Motionsoft, Inc.",2016-07-14,2019-05-22,2.8528405201916494,0,last_supplied_sub_1b_round_proxy,1.0,1.0,10000000.0,10000000.0,3.0,3.0,1.998631074606434,730.0,2014-07-15
hazeltreefundservices,"HazelTree Fund Services, Inc.",2024-08-22,2024-12-20,0.32854209445585214,0,last_supplied_sub_1b_round_proxy,1.0,1.0,14000000.0,14000000.0,2.0,2.0,1.998631074606434,730.0,2022-08-23
plum,"PLUM, Inc.",2017-08-30,2020-03-15,2.54072553045859,0,last_supplied_sub_1b_round_proxy,1.0,1.0,10500000.0,10500000.0,1.0,1.0,1.998631074606434,730.0,2015-08-31
neurotez,"Neurotez, Inc.",2020-02-26,2022-03-11,2.0369609856262834,0,last_supplied_sub_1b_round_proxy,1.0,1.0,95000.0,95000.0,0.0,0.0,1.998631074606434,730.0,2018-02-26
convey,"Convey, Inc.",2016-12-30,2018-06-19,1.4674880219028064,0,last_supplied_sub_1b_round_proxy,1.0,1.0,2830000.0,2830000.0,3.0,3.0,1.998631074606434,730.0,2014-12-31
zenledger,"ZenLedger, Inc.",2020-09-16,2022-05-25,1.6865160848733745,0,last_supplied_sub_1b_round_proxy,2.0,2.0,5530000.0,3350000.0,5.0,5.0,1.998631074606434,274.0,2019-12-17
angazadesign,Angaza Design Inc.,2017-07-27,2020-10-27,3.252566735112936,0,last_supplied_sub_1b_round_proxy,1.0,1.0,4460000.0,4460000.0,2.0,2.0,1.998631074606434,730.0,2015-07-28
notabene,"Notabene, Inc.",2023-11-08,2024-11-12,1.0130047912388775,0,last_supplied_sub_1b_round_proxy,1.0,1.0,10200000.0,10200000.0,12.0,12.0,1.998631074606434,730.0,2021-11-08
ingendynamics,"InGen Dynamics, Inc.",2019-04-15,2021-01-15,1.754962354551677,0,last_supplied_sub_1b_round_proxy,1.0,1.0,289000.0,289000.0,0.0,0.0,1.998631074606434,730.0,2017-04-15
5071,5071 Inc.,2020-09-26,2022-09-06,1.943874058863792,0,last_supplied_sub_1b_round_proxy,2.0,2.0,14150000.0,9620000.0,0.0,0.0,1.998631074606434,345.0,2019-10-17
tellius,"Tellius, Inc.",2023-10-27,2025-11-25,2.080766598220397,0,last_supplied_sub_1b_round_proxy,1.0,1.0,8820000.0,8820000.0,2.0,2.0,1.998631074606434,730.0,2021-10-27
meacor,MeaCor Inc.,2017-12-08,2024-05-14,6.431211498973306,0,last_supplied_sub_1b_round_proxy,1.0,1.0,806000.0,806000.0,3.0,3.0,1.998631074606434,730.0,2015-12-09
money4,Money-4 Limited,2020-11-20,2023-06-13,2.5598904859685145,0,last_supplied_sub_1b_round_proxy,1.0,1.0,1550000.0,1550000.0,0.0,0.0,1.998631074606434,730.0,2018-11-21
sonomotion,SonoMotion Inc.,2019-04-07,2022-11-17,3.6139630390143735,0,last_supplied_sub_1b_round_proxy,1.0,1.0,4620000.0,4620000.0,2.0,2.0,1.998631074606434,730.0,2017-04-07
splicemachine,"Splice Machine, Inc.",2018-01-20,2019-02-20,1.0841889117043122,0,last_supplied_sub_1b_round_proxy,1.0,1.0,27700000.0,27700000.0,3.0,3.0,1.998631074606434,730.0,2016-01-21
alignable,"Alignable, Inc.",2017-09-20,2018-07-30,0.8569472963723477,0,last_supplied_sub_1b_round_proxy,1.0,1.0,8060000.000000001,8060000.000000001,4.0,4.0,1.998631074606434,730.0,2015-09-21
supplyshift,SupplyShift Inc.,2020-11-14,2021-12-09,1.0677618069815196,0,last_supplied_sub_1b_round_proxy,2.0,2.0,13600000.0,8480000.0,5.0,5.0,1.998631074606434,113.0,2020-07-24
eleven,ELEVEN,2020-05-31,2026-02-04,5.68104038329911,1,first_ge_1b_event,1.0,1.0,23340000.0,23340000.0,1.0,1.0,1.998631074606434,730.0,2018-06-01
feedmedia,Feed Media Inc.,2016-09-02,2021-10-08,5.0978781656399725,0,last_supplied_sub_1b_round_proxy,1.0,1.0,1200000.0,1200000.0,5.0,5.0,1.998631074606434,730.0,2014-09-03
farmshelf,Farmshelf Corporation,2018-06-07,2024-02-21,5.708418891170431,0,last_supplied_sub_1b_round_proxy,1.0,1.0,60000.0,60000.0,1.0,1.0,1.998631074606434,730.0,2016-06-07
ironox,"Iron Ox, Inc.",2018-03-23,2019-12-30,1.7713894592744694,0,last_supplied_sub_1b_round_proxy,1.0,1.0,120000.0,120000.0,1.0,1.0,1.998631074606434,730.0,2016-03-23
kuvasystems,Kuva Systems,2019-10-10,2023-01-03,3.2334017796030117,0,last_supplied_sub_1b_round_proxy,2.0,2.0,5020000.0,3520000.0,1.0,1.0,1.998631074606434,331.0,2018-11-13
pushpay,Pushpay Holdings Limited,2016-06-29,2016-09-14,0.2108145106091718,0,last_supplied_sub_1b_round_proxy,1.0,1.0,7880000.0,7880000.0,1.0,1.0,1.998631074606434,730.0,2014-06-30
ziftsolutions,"Zift Solutions, Inc.",2012-08-30,2017-08-10,4.944558521560575,0,last_supplied_sub_1b_round_proxy,1.0,1.0,2720000.0,2720000.0,2.0,2.0,1.998631074606434,730.0,2010-08-31
earthrenewable,"Earth Renewable Technologies, Inc.",2014-08-28,2022-08-03,7.931553730321697,0,last_supplied_sub_1b_round_proxy,1.0,1.0,388000.0,388000.0,0.0,0.0,1.998631074606434,730.0,2012-08-28
sharptherapeuticstsxvshrx,Sharp Therapeutics Corp. (TSXV:SHRX),2019-07-06,2019-08-21,0.12594113620807665,0,last_supplied_sub_1b_round_proxy,1.0,1.0,1500000.0,1500000.0,1.0,1.0,1.998631074606434,730.0,2017-07-06
snout,"Snout, Inc.",2023-04-09,2025-08-12,2.3436002737850785,0,last_supplied_sub_1b_round_proxy,1.0,1.0,3390000.0,3390000.0,0.0,0.0,1.998631074606434,730.0,2021-04-09
surkus,"Surkus, Inc.",2019-06-13,2020-11-04,1.3963039014373717,0,last_supplied_sub_1b_round_proxy,2.0,2.0,20140000.0,10140000.0,7.0,7.0,1.998631074606434,385.0,2018-05-24
fuze,"Fuze, Inc.",2014-10-03,2024-06-13,9.69472963723477,0,last_supplied_sub_1b_round_proxy,2.0,2.0,26500000.0,16500000.0,2.0,2.0,1.998631074606434,353.0,2013-10-15
p2binvestor,P2Binvestor Inc.,2015-09-16,2016-05-03,0.6297056810403833,0,last_supplied_sub_1b_round_proxy,1.0,1.0,1200000.0,1200000.0,0.0,0.0,1.998631074606434,730.0,2013-09-16
redihealth,Redi.Health Inc.,2024-08-30,2025-08-15,0.9582477754962354,0,last_supplied_sub_1b_round_proxy,1.0,1.0,3700000.0,3700000.0,4.0,4.0,1.998631074606434,730.0,2022-08-31
heraldapi,HeraldAPI Inc.,2023-12-15,2024-10-16,0.837782340862423,0,last_supplied_sub_1b_round_proxy,1.0,1.0,8000000.0,8000000.0,3.0,3.0,1.998631074606434,730.0,2021-12-15
qbhealthpvt,QB Health Technologies Pvt. Ltd.,2025-09-17,2026-06-11,0.731006160164271,0,last_supplied_sub_1b_round_proxy,2.0,1.0,3000000.0,3000000.0,7.0,5.0,1.998631074606434,316.0,2024-11-05
revinate,"Revinate, Inc.",2014-07-25,2016-06-30,1.9329226557152634,0,last_supplied_sub_1b_round_proxy,1.0,1.0,14500000.0,14500000.0,2.0,2.0,1.998631074606434,730.0,2012-07-25
livesafe,"LiveSafe, Inc.",2016-03-24,2018-09-14,2.4750171115674195,0,last_supplied_sub_1b_round_proxy,1.0,1.0,10160000.0,10160000.0,1.0,1.0,1.998631074606434,730.0,2014-03-25
lightbend,"Lightbend, Inc.",2018-05-26,2023-09-27,5.338809034907597,0,last_supplied_sub_1b_round_proxy,1.0,1.0,20000000.0,20000000.0,4.0,4.0,1.998631074606434,730.0,2016-05-26
matchabar,"MatchaBar, Inc.",2020-06-04,2024-04-23,3.885010266940452,0,last_supplied_sub_1b_round_proxy,1.0,1.0,8090000.0,8090000.0,1.0,1.0,1.998631074606434,730.0,2018-06-05
internxtuniversalsl,Internxt Universal Technologies SL,2022-03-25,2024-01-15,1.809719370294319,0,last_supplied_sub_1b_round_proxy,2.0,2.0,395000.0,277000.0,5.0,4.0,1.998631074606434,536.0,2020-10-05
brainyak,"Brainyak, Inc.",2012-10-11,2020-02-13,7.340177960301164,0,last_supplied_sub_1b_round_proxy,1.0,1.0,2049999.9999999998,2049999.9999999998,4.0,4.0,1.998631074606434,730.0,2010-10-12
placer,"Placer Labs, Inc.",2022-01-12,2024-08-05,2.5626283367556466,1,first_ge_1b_event,1.0,1.0,12200000.0,12200000.0,4.0,4.0,1.998631074606434,730.0,2020-01-13
c1,C1,2022-11-23,2023-08-08,0.7063655030800822,0,last_supplied_sub_1b_round_proxy,2.0,2.0,20000000.0,15000000.0,5.0,5.0,1.998631074606434,153.0,2022-06-23
sitewit,SiteWit Corp.,2022-12-14,2023-08-03,0.6351813826146475,0,last_supplied_sub_1b_round_proxy,1.0,1.0,13240000.0,13240000.0,0.0,0.0,1.998631074606434,730.0,2020-12-14
strikegraph,"Strike Graph, Inc.",2022-10-05,2023-12-18,1.2019164955509924,0,last_supplied_sub_1b_round_proxy,2.0,2.0,11920000.0,8000000.0,6.0,6.0,1.998631074606434,387.0,2021-09-13
threatstack,"Threat Stack, Inc.",2015-11-13,2016-04-15,0.4216290212183436,0,last_supplied_sub_1b_round_proxy,3.0,3.0,12020000.0,7910000.0,4.0,3.0,1.998631074606434,99.0,2015-08-06
corvium,"Corvium, Inc.",2016-11-12,2022-06-06,5.563312799452429,0,last_supplied_sub_1b_round_proxy,1.0,1.0,12020000.0,12020000.0,4.0,4.0,1.998631074606434,730.0,2014-11-13
callinize,"Callinize, Inc.",2017-04-08,2019-10-08,2.4996577686516086,0,last_supplied_sub_1b_round_proxy,1.0,1.0,118000.0,118000.0,1.0,1.0,1.998631074606434,730.0,2015-04-09
happyreturns,"Happy Returns, Inc.",2018-10-26,2019-04-25,0.49555099247091033,0,last_supplied_sub_1b_round_proxy,2.0,2.0,8120000.0,8000000.0,3.0,2.0,1.998631074606434,310.0,2017-12-20
naraorganics,"Nara Organics, Inc.",2021-03-12,2025-02-14,3.9288158795345653,0,last_supplied_sub_1b_round_proxy,1.0,1.0,1850000.0,1850000.0,0.0,0.0,1.998631074606434,730.0,2019-03-13
landbaypartners,Landbay Partners Limited,2016-06-12,2018-03-31,1.7987679671457906,0,last_supplied_sub_1b_round_proxy,1.0,1.0,458000.0,458000.0,0.0,0.0,1.998631074606434,730.0,2014-06-13
enabledental,Enable Dental Inc.,2024-09-19,2024-11-05,0.12867898699520877,0,last_supplied_sub_1b_round_proxy,1.0,1.0,9690000.0,9690000.0,0.0,0.0,1.998631074606434,730.0,2022-09-20
flyfinai,FlyFin AI Inc.,2023-12-09,2025-02-12,1.1800136892539357,0,last_supplied_sub_1b_round_proxy,1.0,1.0,8000000.0,8000000.0,2.0,2.0,1.998631074606434,730.0,2021-12-09
tocafootball,"TOCA Football, Inc.",2018-05-26,2018-06-14,0.05201916495550993,0,last_supplied_sub_1b_round_proxy,1.0,1.0,2210000.0,2210000.0,0.0,0.0,1.998631074606434,730.0,2016-05-26
flock,"Flock Group, Inc.",2019-08-21,2022-02-15,2.48870636550308,1,first_ge_1b_event,2.0,2.0,9710000.0,9590000.0,1.0,1.0,1.998631074606434,357.0,2018-08-29
nedbiosystems,"NED Biosystems, Inc.",2017-10-26,2018-08-01,0.7638603696098563,0,last_supplied_sub_1b_round_proxy,1.0,1.0,1510000.0,1510000.0,0.0,0.0,1.998631074606434,730.0,2015-10-27
springbigotcpksbig,"SpringBig Holdings, Inc. (OTCPK:SBIG)",2019-12-19,2020-08-11,0.6461327857631759,0,last_supplied_sub_1b_round_proxy,2.0,2.0,7350000.0,4940000.0,4.0,3.0,1.998631074606434,380.0,2018-12-04
h2u,"H2U Technologies, Inc.",2024-03-01,2024-10-23,0.6461327857631759,0,last_supplied_sub_1b_round_proxy,1.0,1.0,11000000.0,11000000.0,6.0,6.0,1.998631074606434,730.0,2022-03-02
austineastciders,"Austin Eastciders Holdings, Inc.",2019-10-12,2020-02-25,0.3723477070499658,0,last_supplied_sub_1b_round_proxy,2.0,2.0,9500000.0,5000000.0,0.0,0.0,1.998631074606434,472.0,2018-06-27
c3nano,C3Nano Inc.,2012-12-30,2014-11-05,1.8480492813141685,0,last_supplied_sub_1b_round_proxy,2.0,2.0,9880000.0,6700000.0,2.0,2.0,1.998631074606434,319.0,2012-02-15
cairnsurgical,CairnSurgical Inc.,2021-12-16,2024-08-21,2.6803559206023273,0,last_supplied_sub_1b_round_proxy,1.0,1.0,3290000.0,3290000.0,0.0,0.0,1.998631074606434,730.0,2019-12-17
qnovo,Qnovo Incorporated,2012-03-25,2016-06-08,4.205338809034908,0,last_supplied_sub_1b_round_proxy,1.0,1.0,1100000.0,1100000.0,2.0,2.0,1.998631074606434,730.0,2010-03-26
highbyte,"HighByte, Inc.",2023-12-08,2024-04-23,0.3750855578370979,0,last_supplied_sub_1b_round_proxy,1.0,1.0,3500000.0,3500000.0,3.0,3.0,1.998631074606434,730.0,2021-12-08
trulivpropertiesservicesprivate,Truliv Properties & Services Private Limited,2025-06-20,2025-06-23,0.008213552361396304,0,last_supplied_sub_1b_round_proxy,1.0,1.0,1500000.0,1500000.0,2.0,2.0,1.998631074606434,730.0,2023-06-21
applepiecapital,"ApplePie Capital, Inc.",2017-04-08,2021-09-29,4.476386036960986,0,last_supplied_sub_1b_round_proxy,1.0,1.0,6090000.0,6090000.0,3.0,3.0,1.998631074606434,730.0,2015-04-09
opsera,"Opsera, Inc.",2023-04-28,2023-10-04,0.4353182751540041,0,last_supplied_sub_1b_round_proxy,1.0,1.0,15000000.0,15000000.0,5.0,5.0,1.998631074606434,730.0,2021-04-28
eazydinerprivate,EazyDiner Private Limited,2017-08-24,2018-08-03,0.9418206707734429,0,last_supplied_sub_1b_round_proxy,1.0,1.0,3020000.0,3020000.0,2.0,2.0,1.998631074606434,730.0,2015-08-25
voatz,"Voatz, Inc.",2019-05-06,2022-05-31,3.0691307323750854,0,last_supplied_sub_1b_round_proxy,1.0,1.0,120000.0,120000.0,1.0,1.0,1.998631074606434,730.0,2017-05-06
smartvidio,"Smartvid.io, Inc.",2017-08-02,2020-12-09,3.353867214236824,0,last_supplied_sub_1b_round_proxy,1.0,1.0,3440000.0,3440000.0,2.0,2.0,1.998631074606434,730.0,2015-08-03
trilliumrenewablechemicals,"Trillium Renewable Chemicals, Inc.",2023-02-18,2026-05-05,3.2087611225188226,0,last_supplied_sub_1b_round_proxy,1.0,1.0,1500000.0,1500000.0,1.0,1.0,1.998631074606434,730.0,2021-02-18
communitysocialinvestment,COMMUNITY SOCIAL INVESTMENT LIMITED,2017-08-09,2017-11-28,0.30390143737166325,0,last_supplied_sub_1b_round_proxy,1.0,1.0,2720000.0,2720000.0,0.0,0.0,1.998631074606434,730.0,2015-08-10
jethealth,"Jet Health, Inc.",2020-04-22,2022-04-16,1.9822039698836413,0,last_supplied_sub_1b_round_proxy,2.0,2.0,11200000.0,5750000.0,0.0,0.0,1.998631074606434,348.0,2019-05-10
public,"Public Holdings, Inc.",2020-09-17,2021-02-17,0.4188911704312115,1,first_ge_1b_event,2.0,2.0,16200000.0,15000000.0,4.0,4.0,1.998631074606434,202.0,2020-02-28
tour24,"Tour24, Inc.",2022-12-18,2024-04-10,1.3114305270362765,0,last_supplied_sub_1b_round_proxy,1.0,1.0,1000000.0,1000000.0,0.0,0.0,1.998631074606434,730.0,2020-12-18
heritageholdingofcalifornia,"Heritage Holding of California, Inc.",2021-08-04,2021-11-29,0.3203285420944558,0,last_supplied_sub_1b_round_proxy,1.0,1.0,11530000.0,11530000.0,4.0,4.0,1.998631074606434,730.0,2019-08-05
creditsesame,"Credit Sesame, Inc.",2012-03-31,2012-06-08,0.188911704312115,0,last_supplied_sub_1b_round_proxy,2.0,2.0,7350000.0,6150000.0,5.0,4.0,1.998631074606434,388.0,2011-03-09
evertrue,"EverTrue, Inc.",2015-03-21,2017-09-06,2.4640657084188913,0,last_supplied_sub_1b_round_proxy,2.0,2.0,16250000.0,11000000.0,3.0,2.0,1.998631074606434,157.0,2014-10-15
endostim,"EndoStim, Inc.",2013-05-23,2015-05-08,1.9575633127994525,0,last_supplied_sub_1b_round_proxy,3.0,3.0,23330000.0,12230000.0,6.0,6.0,1.998631074606434,8.0,2013-05-15
neo4j,"Neo4j, Inc.",2014-11-02,2021-06-17,6.622861054072553,1,first_ge_1b_event,1.0,1.0,11000000.0,11000000.0,3.0,3.0,1.998631074606434,730.0,2012-11-02
transactis,"Transactis, Inc.",2012-11-28,2014-08-21,1.727583846680356,0,last_supplied_sub_1b_round_proxy,2.0,2.0,15280000.0,8240000.0,1.0,1.0,1.998631074606434,15.0,2012-11-13
hireku,"Hireku, Inc.",2013-04-28,2017-10-25,4.492813141683778,0,last_supplied_sub_1b_round_proxy,2.0,2.0,3043000.0,2160000.0,5.0,5.0,1.998631074606434,185.0,2012-10-25
datameer,"Datameer, Inc.",2012-04-13,2012-09-25,0.4517453798767967,0,last_supplied_sub_1b_round_proxy,2.0,2.0,12030000.0,9490000.0,2.0,2.0,1.998631074606434,333.0,2011-05-16
thumbtack,"Thumbtack, Inc.",2012-06-08,2015-09-28,3.3045859000684463,1,first_ge_1b_event,2.0,2.0,5700000.0,4500000.0,2.0,2.0,1.998631074606434,151.0,2012-01-09
onelogin,"OneLogin, Inc.",2013-06-23,2013-10-02,0.27652292950034224,0,last_supplied_sub_1b_round_proxy,1.0,1.0,1500000.0,1500000.0,1.0,1.0,1.998631074606434,730.0,2011-06-24
canvassolutions,"Canvas Solutions, Inc.",2013-07-06,2014-12-10,1.429158110882957,0,last_supplied_sub_1b_round_proxy,2.0,2.0,6440000.0,4230000.0,2.0,2.0,1.998631074606434,33.0,2013-06-03
tongal,"Tongal, Inc.",2015-01-10,2020-03-03,5.144421629021219,0,last_supplied_sub_1b_round_proxy,1.0,1.0,13950000.0,13950000.0,2.0,2.0,1.998631074606434,730.0,2013-01-10
pley,Pley Inc.,2016-03-19,2016-10-13,0.5694729637234771,0,last_supplied_sub_1b_round_proxy,1.0,1.0,6750000.0,6750000.0,5.0,5.0,1.998631074606434,730.0,2014-03-20
agaridata,"Agari Data, Inc.",2013-11-01,2014-09-23,0.892539356605065,0,last_supplied_sub_1b_round_proxy,2.0,2.0,8030000.0,5330000.0,4.0,4.0,1.998631074606434,249.0,2013-02-25
eyeview,"Eyeview, Inc.",2013-04-30,2013-07-24,0.2327173169062286,0,last_supplied_sub_1b_round_proxy,2.0,2.0,7280000.0,5530000.0,4.0,3.0,1.998631074606434,476.0,2012-01-10
wonderworkshop,"Wonder Workshop, Inc.",2016-03-03,2020-04-07,4.095824777549623,0,last_supplied_sub_1b_round_proxy,1.0,1.0,8000000.0,8000000.0,2.0,2.0,1.998631074606434,730.0,2014-03-04
idme,"ID.me, Inc.",2013-12-12,2021-03-22,7.274469541409993,1,first_ge_1b_event,1.0,1.0,4080000.0,4080000.0,4.0,4.0,1.998631074606434,730.0,2011-12-13
eatclub,EAT Club Inc.,2013-12-30,2013-12-31,0.0027378507871321013,0,last_supplied_sub_1b_round_proxy,2.0,2.0,7620000.0,6120000.0,7.0,6.0,1.998631074606434,271.0,2013-04-03
experity,"Experity, Inc.",2015-05-02,2016-04-22,0.974674880219028,0,last_supplied_sub_1b_round_proxy,2.0,2.0,14900000.0,11900000.0,2.0,2.0,1.998631074606434,424.0,2014-03-04
percolateindustries,"Percolate Industries, Inc.",2013-12-14,2014-02-26,0.2026009582477755,0,last_supplied_sub_1b_round_proxy,2.0,2.0,10500000.0,9000000.0,6.0,5.0,1.998631074606434,395.0,2012-11-14
orthospace,OrthoSpace Ltd.,2013-05-16,2013-07-01,0.12594113620807665,0,last_supplied_sub_1b_round_proxy,1.0,1.0,2600000.0,2600000.0,1.0,1.0,1.998631074606434,730.0,2011-05-17
openbay,"Openbay, Inc.",2015-10-28,2018-06-25,2.6584531143052703,0,last_supplied_sub_1b_round_proxy,1.0,1.0,9370000.0,9370000.0,4.0,4.0,1.998631074606434,730.0,2013-10-28
airbnbnasdaqgsabnb,"Airbnb, Inc. (NasdaqGS:ABNB)",2012-11-09,2014-04-18,1.4373716632443532,1,first_ge_1b_event,1.0,1.0,7200000.0,7200000.0,4.0,4.0,1.998631074606434,730.0,2010-11-10
processunity,"ProcessUnity, Inc.",2015-03-07,2015-09-15,0.5256673511293635,0,last_supplied_sub_1b_round_proxy,1.0,1.0,5000000.0,5000000.0,1.0,1.0,1.998631074606434,730.0,2013-03-07
emmahealth,"EMMA Health Technologies, Inc.",2012-05-31,2017-01-26,4.657084188911704,0,last_supplied_sub_1b_round_proxy,1.0,1.0,9000000.0,9000000.0,2.0,2.0,1.998631074606434,730.0,2010-06-01
decisiv,"Decisiv, Inc.",2013-10-05,2014-03-11,0.42984257357973993,0,last_supplied_sub_1b_round_proxy,2.0,2.0,5180000.0,3010000.0,0.0,0.0,1.998631074606434,446.0,2012-07-16
qmpower,"QM Power, Inc.",2014-11-26,2018-03-09,3.2826830937713893,0,last_supplied_sub_1b_round_proxy,1.0,1.0,5990000.0,5990000.0,1.0,1.0,1.998631074606434,730.0,2012-11-26
cloverfastfood,"Clover Fast Food, Inc.",2014-02-09,2018-08-10,4.498288843258043,0,last_supplied_sub_1b_round_proxy,1.0,1.0,3010000.0,3010000.0,0.0,0.0,1.998631074606434,730.0,2012-02-10
exabeam,"Exabeam, LLC",2016-06-09,2021-06-01,4.97741273100616,1,first_ge_1b_event,1.0,1.0,10000000.0,10000000.0,2.0,2.0,1.998631074606434,730.0,2014-06-10
ambiqmicronyseambq,"Ambiq Micro, Inc. (NYSE:AMBQ)",2012-11-08,2013-08-20,0.7802874743326489,0,last_supplied_sub_1b_round_proxy,1.0,1.0,2520000.0,2520000.0,6.0,6.0,1.998631074606434,730.0,2010-11-09
pagerdutynysepd,"PagerDuty, Inc. (NYSE:PD)",2012-12-30,2018-09-06,5.683778234086242,1,first_ge_1b_event,1.0,1.0,2009999.9999999998,2009999.9999999998,3.0,3.0,1.998631074606434,730.0,2010-12-31
aperia,"Aperia Technologies, Inc.",2013-07-24,2014-07-03,0.9418206707734429,0,last_supplied_sub_1b_round_proxy,1.0,1.0,690000.0,690000.0,3.0,3.0,1.998631074606434,730.0,2011-07-25
rethinkautism,"Rethink Autism, Inc.",2013-08-29,2014-08-18,0.9691991786447639,0,last_supplied_sub_1b_round_proxy,1.0,1.0,3120000.0,3120000.0,0.0,0.0,1.998631074606434,730.0,2011-08-30
calicoenergy,"Calico Energy, Inc.",2014-09-10,2015-12-10,1.2484599589322383,0,last_supplied_sub_1b_round_proxy,1.0,1.0,2000000.0,2000000.0,0.0,0.0,1.998631074606434,730.0,2012-09-10
onecause,"OneCause, Inc.",2013-09-28,2018-09-12,4.955509924709103,0,last_supplied_sub_1b_round_proxy,1.0,1.0,5600000.0,5600000.0,2.0,2.0,1.998631074606434,730.0,2011-09-29
montagetalent,"Montage Talent, Inc.",2013-12-11,2017-09-07,3.7399041752224504,0,last_supplied_sub_1b_round_proxy,2.0,2.0,7030000.0,4030000.0000000005,4.0,4.0,1.998631074606434,331.0,2013-01-14
liquidplanner,"LiquidPlanner, Inc.",2016-05-07,2018-11-08,2.5051334702258727,0,last_supplied_sub_1b_round_proxy,1.0,1.0,10190000.0,10190000.0,1.0,1.0,1.998631074606434,730.0,2014-05-08
ello,"Ello, PBC",2016-10-22,2017-03-13,0.3887748117727584,0,last_supplied_sub_1b_round_proxy,1.0,1.0,12480000.0,12480000.0,3.0,3.0,1.998631074606434,730.0,2014-10-23
edeniq,EdeniQ Inc.,2012-04-27,2017-01-19,4.731006160164271,0,last_supplied_sub_1b_round_proxy,1.0,1.0,12400000.0,12400000.0,8.0,8.0,1.998631074606434,730.0,2010-04-28
loverly,"Loverly, Inc.",2016-04-27,2022-10-11,6.455852156057495,0,last_supplied_sub_1b_round_proxy,1.0,1.0,2500000.0,2500000.0,0.0,0.0,1.998631074606434,730.0,2014-04-28
informedmedicaldecisions,"Informed Medical Decisions, Inc.",2015-07-08,2016-03-28,0.7227926078028748,0,last_supplied_sub_1b_round_proxy,2.0,2.0,11820000.0,7230000.0,1.0,1.0,1.998631074606434,344.0,2014-07-29
coherentpath,Coherent Path Inc.,2016-06-24,2019-07-05,3.028062970568104,0,last_supplied_sub_1b_round_proxy,1.0,1.0,6250000.0,6250000.0,5.0,5.0,1.998631074606434,730.0,2014-06-25
datastax,"DataStax, Inc.",2012-10-26,2022-06-15,9.634496919917865,1,first_ge_1b_event,2.0,2.0,14020000.0,11450000.0,4.0,3.0,1.998631074606434,401.0,2011-09-21
bitgo,"BitGo, Inc.",2016-06-15,2023-08-16,7.167693360711842,1,first_ge_1b_event,1.0,1.0,12000000.0,12000000.0,7.0,7.0,1.998631074606434,730.0,2014-06-16
evergage,"Evergage, Inc.",2013-06-08,2016-01-12,2.595482546201232,0,last_supplied_sub_1b_round_proxy,1.0,1.0,3750000.0,3750000.0,2.0,2.0,1.998631074606434,730.0,2011-06-09
hashicorp,"HashiCorp, Inc.",2016-12-08,2018-11-01,1.8973305954825461,1,first_ge_1b_event,1.0,1.0,10200000.0,10200000.0,3.0,3.0,1.998631074606434,730.0,2014-12-09
honeybook,"HoneyBook, Inc.",2014-10-31,2021-05-04,6.507871321013004,1,first_ge_1b_event,2.0,2.0,9780000.0,8630000.0,4.0,3.0,1.998631074606434,39.0,2014-09-22
livible,"Livible, Inc.",2015-11-19,2018-07-09,2.6365503080082138,0,last_supplied_sub_1b_round_proxy,1.0,1.0,1430000.0,1430000.0,0.0,0.0,1.998631074606434,730.0,2013-11-19
sqrrldata,"Sqrrl Data, Inc.",2014-08-20,2015-02-18,0.49828884325804246,0,last_supplied_sub_1b_round_proxy,2.0,2.0,7200000.0,5200000.0,2.0,2.0,1.998631074606434,303.0,2013-10-21
trialscope,TrialScope Inc.,2016-06-09,2018-09-17,2.272416153319644,0,last_supplied_sub_1b_round_proxy,1.0,1.0,10200000.0,10200000.0,3.0,3.0,1.998631074606434,730.0,2014-06-10
gamefacemedia,"Gameface Media, Inc.",2016-08-06,2018-02-05,1.5003422313483916,0,last_supplied_sub_1b_round_proxy,1.0,1.0,2960000.0,2960000.0,0.0,0.0,1.998631074606434,730.0,2014-08-07
giddyapps,Giddy Apps LLC,2016-07-06,2019-10-04,3.24435318275154,0,last_supplied_sub_1b_round_proxy,1.0,1.0,4730000.0,4730000.0,0.0,0.0,1.998631074606434,730.0,2014-07-07
ohanacompanies,Ohana Companies Inc.,2013-05-12,2017-06-15,4.093086926762491,0,last_supplied_sub_1b_round_proxy,1.0,1.0,12000000.0,12000000.0,0.0,0.0,1.998631074606434,730.0,2011-05-13
stitch,"Stitch Labs, Inc.",2014-02-20,2015-10-20,1.6618754277891854,0,last_supplied_sub_1b_round_proxy,2.0,2.0,4590000.0,3500000.0,2.0,2.0,1.998631074606434,156.0,2013-09-17
ceros,Ceros Inc.,2016-03-30,2018-04-09,2.026009582477755,0,last_supplied_sub_1b_round_proxy,1.0,1.0,6370000.0,6370000.0,3.0,3.0,1.998631074606434,730.0,2014-03-31
abouthealthcare,"ABOUT Healthcare, Inc.",2014-09-12,2016-07-26,1.8699520876112252,0,last_supplied_sub_1b_round_proxy,1.0,1.0,8119999.999999999,8119999.999999999,1.0,1.0,1.998631074606434,730.0,2012-09-12
keyfactor,"Keyfactor, Inc.",2016-03-23,2023-10-24,7.586584531143052,1,first_ge_1b_event,2.0,2.0,4800000.0,3000000.0,1.0,1.0,1.998631074606434,339.0,2015-04-19
cumminselectrifiedpowerna,Cummins Electrified Power NA Inc.,2016-12-03,2017-08-24,0.7227926078028748,0,last_supplied_sub_1b_round_proxy,1.0,1.0,3000000.0,3000000.0,0.0,0.0,1.998631074606434,730.0,2014-12-04
rapidfocussecurity,"Rapid Focus Security, Inc.",2015-07-30,2017-11-29,2.3353867214236823,0,last_supplied_sub_1b_round_proxy,1.0,1.0,5100000.0,5100000.0,3.0,3.0,1.998631074606434,730.0,2013-07-30
spotright,"SpotRight, Inc.",2012-12-07,2013-05-23,0.45722108145106094,0,last_supplied_sub_1b_round_proxy,1.0,1.0,1500000.0,1500000.0,0.0,0.0,1.998631074606434,730.0,2010-12-08
impacttech,"Impact Tech, Inc.",2014-09-28,2021-07-13,6.789869952087611,1,first_ge_1b_event,1.0,1.0,4000000.0,4000000.0,0.0,0.0,1.998631074606434,730.0,2012-09-28
invoca,"Invoca, Inc.",2012-11-29,2022-06-14,9.538672142368242,1,first_ge_1b_event,1.0,1.0,3770000.0,3770000.0,2.0,2.0,1.998631074606434,730.0,2010-11-30
ycharts,YCharts Inc.,2012-04-06,2013-05-09,1.0896646132785763,0,last_supplied_sub_1b_round_proxy,2.0,2.0,5620000.0,3250000.0,5.0,4.0,1.998631074606434,141.0,2011-11-17
perpetuapowersource,"Perpetua Power Source Technologies, Inc.",2013-05-09,2018-12-06,5.577002053388091,0,last_supplied_sub_1b_round_proxy,1.0,1.0,2610000.0,2610000.0,1.0,1.0,1.998631074606434,730.0,2011-05-10
financialinsight,"Financial Insight Technology, Inc.",2016-03-24,2016-09-08,0.459958932238193,0,last_supplied_sub_1b_round_proxy,1.0,1.0,5140000.0,5140000.0,2.0,2.0,1.998631074606434,730.0,2014-03-25
acornsgrow,Acorns Grow Incorporated,2016-03-11,2022-03-09,5.993155373032169,1,first_ge_1b_event,2.0,2.0,8000000.0,5500000.0,2.0,1.0,1.998631074606434,436.0,2014-12-31
soundpharmaceuticals,"Sound Pharmaceuticals, Inc.",2015-10-16,2018-06-06,2.639288158795346,0,last_supplied_sub_1b_round_proxy,1.0,1.0,7560000.0,7560000.0,0.0,0.0,1.998631074606434,730.0,2013-10-16
sente,"Sente, Inc.",2016-06-01,2017-06-08,1.0184804928131417,0,last_supplied_sub_1b_round_proxy,1.0,1.0,5000000.0,5000000.0,1.0,1.0,1.998631074606434,730.0,2014-06-02
rackware,"RackWare, Inc.",2015-06-27,2016-09-13,1.215605749486653,0,last_supplied_sub_1b_round_proxy,2.0,2.0,5570000.0,3280000.0,3.0,3.0,1.998631074606434,353.0,2014-07-09
pincsolutions,PINC Solutions Corp.,2012-05-25,2019-11-21,7.490759753593429,0,last_supplied_sub_1b_round_proxy,1.0,1.0,5800000.0,5800000.0,2.0,2.0,1.998631074606434,730.0,2010-05-26
mobilewalla,"Mobilewalla, Inc.",2015-02-12,2018-05-03,3.2197125256673513,0,last_supplied_sub_1b_round_proxy,1.0,1.0,4000000.0,4000000.0,2.0,2.0,1.998631074606434,730.0,2013-02-12
barnana,"Barnana, PBC",2016-03-04,2021-06-16,5.284052019164956,0,last_supplied_sub_1b_round_proxy,2.0,2.0,1975000.0,1000000.0,1.0,1.0,1.998631074606434,472.0,2014-11-18
continuityengine,"Continuity Engine, Inc.",2012-03-07,2012-07-24,0.3805612594113621,0,last_supplied_sub_1b_round_proxy,1.0,1.0,2240000.0,2240000.0,3.0,3.0,1.998631074606434,730.0,2010-03-08
gamesalad,GameSalad Inc.,2013-03-30,2019-04-22,6.061601642710472,0,last_supplied_sub_1b_round_proxy,1.0,1.0,6130000.0,6130000.0,5.0,5.0,1.998631074606434,730.0,2011-03-31
comprehendsystems,"Comprehend Systems, Inc.",2015-07-11,2019-03-12,3.668720054757016,0,last_supplied_sub_1b_round_proxy,1.0,1.0,9040000.0,9040000.0,1.0,1.0,1.998631074606434,730.0,2013-07-11
wakie,Wakie,2014-06-29,2016-03-22,1.730321697467488,0,last_supplied_sub_1b_round_proxy,1.0,1.0,2000000.0,2000000.0,1.0,1.0,1.998631074606434,730.0,2012-06-29
makespace,"MakeSpace Labs, Inc.",2015-09-26,2016-02-24,0.4134154688569473,0,last_supplied_sub_1b_round_proxy,2.0,2.0,7310000.0,6040000.0,6.0,6.0,1.998631074606434,513.0,2014-05-01
zumutorbiologics,Zumutor Biologics Inc.,2015-12-31,2018-04-30,2.329911019849418,0,last_supplied_sub_1b_round_proxy,1.0,1.0,4370000.0,4370000.0,4.0,4.0,1.998631074606434,730.0,2013-12-31
comply,"Comply Technologies, Inc.",2016-01-07,2017-11-17,1.8617385352498288,0,last_supplied_sub_1b_round_proxy,1.0,1.0,8260000.0,8260000.0,1.0,1.0,1.998631074606434,730.0,2014-01-07
levelsbeyond,Levels Beyond Inc.,2014-12-20,2015-06-24,0.5092402464065708,0,last_supplied_sub_1b_round_proxy,2.0,2.0,7000000.0,4500000.0,1.0,1.0,1.998631074606434,292.0,2014-03-03
shareablee,"Shareablee, Inc.",2016-05-11,2018-07-06,2.1519507186858315,0,last_supplied_sub_1b_round_proxy,1.0,1.0,7870000.0,7870000.0,2.0,2.0,1.998631074606434,730.0,2014-05-12
usermind,"Usermind, Inc.",2015-10-17,2016-03-16,0.4134154688569473,0,last_supplied_sub_1b_round_proxy,1.0,1.0,7600000.0,7600000.0,3.0,3.0,1.998631074606434,730.0,2013-10-17
triplelift,"Triple Lift, Inc.",2014-12-31,2015-06-12,0.4462696783025325,0,last_supplied_sub_1b_round_proxy,2.0,2.0,6080000.0,4040000.0,9.0,8.0,1.998631074606434,391.0,2013-12-05
pepinsabpubl,Pepins Group AB (publ),2016-03-23,2016-06-25,0.25735797399041754,0,last_supplied_sub_1b_round_proxy,1.0,1.0,933000.0,933000.0,1.0,1.0,1.998631074606434,730.0,2014-03-24
opensignal,"Opensignal, Inc.",2014-09-18,2018-03-21,3.5044490075290895,0,last_supplied_sub_1b_round_proxy,2.0,2.0,5270000.0,4000000.0,3.0,3.0,1.998631074606434,44.0,2014-08-05
pttokopedia,PT. Tokopedia,2013-04-18,2018-11-30,5.618069815195072,1,first_ge_1b_event,1.0,1.0,700000.0,700000.0,1.0,1.0,1.998631074606434,730.0,2011-04-19
rocketrip,"Rocketrip, Inc.",2016-02-10,2016-06-20,0.3586584531143053,0,last_supplied_sub_1b_round_proxy,3.0,3.0,8190000.0,3160000.0,4.0,3.0,1.998631074606434,153.0,2015-09-10
sunking,Sun King,2014-04-16,2015-02-04,0.8049281314168378,0,last_supplied_sub_1b_round_proxy,1.0,1.0,4110000.0000000005,4110000.0000000005,1.0,1.0,1.998631074606434,730.0,2012-04-16
windsorcircle,"Windsor Circle, Inc.",2015-11-14,2016-04-25,0.4462696783025325,0,last_supplied_sub_1b_round_proxy,1.0,1.0,1000000.0,1000000.0,2.0,2.0,1.998631074606434,730.0,2013-11-14
indicodatasolutions,Indico Data Solutions Inc.,2016-11-05,2019-05-24,2.546201232032854,0,last_supplied_sub_1b_round_proxy,1.0,1.0,3300000.0,3300000.0,4.0,4.0,1.998631074606434,730.0,2014-11-06
dentackimplants,Dentack Implants Ltd.,2013-07-11,2015-06-10,1.9137577002053388,0,last_supplied_sub_1b_round_proxy,1.0,1.0,1000000.0,1000000.0,0.0,0.0,1.998631074606434,730.0,2011-07-12
teamsnap,"TeamSnap, Inc.",2012-06-07,2013-02-05,0.6652977412731006,0,last_supplied_sub_1b_round_proxy,1.0,1.0,717000.0,717000.0,1.0,1.0,1.998631074606434,730.0,2010-06-08
makerskit,"MakersKit, Inc.",2016-06-29,2016-09-20,0.2272416153319644,0,last_supplied_sub_1b_round_proxy,1.0,1.0,1500000.0,1500000.0,5.0,5.0,1.998631074606434,730.0,2014-06-30
creativemarket,"Creative Market Labs, Inc.",2012-12-30,2017-10-11,4.780287474332649,0,last_supplied_sub_1b_round_proxy,2.0,2.0,1120000.0,1000000.0,9.0,8.0,1.998631074606434,607.0,2011-05-03
spotontransact,"SpotOn Transact, LLC",2014-08-17,2021-05-25,6.770704996577686,1,first_ge_1b_event,1.0,1.0,3950000.0,3950000.0,0.0,0.0,1.998631074606434,730.0,2012-08-17
celsee,"Celsee, Inc.",2016-12-04,2017-10-26,0.892539356605065,0,last_supplied_sub_1b_round_proxy,1.0,1.0,6240000.0,6240000.0,2.0,2.0,1.998631074606434,730.0,2014-12-05
gausssurgical,"Gauss Surgical, Inc.",2015-10-31,2016-03-30,0.4134154688569473,0,last_supplied_sub_1b_round_proxy,2.0,2.0,10200000.0,6200000.0,3.0,3.0,1.998631074606434,73.0,2015-08-19
consciouscontentmedia,"Conscious Content Media, Inc.",2014-03-31,2016-05-09,2.108145106091718,0,last_supplied_sub_1b_round_proxy,1.0,1.0,6160000.0,6160000.0,3.0,3.0,1.998631074606434,730.0,2012-03-31
streetlightdata,"StreetLight Data, Inc.",2015-10-03,2018-07-17,2.7871321013004793,0,last_supplied_sub_1b_round_proxy,1.0,1.0,6150000.0,6150000.0,2.0,2.0,1.998631074606434,730.0,2013-10-03
converus,"Converus, Inc.",2015-03-31,2019-03-19,3.9671457905544147,0,last_supplied_sub_1b_round_proxy,1.0,1.0,6060000.0,6060000.0,1.0,1.0,1.998631074606434,730.0,2013-03-31
streamlinksoftware,StreamLink Software Inc.,2016-03-04,2020-03-25,4.057494866529774,0,last_supplied_sub_1b_round_proxy,1.0,1.0,3530000.0,3530000.0,4.0,4.0,1.998631074606434,730.0,2014-03-05
postbidship,"Post.Bid.Ship., Inc.",2015-10-15,2019-07-16,3.7508555783709787,0,last_supplied_sub_1b_round_proxy,1.0,1.0,664000.0,664000.0,0.0,0.0,1.998631074606434,730.0,2013-10-15
shapesecurity,"Shape Security, Inc.",2014-04-26,2019-09-12,5.379876796714579,1,first_ge_1b_event,1.0,1.0,5860000.0,5860000.0,4.0,4.0,1.998631074606434,730.0,2012-04-26
presagebiosciences,"Presage Biosciences, Inc.",2012-06-22,2021-03-02,8.692676249144421,0,last_supplied_sub_1b_round_proxy,1.0,1.0,4000000.0,4000000.0,0.0,0.0,1.998631074606434,730.0,2010-06-23
trapelo,Trapelo Corp.,2014-11-09,2017-06-20,2.6119096509240247,0,last_supplied_sub_1b_round_proxy,1.0,1.0,2510000.0,2510000.0,2.0,2.0,1.998631074606434,730.0,2012-11-09
plink,"Plink, Inc.",2014-04-02,2020-12-18,6.713210130047912,0,last_supplied_sub_1b_round_proxy,1.0,1.0,630000.0,630000.0,2.0,2.0,1.998631074606434,730.0,2012-04-02
remitlyglobalnasdaqgsrely,"Remitly Global, Inc. (NasdaqGS:RELY)",2015-01-07,2020-07-29,5.557837097878165,1,first_ge_1b_event,1.0,1.0,2600000.0,2600000.0,3.0,3.0,1.998631074606434,730.0,2013-01-07
myhealthteam,"MyHealthTeam, Inc.",2014-08-14,2017-06-12,2.8281998631074607,0,last_supplied_sub_1b_round_proxy,2.0,2.0,5110000.0,3360000.0,5.0,5.0,1.998631074606434,183.0,2014-02-12
dealcloud,"DealCloud, Inc.",2014-08-13,2017-06-05,2.811772758384668,0,last_supplied_sub_1b_round_proxy,1.0,1.0,266000.0,266000.0,0.0,0.0,1.998631074606434,730.0,2012-08-13
smartrecruiters,"SmartRecruiters, Inc.",2014-01-17,2021-07-20,7.5044490075290895,1,first_ge_1b_event,1.0,1.0,5470000.0,5470000.0,1.0,1.0,1.998631074606434,730.0,2012-01-18
healionics,Healionics Corporation,2013-05-05,2020-12-16,7.616700889801506,0,last_supplied_sub_1b_round_proxy,1.0,1.0,146000.0,146000.0,0.0,0.0,1.998631074606434,730.0,2011-05-06
jobdig,"JobDig, Inc.",2012-12-12,2013-01-04,0.06297056810403832,0,last_supplied_sub_1b_round_proxy,1.0,1.0,1000000.0,1000000.0,0.0,0.0,1.998631074606434,730.0,2010-12-13
packback,"Packback, Inc.",2016-08-11,2019-01-29,2.4668035592060233,0,last_supplied_sub_1b_round_proxy,1.0,1.0,1050000.0,1050000.0,1.0,1.0,1.998631074606434,730.0,2014-08-12
talkspacenasdaqcmtalk,"Talkspace, Inc. (NasdaqCM:TALK)",2016-12-15,2021-06-22,4.517453798767967,1,first_ge_1b_event,2.0,2.0,14060000.0,9360000.0,4.0,4.0,1.998631074606434,583.0,2015-05-12
gradiant,Gradiant Corporation,2015-04-18,2026-05-18,11.082819986310746,1,first_ge_1b_event,1.0,1.0,1400000.0,1400000.0,0.0,0.0,1.998631074606434,730.0,2013-04-18
serendipity,"Serendipity Labs, Inc.",2014-08-23,2021-06-15,6.811772758384668,0,last_supplied_sub_1b_round_proxy,1.0,1.0,5250000.0,5250000.0,1.0,1.0,1.998631074606434,730.0,2012-08-23
2020,"2020, Inc.",2016-05-19,2018-06-29,2.11088295687885,0,last_supplied_sub_1b_round_proxy,1.0,1.0,1220000.0,1220000.0,0.0,0.0,1.998631074606434,730.0,2014-05-20
mindthebytesl,"Mind the Byte, S.L.",2016-10-13,2017-07-10,0.7392197125256673,0,last_supplied_sub_1b_round_proxy,1.0,1.0,253000.0,253000.0,1.0,1.0,1.998631074606434,730.0,2014-10-14
mediahound,"MediaHound, Inc.",2016-10-19,2020-04-03,3.455167693360712,0,last_supplied_sub_1b_round_proxy,1.0,1.0,4510000.0,4510000.0,0.0,0.0,1.998631074606434,730.0,2014-10-20
marqetanasdaqgsmq,"Marqeta, Inc. (NasdaqGS:MQ)",2013-06-12,2019-05-21,5.938398357289528,1,first_ge_1b_event,1.0,1.0,5010000.0,5010000.0,0.0,0.0,1.998631074606434,730.0,2011-06-13
genetesis,"Genetesis, Inc.",2016-10-29,2018-06-05,1.5989048596851472,0,last_supplied_sub_1b_round_proxy,1.0,1.0,250000.0,250000.0,1.0,1.0,1.998631074606434,730.0,2014-10-30
thuzio,"Thuzio, Inc.",2014-12-31,2019-09-06,4.681724845995893,0,last_supplied_sub_1b_round_proxy,2.0,2.0,4470000.0,3770000.0,1.0,1.0,1.998631074606434,713.0,2013-01-17
adaptivesurface,"Adaptive Surface Technologies, Inc.",2016-10-28,2022-03-21,5.393566050650239,0,last_supplied_sub_1b_round_proxy,1.0,1.0,3000000.0,3000000.0,1.0,1.0,1.998631074606434,730.0,2014-10-29
contentraven,"Content Raven, Inc.",2015-07-24,2022-07-19,6.9869952087611225,0,last_supplied_sub_1b_round_proxy,1.0,1.0,2110000.0,2110000.0,3.0,3.0,1.998631074606434,730.0,2013-07-24
15five,"15Five, Inc.",2015-01-15,2018-12-04,3.885010266940452,0,last_supplied_sub_1b_round_proxy,1.0,1.0,1000000.0,1000000.0,2.0,2.0,1.998631074606434,730.0,2013-01-15
helixbind,"HelixBind, Inc.",2016-02-24,2017-10-24,1.6646132785763177,0,last_supplied_sub_1b_round_proxy,1.0,1.0,1650000.0,1650000.0,0.0,0.0,1.998631074606434,730.0,2014-02-24
obviyo,"Obviyo, Inc.",2012-12-02,2019-02-20,6.217659137577002,0,last_supplied_sub_1b_round_proxy,2.0,2.0,3150000.0,1760000.0,1.0,1.0,1.998631074606434,118.0,2012-08-06
iquartic,"iQuartic, Inc.",2014-08-13,2018-12-14,4.336755646817249,0,last_supplied_sub_1b_round_proxy,1.0,1.0,810000.0,810000.0,1.0,1.0,1.998631074606434,730.0,2012-08-13
zeakal,"ZeaKal, Inc.",2015-03-26,2016-02-17,0.8980150581793293,0,last_supplied_sub_1b_round_proxy,1.0,1.0,4520000.0,4520000.0,2.0,2.0,1.998631074606434,730.0,2013-03-26
sagunanetworks,Saguna Networks Ltd.,2013-07-30,2015-02-12,1.538672142368241,0,last_supplied_sub_1b_round_proxy,1.0,1.0,1500000.0,1500000.0,0.0,0.0,1.998631074606434,730.0,2011-07-31
scootnetworks,"Scoot Networks, Inc.",2014-09-12,2016-06-28,1.7932922655715264,0,last_supplied_sub_1b_round_proxy,1.0,1.0,4240000.0,4240000.0,0.0,0.0,1.998631074606434,730.0,2012-09-12
terviva,"Terviva, Inc.",2014-03-01,2017-12-23,3.813826146475017,0,last_supplied_sub_1b_round_proxy,1.0,1.0,4150000.0000000005,4150000.0000000005,0.0,0.0,1.998631074606434,730.0,2012-03-01
lifecarefunding,"Life Care Funding, LLC",2016-02-28,2016-06-30,0.33675564681724846,0,last_supplied_sub_1b_round_proxy,2.0,2.0,2750000.0,2000000.0,1.0,1.0,1.998631074606434,213.0,2015-07-30
princetoninfrared,"Princeton Infrared Technologies, Inc.",2016-11-13,2017-06-01,0.5475701574264202,0,last_supplied_sub_1b_round_proxy,1.0,1.0,2850000.0,2850000.0,0.0,0.0,1.998631074606434,730.0,2014-11-14
medmindersystems,"MedMinder Systems, Inc.",2012-04-07,2019-09-11,7.427789185489391,0,last_supplied_sub_1b_round_proxy,1.0,1.0,1270000.0,1270000.0,0.0,0.0,1.998631074606434,730.0,2010-04-08
branchpoint,"Branchpoint Technologies, Inc.",2016-09-16,2017-08-31,0.9555099247091033,0,last_supplied_sub_1b_round_proxy,2.0,2.0,5230000.0,3740000.0,1.0,1.0,1.998631074606434,17.0,2016-08-30
latidomitu,"Latido Mitu Holdings, LLC",2014-12-12,2018-11-14,3.923340177960301,0,last_supplied_sub_1b_round_proxy,1.0,1.0,3530000.0,3530000.0,3.0,3.0,1.998631074606434,730.0,2012-12-12
ekotrope,"Ekotrope, Inc.",2015-08-05,2025-10-10,10.182067077344286,0,last_supplied_sub_1b_round_proxy,1.0,1.0,1700000.0,1700000.0,1.0,1.0,1.998631074606434,730.0,2013-08-05
umbel,Umbel Corp.,2014-04-17,2018-03-08,3.890485968514716,0,last_supplied_sub_1b_round_proxy,1.0,1.0,3420000.0,3420000.0,2.0,2.0,1.998631074606434,730.0,2012-04-17
bionexsolutions,"BioNex Solutions, Inc.",2012-02-23,2012-05-01,0.1861738535249829,0,last_supplied_sub_1b_round_proxy,1.0,1.0,1000000.0,1000000.0,0.0,0.0,1.998631074606434,730.0,2010-02-23
vyomenasdaqcmhind,"Vyome Holdings, Inc. (NasdaqCM:HIND)",2014-09-12,2016-08-22,1.943874058863792,0,last_supplied_sub_1b_round_proxy,1.0,1.0,3290000.0,3290000.0,3.0,3.0,1.998631074606434,730.0,2012-09-12
courbanize,"coUrbanize, Inc.",2015-10-23,2020-04-09,4.462696783025325,0,last_supplied_sub_1b_round_proxy,1.0,1.0,538000.0,538000.0,0.0,0.0,1.998631074606434,730.0,2013-10-23
actv8,"ACTV8, INC.",2013-06-29,2017-01-17,3.5537303216974676,0,last_supplied_sub_1b_round_proxy,1.0,1.0,2000000.0,2000000.0,0.0,0.0,1.998631074606434,730.0,2011-06-30
talentoday,"Talentoday, Incorporated",2016-09-30,2017-01-23,0.31485284052019163,0,last_supplied_sub_1b_round_proxy,1.0,1.0,1000000.0,1000000.0,0.0,0.0,1.998631074606434,730.0,2014-10-01
arthromeda,"ArthroMeda, Inc.",2015-01-14,2020-01-06,4.97741273100616,0,last_supplied_sub_1b_round_proxy,1.0,1.0,775000.0,775000.0,0.0,0.0,1.998631074606434,730.0,2013-01-14
smartlunches,"Smart Lunches, Inc.",2014-08-23,2021-08-10,6.965092402464066,0,last_supplied_sub_1b_round_proxy,1.0,1.0,1120000.0,1120000.0,1.0,1.0,1.998631074606434,730.0,2012-08-23
promptio,Prompt.io Inc.,2016-12-28,2021-04-27,4.328542094455853,0,last_supplied_sub_1b_round_proxy,1.0,1.0,2790000.0,2790000.0,0.0,0.0,1.998631074606434,730.0,2014-12-29
naehas,"Naehas, Inc.",2012-02-05,2020-05-01,8.235455167693361,0,last_supplied_sub_1b_round_proxy,2.0,2.0,1165000.0,821000.0,0.0,0.0,1.998631074606434,539.0,2010-08-15
palredonlineprivate,Palred Online Technologies Private Limited,2016-12-30,2018-05-31,1.4154688569472964,0,last_supplied_sub_1b_round_proxy,1.0,1.0,1980000.0,1980000.0,1.0,1.0,1.998631074606434,730.0,2014-12-31
aurahome,"Aura Home, Inc.",2014-07-18,2017-06-29,2.948665297741273,0,last_supplied_sub_1b_round_proxy,2.0,2.0,2390000.0,1350000.0,0.0,0.0,1.998631074606434,204.0,2013-12-26
lainahealth,LainaHealth Inc,2015-11-06,2023-02-16,7.279945242984257,0,last_supplied_sub_1b_round_proxy,1.0,1.0,1290000.0,1290000.0,0.0,0.0,1.998631074606434,730.0,2013-11-06
nimbix,"Nimbix, Inc.",2013-05-25,2017-12-28,4.594113620807666,0,last_supplied_sub_1b_round_proxy,1.0,1.0,250000.0,250000.0,1.0,1.0,1.998631074606434,730.0,2011-05-26
lucata,Lucata Corporation,2016-04-09,2021-04-22,5.034907597535934,0,last_supplied_sub_1b_round_proxy,1.0,1.0,2500000.0,2500000.0,0.0,0.0,1.998631074606434,730.0,2014-04-10
caremerge,"Caremerge, Inc.",2015-07-11,2019-07-22,4.030116358658453,0,last_supplied_sub_1b_round_proxy,2.0,2.0,6450000.0,4000000.0,6.0,6.0,1.998631074606434,186.0,2015-01-06
adar,"Adar, Inc.",2016-02-04,2023-10-13,7.687885010266941,0,last_supplied_sub_1b_round_proxy,1.0,1.0,2400000.0,2400000.0,1.0,1.0,1.998631074606434,730.0,2014-02-04
cultureiq,"CultureIQ, Inc.",2016-09-30,2018-02-08,1.3579739904175223,0,last_supplied_sub_1b_round_proxy,2.0,2.0,5250000.0,3000000.0,5.0,3.0,1.998631074606434,296.0,2015-12-09
thesquarefoot,"TheSquareFoot, Inc.",2016-12-29,2018-04-18,1.3004791238877482,0,last_supplied_sub_1b_round_proxy,1.0,1.0,2240000.0,2240000.0,3.0,3.0,1.998631074606434,730.0,2014-12-30
trayai,"Tray.ai, Inc.",2016-12-28,2018-05-17,1.3826146475017111,0,last_supplied_sub_1b_round_proxy,1.0,1.0,2220000.0,2220000.0,3.0,3.0,1.998631074606434,730.0,2014-12-29
powerlytics,"Powerlytics, Inc.",2016-05-26,2024-08-29,8.260095824777549,0,last_supplied_sub_1b_round_proxy,1.0,1.0,1700000.0,1700000.0,0.0,0.0,1.998631074606434,730.0,2014-05-27
urjanet,Urjanet Inc.,2013-07-25,2016-07-21,2.9897330595482545,0,last_supplied_sub_1b_round_proxy,1.0,1.0,2140000.0,2140000.0,2.0,2.0,1.998631074606434,730.0,2011-07-26
swipestation,SwipeStation Limited,2016-07-22,2018-07-02,1.943874058863792,0,last_supplied_sub_1b_round_proxy,1.0,1.0,511000.0,511000.0,0.0,0.0,1.998631074606434,730.0,2014-07-23
decisiondesk,DecisionDesk Inc.,2015-05-22,2017-01-06,1.6290212183436004,0,last_supplied_sub_1b_round_proxy,1.0,1.0,1250000.0,1250000.0,1.0,1.0,1.998631074606434,730.0,2013-05-22
patreon,Patreon Inc.,2015-08-01,2020-09-01,5.086926762491444,1,first_ge_1b_event,1.0,1.0,2080000.0,2080000.0,5.0,5.0,1.998631074606434,730.0,2013-08-01
wistikisas,Wistiki SAS,2016-05-19,2017-02-28,0.7802874743326489,0,last_supplied_sub_1b_round_proxy,2.0,2.0,1975000.0,1660000.0,0.0,0.0,1.998631074606434,323.0,2015-07-01
bugsnag,"Bugsnag, Inc.",2015-09-20,2017-02-27,1.4401095140314852,0,last_supplied_sub_1b_round_proxy,2.0,2.0,8490000.0,7140000.0,2.0,2.0,1.998631074606434,75.0,2015-07-07
welcomecommerce,"Welcome Commerce, Inc.",2013-12-31,2015-08-13,1.6153319644079398,0,last_supplied_sub_1b_round_proxy,1.0,1.0,2000000.0,2000000.0,3.0,3.0,1.998631074606434,730.0,2012-01-01
vigilantbiosciences,"Vigilant Biosciences, Inc.",2016-03-24,2019-11-07,3.62217659137577,0,last_supplied_sub_1b_round_proxy,1.0,1.0,2000000.0,2000000.0,1.0,1.0,1.998631074606434,730.0,2014-03-25
connxus,"ConnXus, Inc.",2016-03-17,2018-05-15,2.1601642710472277,0,last_supplied_sub_1b_round_proxy,1.0,1.0,1960000.0,1960000.0,2.0,2.0,1.998631074606434,730.0,2014-03-18
mark43,"Mark43, Inc.",2015-07-15,2015-12-30,0.459958932238193,0,last_supplied_sub_1b_round_proxy,1.0,1.0,1950000.0,1950000.0,5.0,5.0,1.998631074606434,730.0,2013-07-15
yourmechanic,"YourMechanic, Inc.",2014-09-11,2016-03-01,1.4702258726899384,0,last_supplied_sub_1b_round_proxy,1.0,1.0,1920000.0,1920000.0,8.0,8.0,1.998631074606434,730.0,2012-09-11
liquidxprintedmetals,"Liquid X Printed Metals, Inc.",2015-07-03,2020-10-27,5.319644079397673,0,last_supplied_sub_1b_round_proxy,1.0,1.0,1820000.0,1820000.0,2.0,2.0,1.998631074606434,730.0,2013-07-03
choozle,"Choozle, Inc.",2016-03-18,2017-11-13,1.6563997262149213,0,last_supplied_sub_1b_round_proxy,1.0,1.0,1780000.0,1780000.0,1.0,1.0,1.998631074606434,730.0,2014-03-19
permutive,"Permutive, Inc.",2016-08-18,2018-01-02,1.374401095140315,0,last_supplied_sub_1b_round_proxy,1.0,1.0,120000.0,120000.0,1.0,1.0,1.998631074606434,730.0,2014-08-19
actioniq,"ActionIQ, Inc.",2016-09-04,2017-03-29,0.5639972621492129,0,last_supplied_sub_1b_round_proxy,1.0,1.0,1700000.0,1700000.0,2.0,2.0,1.998631074606434,730.0,2014-09-05
lendahandfinancebv,Lendahand Finance B.V.,2016-09-22,2020-05-18,3.652292950034223,0,last_supplied_sub_1b_round_proxy,1.0,1.0,80000.0,80000.0,0.0,0.0,1.998631074606434,730.0,2014-09-23
topbox,"TopBox, LLC",2016-12-22,2018-06-05,1.4510609171800137,0,last_supplied_sub_1b_round_proxy,1.0,1.0,1530000.0,1530000.0,0.0,0.0,1.998631074606434,730.0,2014-12-23
siteonetherapeutics,"SiteOne Therapeutics, Inc.",2016-09-22,2017-01-06,0.29021218343600275,0,last_supplied_sub_1b_round_proxy,2.0,2.0,2790000.0,1510000.0,5.0,5.0,1.998631074606434,435.0,2015-07-15
apto,"Apto, Inc.",2016-11-23,2017-05-11,0.46269678302532513,0,last_supplied_sub_1b_round_proxy,1.0,1.0,1500000.0,1500000.0,1.0,1.0,1.998631074606434,730.0,2014-11-24
guidefitter,"Guidefitter, Inc.",2016-04-22,2018-02-28,1.8535249828884326,0,last_supplied_sub_1b_round_proxy,1.0,1.0,1500000.0,1500000.0,0.0,0.0,1.998631074606434,730.0,2014-04-23
invisionapp,InVisionApp Inc.,2013-12-26,2018-12-11,4.958247775496235,1,first_ge_1b_event,1.0,1.0,1500000.0,1500000.0,1.0,1.0,1.998631074606434,730.0,2011-12-27
capy,Capy Inc.,2015-05-31,2017-09-01,2.2559890485968515,0,last_supplied_sub_1b_round_proxy,1.0,1.0,1000000.0,1000000.0,1.0,1.0,1.998631074606434,730.0,2013-05-31
mindclick,"MindClick Group, Inc.",2015-12-19,2024-10-01,8.785763175906913,0,last_supplied_sub_1b_round_proxy,1.0,1.0,800000.0,800000.0,0.0,0.0,1.998631074606434,730.0,2013-12-19
lytho,Lytho Inc.,2015-05-02,2017-12-21,2.639288158795346,0,last_supplied_sub_1b_round_proxy,1.0,1.0,500000.0,500000.0,1.0,1.0,1.998631074606434,730.0,2013-05-02
vericred,"Vericred, Inc.",2016-11-10,2019-05-07,2.485968514715948,0,last_supplied_sub_1b_round_proxy,2.0,2.0,4340000.0,3210000.0,0.0,0.0,1.998631074606434,310.0,2016-01-05
dormify,"Dormify, Inc.",2015-07-02,2021-03-26,5.73305954825462,0,last_supplied_sub_1b_round_proxy,1.0,1.0,1130000.0,1130000.0,0.0,0.0,1.998631074606434,730.0,2013-07-02
genbenlifesciences,Genben Lifesciences Corporation,2014-10-24,2018-05-16,3.5592060232717317,0,last_supplied_sub_1b_round_proxy,1.0,1.0,1100000.0,1100000.0,0.0,0.0,1.998631074606434,730.0,2012-10-24
lessonly,"Lessonly, LLC",2015-12-31,2017-11-14,1.8726899383983573,0,last_supplied_sub_1b_round_proxy,1.0,1.0,1080000.0,1080000.0,0.0,0.0,1.998631074606434,730.0,2013-12-31
valantmedicalsolutions,Valant Medical Solutions Inc.,2013-11-20,2015-06-04,1.5359342915811087,0,last_supplied_sub_1b_round_proxy,1.0,1.0,1030000.0,1030000.0,0.0,0.0,1.998631074606434,730.0,2011-11-21
clientsuccess,"ClientSuccess, Inc.",2016-12-01,2018-07-27,1.6509240246406571,0,last_supplied_sub_1b_round_proxy,1.0,1.0,1000000.0,1000000.0,3.0,3.0,1.998631074606434,730.0,2014-12-02
hancockmedical,"Hancock Medical, Inc.",2014-08-07,2018-07-24,3.9616700889801506,0,last_supplied_sub_1b_round_proxy,1.0,1.0,1010000.0,1010000.0,0.0,0.0,1.998631074606434,730.0,2012-08-07
forsightvision6,"ForSight VISION6, Inc.",2016-05-04,2017-09-22,1.3853524982888432,0,last_supplied_sub_1b_round_proxy,1.0,1.0,1000000.0,1000000.0,0.0,0.0,1.998631074606434,730.0,2014-05-05
capitolcanary,"Capitol Canary, Inc.",2015-11-20,2016-07-07,0.6297056810403833,0,last_supplied_sub_1b_round_proxy,1.0,1.0,744000.0,744000.0,2.0,2.0,1.998631074606434,730.0,2013-11-20
protein2o,Protein2O Inc.,2015-12-19,2018-03-28,2.272416153319644,0,last_supplied_sub_1b_round_proxy,1.0,1.0,941000.0,941000.0,0.0,0.0,1.998631074606434,730.0,2013-12-19
proximdiagnostics,Proxim Diagnostics Corp.,2012-11-11,2018-10-02,5.88911704312115,0,last_supplied_sub_1b_round_proxy,1.0,1.0,923000.0,923000.0,0.0,0.0,1.998631074606434,730.0,2010-11-12
vumediaduplication,VU Media Duplication Inc.,2014-08-28,2018-01-18,3.3921971252566734,0,last_supplied_sub_1b_round_proxy,1.0,1.0,834000.0,834000.0,0.0,0.0,1.998631074606434,730.0,2012-08-28
expend,Expend Limited,2016-12-22,2021-07-19,4.572210814510609,0,last_supplied_sub_1b_round_proxy,2.0,2.0,582000.0,466000.0,1.0,1.0,1.998631074606434,10.0,2016-12-12
bivacor,"BiVACOR, Inc.",2015-12-31,2018-05-17,2.3764544832306638,0,last_supplied_sub_1b_round_proxy,1.0,1.0,814000.0,814000.0,0.0,0.0,1.998631074606434,730.0,2013-12-31
nav,"Nav Technologies, Inc.",2015-06-21,2024-03-07,8.711841204654347,0,last_supplied_sub_1b_round_proxy,1.0,1.0,800000.0,800000.0,1.0,1.0,1.998631074606434,730.0,2013-06-21
fibroblast,"Fibroblast, Inc.",2015-10-09,2018-01-16,2.272416153319644,0,last_supplied_sub_1b_round_proxy,1.0,1.0,728000.0,728000.0,0.0,0.0,1.998631074606434,730.0,2013-10-09
rendeevoo,Rendeevoo ltd.,2016-06-27,2016-07-15,0.049281314168377825,0,last_supplied_sub_1b_round_proxy,1.0,1.0,58000.0,58000.0,0.0,0.0,1.998631074606434,730.0,2014-06-28
platejoy,"PlateJoy, Inc.",2014-08-13,2015-08-19,1.0157426420260096,0,last_supplied_sub_1b_round_proxy,1.0,1.0,50000.0,50000.0,1.0,1.0,1.998631074606434,730.0,2012-08-13
gomoto,"GoMoto, Inc.",2016-08-20,2019-02-15,2.48870636550308,0,last_supplied_sub_1b_round_proxy,1.0,1.0,700000.0,700000.0,0.0,0.0,1.998631074606434,730.0,2014-08-21
larky,"Larky, Inc.",2014-07-09,2023-03-14,8.678986995208762,0,last_supplied_sub_1b_round_proxy,1.0,1.0,700000.0,700000.0,3.0,3.0,1.998631074606434,730.0,2012-07-09
cerebrotechmedicalsystems,"Cerebrotech Medical Systems, Inc.",2013-07-21,2017-04-26,3.7645448323066395,0,last_supplied_sub_1b_round_proxy,1.0,1.0,680000.0,680000.0,1.0,1.0,1.998631074606434,730.0,2011-07-22
termscout,TermScout Inc.,2016-06-01,2018-08-30,2.245037645448323,0,last_supplied_sub_1b_round_proxy,1.0,1.0,635000.0,635000.0,0.0,0.0,1.998631074606434,730.0,2014-06-02
activeprotective,"Active Protective Technologies, Inc.",2016-02-12,2016-11-16,0.7611225188227242,0,last_supplied_sub_1b_round_proxy,2.0,2.0,3050000.0,2420000.0,2.0,2.0,1.998631074606434,22.0,2016-01-21
leeo,"Leeo, Inc.",2015-05-10,2018-11-21,3.5345653661875427,0,last_supplied_sub_1b_round_proxy,1.0,1.0,625000.0,625000.0,0.0,0.0,1.998631074606434,730.0,2013-05-10
rentmania,RENTMANIA,2016-05-30,2016-07-18,0.13415468856947296,0,last_supplied_sub_1b_round_proxy,1.0,1.0,40000.0,40000.0,1.0,1.0,1.998631074606434,730.0,2014-05-31
skillshare,"Skillshare, Inc.",2013-01-30,2016-05-26,3.3182751540041067,0,last_supplied_sub_1b_round_proxy,1.0,1.0,550000.0,550000.0,3.0,3.0,1.998631074606434,730.0,2011-01-31
modeanalytics,"Mode Analytics, Inc.",2015-10-15,2017-05-17,1.5879534565366187,0,last_supplied_sub_1b_round_proxy,1.0,1.0,550000.0,550000.0,0.0,0.0,1.998631074606434,730.0,2013-10-15
covey,Covey LLC,2016-11-29,2022-09-01,5.754962354551677,0,last_supplied_sub_1b_round_proxy,1.0,1.0,25000.0,25000.0,1.0,1.0,1.998631074606434,730.0,2014-11-30
leafless,"Leafless, Inc.",2015-05-16,2016-05-09,0.9828884325804244,0,last_supplied_sub_1b_round_proxy,1.0,1.0,20000.0,20000.0,1.0,1.0,1.998631074606434,730.0,2013-05-16
alliedpaymentnetwork,Allied Payment Network Inc.,2015-02-11,2024-01-09,8.908966461327857,0,last_supplied_sub_1b_round_proxy,1.0,1.0,500000.0,500000.0,0.0,0.0,1.998631074606434,730.0,2013-02-11
eventfarm,"Event Farm, Inc.",2014-05-08,2018-02-22,3.7946611909650922,0,last_supplied_sub_1b_round_proxy,1.0,1.0,500000.0,500000.0,0.0,0.0,1.998631074606434,730.0,2012-05-08
wallarm,"Wallarm, Inc.",2015-11-06,2016-08-22,0.7939767282683093,0,last_supplied_sub_1b_round_proxy,1.0,1.0,500000.0,500000.0,1.0,1.0,1.998631074606434,730.0,2013-11-06
synup,Synup Inc.,2016-06-29,2017-09-24,1.2375085557837098,0,last_supplied_sub_1b_round_proxy,1.0,0.0,0.0,0.0,1.0,1.0,1.998631074606434,730.0,2014-06-30
vyv,"Vyv, Inc.",2015-08-08,2018-01-25,2.4668035592060233,0,last_supplied_sub_1b_round_proxy,1.0,1.0,450000.0,450000.0,2.0,2.0,1.998631074606434,730.0,2013-08-08
canopylawncare,"Canopy Lawn Care, Inc.",2016-09-15,2019-06-24,2.7707049965776864,0,last_supplied_sub_1b_round_proxy,2.0,2.0,2104000.0,1660000.0,4.0,4.0,1.998631074606434,372.0,2015-09-09
orbhealth,"Orb Health, Inc.",2016-11-17,2016-11-29,0.03285420944558522,0,last_supplied_sub_1b_round_proxy,1.0,1.0,30000.0,30000.0,1.0,1.0,1.998631074606434,730.0,2014-11-18
cariloop,"Cariloop, Inc.",2016-06-03,2020-05-26,3.978097193702943,0,last_supplied_sub_1b_round_proxy,1.0,1.0,350000.0,350000.0,4.0,4.0,1.998631074606434,730.0,2014-06-04
sendbird,"SendBird, Inc.",2016-06-19,2021-04-06,4.7967145790554415,1,first_ge_1b_event,2.0,2.0,140000.0,120000.0,2.0,1.0,1.998631074606434,88.0,2016-03-23
utrip,"Utrip, Inc.",2014-11-13,2017-02-20,2.272416153319644,0,last_supplied_sub_1b_round_proxy,1.0,1.0,335000.0,335000.0,0.0,0.0,1.998631074606434,730.0,2012-11-13
chromaprotocol,Chroma Protocol Corporation,2015-03-18,2020-09-10,5.4839151266255985,0,last_supplied_sub_1b_round_proxy,1.0,1.0,20000.0,20000.0,1.0,1.0,1.998631074606434,730.0,2013-03-18
wikium,Wikium,2016-12-30,2017-06-14,0.4544832306639288,0,last_supplied_sub_1b_round_proxy,1.0,1.0,23000.0,23000.0,1.0,1.0,1.998631074606434,730.0,2014-12-31
voiq,VOIQ,2014-12-31,2015-08-19,0.6324435318275154,0,last_supplied_sub_1b_round_proxy,1.0,1.0,25000.0,25000.0,1.0,1.0,1.998631074606434,730.0,2012-12-31
zferral,"Zferral, Inc.",2013-10-17,2015-04-06,1.4674880219028064,0,last_supplied_sub_1b_round_proxy,1.0,1.0,18000.0,18000.0,1.0,1.0,1.998631074606434,730.0,2011-10-18
helpscout,Help Scout Inc.,2013-06-14,2017-02-07,3.652292950034223,0,last_supplied_sub_1b_round_proxy,1.0,1.0,18000.0,18000.0,1.0,1.0,1.998631074606434,730.0,2011-06-15
neurospire,"NeuroSpire, Inc.",2016-06-30,2018-05-03,1.839835728952772,0,last_supplied_sub_1b_round_proxy,1.0,1.0,300000.0,300000.0,1.0,1.0,1.998631074606434,730.0,2014-07-01
genecentrictherapeutics,"GeneCentric Therapeutics, Inc.",2013-09-15,2025-06-18,11.756331279945243,0,last_supplied_sub_1b_round_proxy,1.0,1.0,250000.0,250000.0,0.0,0.0,1.998631074606434,730.0,2011-09-16
gemma,Gemma,2016-11-19,2021-01-12,4.147843942505133,0,last_supplied_sub_1b_round_proxy,1.0,1.0,19000.0,19000.0,1.0,1.0,1.998631074606434,730.0,2014-11-20
signalvine,"Signal Vine, Inc.",2016-06-26,2018-05-04,1.8535249828884326,0,last_supplied_sub_1b_round_proxy,1.0,1.0,200000.0,200000.0,2.0,2.0,1.998631074606434,730.0,2014-06-27
idearoom,"IdeaRoom, Inc.",2014-03-27,2017-03-15,2.967830253251198,0,last_supplied_sub_1b_round_proxy,1.0,1.0,200000.0,200000.0,0.0,0.0,1.998631074606434,730.0,2012-03-27
pagestitch,PageStitch Inc.,2016-08-06,2020-06-10,3.8439425051334704,0,last_supplied_sub_1b_round_proxy,1.0,1.0,138000.0,138000.0,0.0,0.0,1.998631074606434,730.0,2014-08-07
nextlesson,NextLesson Inc.,2015-05-31,2017-01-17,1.6344969199178645,0,last_supplied_sub_1b_round_proxy,1.0,1.0,50000.0,50000.0,0.0,0.0,1.998631074606434,730.0,2013-05-31
xai,"x.ai, inc.",2017-01-04,2024-05-26,7.389459274469542,1,first_ge_1b_event,1.0,1.0,9200000.0,9200000.0,5.0,5.0,1.998631074606434,730.0,2015-01-05
amagimedianseiamagi,Amagi Media Labs Limited (NSEI:AMAGI),2017-01-18,2022-11-01,5.7850787132101305,1,first_ge_1b_event,1.0,1.0,14600000.0,14600000.0,2.0,2.0,1.998631074606434,730.0,2015-01-19
benchling,"Benchling, Inc.",2017-04-14,2021-04-14,4.0,1,first_ge_1b_event,2.0,2.0,13140000.0,7000000.0,2.0,2.0,1.998631074606434,193.0,2016-10-03
powerhive,Powerhive Inc.,2018-01-24,2019-07-05,1.4428473648186173,0,last_supplied_sub_1b_round_proxy,1.0,1.0,16690000.000000002,16690000.000000002,4.0,4.0,1.998631074606434,730.0,2016-01-25
beijinggeekplussehk2590,"Beijing Geekplus Technology Co., Ltd. (SEHK:2590)",2018-05-31,2022-08-08,4.188911704312115,1,first_ge_1b_event,1.0,1.0,7600000.0,7600000.0,2.0,2.0,1.998631074606434,730.0,2016-05-31
fullmeasureeducation,"Full Measure Education, Inc.",2018-05-03,2021-06-09,3.1019849418206706,0,last_supplied_sub_1b_round_proxy,2.0,2.0,9420000.0,6010000.0,2.0,2.0,1.998631074606434,449.0,2017-02-08
medicinalchemistrypharmaceuticals,"Medicinal Chemistry Pharmaceuticals,Co.,Ltd.",2018-01-14,2018-04-02,0.2135523613963039,0,last_supplied_sub_1b_round_proxy,2.0,2.0,1318000.0,890000.0,2.0,2.0,1.998631074606434,654.0,2016-03-31
peach,"Peach Labs, Inc.",2017-08-17,2020-02-13,2.4914442162902124,0,last_supplied_sub_1b_round_proxy,1.0,1.0,8000000.0,8000000.0,2.0,2.0,1.998631074606434,730.0,2015-08-18
pavegensystems,Pavegen Systems Ltd.,2017-07-05,2019-06-27,1.9767282683093772,0,last_supplied_sub_1b_round_proxy,1.0,1.0,3210000.0,3210000.0,0.0,0.0,1.998631074606434,730.0,2015-07-06
kgsbuildings,"KGS Buildings, Inc.",2018-04-14,2020-12-09,2.6557152635181382,0,last_supplied_sub_1b_round_proxy,1.0,1.0,2000000.0,2000000.0,1.0,1.0,1.998631074606434,730.0,2016-04-14
drifty,Drifty Co.,2018-04-29,2020-02-20,1.8124572210814511,0,last_supplied_sub_1b_round_proxy,1.0,1.0,8880000.0,8880000.0,4.0,4.0,1.998631074606434,730.0,2016-04-29
fove,"FOVE, Inc.",2018-03-23,2021-07-15,3.3127994524298425,0,last_supplied_sub_1b_round_proxy,1.0,1.0,11000000.0,11000000.0,5.0,5.0,1.998631074606434,730.0,2016-03-23
arcisbiotechnology,Arcis Biotechnology Limited,2018-02-16,2019-04-08,1.1389459274469542,0,last_supplied_sub_1b_round_proxy,1.0,1.0,3580000.0,3580000.0,1.0,1.0,1.998631074606434,730.0,2016-02-17
betterup,"BetterUp, Inc.",2018-11-16,2021-10-08,2.8939082819986313,1,first_ge_1b_event,1.0,1.0,13250000.0,13250000.0,6.0,6.0,1.998631074606434,730.0,2016-11-16
maketime,MakeTime Inc.,2017-06-11,2018-02-01,0.6433949349760438,0,last_supplied_sub_1b_round_proxy,2.0,2.0,12120000.0,8250000.0,3.0,3.0,1.998631074606434,404.0,2016-05-03
smgenergy,"SMG Energy Co., Ltd.",2017-02-09,2017-06-13,0.3394934976043806,0,last_supplied_sub_1b_round_proxy,3.0,3.0,5013000.0,3100000.0,3.0,2.0,1.998631074606434,105.0,2016-10-27
hospitaliq,"Hospital IQ, Inc.",2017-03-25,2018-10-22,1.5770020533880904,0,last_supplied_sub_1b_round_proxy,1.0,1.0,5330000.0,5330000.0,2.0,2.0,1.998631074606434,730.0,2015-03-26
functionalsoftware,"Functional Software, Inc.",2018-06-23,2022-05-04,3.863107460643395,1,first_ge_1b_event,1.0,1.0,9000000.0,9000000.0,2.0,2.0,1.998631074606434,730.0,2016-06-23
bitsosapidecv,Bitso SAPI de CV,2018-09-23,2021-05-05,2.614647501711157,1,first_ge_1b_event,1.0,1.0,2500000.0,2500000.0,6.0,6.0,1.998631074606434,730.0,2016-09-23
solstice,"Solstice Holdings, Inc.",2018-12-28,2021-05-28,2.414784394250513,0,last_supplied_sub_1b_round_proxy,1.0,1.0,1000000.0,1000000.0,0.0,0.0,1.998631074606434,730.0,2016-12-28
mocktailbeverages,"Mocktail Beverages, Inc.",2018-08-24,2019-09-09,1.0431211498973305,0,last_supplied_sub_1b_round_proxy,1.0,1.0,125000.0,125000.0,0.0,0.0,1.998631074606434,730.0,2016-08-24
northpage,NorthPage Inc.,2017-04-22,2018-12-03,1.6153319644079398,0,last_supplied_sub_1b_round_proxy,1.0,1.0,6700000.0,6700000.0,0.0,0.0,1.998631074606434,730.0,2015-04-23
k4connect,K4Connect Inc.,2017-09-07,2020-07-08,2.833675564681725,0,last_supplied_sub_1b_round_proxy,2.0,2.0,9900000.0,8000000.0,7.0,7.0,1.998631074606434,318.0,2016-10-24
idealinsurancebrokerspvt,Ideal Insurance Brokers PVT Ltd,2018-11-25,2024-04-25,5.415468856947296,0,last_supplied_sub_1b_round_proxy,1.0,0.0,0.0,0.0,1.0,1.0,1.998631074606434,730.0,2016-11-25
prevoty,"Prevoty, Inc.",2017-03-10,2017-12-06,0.7419575633127995,0,last_supplied_sub_1b_round_proxy,1.0,1.0,7930000.0,7930000.0,2.0,2.0,1.998631074606434,730.0,2015-03-11
oro,"Oro, Inc.",2018-03-03,2023-01-19,4.8815879534565365,0,last_supplied_sub_1b_round_proxy,1.0,1.0,14000000.0,14000000.0,1.0,1.0,1.998631074606434,730.0,2016-03-03
dizzion,"Dizzion, Inc.",2018-09-07,2018-09-18,0.030116358658453114,0,last_supplied_sub_1b_round_proxy,1.0,1.0,6440000.0,6440000.0,4.0,4.0,1.998631074606434,730.0,2016-09-07
hellotech,"HelloTech, Inc.",2017-09-20,2018-03-30,0.5229295003422314,0,last_supplied_sub_1b_round_proxy,1.0,1.0,13150000.0,13150000.0,4.0,4.0,1.998631074606434,730.0,2015-09-21
cloudmine,"CloudMine, Inc.",2017-03-02,2017-03-16,0.038329911019849415,0,last_supplied_sub_1b_round_proxy,1.0,1.0,5040000.0,5040000.0,7.0,7.0,1.998631074606434,730.0,2015-03-03
tock,Tock LLC,2018-10-04,2020-05-12,1.6043805612594113,0,last_supplied_sub_1b_round_proxy,1.0,1.0,7680000.0,7680000.0,4.0,4.0,1.998631074606434,730.0,2016-10-04
broadly,"Broadly, Inc.",2018-07-21,2018-09-26,0.1834360027378508,0,last_supplied_sub_1b_round_proxy,1.0,1.0,6700000.0,6700000.0,2.0,2.0,1.998631074606434,730.0,2016-07-21
renoviso,"Renoviso, Inc.",2017-08-18,2018-02-26,0.5256673511293635,0,last_supplied_sub_1b_round_proxy,2.0,2.0,4900000.0,3500000.0,4.0,4.0,1.998631074606434,366.0,2016-08-17
farmhouseculture,"Farmhouse Culture, Inc.",2017-06-08,2018-01-03,0.5722108145106092,0,last_supplied_sub_1b_round_proxy,3.0,3.0,6570000.0,2620000.0,0.0,0.0,1.998631074606434,351.0,2016-06-22
harbormedtech,"Harbor MedTech, Inc.",2017-07-21,2017-10-05,0.2080766598220397,0,last_supplied_sub_1b_round_proxy,1.0,1.0,7730000.0,7730000.0,1.0,1.0,1.998631074606434,730.0,2015-07-22
formagrid,"Formagrid, Inc.",2017-06-28,2018-10-31,1.3415468856947297,1,first_ge_1b_event,1.0,1.0,7640000.0,7640000.0,6.0,6.0,1.998631074606434,730.0,2015-06-29
killcliff,"Kill Cliff, Inc.",2017-02-18,2018-05-14,1.2320328542094456,0,last_supplied_sub_1b_round_proxy,2.0,2.0,11240000.0,7300000.0,0.0,0.0,1.998631074606434,660.0,2015-04-30
gobiquity,"Gobiquity, Inc.",2017-06-28,2025-06-12,7.956194387405886,0,last_supplied_sub_1b_round_proxy,1.0,1.0,8740000.0,8740000.0,1.0,1.0,1.998631074606434,730.0,2015-06-29
jump,"Jump Technologies, Inc.",2018-10-03,2022-05-04,3.583846680355921,0,last_supplied_sub_1b_round_proxy,2.0,2.0,6270000.0,3500000.0,1.0,1.0,1.998631074606434,525.0,2017-04-26
caulirice,Cauli Rice Ltd.,2017-11-16,2021-03-25,3.353867214236824,0,last_supplied_sub_1b_round_proxy,2.0,2.0,3400000.0,1800000.0,0.0,0.0,1.998631074606434,286.0,2017-02-03
happilyunmarriedmarketingprivate,Happily Unmarried Marketing Private Limited,2018-07-05,2020-07-29,2.0670773442847366,0,last_supplied_sub_1b_round_proxy,1.0,1.0,742000.0,742000.0,1.0,1.0,1.998631074606434,730.0,2016-07-05
fundingoptions,Funding Options Limited,2017-05-04,2018-09-17,1.3716632443531827,0,last_supplied_sub_1b_round_proxy,1.0,1.0,3040000.0,3040000.0,1.0,1.0,1.998631074606434,730.0,2015-05-05
luxurygaragesale,"Luxury Garage Sale, Inc.",2017-02-16,2018-03-15,1.0732375085557837,0,last_supplied_sub_1b_round_proxy,2.0,2.0,3000000.0,1500000.0,2.0,2.0,1.998631074606434,491.0,2015-10-14
picwell,"Picwell, Inc.",2017-12-27,2018-02-20,0.15058179329226556,0,last_supplied_sub_1b_round_proxy,1.0,1.0,10030000.0,10030000.0,4.0,4.0,1.998631074606434,730.0,2015-12-28
corerx,"CoreRx, Inc.",2017-03-24,2019-03-25,2.001368925393566,0,last_supplied_sub_1b_round_proxy,1.0,1.0,7000000.0,7000000.0,1.0,1.0,1.998631074606434,730.0,2015-03-25
phosphorus,"Phosphorus, Inc.",2018-07-27,2020-08-13,2.0479123887748116,0,last_supplied_sub_1b_round_proxy,1.0,1.0,10000000.0,10000000.0,1.0,1.0,1.998631074606434,730.0,2016-07-27
innerchefindiap,InnerChef India (P) Ltd,2017-09-23,2018-10-05,1.0321697467488022,0,last_supplied_sub_1b_round_proxy,1.0,1.0,1660000.0,1660000.0,3.0,3.0,1.998631074606434,730.0,2015-09-24
advancedbiocatalytics,Advanced BioCatalytics Corporation,2018-07-12,2021-10-15,3.260780287474333,0,last_supplied_sub_1b_round_proxy,1.0,1.0,4000000.0,4000000.0,1.0,1.0,1.998631074606434,730.0,2016-07-12
atiavision,"Atia Vision, Inc.",2017-05-11,2018-11-09,1.4976043805612593,0,last_supplied_sub_1b_round_proxy,1.0,1.0,5350000.0,5350000.0,1.0,1.0,1.998631074606434,730.0,2015-05-12
cured,"CURED Co., Ltd.",2018-05-11,2021-09-15,3.34839151266256,0,last_supplied_sub_1b_round_proxy,1.0,1.0,1470000.0,1470000.0,2.0,2.0,1.998631074606434,730.0,2016-05-11
peoplepower,People Power Company,2017-09-29,2021-04-02,3.5071868583162216,0,last_supplied_sub_1b_round_proxy,1.0,1.0,4400000.0,4400000.0,1.0,1.0,1.998631074606434,730.0,2015-09-30
tradewindmarkets,"TradeWind Markets, Inc.",2018-06-29,2022-05-18,3.885010266940452,0,last_supplied_sub_1b_round_proxy,3.0,3.0,22220000.0,10600000.0,7.0,6.0,1.998631074606434,65.0,2018-04-25
svtool,SV TOOL Corporation,2018-07-08,2022-04-21,3.786447638603696,0,last_supplied_sub_1b_round_proxy,1.0,1.0,2290000.0,2290000.0,0.0,0.0,1.998631074606434,730.0,2016-07-08
trustar,"TruSTAR Technology, LLC",2017-11-15,2018-07-20,0.676249144421629,0,last_supplied_sub_1b_round_proxy,2.0,2.0,7050000.0,5050000.0,3.0,3.0,1.998631074606434,351.0,2016-11-29
healthcare,"HealthCare, Inc.",2017-03-04,2018-01-02,0.8323066392881588,0,last_supplied_sub_1b_round_proxy,1.0,1.0,8730000.0,8730000.0,2.0,2.0,1.998631074606434,730.0,2015-03-05
clearaswaterrecovery,"CLEARAS Water Recovery, Inc.",2018-03-23,2019-03-27,1.0102669404517455,0,last_supplied_sub_1b_round_proxy,1.0,1.0,4380000.0,4380000.0,2.0,2.0,1.998631074606434,730.0,2016-03-23
zeronorth,"ZeroNorth, Inc.",2018-10-06,2020-03-16,1.4428473648186173,0,last_supplied_sub_1b_round_proxy,1.0,1.0,8560000.0,8560000.0,2.0,2.0,1.998631074606434,730.0,2016-10-06
vpersonalize,vPersonalize Inc.,2017-06-14,2018-08-15,1.1690622861054072,0,last_supplied_sub_1b_round_proxy,1.0,1.0,2000000.0,2000000.0,0.0,0.0,1.998631074606434,730.0,2015-06-15
webalo,"Webalo, Inc.",2018-07-31,2019-02-06,0.5201916495550992,0,last_supplied_sub_1b_round_proxy,2.0,2.0,6650000.0,4650000.0,0.0,0.0,1.998631074606434,546.0,2017-01-31
dailypay,"DailyPay, LLC",2018-08-15,2024-01-18,5.426420260095825,1,first_ge_1b_event,3.0,3.0,15110000.0,9090000.0,4.0,4.0,1.998631074606434,181.0,2018-02-15
sealinnovation,"SEAL Innovation, Inc.",2018-06-21,2018-10-22,0.33675564681724846,0,last_supplied_sub_1b_round_proxy,2.0,2.0,2734000.0,2069999.9999999998,0.0,0.0,1.998631074606434,519.0,2017-01-18
imagineoptix,ImagineOptix Corporation,2017-06-25,2020-03-02,2.6858316221765914,0,last_supplied_sub_1b_round_proxy,1.0,1.0,2650000.0,2650000.0,0.0,0.0,1.998631074606434,730.0,2015-06-26
closetbox,"Closetbox, Inc.",2017-10-07,2018-01-11,0.26283367556468173,0,last_supplied_sub_1b_round_proxy,3.0,3.0,12320000.0,5500000.0,1.0,1.0,1.998631074606434,199.0,2017-03-22
mighty,Mighty Group Inc.,2017-02-04,2020-08-12,3.5181382614647503,0,last_supplied_sub_1b_round_proxy,1.0,1.0,5250000.0,5250000.0,5.0,5.0,1.998631074606434,730.0,2015-02-05
simplus,Simplus,2017-04-22,2018-02-23,0.840520191649555,0,last_supplied_sub_1b_round_proxy,3.0,3.0,6500000.0,6050000.0,3.0,3.0,1.998631074606434,204.0,2016-09-30
smartbirdnasdaqgsbird,"Smartbird, Inc (NasdaqGS:BIRD)",2018-03-01,2018-10-11,0.6132785763175906,1,first_ge_1b_event,1.0,1.0,2320000.0,2320000.0,3.0,3.0,1.998631074606434,730.0,2016-03-01
gitlabnasdaqgsgtlb,GitLab Inc. (NasdaqGS:GTLB),2017-03-22,2018-12-04,1.702943189596167,1,first_ge_1b_event,2.0,2.0,4620000.0,4500000.0,2.0,1.0,1.998631074606434,545.0,2015-09-24
credly,"Credly, Inc.",2018-03-15,2019-04-12,1.0759753593429158,0,last_supplied_sub_1b_round_proxy,2.0,2.0,7130000.0,4580000.0,5.0,5.0,1.998631074606434,183.0,2017-09-13
commuterclub,Commuter Club Ltd.,2017-03-05,2019-07-24,2.3846680355920604,0,last_supplied_sub_1b_round_proxy,2.0,2.0,1628000.0,1120000.0,0.0,0.0,1.998631074606434,370.0,2016-02-29
postman,"Postman, Inc.",2018-10-13,2020-06-11,1.6618754277891854,1,first_ge_1b_event,1.0,1.0,7000000.0,7000000.0,1.0,1.0,1.998631074606434,730.0,2016-10-13
programmiruemyesetiooo,"Programmiruemye Seti, OOO",2018-03-22,2018-08-14,0.39698836413415467,0,last_supplied_sub_1b_round_proxy,1.0,1.0,1750000.0,1750000.0,2.0,2.0,1.998631074606434,730.0,2016-03-22
secondnaturebrands,"Second Nature Brands, Inc.",2018-07-28,2018-10-29,0.2546201232032854,0,last_supplied_sub_1b_round_proxy,1.0,1.0,4210000.0,4210000.0,3.0,3.0,1.998631074606434,730.0,2016-07-28
epionhealth,"Epion Health, Inc.",2017-08-11,2017-12-05,0.31759069130732376,0,last_supplied_sub_1b_round_proxy,1.0,1.0,6830000.0,6830000.0,1.0,1.0,1.998631074606434,730.0,2015-08-12
oxfordgenetics,Oxford Genetics Ltd.,2018-10-27,2019-03-28,0.4161533196440794,0,last_supplied_sub_1b_round_proxy,1.0,1.0,2440000.0,2440000.0,1.0,1.0,1.998631074606434,730.0,2016-10-27
boomcloud360,Boomcloud 360 Inc.,2017-11-19,2018-01-25,0.1834360027378508,0,last_supplied_sub_1b_round_proxy,1.0,1.0,6720000.0,6720000.0,0.0,0.0,1.998631074606434,730.0,2015-11-20
corielllifesciences,"Coriell Life Sciences, Inc.",2018-07-19,2019-05-06,0.7967145790554415,0,last_supplied_sub_1b_round_proxy,1.0,1.0,1500000.0,1500000.0,0.0,0.0,1.998631074606434,730.0,2016-07-19
anchore,"Anchore, Inc.",2017-12-27,2019-05-20,1.3935660506502396,0,last_supplied_sub_1b_round_proxy,2.0,2.0,5250000.0,3000000.0,0.0,0.0,1.998631074606434,449.0,2016-10-04
mackweldon,"Mack Weldon, Inc.",2017-02-23,2017-06-06,0.28199863107460643,0,last_supplied_sub_1b_round_proxy,1.0,1.0,6550000.0,6550000.0,3.0,3.0,1.998631074606434,730.0,2015-02-24
observepoint,"ObservePoint, Inc.",2017-03-30,2018-01-18,0.8049281314168378,0,last_supplied_sub_1b_round_proxy,1.0,1.0,6510000.0,6510000.0,1.0,1.0,1.998631074606434,730.0,2015-03-31
teamworksinnovations,"Teamworks Innovations, Inc.",2018-07-20,2025-06-17,6.910335386721424,1,first_ge_1b_event,1.0,1.0,6250000.0,6250000.0,0.0,0.0,1.998631074606434,730.0,2016-07-20
ixcela,"Ixcela, Inc.",2017-07-14,2020-10-15,3.2553045859000687,0,last_supplied_sub_1b_round_proxy,1.0,1.0,2350000.0,2350000.0,0.0,0.0,1.998631074606434,730.0,2015-07-15
deringhall,"Dering Hall, Inc.",2017-01-19,2017-09-12,0.6461327857631759,0,last_supplied_sub_1b_round_proxy,2.0,2.0,4070000.0,2520000.0,3.0,3.0,1.998631074606434,139.0,2016-09-02
insightm,Insight M Inc.,2018-09-07,2018-09-24,0.04654346338124572,0,last_supplied_sub_1b_round_proxy,1.0,1.0,2500000.0,2500000.0,0.0,0.0,1.998631074606434,730.0,2016-09-07
joylux,"Joylux, Inc.",2017-09-21,2024-12-11,7.222450376454483,0,last_supplied_sub_1b_round_proxy,1.0,1.0,4510000.0,4510000.0,0.0,0.0,1.998631074606434,730.0,2015-09-22
innovativesurgicaldesigns,"Innovative Surgical Designs, Inc.",2017-01-04,2017-11-03,0.8295687885010267,0,last_supplied_sub_1b_round_proxy,1.0,1.0,6000000.0,6000000.0,0.0,0.0,1.998631074606434,730.0,2015-01-05
prelude,Prelude Corporation,2018-03-16,2018-07-27,0.36413415468856947,0,last_supplied_sub_1b_round_proxy,2.0,2.0,7650000.0,5500000.0,1.0,1.0,1.998631074606434,366.0,2017-03-15
kwhanalytics,"kWh Analytics, Inc.",2018-08-24,2020-08-03,1.943874058863792,0,last_supplied_sub_1b_round_proxy,1.0,1.0,5000000.0,5000000.0,1.0,1.0,1.998631074606434,730.0,2016-08-24
terbium,"Terbium Labs, Inc.",2017-07-21,2021-03-18,3.6577686516084875,0,last_supplied_sub_1b_round_proxy,1.0,1.0,3280000.0,3280000.0,0.0,0.0,1.998631074606434,730.0,2015-07-22
eightfoldai,Eightfold AI Inc.,2018-12-31,2021-06-10,2.4421629021218343,1,first_ge_1b_event,1.0,1.0,5720000.0,5720000.0,1.0,1.0,1.998631074606434,730.0,2016-12-31
breethe,"Breethe, Inc.",2017-09-07,2019-07-12,1.842573579739904,0,last_supplied_sub_1b_round_proxy,3.0,3.0,8710000.0,3600000.0,0.0,0.0,1.998631074606434,13.0,2017-08-25
zypmedia,"ZypMedia, Inc.",2017-04-29,2018-10-30,1.5030800821355237,0,last_supplied_sub_1b_round_proxy,1.0,1.0,4420000.0,4420000.0,2.0,2.0,1.998631074606434,730.0,2015-04-30
complion,Complion Inc.,2017-10-15,2019-02-12,1.3278576317590691,0,last_supplied_sub_1b_round_proxy,2.0,2.0,4980000.0,2900000.0,1.0,1.0,1.998631074606434,376.0,2016-10-04
healthgorilla,"Health Gorilla, Inc.",2017-10-12,2021-03-02,3.3867214236824092,0,last_supplied_sub_1b_round_proxy,1.0,1.0,4810000.0,4810000.0,4.0,4.0,1.998631074606434,730.0,2015-10-13
coremedicalaboratories,CoreMedica Laboratories Inc.,2018-08-01,2019-03-13,0.6132785763175906,0,last_supplied_sub_1b_round_proxy,1.0,1.0,5400000.0,5400000.0,0.0,0.0,1.998631074606434,730.0,2016-08-01
groupize,"Groupize, Inc.",2018-11-22,2019-04-11,0.38329911019849416,0,last_supplied_sub_1b_round_proxy,1.0,1.0,311000.0,311000.0,1.0,1.0,1.998631074606434,730.0,2016-11-22
mlevel,"MLevel, Inc.",2017-07-06,2017-08-07,0.08761122518822724,0,last_supplied_sub_1b_round_proxy,1.0,1.0,5300000.0,5300000.0,1.0,1.0,1.998631074606434,730.0,2015-07-07
datarista,"Datarista, Inc.",2018-04-20,2021-03-05,2.8747433264887063,0,last_supplied_sub_1b_round_proxy,2.0,2.0,2922000.0,2140000.0,1.0,1.0,1.998631074606434,253.0,2017-08-10
themightynetworks,"The Mighty Networks, Inc.",2017-07-27,2020-01-02,2.433949349760438,0,last_supplied_sub_1b_round_proxy,1.0,1.0,1530000.0,1530000.0,0.0,0.0,1.998631074606434,730.0,2015-07-28
mealogic,"Mealogic, Inc.",2018-02-02,2019-04-12,1.1882272416153319,0,last_supplied_sub_1b_round_proxy,1.0,1.0,4940000.0,4940000.0,2.0,2.0,1.998631074606434,730.0,2016-02-03
bhakti,"Bhakti, Inc.",2017-03-05,2018-08-17,1.4510609171800137,0,last_supplied_sub_1b_round_proxy,1.0,1.0,4920000.0,4920000.0,1.0,1.0,1.998631074606434,730.0,2015-03-06
growthdeck,Growthdeck Ltd.,2018-10-26,2019-06-25,0.6625598904859685,0,last_supplied_sub_1b_round_proxy,1.0,1.0,1220000.0,1220000.0,0.0,0.0,1.998631074606434,730.0,2016-10-26
locix,"Locix, Inc.",2017-03-22,2018-09-06,1.45927446954141,0,last_supplied_sub_1b_round_proxy,1.0,1.0,4830000.0,4830000.0,0.0,0.0,1.998631074606434,730.0,2015-03-23
clicknotices,"Click Notices, Inc.",2018-01-31,2018-09-28,0.6570841889117043,0,last_supplied_sub_1b_round_proxy,2.0,2.0,2600000.0,2000000.0,1.0,1.0,1.998631074606434,341.0,2017-02-24
impraise,Impraise,2018-04-13,2018-07-25,0.28199863107460643,0,last_supplied_sub_1b_round_proxy,1.0,1.0,1480000.0,1480000.0,3.0,3.0,1.998631074606434,730.0,2016-04-13
troubadourgoods,Troubadour Goods Limited,2018-12-28,2019-07-19,0.5557837097878165,0,last_supplied_sub_1b_round_proxy,1.0,1.0,714000.0,714000.0,0.0,0.0,1.998631074606434,730.0,2016-12-28
waldenlocal,"Walden Local, Inc.",2017-04-28,2018-05-31,1.0896646132785763,0,last_supplied_sub_1b_round_proxy,1.0,1.0,1180000.0,1180000.0,0.0,0.0,1.998631074606434,730.0,2015-04-29
aerocineventures,"AeroCine Ventures, Inc.",2018-09-16,2020-05-14,1.6591375770020533,0,last_supplied_sub_1b_round_proxy,1.0,1.0,1680000.0,1680000.0,0.0,0.0,1.998631074606434,730.0,2016-09-16
montikids,"Monti Kids, Inc.",2017-10-08,2019-01-03,1.2375085557837098,0,last_supplied_sub_1b_round_proxy,1.0,1.0,1130000.0,1130000.0,0.0,0.0,1.998631074606434,730.0,2015-10-09
bluecart,"BlueCart, Inc.",2017-07-30,2018-04-27,0.7419575633127995,0,last_supplied_sub_1b_round_proxy,2.0,2.0,4184999.9999999995,4019999.9999999995,1.0,1.0,1.998631074606434,730.0,2015-07-31
reileypharmaceuticals,"Reiley Pharmaceuticals, Inc.",2018-01-05,2020-08-03,2.5763175906913074,0,last_supplied_sub_1b_round_proxy,2.0,2.0,3700000.0,2500000.0,0.0,0.0,1.998631074606434,59.0,2017-11-07
genoplan,Genoplan Inc.,2018-03-21,2018-09-03,0.4544832306639288,0,last_supplied_sub_1b_round_proxy,1.0,1.0,4200000.0,4200000.0,3.0,3.0,1.998631074606434,730.0,2016-03-21
neosensory,"NeoSensory, Inc.",2017-12-08,2019-01-04,1.0732375085557837,0,last_supplied_sub_1b_round_proxy,1.0,1.0,4200000.0,4200000.0,0.0,0.0,1.998631074606434,730.0,2015-12-09
wineplum,"Wine Plum, Inc.",2017-06-16,2018-05-30,0.9527720739219713,0,last_supplied_sub_1b_round_proxy,1.0,1.0,4200000.0,4200000.0,0.0,0.0,1.998631074606434,730.0,2015-06-17
embodied,"Embodied, Inc.",2018-10-25,2020-01-13,1.218343600273785,0,last_supplied_sub_1b_round_proxy,1.0,1.0,4150000.0000000005,4150000.0000000005,5.0,5.0,1.998631074606434,730.0,2016-10-25
healthrecoverysolutions,"Health Recovery Solutions, Inc.",2017-01-19,2019-08-28,2.6036960985626285,0,last_supplied_sub_1b_round_proxy,1.0,1.0,1000000.0,1000000.0,0.0,0.0,1.998631074606434,730.0,2015-01-20
gradescope,"Gradescope, Inc.",2018-04-18,2018-05-25,0.10130047912388775,0,last_supplied_sub_1b_round_proxy,1.0,1.0,2750000.0,2750000.0,5.0,5.0,1.998631074606434,730.0,2016-04-18
pixel,"Pixel Labs, Inc.",2018-05-10,2018-10-11,0.4216290212183436,0,last_supplied_sub_1b_round_proxy,1.0,1.0,4000000.0,4000000.0,9.0,9.0,1.998631074606434,730.0,2016-05-10
perronerobotics,"Perrone Robotics, Inc.",2018-10-24,2021-02-17,2.31895961670089,0,last_supplied_sub_1b_round_proxy,1.0,1.0,2610000.0,2610000.0,1.0,1.0,1.998631074606434,730.0,2016-10-24
tentrr,"Tentrr, Inc.",2018-03-16,2021-11-10,3.6550308008213555,0,last_supplied_sub_1b_round_proxy,1.0,1.0,2150000.0,2150000.0,0.0,0.0,1.998631074606434,730.0,2016-03-16
seismos,Seismos Inc.,2017-04-06,2019-01-23,1.7987679671457906,0,last_supplied_sub_1b_round_proxy,1.0,1.0,3860000.0,3860000.0,2.0,2.0,1.998631074606434,730.0,2015-04-07
bloomz,BloomZ Inc.,2018-06-03,2019-02-27,0.7364818617385352,0,last_supplied_sub_1b_round_proxy,1.0,1.0,3840000.0,3840000.0,6.0,6.0,1.998631074606434,730.0,2016-06-03
sense360,Sense360 Inc.,2017-01-14,2018-04-20,1.2621492128678986,0,last_supplied_sub_1b_round_proxy,1.0,1.0,3750000.0,3750000.0,6.0,6.0,1.998631074606434,730.0,2015-01-15
zev,"ZEV Technologies, Inc.",2017-06-09,2019-07-10,2.083504449007529,0,last_supplied_sub_1b_round_proxy,2.0,2.0,3158000.0,2180000.0,0.0,0.0,1.998631074606434,311.0,2016-08-02
beeline,BeeLine,2018-05-31,2022-09-07,4.271047227926078,0,last_supplied_sub_1b_round_proxy,1.0,1.0,749000.0,749000.0,0.0,0.0,1.998631074606434,730.0,2016-05-31
proctorfree,"ProctorFree, Inc.",2018-01-25,2019-01-24,0.9965776865160849,0,last_supplied_sub_1b_round_proxy,1.0,1.0,1290000.0,1290000.0,2.0,2.0,1.998631074606434,730.0,2016-01-26
3clogic,3CLogic Inc.,2018-03-04,2026-03-26,8.060232717316905,0,last_supplied_sub_1b_round_proxy,1.0,1.0,1210000.0,1210000.0,0.0,0.0,1.998631074606434,730.0,2016-03-04
pattern,"Pattern Technologies, Inc.",2018-05-24,2021-10-06,3.370294318959617,1,first_ge_1b_event,1.0,1.0,2500000.0,2500000.0,3.0,3.0,1.998631074606434,730.0,2016-05-24
centercode,"Centercode, Inc.",2017-08-04,2019-06-26,1.891854893908282,0,last_supplied_sub_1b_round_proxy,1.0,1.0,3500000.0,3500000.0,0.0,0.0,1.998631074606434,730.0,2015-08-05
polyarc,"Polyarc, Inc.",2018-09-01,2020-07-29,1.9082819986310746,0,last_supplied_sub_1b_round_proxy,1.0,1.0,3500000.0,3500000.0,3.0,3.0,1.998631074606434,730.0,2016-09-01
buoyant,Buoyant Inc.,2017-04-22,2017-07-11,0.2190280629705681,0,last_supplied_sub_1b_round_proxy,1.0,1.0,3500000.0,3500000.0,0.0,0.0,1.998631074606434,730.0,2015-04-23
peerwell,"PeerWell, Inc.",2018-11-02,2019-08-27,0.8158795345653662,0,last_supplied_sub_1b_round_proxy,1.0,1.0,3500000.0,3500000.0,1.0,1.0,1.998631074606434,730.0,2016-11-02
maestroqa,"MaestroQA, Inc.",2017-01-28,2019-07-02,2.42299794661191,0,last_supplied_sub_1b_round_proxy,1.0,1.0,1750000.0,1750000.0,6.0,6.0,1.998631074606434,730.0,2015-01-29
ob1,OB1 Company,2017-05-10,2018-03-13,0.840520191649555,0,last_supplied_sub_1b_round_proxy,2.0,2.0,4010000.0,3000000.0,3.0,3.0,1.998631074606434,148.0,2016-12-13
markable,"Markable, Inc.",2018-07-27,2021-12-24,3.4113620807665983,0,last_supplied_sub_1b_round_proxy,1.0,1.0,1940000.0,1940000.0,0.0,0.0,1.998631074606434,730.0,2016-07-27
invenioimaging,"Invenio Imaging, Inc.",2017-12-28,2021-02-09,3.1184120465434635,0,last_supplied_sub_1b_round_proxy,1.0,1.0,1000000.0,1000000.0,0.0,0.0,1.998631074606434,730.0,2015-12-29
biosfeergroedebv,Biosfeer Groede B.V.,2017-07-28,2018-09-08,1.1143052703627652,0,last_supplied_sub_1b_round_proxy,1.0,1.0,165000.0,165000.0,1.0,1.0,1.998631074606434,730.0,2015-07-29
acuamarkdiagnostics,"Acuamark Diagnostics, Inc.",2018-11-17,2019-09-25,0.8542094455852156,0,last_supplied_sub_1b_round_proxy,1.0,1.0,1770000.0,1770000.0,0.0,0.0,1.998631074606434,730.0,2016-11-17
tearsolutions,"TearSolutions, Inc.",2017-10-23,2024-11-21,7.080082135523614,0,last_supplied_sub_1b_round_proxy,1.0,1.0,3210000.0,3210000.0,3.0,3.0,1.998631074606434,730.0,2015-10-24
isothrive,ISOThrive Inc.,2017-03-30,2021-02-05,3.8548939082819986,0,last_supplied_sub_1b_round_proxy,1.0,1.0,2400000.0,2400000.0,1.0,1.0,1.998631074606434,730.0,2015-03-31
moveworks,"Moveworks, Inc.",2018-12-31,2021-06-30,2.4969199178644765,1,first_ge_1b_event,1.0,1.0,3160000.0,3160000.0,1.0,1.0,1.998631074606434,730.0,2016-12-31
bdsanalytics,"BDS Analytics, Inc.",2017-09-16,2019-08-20,1.9247091033538672,0,last_supplied_sub_1b_round_proxy,2.0,2.0,3170000.0,3150000.0,1.0,1.0,1.998631074606434,676.0,2015-11-10
crowdcircle,"CrowdCircle, Inc.",2017-11-22,2018-07-25,0.6707734428473648,0,last_supplied_sub_1b_round_proxy,1.0,1.0,2990000.0,2990000.0,2.0,2.0,1.998631074606434,730.0,2015-11-23
agolo,"Agolo, Inc.",2017-08-27,2019-07-23,1.9028062970568105,0,last_supplied_sub_1b_round_proxy,1.0,1.0,3000000.0,3000000.0,1.0,1.0,1.998631074606434,730.0,2015-08-28
integrissoftware,"Integris Software, Inc.",2018-05-10,2018-07-17,0.1861738535249829,0,last_supplied_sub_1b_round_proxy,1.0,1.0,3000000.0,3000000.0,3.0,3.0,1.998631074606434,730.0,2016-05-10
primalspacesystems,Primal Space Systems Inc.,2017-08-16,2017-11-22,0.2683093771389459,0,last_supplied_sub_1b_round_proxy,1.0,1.0,3000000.0,3000000.0,0.0,0.0,1.998631074606434,730.0,2015-08-17
7parkdata,"7Park Data, Inc.",2017-08-25,2018-05-09,0.70362765229295,0,last_supplied_sub_1b_round_proxy,1.0,1.0,3000000.0,3000000.0,1.0,1.0,1.998631074606434,730.0,2015-08-26
guerrillarfotcpkguer,"Guerrilla RF, Inc. (OTCPK:GUER)",2017-05-17,2018-04-18,0.919917864476386,0,last_supplied_sub_1b_round_proxy,1.0,1.0,2000000.0,2000000.0,2.0,2.0,1.998631074606434,730.0,2015-05-18
seriforge,"Seriforge, Inc.",2017-06-15,2017-11-21,0.4353182751540041,0,last_supplied_sub_1b_round_proxy,1.0,1.0,1550000.0,1550000.0,0.0,0.0,1.998631074606434,730.0,2015-06-16
ceceliahealth,"Cecelia Health, Inc.",2017-08-18,2020-08-07,2.97056810403833,0,last_supplied_sub_1b_round_proxy,1.0,1.0,2820000.0,2820000.0,3.0,3.0,1.998631074606434,730.0,2015-08-19
radialanalytics,"Radial Analytics, Inc.",2017-01-05,2017-08-01,0.5694729637234771,0,last_supplied_sub_1b_round_proxy,1.0,1.0,500000.0,500000.0,0.0,0.0,1.998631074606434,730.0,2015-01-06
genomenon,"Genomenon, Inc.",2018-11-10,2019-01-08,0.16153319644079397,0,last_supplied_sub_1b_round_proxy,1.0,1.0,2710000.0,2710000.0,6.0,6.0,1.998631074606434,730.0,2016-11-10
pluotcommunications,"Pluot Communications, Inc.",2018-12-31,2020-01-31,1.0841889117043122,0,last_supplied_sub_1b_round_proxy,1.0,1.0,2680000.0,2680000.0,0.0,0.0,1.998631074606434,730.0,2016-12-31
canceriq,Cancer IQ Inc.,2018-08-01,2022-03-03,3.586584531143053,0,last_supplied_sub_1b_round_proxy,1.0,1.0,2650000.0,2650000.0,0.0,0.0,1.998631074606434,730.0,2016-08-01
bento,"Bento Technologies, Inc.",2017-02-10,2020-12-03,3.811088295687885,0,last_supplied_sub_1b_round_proxy,1.0,1.0,2500000.0,2500000.0,4.0,4.0,1.998631074606434,730.0,2015-02-11
conextionsmedical,CoNextions Medical Corporation,2018-04-06,2020-12-16,2.6967830253251197,0,last_supplied_sub_1b_round_proxy,2.0,2.0,4660000.0,2500000.0,0.0,0.0,1.998631074606434,373.0,2017-03-29
finavigator,FI Navigator Corporation,2018-01-12,2018-08-06,0.5639972621492129,0,last_supplied_sub_1b_round_proxy,1.0,1.0,1500000.0,1500000.0,0.0,0.0,1.998631074606434,730.0,2016-01-13
appdiff,"Appdiff, Inc.",2017-12-20,2018-07-31,0.6105407255304586,0,last_supplied_sub_1b_round_proxy,1.0,1.0,2500000.0,2500000.0,2.0,2.0,1.998631074606434,730.0,2015-12-21
vivabiotechshanghai,Viva Biotech (Shanghai) Ltd.,2018-11-16,2019-09-10,0.8158795345653662,0,last_supplied_sub_1b_round_proxy,1.0,1.0,581000.0,581000.0,1.0,1.0,1.998631074606434,730.0,2016-11-16
darkstore,"Darkstore, Inc.",2018-10-26,2019-01-29,0.2600958247775496,0,last_supplied_sub_1b_round_proxy,2.0,2.0,1890000.0,1770000.0,2.0,1.0,1.998631074606434,562.0,2017-04-12
bedlambrewery,Bedlam Brewery Limited,2018-11-03,2019-07-02,0.6598220396988365,0,last_supplied_sub_1b_round_proxy,1.0,1.0,606000.0,606000.0,0.0,0.0,1.998631074606434,730.0,2016-11-03
florencehealthcare,"Florence Healthcare, Inc.",2018-08-03,2019-09-30,1.158110882956879,0,last_supplied_sub_1b_round_proxy,1.0,1.0,1780000.0,1780000.0,3.0,3.0,1.998631074606434,730.0,2016-08-03
carsonlife,"Carson Life, Inc.",2017-05-14,2021-10-28,4.457221081451061,0,last_supplied_sub_1b_round_proxy,2.0,2.0,1556000.0,805000.0,1.0,1.0,1.998631074606434,240.0,2016-09-16
measurabl,"Measurabl, Inc.",2017-01-06,2017-11-02,0.8213552361396304,0,last_supplied_sub_1b_round_proxy,1.0,1.0,2310000.0,2310000.0,1.0,1.0,1.998631074606434,730.0,2015-01-07
revl,REVL Inc.,2018-02-24,2020-01-10,1.8754277891854894,0,last_supplied_sub_1b_round_proxy,2.0,2.0,2230000.0,2110000.0,2.0,2.0,1.998631074606434,704.0,2016-03-22
fundthatflip,"Fund That Flip, Inc",2017-10-05,2019-08-21,1.8754277891854894,0,last_supplied_sub_1b_round_proxy,2.0,2.0,2290000.0,2250000.0,3.0,3.0,1.998631074606434,503.0,2016-05-20
wonolo,Wonolo Inc.,2017-05-14,2018-04-18,0.9281314168377823,0,last_supplied_sub_1b_round_proxy,1.0,1.0,2200000.0,2200000.0,4.0,4.0,1.998631074606434,730.0,2015-05-15
stonycreekcolors,"Stony Creek Colors, Inc.",2018-09-20,2020-05-29,1.6892539356605065,0,last_supplied_sub_1b_round_proxy,1.0,1.0,2180000.0,2180000.0,0.0,0.0,1.998631074606434,730.0,2016-09-20
frenchfounders,FrenchFounders Inc.,2018-09-30,2024-01-26,5.322381930184805,0,last_supplied_sub_1b_round_proxy,1.0,1.0,1220000.0,1220000.0,0.0,0.0,1.998631074606434,730.0,2016-09-30
furcifer,Furcifer Inc.,2017-11-08,2022-02-25,4.298425735797399,0,last_supplied_sub_1b_round_proxy,1.0,1.0,2000000.0,2000000.0,0.0,0.0,1.998631074606434,730.0,2015-11-09
implydata,"Imply Data, Inc.",2017-10-18,2022-05-17,4.577686516084873,1,first_ge_1b_event,1.0,1.0,2029999.9999999998,2029999.9999999998,1.0,1.0,1.998631074606434,730.0,2015-10-19
flockis,"Flock IS, Inc.",2017-04-15,2017-09-13,0.4134154688569473,0,last_supplied_sub_1b_round_proxy,1.0,1.0,2020000.0,2020000.0,0.0,0.0,1.998631074606434,730.0,2015-04-16
brightcellars,Bright Cellars Inc.,2017-08-17,2019-08-02,1.9575633127994525,0,last_supplied_sub_1b_round_proxy,1.0,1.0,2020000.0,2020000.0,4.0,4.0,1.998631074606434,730.0,2015-08-18
grubblyfarms,Grubbly Farms Inc.,2018-09-29,2023-10-25,5.070499657768652,0,last_supplied_sub_1b_round_proxy,1.0,1.0,120000.0,120000.0,1.0,1.0,1.998631074606434,730.0,2016-09-29
bark,"Bark Technologies, Inc.",2018-11-01,2019-07-16,0.70362765229295,0,last_supplied_sub_1b_round_proxy,2.0,2.0,9680000.0,9560000.0,7.0,6.0,1.998631074606434,64.0,2018-08-29
itsbyu,"itsbyu, LLC",2018-09-20,2021-01-01,2.2833675564681726,0,last_supplied_sub_1b_round_proxy,2.0,2.0,820000.0,700000.0,1.0,1.0,1.998631074606434,253.0,2018-01-10
spruce,Spruce Inc.,2018-09-20,2020-11-11,2.1437371663244353,0,last_supplied_sub_1b_round_proxy,3.0,3.0,4620000.0,3500000.0,6.0,3.0,1.998631074606434,483.0,2017-05-25
mycroftai,"Mycroft AI, Inc.",2018-05-24,2021-10-13,3.3894592744695413,0,last_supplied_sub_1b_round_proxy,1.0,1.0,120000.0,120000.0,1.0,1.0,1.998631074606434,730.0,2016-05-24
matcherino,"Matcherino, Inc.",2017-10-26,2024-02-26,6.335386721423682,0,last_supplied_sub_1b_round_proxy,1.0,1.0,120000.0,120000.0,1.0,1.0,1.998631074606434,730.0,2015-10-27
tokenize,Tokenize Inc.,2017-09-09,2022-06-29,4.802190280629706,0,last_supplied_sub_1b_round_proxy,1.0,1.0,2000000.0,2000000.0,4.0,4.0,1.998631074606434,730.0,2015-09-10
dashbot,"Dashbot, Inc.",2018-12-01,2023-03-29,4.323066392881588,0,last_supplied_sub_1b_round_proxy,1.0,1.0,2000000.0,2000000.0,6.0,6.0,1.998631074606434,730.0,2016-12-01
audacy,Audacy Corporation,2017-09-08,2018-10-06,1.0759753593429158,0,last_supplied_sub_1b_round_proxy,1.0,1.0,2000000.0,2000000.0,0.0,0.0,1.998631074606434,730.0,2015-09-09
augmentedpixels,Augmented Pixels Inc.,2017-03-23,2018-12-10,1.7166324435318274,0,last_supplied_sub_1b_round_proxy,1.0,1.0,1000000.0,1000000.0,1.0,1.0,1.998631074606434,730.0,2015-03-24
rangeforce,RangeForce Inc.,2017-10-12,2019-05-22,1.6071184120465434,0,last_supplied_sub_1b_round_proxy,1.0,1.0,118000.0,118000.0,2.0,2.0,1.998631074606434,730.0,2015-10-13
cardisle,Card Isle Corporation,2017-04-08,2017-05-01,0.06297056810403832,0,last_supplied_sub_1b_round_proxy,1.0,1.0,118000.0,118000.0,1.0,1.0,1.998631074606434,730.0,2015-04-09
sensydia,Sensydia Corp,2018-08-01,2023-05-09,4.769336071184121,0,last_supplied_sub_1b_round_proxy,1.0,1.0,1950000.0,1950000.0,0.0,0.0,1.998631074606434,730.0,2016-08-01
takerobo,Takerobo Corporation,2017-11-05,2018-06-29,0.6461327857631759,0,last_supplied_sub_1b_round_proxy,1.0,1.0,1270000.0,1270000.0,1.0,1.0,1.998631074606434,730.0,2015-11-06
arrikto,Arrikto Inc.,2018-01-12,2020-11-16,2.844626967830253,0,last_supplied_sub_1b_round_proxy,1.0,1.0,1900000.0,1900000.0,0.0,0.0,1.998631074606434,730.0,2016-01-13
ascellushealth,"Ascellus Health, Inc.",2017-05-13,2020-07-22,3.19233401779603,0,last_supplied_sub_1b_round_proxy,1.0,1.0,1860000.0,1860000.0,0.0,0.0,1.998631074606434,730.0,2015-05-14
interprefyag,Interprefy AG,2017-11-29,2019-05-24,1.4811772758384667,0,last_supplied_sub_1b_round_proxy,2.0,2.0,1261000.0,872000.0,0.0,0.0,1.998631074606434,187.0,2017-05-26
gocoio,"GoCo.io, Inc.",2017-10-29,2019-01-31,1.2566735112936345,0,last_supplied_sub_1b_round_proxy,1.0,1.0,1810000.0,1810000.0,0.0,0.0,1.998631074606434,730.0,2015-10-30
xoeye,"XOEye Technologies, Inc.",2017-04-28,2017-12-08,0.6132785763175906,0,last_supplied_sub_1b_round_proxy,1.0,1.0,1810000.0,1810000.0,2.0,2.0,1.998631074606434,730.0,2015-04-29
satoshipay,SatoshiPay Ltd.,2018-01-24,2018-07-25,0.49828884325804246,0,last_supplied_sub_1b_round_proxy,2.0,2.0,1474000.0,1080000.0,5.0,3.0,1.998631074606434,358.0,2017-01-31
meeshonseimeesho,Meesho Limited (NSEI:MEESHO),2018-08-23,2021-04-04,2.614647501711157,1,first_ge_1b_event,1.0,1.0,120000.0,120000.0,1.0,1.0,1.998631074606434,730.0,2016-08-23
workramp,"WorkRamp, Inc.",2018-08-23,2019-06-06,0.785763175906913,0,last_supplied_sub_1b_round_proxy,1.0,1.0,120000.0,120000.0,1.0,1.0,1.998631074606434,730.0,2016-08-23
birdbv,Bird B.V.,2018-08-22,2021-04-28,2.6830937713894594,1,first_ge_1b_event,1.0,1.0,120000.0,120000.0,1.0,1.0,1.998631074606434,730.0,2016-08-22
elemenohealth,"Elemeno Health, Inc.",2018-08-23,2025-04-30,6.685831622176591,0,last_supplied_sub_1b_round_proxy,2.0,2.0,1420000.0,1300000.0,2.0,1.0,1.998631074606434,327.0,2017-09-30
smartpath,"SmartPath, LLC",2018-08-23,2020-10-23,2.1683778234086244,0,last_supplied_sub_1b_round_proxy,1.0,1.0,120000.0,120000.0,1.0,1.0,1.998631074606434,730.0,2016-08-23
crowdai,"CrowdAI, Inc.",2018-08-23,2020-07-14,1.891854893908282,0,last_supplied_sub_1b_round_proxy,1.0,1.0,120000.0,120000.0,1.0,1.0,1.998631074606434,730.0,2016-08-23
athelas,Athelas Inc.,2018-08-22,2022-01-31,3.4442162902121836,1,first_ge_1b_event,1.0,1.0,120000.0,120000.0,1.0,1.0,1.998631074606434,730.0,2016-08-22
simplecitizen,"SimpleCitizen, Inc.",2018-08-22,2019-06-13,0.8076659822039699,0,last_supplied_sub_1b_round_proxy,1.0,1.0,120000.0,120000.0,1.0,1.0,1.998631074606434,730.0,2016-08-22
petcube,"Petcube, Inc.",2017-03-16,2020-07-01,3.293634496919918,0,last_supplied_sub_1b_round_proxy,2.0,2.0,1290000.0,1170000.0,4.0,3.0,1.998631074606434,359.0,2016-03-22
flexengage,"flexEngage, Inc.",2018-03-23,2019-12-18,1.7385352498288844,0,last_supplied_sub_1b_round_proxy,1.0,1.0,120000.0,120000.0,1.0,1.0,1.998631074606434,730.0,2016-03-23
mineralsoft,MineralSoft LLC,2018-03-22,2018-04-11,0.05475701574264202,0,last_supplied_sub_1b_round_proxy,1.0,1.0,120000.0,120000.0,1.0,1.0,1.998631074606434,730.0,2016-03-22
deako,"Deako, Inc.",2018-03-22,2018-05-24,0.17248459958932238,0,last_supplied_sub_1b_round_proxy,1.0,1.0,120000.0,120000.0,1.0,1.0,1.998631074606434,730.0,2016-03-22
ablehealth,"Able Health, Inc.",2018-03-22,2020-02-10,1.88911704312115,0,last_supplied_sub_1b_round_proxy,1.0,1.0,120000.0,120000.0,1.0,1.0,1.998631074606434,730.0,2016-03-22
sbot,SBOT Technologies Inc.,2018-03-22,2019-07-19,1.325119780971937,0,last_supplied_sub_1b_round_proxy,1.0,1.0,120000.0,120000.0,1.0,1.0,1.998631074606434,730.0,2016-03-22
200,"200 Labs, Inc",2018-03-22,2025-10-26,7.597535934291581,0,last_supplied_sub_1b_round_proxy,1.0,1.0,120000.0,120000.0,1.0,1.0,1.998631074606434,730.0,2016-03-22
geckorobotics,"Gecko Robotics, Inc.",2018-03-22,2019-04-30,1.106091718001369,0,last_supplied_sub_1b_round_proxy,1.0,1.0,120000.0,120000.0,1.0,1.0,1.998631074606434,730.0,2016-03-22
superside,Superside,2018-03-23,2019-09-03,1.4483230663928817,0,last_supplied_sub_1b_round_proxy,1.0,1.0,120000.0,120000.0,1.0,1.0,1.998631074606434,730.0,2016-03-23
nova,"Nova Labs, Inc.",2018-03-23,2022-02-18,3.909650924024641,1,first_ge_1b_event,1.0,1.0,120000.0,120000.0,1.0,1.0,1.998631074606434,730.0,2016-03-23
opentronslabworks,Opentrons Labworks Inc.,2018-03-23,2018-09-04,0.4517453798767967,0,last_supplied_sub_1b_round_proxy,1.0,1.0,120000.0,120000.0,1.0,1.0,1.998631074606434,730.0,2016-03-23
podium,"Podium, Inc.",2018-03-23,2020-04-07,2.0424366872005475,1,first_ge_1b_event,1.0,1.0,120000.0,120000.0,1.0,1.0,1.998631074606434,730.0,2016-03-23
getaccept,GetAccept Inc.,2018-03-23,2019-07-11,1.3004791238877482,0,last_supplied_sub_1b_round_proxy,1.0,1.0,120000.0,120000.0,1.0,1.0,1.998631074606434,730.0,2016-03-23
innovein,"Innovein, inc.",2018-03-23,2018-10-10,0.5503080082135524,0,last_supplied_sub_1b_round_proxy,1.0,1.0,120000.0,120000.0,1.0,1.0,1.998631074606434,730.0,2016-03-23
isonohealth,"iSono Health, Inc.",2018-03-23,2025-12-31,7.775496235455168,0,last_supplied_sub_1b_round_proxy,1.0,1.0,120000.0,120000.0,1.0,1.0,1.998631074606434,730.0,2016-03-23
soundboks,"SOUNDBOKS, Inc.",2018-03-22,2023-10-20,5.579739904175223,0,last_supplied_sub_1b_round_proxy,1.0,1.0,120000.0,120000.0,1.0,1.0,1.998631074606434,730.0,2016-03-22
pathmind,"Pathmind, Inc.",2018-03-22,2019-03-20,0.9938398357289527,0,last_supplied_sub_1b_round_proxy,1.0,1.0,120000.0,120000.0,1.0,1.0,1.998631074606434,730.0,2016-03-22
supply,"Supply, Inc.",2017-08-17,2018-09-06,1.054072553045859,0,last_supplied_sub_1b_round_proxy,1.0,1.0,120000.0,120000.0,1.0,1.0,1.998631074606434,730.0,2015-08-18
shape,Shape Labs Inc.,2017-08-17,2019-02-08,1.4784394250513346,0,last_supplied_sub_1b_round_proxy,1.0,1.0,120000.0,120000.0,1.0,1.0,1.998631074606434,730.0,2015-08-18
cofactorgenomics,"Cofactor Genomics, Inc.",2017-08-17,2025-12-15,8.328542094455852,0,last_supplied_sub_1b_round_proxy,1.0,1.0,120000.0,120000.0,1.0,1.0,1.998631074606434,730.0,2015-08-18
rossintelligence,"ROSS Intelligence, Inc.",2017-08-17,2017-10-11,0.15058179329226556,0,last_supplied_sub_1b_round_proxy,1.0,1.0,120000.0,120000.0,1.0,1.0,1.998631074606434,730.0,2015-08-18
circlemedical,"Circle Medical Technologies, Inc.",2017-08-17,2019-03-31,1.6180698151950719,0,last_supplied_sub_1b_round_proxy,1.0,1.0,120000.0,120000.0,1.0,1.0,1.998631074606434,730.0,2015-08-18
tetrascience,"TetraScience, Inc.",2017-08-17,2020-12-31,3.373032169746749,0,last_supplied_sub_1b_round_proxy,1.0,1.0,120000.0,120000.0,1.0,1.0,1.998631074606434,730.0,2015-08-18
foxpass,"Foxpass, Inc.",2017-08-17,2019-02-14,1.4948665297741273,0,last_supplied_sub_1b_round_proxy,1.0,1.0,120000.0,120000.0,1.0,1.0,1.998631074606434,730.0,2015-08-18
gravitational,"Gravitational, Inc.",2017-08-18,2022-05-03,4.706365503080082,1,first_ge_1b_event,1.0,1.0,120000.0,120000.0,1.0,1.0,1.998631074606434,730.0,2015-08-19
gotranspose,"GoTranspose, Inc.",2017-08-18,2019-12-31,2.3682409308692676,0,last_supplied_sub_1b_round_proxy,1.0,1.0,120000.0,120000.0,1.0,1.0,1.998631074606434,730.0,2015-08-19
scopeus,Scope Technologies US Inc.,2017-08-18,2019-03-20,1.5852156057494866,0,last_supplied_sub_1b_round_proxy,1.0,1.0,120000.0,120000.0,1.0,1.0,1.998631074606434,730.0,2015-08-19
remixsoftware,"Remix Software, Inc.",2017-03-23,2019-02-27,1.9329226557152634,0,last_supplied_sub_1b_round_proxy,1.0,1.0,120000.0,120000.0,1.0,1.0,1.998631074606434,730.0,2015-03-24
odhomesbrokerage,Od Homes Brokerage Inc.,2017-03-23,2017-07-13,0.3066392881587953,0,last_supplied_sub_1b_round_proxy,1.0,1.0,120000.0,120000.0,1.0,1.0,1.998631074606434,730.0,2015-03-24
razorpaysoftware,Razorpay Software Limited,2017-03-24,2021-04-18,4.068446269678303,1,first_ge_1b_event,1.0,1.0,120000.0,120000.0,1.0,1.0,1.998631074606434,730.0,2015-03-25
dronebase,"DroneBase, Inc.",2017-03-24,2019-04-10,2.0451745379876796,0,last_supplied_sub_1b_round_proxy,1.0,1.0,120000.0,120000.0,1.0,1.0,1.998631074606434,730.0,2015-03-25
mashgin,"Mashgin, Inc.",2017-03-24,2022-05-09,5.125256673511293,1,first_ge_1b_event,1.0,1.0,120000.0,120000.0,1.0,1.0,1.998631074606434,730.0,2015-03-25
magic,"Magic, Inc.",2017-03-23,2021-07-22,4.331279945242985,0,last_supplied_sub_1b_round_proxy,1.0,1.0,120000.0,120000.0,1.0,1.0,1.998631074606434,730.0,2015-03-24
cloudmedx,CloudMedx Inc.,2017-03-23,2019-06-06,2.2039698836413417,0,last_supplied_sub_1b_round_proxy,1.0,1.0,120000.0,120000.0,1.0,1.0,1.998631074606434,730.0,2015-03-24
lumi,Lumi Inc.,2017-03-23,2018-02-14,0.8980150581793293,0,last_supplied_sub_1b_round_proxy,1.0,1.0,120000.0,120000.0,1.0,1.0,1.998631074606434,730.0,2015-03-24
industrialmicrobes,"Industrial Microbes, Inc.",2017-03-22,2024-11-19,7.663244353182751,0,last_supplied_sub_1b_round_proxy,1.0,1.0,120000.0,120000.0,1.0,1.0,1.998631074606434,730.0,2015-03-23
cleanly,"Cleanly, Inc.",2017-03-24,2018-02-07,0.8761122518822724,0,last_supplied_sub_1b_round_proxy,1.0,1.0,120000.0,120000.0,1.0,1.0,1.998631074606434,730.0,2015-03-25
paperspace,Paperspace Co.,2017-03-22,2021-05-25,4.175222450376454,0,last_supplied_sub_1b_round_proxy,1.0,1.0,120000.0,120000.0,1.0,1.0,1.998631074606434,730.0,2015-03-23
final,"Final, Inc.",2017-03-23,2017-06-20,0.243668720054757,0,last_supplied_sub_1b_round_proxy,1.0,1.0,120000.0,120000.0,1.0,1.0,1.998631074606434,730.0,2015-03-24
localwise,Localwise Inc.,2018-03-14,2018-07-03,0.30390143737166325,0,last_supplied_sub_1b_round_proxy,1.0,1.0,1490000.0,1490000.0,2.0,2.0,1.998631074606434,730.0,2016-03-14
sowntogrow,"Sown to Grow, Inc.",2018-01-16,2024-08-12,6.570841889117043,0,last_supplied_sub_1b_round_proxy,1.0,1.0,100000.0,100000.0,1.0,1.0,1.998631074606434,730.0,2016-01-17
okamimedical,"Okami Medical, Inc.",2018-05-25,2021-09-14,3.3073237508555784,0,last_supplied_sub_1b_round_proxy,2.0,2.0,6150000.0,4500000.0,0.0,0.0,1.998631074606434,273.0,2017-08-25
alfilinternetventuressl,"Alfil Internet Ventures, S.L.",2017-03-23,2017-04-11,0.05201916495550993,0,last_supplied_sub_1b_round_proxy,1.0,1.0,267000.0,267000.0,0.0,0.0,1.998631074606434,730.0,2015-03-24
adhawk,AdHawk,2017-11-22,2019-06-03,1.5277207392197125,0,last_supplied_sub_1b_round_proxy,2.0,2.0,2277000.0,1560000.0,2.0,2.0,1.998631074606434,317.0,2017-01-09
frame,"Frame Technology, Inc.",2018-10-19,2022-02-18,3.3347022587268995,0,last_supplied_sub_1b_round_proxy,1.0,1.0,1540000.0,1540000.0,0.0,0.0,1.998631074606434,730.0,2016-10-19
nirvanasciences,"Nirvana Sciences, Inc.",2017-08-31,2021-05-26,3.7344284736481863,0,last_supplied_sub_1b_round_proxy,1.0,1.0,1530000.0,1530000.0,0.0,0.0,1.998631074606434,730.0,2015-09-01
infabode,Infabode Limited,2018-06-21,2019-05-03,0.865160848733744,0,last_supplied_sub_1b_round_proxy,2.0,2.0,1250000.0,1030000.0,0.0,0.0,1.998631074606434,49.0,2018-05-03
castleinformationsystems,"Castle Information Systems, Inc.",2018-08-25,2019-04-30,0.6789869952087612,0,last_supplied_sub_1b_round_proxy,2.0,2.0,1800000.0,1000000.0,0.0,0.0,1.998631074606434,414.0,2017-07-07
laxmitherapeuticdevices,"Laxmi Therapeutic Devices, Inc.",2018-07-19,2020-10-28,2.2778918548939084,0,last_supplied_sub_1b_round_proxy,2.0,2.0,4000000.0,2500000.0,0.0,0.0,1.998631074606434,217.0,2017-12-14
triippte,Triip Pte. Ltd.,2018-02-17,2018-04-20,0.1697467488021903,0,last_supplied_sub_1b_round_proxy,1.0,1.0,500000.0,500000.0,1.0,1.0,1.998631074606434,730.0,2016-02-18
zoomph,"Zoomph, Inc.",2018-02-21,2023-06-06,5.286789869952088,0,last_supplied_sub_1b_round_proxy,1.0,1.0,233000.0,233000.0,0.0,0.0,1.998631074606434,730.0,2016-02-22
learnplatform,"LearnPlatform, Inc.",2017-10-30,2020-01-31,2.2532511978097194,0,last_supplied_sub_1b_round_proxy,1.0,1.0,75000.0,75000.0,1.0,1.0,1.998631074606434,730.0,2015-10-31
mixmax,"Mixmax, Inc.",2017-04-20,2018-02-06,0.7994524298425736,0,last_supplied_sub_1b_round_proxy,1.0,1.0,1500000.0,1500000.0,3.0,3.0,1.998631074606434,730.0,2015-04-21
sigstr,"Sigstr, Inc.",2017-12-06,2019-10-08,1.83709787816564,0,last_supplied_sub_1b_round_proxy,2.0,2.0,6850000.0,5350000.0,5.0,5.0,1.998631074606434,106.0,2017-08-22
palmaceiasemidesign,"Palma Ceia SemiDesign, Inc.",2017-10-04,2018-03-04,0.4134154688569473,0,last_supplied_sub_1b_round_proxy,1.0,1.0,1500000.0,1500000.0,1.0,1.0,1.998631074606434,730.0,2015-10-05
feedbackloop,"Feedback Loop, Inc.",2017-10-29,2021-03-23,3.3976728268309375,0,last_supplied_sub_1b_round_proxy,1.0,1.0,1460000.0,1460000.0,0.0,0.0,1.998631074606434,730.0,2015-10-30
koiocollective,"Koio Collective, Inc.",2018-05-25,2019-06-28,1.0924024640657084,0,last_supplied_sub_1b_round_proxy,2.0,2.0,4390000.0,3080000.0,3.0,3.0,1.998631074606434,44.0,2018-04-11
hive,"Hive Technology, Inc.",2018-03-24,2023-11-16,5.648186173853525,0,last_supplied_sub_1b_round_proxy,2.0,2.0,5370000.0,4000000.0,3.0,3.0,1.998631074606434,165.0,2017-10-10
framer,"Framer, Inc.",2017-12-22,2025-08-27,7.6796714579055445,1,first_ge_1b_event,1.0,1.0,1350000.0,1350000.0,0.0,0.0,1.998631074606434,730.0,2015-12-23
greensburymarket,"Greensbury Market, Corp.",2017-12-01,2017-12-13,0.03285420944558522,0,last_supplied_sub_1b_round_proxy,1.0,1.0,250000.0,250000.0,0.0,0.0,1.998631074606434,730.0,2015-12-02
lifedetection,"Life Detection Technologies, Inc.",2017-08-19,2020-07-01,2.86652977412731,0,last_supplied_sub_1b_round_proxy,1.0,1.0,100000.0,100000.0,1.0,1.0,1.998631074606434,730.0,2015-08-20
parentsquare,"ParentSquare, Inc",2017-03-15,2018-11-05,1.6427104722792607,0,last_supplied_sub_1b_round_proxy,3.0,3.0,2205000.0,1050000.0,0.0,0.0,1.998631074606434,21.0,2017-02-22
learnlux,LearnLux Inc.,2018-05-07,2024-02-13,5.771389459274469,0,last_supplied_sub_1b_round_proxy,2.0,2.0,2100000.0,2000000.0,3.0,2.0,1.998631074606434,37.0,2018-03-31
subcurrent,"Subcurrent, Inc.",2018-05-18,2019-02-13,0.7419575633127995,0,last_supplied_sub_1b_round_proxy,2.0,2.0,1270000.0,1250000.0,2.0,1.0,1.998631074606434,632.0,2016-08-24
salesrabbit,"Sales Rabbit, Inc.",2018-03-30,2018-06-22,0.2299794661190965,0,last_supplied_sub_1b_round_proxy,1.0,1.0,1220000.0,1220000.0,0.0,0.0,1.998631074606434,730.0,2016-03-30
vuessence,"VuEssence, Inc.",2018-05-25,2021-01-14,2.642026009582478,0,last_supplied_sub_1b_round_proxy,2.0,2.0,2700000.0,1500000.0,0.0,0.0,1.998631074606434,51.0,2018-04-04
promobot,Promobot LLC,2017-12-30,2019-07-31,1.5824777549623545,0,last_supplied_sub_1b_round_proxy,1.0,1.0,348000.0,348000.0,1.0,1.0,1.998631074606434,730.0,2015-12-31
mpiricahealth,"MPIRICA Health, Inc.",2017-04-21,2017-04-25,0.010951403148528405,0,last_supplied_sub_1b_round_proxy,1.0,1.0,1180000.0,1180000.0,0.0,0.0,1.998631074606434,730.0,2015-04-22
activeneedle,Active Needle Technology Ltd.,2018-04-05,2020-03-20,1.9575633127994525,0,last_supplied_sub_1b_round_proxy,1.0,1.0,71000.0,71000.0,1.0,1.0,1.998631074606434,730.0,2016-04-05
stridetravel,"Stride Travel, Inc",2018-02-21,2019-06-12,1.3032169746748803,0,last_supplied_sub_1b_round_proxy,2.0,2.0,613000.0,493000.0,2.0,1.0,1.998631074606434,161.0,2017-09-13
sentasaas,Senta SaaS Limited,2017-07-19,2018-06-16,0.9089664613278576,0,last_supplied_sub_1b_round_proxy,1.0,1.0,218000.0,218000.0,0.0,0.0,1.998631074606434,730.0,2015-07-20
visiblevc,"Visible.vc, Inc.",2018-02-08,2025-06-18,7.356605065023956,0,last_supplied_sub_1b_round_proxy,1.0,1.0,360000.0,360000.0,0.0,0.0,1.998631074606434,730.0,2016-02-09
dgraph,"Dgraph Labs, Inc.",2018-05-17,2022-07-20,4.175222450376454,0,last_supplied_sub_1b_round_proxy,2.0,2.0,2910000.0,1850000.0,2.0,2.0,1.998631074606434,190.0,2017-11-08
grabr,"Grabr, Inc.",2018-08-25,2024-08-19,5.984941820670773,0,last_supplied_sub_1b_round_proxy,3.0,3.0,12600000.0,8000000.0,1.0,1.0,1.998631074606434,172.0,2018-03-06
blinger,Blinger LLC,2018-07-20,2019-03-26,0.6817248459958932,0,last_supplied_sub_1b_round_proxy,1.0,0.0,0.0,0.0,1.0,1.0,1.998631074606434,730.0,2016-07-20
solargaps,Solargaps Inc.,2018-06-10,2023-02-28,4.720054757015743,0,last_supplied_sub_1b_round_proxy,1.0,1.0,200000.0,200000.0,1.0,1.0,1.998631074606434,730.0,2016-06-10
igloohome,Igloohome Inc.,2017-12-16,2018-04-04,0.29842573579739906,0,last_supplied_sub_1b_round_proxy,1.0,1.0,1000000.0,1000000.0,3.0,3.0,1.998631074606434,730.0,2015-12-17
campusknot,"Campusknot, Inc.",2017-07-26,2025-10-23,8.243668720054757,0,last_supplied_sub_1b_round_proxy,1.0,1.0,100000.0,100000.0,0.0,0.0,1.998631074606434,730.0,2015-07-27
alastinskincare,"ALASTIN Skincare, Inc.",2017-04-14,2018-03-22,0.9363449691991786,0,last_supplied_sub_1b_round_proxy,1.0,1.0,1000000.0,1000000.0,0.0,0.0,1.998631074606434,730.0,2015-04-15
sweetbio,"SweetBio, Inc.",2017-08-12,2018-11-13,1.2539356605065024,0,last_supplied_sub_1b_round_proxy,1.0,1.0,50000.0,50000.0,1.0,1.0,1.998631074606434,730.0,2015-08-13
sitesaver,"Site Saver, Inc.",2017-08-12,2025-03-04,7.559206023271732,0,last_supplied_sub_1b_round_proxy,2.0,2.0,1038000.0,988000.0,3.0,3.0,1.998631074606434,606.0,2015-12-15
artashipping,"ARTA Shipping, Inc.",2018-06-16,2022-10-11,4.3203285420944555,0,last_supplied_sub_1b_round_proxy,2.0,2.0,4000000.0,3000000.0,3.0,3.0,1.998631074606434,276.0,2017-09-13
reactful,"Reactful, Inc.",2017-08-12,2018-08-15,1.0075290896646132,0,last_supplied_sub_1b_round_proxy,1.0,1.0,956000.0,956000.0,3.0,3.0,1.998631074606434,730.0,2015-08-13
seriouspig,Serious Pig Ltd.,2017-04-30,2019-05-08,2.020533880903491,0,last_supplied_sub_1b_round_proxy,1.0,1.0,192000.0,192000.0,0.0,0.0,1.998631074606434,730.0,2015-05-01
abode,"Abode Technologies, Inc.",2017-10-05,2022-03-21,4.457221081451061,0,last_supplied_sub_1b_round_proxy,2.0,2.0,80000.0,60000.0,2.0,1.0,1.998631074606434,485.0,2016-06-07
industrialorganic,"Industrial Organic, PBC",2018-06-07,2018-12-27,0.5557837097878165,0,last_supplied_sub_1b_round_proxy,1.0,1.0,60000.0,60000.0,1.0,1.0,1.998631074606434,730.0,2016-06-07
swivel,"Swivel, Inc.",2018-11-23,2025-04-30,6.433949349760438,0,last_supplied_sub_1b_round_proxy,2.0,2.0,1850000.0,1000000.0,0.0,0.0,1.998631074606434,539.0,2017-06-02
automox,Automox Inc.,2018-05-24,2018-11-13,0.4736481861738535,0,last_supplied_sub_1b_round_proxy,1.0,1.0,346000.0,346000.0,0.0,0.0,1.998631074606434,730.0,2016-05-24
freshbellies,"Fresh Bellies, Inc.",2018-12-07,2020-04-27,1.3880903490759753,0,last_supplied_sub_1b_round_proxy,1.0,1.0,788000.0,788000.0,0.0,0.0,1.998631074606434,730.0,2016-12-07
xablecath,"XableCath, Inc.",2017-01-15,2017-11-29,0.8706365503080082,0,last_supplied_sub_1b_round_proxy,1.0,1.0,50000.0,50000.0,1.0,1.0,1.998631074606434,730.0,2015-01-16
threatswitch,"ThreatSwitch, Inc.",2018-12-06,2020-08-24,1.7166324435318274,0,last_supplied_sub_1b_round_proxy,2.0,2.0,528000.0,478000.0,1.0,1.0,1.998631074606434,203.0,2018-05-17
synthex,"SyntheX, Inc.",2018-07-14,2024-01-11,5.494866529774128,0,last_supplied_sub_1b_round_proxy,2.0,2.0,4990000.0,4940000.0,1.0,1.0,1.998631074606434,500.0,2017-03-01
418intelligence,418 Intelligence Corp.,2017-12-07,2021-12-29,4.060232717316906,0,last_supplied_sub_1b_round_proxy,1.0,1.0,50000.0,50000.0,1.0,1.0,1.998631074606434,730.0,2015-12-08
huntress,Huntress Labs Incorporated,2017-12-07,2024-06-20,6.535249828884326,1,first_ge_1b_event,1.0,1.0,50000.0,50000.0,1.0,1.0,1.998631074606434,730.0,2015-12-08
graphwear,GraphWear Technologies Inc.,2017-11-29,2018-04-17,0.3805612594113621,0,last_supplied_sub_1b_round_proxy,1.0,1.0,50000.0,50000.0,1.0,1.0,1.998631074606434,730.0,2015-11-30
seer,Seer Technologies Inc.,2017-06-24,2021-03-23,3.7453798767967146,0,last_supplied_sub_1b_round_proxy,1.0,1.0,399000.0,399000.0,1.0,1.0,1.998631074606434,730.0,2015-06-25
timber,"Timber Technologies, Inc.",2018-05-11,2019-09-16,1.3497604380561259,0,last_supplied_sub_1b_round_proxy,2.0,2.0,2830000.0,2280000.0,0.0,0.0,1.998631074606434,140.0,2017-12-22
atlasorganics,Atlas Organics Inc.,2018-01-13,2019-11-12,1.8288843258042438,0,last_supplied_sub_1b_round_proxy,1.0,1.0,547000.0,547000.0,0.0,0.0,1.998631074606434,730.0,2016-01-14
foodmaven,FoodMaven Corporation,2018-01-11,2023-04-10,5.242984257357974,0,last_supplied_sub_1b_round_proxy,2.0,2.0,10460000.0,9960000.0,0.0,0.0,1.998631074606434,11.0,2017-12-31
gridwise,"Gridwise, Inc.",2018-10-25,2022-04-08,3.4524298425735798,0,last_supplied_sub_1b_round_proxy,2.0,2.0,145000.0,120000.0,2.0,1.0,1.998631074606434,372.0,2017-10-18
kitsplit,KitSplit Inc.,2017-10-05,2018-02-22,0.38329911019849416,0,last_supplied_sub_1b_round_proxy,1.0,1.0,40000.0,40000.0,1.0,1.0,1.998631074606434,730.0,2015-10-06
fourmine,"Four Mine, Inc.",2017-10-05,2020-11-20,3.1266255989048597,0,last_supplied_sub_1b_round_proxy,1.0,1.0,40000.0,40000.0,1.0,1.0,1.998631074606434,730.0,2015-10-06
forecastr,Forecastr,2017-04-19,2023-07-18,6.245037645448323,0,last_supplied_sub_1b_round_proxy,1.0,1.0,30000.0,30000.0,1.0,1.0,1.998631074606434,730.0,2015-04-20
sendtechpte,Sendtech Pte Ltd,2018-03-21,2020-08-31,2.4476386036960984,0,last_supplied_sub_1b_round_proxy,1.0,1.0,29000.0,29000.0,1.0,1.0,1.998631074606434,730.0,2016-03-21
snafflingpig,Snaffling Pig Limited,2018-08-08,2019-10-09,1.1690622861054072,0,last_supplied_sub_1b_round_proxy,1.0,1.0,91000.0,91000.0,0.0,0.0,1.998631074606434,730.0,2016-08-08
smartmonitor,Smart Monitor Corp.,2017-04-14,2018-05-17,1.0896646132785763,0,last_supplied_sub_1b_round_proxy,1.0,1.0,50000.0,50000.0,1.0,1.0,1.998631074606434,730.0,2015-04-15
traptic,"Traptic, Inc",2018-11-03,2019-12-31,1.158110882956879,0,last_supplied_sub_1b_round_proxy,1.0,1.0,400000.0,400000.0,0.0,0.0,1.998631074606434,730.0,2016-11-03
babaiolasrl,Babaiola SRL,2018-06-23,2018-10-25,0.3394934976043806,0,last_supplied_sub_1b_round_proxy,1.0,1.0,34000.0,34000.0,1.0,1.0,1.998631074606434,730.0,2016-06-23
noninvasix,"Noninvasix, Inc.",2017-11-11,2020-06-11,2.5817932922655715,0,last_supplied_sub_1b_round_proxy,1.0,1.0,30000.0,30000.0,1.0,1.0,1.998631074606434,730.0,2015-11-12
partyslate,"PartySlate, Inc.",2018-09-30,2020-01-31,1.3360711841204653,0,last_supplied_sub_1b_round_proxy,2.0,2.0,1990000.0,1970000.0,6.0,5.0,1.998631074606434,417.0,2017-08-09
gs2,"GS2, Inc.",2018-10-13,2019-02-26,0.3723477070499658,0,last_supplied_sub_1b_round_proxy,1.0,1.0,20000.0,20000.0,1.0,1.0,1.998631074606434,730.0,2016-10-13
vutility,"Vutility, Inc.",2018-07-14,2022-08-23,4.1095140314852845,0,last_supplied_sub_1b_round_proxy,1.0,1.0,20000.0,20000.0,1.0,1.0,1.998631074606434,730.0,2016-07-14
polis,"Polis, Inc.",2018-05-25,2018-11-13,0.47091033538672145,0,last_supplied_sub_1b_round_proxy,2.0,2.0,1980000.0,1960000.0,2.0,2.0,1.998631074606434,436.0,2017-03-15
materialimpact,"Material Impact, Inc.",2018-05-25,2021-08-04,3.1950718685831623,0,last_supplied_sub_1b_round_proxy,1.0,1.0,20000.0,20000.0,1.0,1.0,1.998631074606434,730.0,2016-05-25
keepeup,"Keepe Up, Inc.",2018-05-18,2021-07-09,3.143052703627652,0,last_supplied_sub_1b_round_proxy,1.0,1.0,20000.0,20000.0,1.0,1.0,1.998631074606434,730.0,2016-05-18
socialfabriq,"Social Fabriq, Inc.",2018-05-18,2021-10-27,3.4442162902121836,0,last_supplied_sub_1b_round_proxy,1.0,1.0,20000.0,20000.0,1.0,1.0,1.998631074606434,730.0,2016-05-18
orderlyhealth,"Orderly Health, Inc.",2018-05-18,2020-03-10,1.8124572210814511,0,last_supplied_sub_1b_round_proxy,1.0,1.0,20000.0,20000.0,1.0,1.0,1.998631074606434,730.0,2016-05-18
sectionio,section.io Incorporated,2018-05-18,2021-04-26,2.940451745379877,0,last_supplied_sub_1b_round_proxy,1.0,1.0,20000.0,20000.0,1.0,1.0,1.998631074606434,730.0,2016-05-18
chowbotics,"Chowbotics, Inc.",2018-05-19,2020-12-04,2.546201232032854,0,last_supplied_sub_1b_round_proxy,1.0,1.0,20000.0,20000.0,1.0,1.0,1.998631074606434,730.0,2016-05-19
storyfit,StoryFit Inc.,2018-05-19,2022-10-20,4.421629021218344,0,last_supplied_sub_1b_round_proxy,1.0,1.0,20000.0,20000.0,1.0,1.0,1.998631074606434,730.0,2016-05-19
agathos,"Agathos, Inc.",2018-04-13,2021-10-07,3.485284052019165,0,last_supplied_sub_1b_round_proxy,1.0,1.0,20000.0,20000.0,1.0,1.0,1.998631074606434,730.0,2016-04-13
popily,Popily Inc.,2018-02-10,2018-08-28,0.5448323066392882,0,last_supplied_sub_1b_round_proxy,1.0,1.0,20000.0,20000.0,1.0,1.0,1.998631074606434,730.0,2016-02-11
greathorn,"GreatHorn, Inc.",2017-12-16,2019-06-26,1.5249828884325805,0,last_supplied_sub_1b_round_proxy,2.0,2.0,6310000.0,6290000.0,6.0,5.0,1.998631074606434,178.0,2017-06-21
mona,Mona Labs Inc.,2017-12-16,2022-06-30,4.5366187542778915,0,last_supplied_sub_1b_round_proxy,1.0,1.0,20000.0,20000.0,1.0,1.0,1.998631074606434,730.0,2015-12-17
backflip,"Backflip Technologies, Inc.",2017-11-02,2022-12-31,5.160848733744011,0,last_supplied_sub_1b_round_proxy,1.0,1.0,20000.0,20000.0,1.0,1.0,1.998631074606434,730.0,2015-11-03
firstai,firstAI,2017-10-12,2018-01-11,0.24914442162902123,0,last_supplied_sub_1b_round_proxy,1.0,1.0,20000.0,20000.0,2.0,2.0,1.998631074606434,730.0,2015-10-13
cleverpet,"CleverPet, Inc.",2017-09-09,2022-01-01,4.312114989733059,0,last_supplied_sub_1b_round_proxy,1.0,1.0,20000.0,20000.0,1.0,1.0,1.998631074606434,730.0,2015-09-10
hidratesmart,HidrateSmart LLC,2017-06-03,2023-01-10,5.604380561259411,0,last_supplied_sub_1b_round_proxy,1.0,1.0,20000.0,20000.0,1.0,1.0,1.998631074606434,730.0,2015-06-04
idaciti,"idaciti, Inc.",2017-04-23,2019-03-06,1.8672142368240932,0,last_supplied_sub_1b_round_proxy,1.0,1.0,20000.0,20000.0,1.0,1.0,1.998631074606434,730.0,2015-04-24
awair,"Awair, Inc.",2017-02-11,2021-07-20,4.435318275154004,0,last_supplied_sub_1b_round_proxy,1.0,1.0,20000.0,20000.0,1.0,1.0,1.998631074606434,730.0,2015-02-12
onemillionmetrics,One Million Metrics Corp.,2017-02-11,2021-03-23,4.1095140314852845,0,last_supplied_sub_1b_round_proxy,1.0,1.0,20000.0,20000.0,1.0,1.0,1.998631074606434,730.0,2015-02-12
promote,"Promote, Inc.",2017-07-30,2018-08-31,1.0869267624914443,0,last_supplied_sub_1b_round_proxy,2.0,2.0,742000.0,500000.0,2.0,1.0,1.998631074606434,66.0,2017-05-25
petitpot,"Petit Pot, Inc.",2017-11-22,2022-01-31,4.191649555099247,0,last_supplied_sub_1b_round_proxy,1.0,1.0,300000.0,300000.0,0.0,0.0,1.998631074606434,730.0,2015-11-23
blitz,Blitz,2018-01-12,2022-09-08,4.654346338124572,0,last_supplied_sub_1b_round_proxy,1.0,1.0,30000.0,30000.0,1.0,1.0,1.998631074606434,730.0,2016-01-13
authess,"Authess, Inc.",2017-06-02,2017-12-26,0.5667351129363449,0,last_supplied_sub_1b_round_proxy,1.0,1.0,18000.0,18000.0,1.0,1.0,1.998631074606434,730.0,2015-06-03
kaloindustries,Kalo Industries Inc.,2017-02-19,2021-08-05,4.457221081451061,0,last_supplied_sub_1b_round_proxy,1.0,1.0,18000.0,18000.0,1.0,1.0,1.998631074606434,730.0,2015-02-20
orcamoney,Orca Money Limited,2018-03-08,2018-11-30,0.731006160164271,0,last_supplied_sub_1b_round_proxy,1.0,1.0,21000.0,21000.0,1.0,1.0,1.998631074606434,730.0,2016-03-08
popandbottle,"Pop and Bottle, Inc.",2018-10-28,2021-05-21,2.5626283367556466,0,last_supplied_sub_1b_round_proxy,1.0,1.0,200000.0,200000.0,0.0,0.0,1.998631074606434,730.0,2016-10-28
datapane,Datapane Inc.,2017-09-08,2022-05-18,4.689938398357289,0,last_supplied_sub_1b_round_proxy,1.0,1.0,15000.0,15000.0,1.0,1.0,1.998631074606434,730.0,2015-09-09
marmont,"Marmont, Inc.",2017-11-11,2019-04-25,1.4510609171800137,0,last_supplied_sub_1b_round_proxy,1.0,1.0,150000.0,150000.0,0.0,0.0,1.998631074606434,730.0,2015-11-12
patientdiscoverysolutions,"Patient Discovery Solutions, Inc.",2019-12-22,2025-04-18,5.322381930184805,0,last_supplied_sub_1b_round_proxy,1.0,1.0,2590000.0,2590000.0,0.0,0.0,1.998631074606434,730.0,2017-12-22
82,"82 Labs, Inc.",2020-04-15,2021-11-08,1.566050650239562,0,last_supplied_sub_1b_round_proxy,1.0,1.0,9530000.0,9530000.0,5.0,5.0,1.998631074606434,730.0,2018-04-16
trainerrx,"Trainer Rx, Inc.",2019-02-10,2019-06-07,0.3203285420944558,0,last_supplied_sub_1b_round_proxy,1.0,1.0,3850000.0,3850000.0,0.0,0.0,1.998631074606434,730.0,2017-02-10
boomentertainment,"BOOM! Entertainment, Inc.",2019-06-15,2020-11-20,1.434633812457221,0,last_supplied_sub_1b_round_proxy,1.0,1.0,10000000.0,10000000.0,0.0,0.0,1.998631074606434,730.0,2017-06-15
vestwell,Vestwell Holdings Inc.,2019-10-02,2023-12-21,4.219028062970568,1,first_ge_1b_event,1.0,1.0,8050000.000000001,8050000.000000001,4.0,4.0,1.998631074606434,730.0,2017-10-02
mavenclinic,Maven Clinic Co.,2019-06-13,2021-08-17,2.1793292265571527,1,first_ge_1b_event,1.0,1.0,9870000.0,9870000.0,7.0,7.0,1.998631074606434,730.0,2017-06-13
neurotrack,"Neurotrack Technologies, Inc.",2020-03-19,2022-11-02,2.622861054072553,0,last_supplied_sub_1b_round_proxy,1.0,1.0,13770000.0,13770000.0,6.0,6.0,1.998631074606434,730.0,2018-03-20
shanghaiyinheindustrial,"Shanghai Yinhe Industrial Co., Ltd.",2020-10-18,2020-12-24,0.1834360027378508,1,first_ge_1b_event,1.0,1.0,11550000.0,11550000.0,1.0,1.0,1.998631074606434,730.0,2018-10-19
americanprisondatasystems,"American Prison Data Systems, PBC",2020-11-20,2022-07-12,1.6399726214921286,0,last_supplied_sub_1b_round_proxy,1.0,1.0,17160000.0,17160000.0,0.0,0.0,1.998631074606434,730.0,2018-11-21
svxr,"SVXR, Inc.",2019-01-12,2020-02-05,1.0650239561943875,0,last_supplied_sub_1b_round_proxy,2.0,2.0,18540000.0,14140000.0,0.0,0.0,1.998631074606434,72.0,2018-11-01
coconutplatform,Coconut Platform Ltd,2019-10-11,2021-07-07,1.7385352498288844,0,last_supplied_sub_1b_round_proxy,2.0,2.0,2710000.0,2590000.0,1.0,1.0,1.998631074606434,339.0,2018-11-06
zumservices,"Zum Services, Inc.",2019-08-29,2024-01-31,4.424366872005476,1,first_ge_1b_event,1.0,1.0,5510000.0,5510000.0,1.0,1.0,1.998631074606434,730.0,2017-08-29
independa,"Independa, Inc.",2020-08-02,2025-06-13,4.862422997946612,0,last_supplied_sub_1b_round_proxy,1.0,1.0,2320000.0,2320000.0,0.0,0.0,1.998631074606434,730.0,2018-08-03
eastlondonliquor,East London Liquor Company,2020-05-04,2021-06-09,1.0978781656399725,0,last_supplied_sub_1b_round_proxy,1.0,1.0,1410000.0,1410000.0,0.0,0.0,1.998631074606434,730.0,2018-05-05
bestfoodtrucks,"Best Food Trucks, Inc.",2019-12-28,2023-12-14,3.9616700889801506,0,last_supplied_sub_1b_round_proxy,2.0,2.0,170000.0,120000.0,1.0,1.0,1.998631074606434,440.0,2018-10-14
trevisystems,"Trevi Systems, Inc.",2019-11-16,2021-09-27,1.864476386036961,0,last_supplied_sub_1b_round_proxy,1.0,1.0,10810000.0,10810000.0,0.0,0.0,1.998631074606434,730.0,2017-11-16
cyrusbiotechnology,"Cyrus Biotechnology, Inc.",2019-07-27,2021-12-02,2.351813826146475,0,last_supplied_sub_1b_round_proxy,1.0,1.0,8020000.0,8020000.0,4.0,4.0,1.998631074606434,730.0,2017-07-27
rollick,"Rollick, Inc.",2020-10-10,2021-03-01,0.3887748117727584,0,last_supplied_sub_1b_round_proxy,1.0,1.0,8300000.000000001,8300000.000000001,6.0,6.0,1.998631074606434,730.0,2018-10-11
dermasensor,"DermaSensor, Inc.",2020-12-18,2022-06-15,1.4893908281998631,0,last_supplied_sub_1b_round_proxy,1.0,1.0,5810000.0,5810000.0,0.0,0.0,1.998631074606434,730.0,2018-12-19
fetchrewards,"Fetch Rewards, LLC",2020-11-29,2022-04-07,1.352498288843258,1,first_ge_1b_event,1.0,1.0,8000000.0,8000000.0,0.0,0.0,1.998631074606434,730.0,2018-11-30
brightexchange,Bright Exchange Inc.,2019-06-20,2021-07-15,2.0698151950718686,0,last_supplied_sub_1b_round_proxy,1.0,1.0,6820000.0,6820000.0,0.0,0.0,1.998631074606434,730.0,2017-06-20
formenergy,"Form Energy, Inc.",2019-09-19,2024-10-09,5.0568104038329915,1,first_ge_1b_event,1.0,1.0,2000000.0,2000000.0,0.0,0.0,1.998631074606434,730.0,2017-09-19
asimov,"Asimov, Inc.",2019-05-26,2023-01-05,3.6139630390143735,1,first_ge_1b_event,1.0,1.0,4700000.0,4700000.0,4.0,4.0,1.998631074606434,730.0,2017-05-26
sparklingcocktail,Sparkling Cocktail Corp.,2020-05-30,2021-12-09,1.5277207392197125,0,last_supplied_sub_1b_round_proxy,1.0,1.0,14520000.0,14520000.0,0.0,0.0,1.998631074606434,730.0,2018-05-31
futurefamily,"Future Family, Inc.",2020-09-18,2021-05-24,0.6789869952087612,0,last_supplied_sub_1b_round_proxy,1.0,1.0,11450000.0,11450000.0,8.0,8.0,1.998631074606434,730.0,2018-09-19
dydxfoundation,dYdX Foundation,2020-10-18,2021-01-26,0.2737850787132101,0,last_supplied_sub_1b_round_proxy,1.0,1.0,10000000.0,10000000.0,10.0,10.0,1.998631074606434,730.0,2018-10-19
anabios,AnaBios Corporation,2019-06-21,2022-06-07,2.9623545516769334,0,last_supplied_sub_1b_round_proxy,1.0,1.0,9630000.0,9630000.0,1.0,1.0,1.998631074606434,730.0,2017-06-21
intelligentretinalimagingsystems,"Intelligent Retinal Imaging Systems, Inc.",2019-06-20,2019-11-26,0.4353182751540041,0,last_supplied_sub_1b_round_proxy,1.0,1.0,9000000.0,9000000.0,3.0,3.0,1.998631074606434,730.0,2017-06-20
zapaygoinvestments,Zapaygo Investments Limited,2020-02-13,2020-06-09,0.3203285420944558,0,last_supplied_sub_1b_round_proxy,1.0,1.0,759000.0,759000.0,0.0,0.0,1.998631074606434,730.0,2018-02-13
collectivehotelsandretreats,"Collective Hotels and Retreats, Inc.",2019-03-15,2020-11-06,1.648186173853525,0,last_supplied_sub_1b_round_proxy,2.0,2.0,12690000.0,10190000.0,5.0,4.0,1.998631074606434,457.0,2017-12-13
sonarmd,"SonarMD, Inc.",2020-12-16,2023-05-16,2.412046543463381,0,last_supplied_sub_1b_round_proxy,1.0,1.0,10000000.0,10000000.0,2.0,2.0,1.998631074606434,730.0,2018-12-17
rothys,"Rothy's, Inc.",2019-06-06,2022-07-28,3.143052703627652,1,first_ge_1b_event,1.0,1.0,5090000.0,5090000.0,1.0,1.0,1.998631074606434,730.0,2017-06-06
stackconstruction,"STACK Construction Technologies, Inc.",2020-01-23,2020-05-27,0.34223134839151265,0,last_supplied_sub_1b_round_proxy,1.0,1.0,7000000.0,7000000.0,1.0,1.0,1.998631074606434,730.0,2018-01-23
scroll,Scroll Labs Inc.,2020-10-24,2023-03-06,2.3627652292950034,1,first_ge_1b_event,1.0,1.0,7000000.0,7000000.0,9.0,9.0,1.998631074606434,730.0,2018-10-25
theucan,The UCAN Company,2020-05-09,2023-06-21,3.1156741957563314,0,last_supplied_sub_1b_round_proxy,1.0,1.0,5750000.0,5750000.0,0.0,0.0,1.998631074606434,730.0,2018-05-10
endogenex,"Endogenex, Inc.",2020-12-05,2021-04-20,0.3723477070499658,0,last_supplied_sub_1b_round_proxy,1.0,1.0,12820000.0,12820000.0,1.0,1.0,1.998631074606434,730.0,2018-12-06
fixerservices,Fixer Services PBC,2019-06-26,2022-12-31,3.515400410677618,0,last_supplied_sub_1b_round_proxy,2.0,2.0,5020000.0,4019999.9999999995,4.0,4.0,1.998631074606434,413.0,2018-05-09
tapd,"TAPD, Inc.",2019-12-31,2020-03-23,0.2272416153319644,0,last_supplied_sub_1b_round_proxy,1.0,1.0,10100000.0,10100000.0,3.0,3.0,1.998631074606434,730.0,2017-12-31
catchafire,"Catchafire, Inc.",2019-02-21,2020-04-15,1.1471594798083504,0,last_supplied_sub_1b_round_proxy,1.0,1.0,3900000.0,3900000.0,0.0,0.0,1.998631074606434,730.0,2017-02-21
froresystems,"Frore Systems, Inc.",2020-12-30,2026-03-16,5.207392197125257,1,first_ge_1b_event,1.0,1.0,10140000.0,10140000.0,1.0,1.0,1.998631074606434,730.0,2018-12-31
seejanerun,"See Jane Run, Inc.",2019-08-01,2021-12-06,2.349075975359343,0,last_supplied_sub_1b_round_proxy,1.0,1.0,6000000.0,6000000.0,5.0,5.0,1.998631074606434,730.0,2017-08-01
xtransfer,XTransfer Limited,2019-12-31,2026-02-28,6.16290212183436,1,first_ge_1b_event,1.0,1.0,2950000.0,2950000.0,2.0,2.0,1.998631074606434,730.0,2017-12-31
finmkt,"FinMkt, Inc.",2019-11-07,2021-12-30,2.1464750171115674,0,last_supplied_sub_1b_round_proxy,1.0,1.0,3000000.0,3000000.0,4.0,4.0,1.998631074606434,730.0,2017-11-07
flow,"Flow, Inc.",2020-10-10,2025-04-24,4.5366187542778915,1,first_ge_1b_event,1.0,1.0,5000000.0,5000000.0,4.0,4.0,1.998631074606434,730.0,2018-10-11
matterhackers,MatterHackers Inc.,2019-06-06,2020-04-07,0.837782340862423,0,last_supplied_sub_1b_round_proxy,2.0,2.0,4500000.0,4000000.0,0.0,0.0,1.998631074606434,511.0,2018-01-11
elevatesecurity,"Elevate Security, Inc.",2019-06-21,2020-09-29,1.2758384668035592,0,last_supplied_sub_1b_round_proxy,2.0,2.0,10020000.0,8020000.0,3.0,2.0,1.998631074606434,128.0,2019-02-13
unlimitedtomorrow,Unlimited Tomorrow Inc.,2020-04-04,2022-11-29,2.652977412731006,0,last_supplied_sub_1b_round_proxy,1.0,1.0,1580000.0,1580000.0,0.0,0.0,1.998631074606434,730.0,2018-04-05
appliedintuition,"Applied Intuition, Inc.",2020-09-12,2024-03-12,3.4962354551676933,1,first_ge_1b_event,1.0,1.0,11500000.0,11500000.0,5.0,5.0,1.998631074606434,730.0,2018-09-13
facilio,"Facilio, Inc.",2020-12-04,2021-12-31,1.0732375085557837,0,last_supplied_sub_1b_round_proxy,1.0,1.0,6400000.0,6400000.0,2.0,2.0,1.998631074606434,730.0,2018-12-05
shine,"Shine, Inc.",2019-04-18,2020-10-15,1.4948665297741273,0,last_supplied_sub_1b_round_proxy,2.0,2.0,7510000.0,5000000.0,7.0,7.0,1.998631074606434,380.0,2018-04-03
missionsecure,"Mission Secure, Inc.",2020-10-09,2021-01-26,0.29842573579739906,0,last_supplied_sub_1b_round_proxy,1.0,1.0,11130000.0,11130000.0,7.0,7.0,1.998631074606434,730.0,2018-10-10
sevenbro7thers,Seven Bro7thers,2020-12-28,2023-08-30,2.6694045174537986,0,last_supplied_sub_1b_round_proxy,1.0,1.0,798000.0,798000.0,0.0,0.0,1.998631074606434,730.0,2018-12-29
macrebur,MacRebur Ltd.,2019-02-21,2019-03-06,0.03559206023271732,0,last_supplied_sub_1b_round_proxy,1.0,1.0,1640000.0,1640000.0,0.0,0.0,1.998631074606434,730.0,2017-02-21
groq,"Groq, Inc.",2019-04-30,2025-09-17,6.38466803559206,1,first_ge_1b_event,1.0,1.0,10670000.0,10670000.0,1.0,1.0,1.998631074606434,730.0,2017-04-30
stackshare,"StackShare, Inc.",2020-01-09,2024-08-01,4.561259411362081,0,last_supplied_sub_1b_round_proxy,1.0,1.0,5200000.0,5200000.0,2.0,2.0,1.998631074606434,730.0,2018-01-09
enview,"Enview, Inc.",2019-11-08,2020-05-26,0.5475701574264202,0,last_supplied_sub_1b_round_proxy,1.0,1.0,6050000.0,6050000.0,3.0,3.0,1.998631074606434,730.0,2017-11-08
terapore,"Terapore Technologies, Inc.",2020-03-05,2023-03-02,2.9897330595482545,0,last_supplied_sub_1b_round_proxy,1.0,1.0,6040000.0,6040000.0,4.0,4.0,1.998631074606434,730.0,2018-03-06
betahatch,Beta Hatch Inc.,2020-04-04,2021-08-18,1.3716632443531827,0,last_supplied_sub_1b_round_proxy,1.0,1.0,2330000.0,2330000.0,3.0,3.0,1.998631074606434,730.0,2018-04-05
octopusinteractive,Octopus Interactive Inc.,2019-05-22,2019-09-03,0.28473648186173856,0,last_supplied_sub_1b_round_proxy,1.0,1.0,4800000.0,4800000.0,2.0,2.0,1.998631074606434,730.0,2017-05-22
braavocapital,"Braavo Capital, Inc.",2020-08-20,2024-05-28,3.7700205338809036,0,last_supplied_sub_1b_round_proxy,1.0,1.0,6000000.0,6000000.0,2.0,2.0,1.998631074606434,730.0,2018-08-21
clustertruck,"ClusterTruck, Inc.",2019-08-02,2020-07-17,0.9582477754962354,0,last_supplied_sub_1b_round_proxy,1.0,1.0,10000000.0,10000000.0,0.0,0.0,1.998631074606434,730.0,2017-08-02
blip,"Blip Technologies, Inc.",2020-06-25,2024-07-01,4.016427104722792,0,last_supplied_sub_1b_round_proxy,1.0,1.0,2000000.0,2000000.0,2.0,2.0,1.998631074606434,730.0,2018-06-26
phoenixproductdevelopment,Phoenix Product Development Limited,2019-07-13,2020-06-18,0.9336071184120466,0,last_supplied_sub_1b_round_proxy,1.0,1.0,1290000.0,1290000.0,2.0,2.0,1.998631074606434,730.0,2017-07-13
etchmobile,"Etch Mobile, Inc.",2020-10-02,2020-12-31,0.2464065708418891,0,last_supplied_sub_1b_round_proxy,1.0,1.0,5000000.0,5000000.0,3.0,3.0,1.998631074606434,730.0,2018-10-03
plantsnap,"PlantSnap, Inc.",2020-03-06,2022-10-07,2.5872689938398357,0,last_supplied_sub_1b_round_proxy,1.0,1.0,252000.0,252000.0,0.0,0.0,1.998631074606434,730.0,2018-03-07
safesecurities,"Safe Securities, Inc.",2019-05-15,2020-01-10,0.6570841889117043,0,last_supplied_sub_1b_round_proxy,3.0,3.0,1145000.0,510000.0,0.0,0.0,1.998631074606434,579.0,2017-10-13
calledhigherstudios,"Called Higher Studios, Inc.",2020-07-24,2023-10-06,3.2005475701574264,0,last_supplied_sub_1b_round_proxy,2.0,2.0,1199000.0,1070000.0,0.0,0.0,1.998631074606434,109.0,2020-04-06
springcare,"Spring Care, Inc.",2020-09-06,2021-09-16,1.0266940451745379,1,first_ge_1b_event,1.0,1.0,6220000.0,6220000.0,6.0,6.0,1.998631074606434,730.0,2018-09-07
jassby,"Jassby, Inc.",2020-05-09,2021-01-12,0.6789869952087612,0,last_supplied_sub_1b_round_proxy,2.0,2.0,8030000.0,5000000.0,5.0,5.0,1.998631074606434,65.0,2020-03-05
everydayadventures,Everyday Adventures Ltd,2019-06-01,2022-09-21,3.3073237508555784,0,last_supplied_sub_1b_round_proxy,1.0,1.0,2260000.0,2260000.0,0.0,0.0,1.998631074606434,730.0,2017-06-01
dexterity,"Dexterity, Inc.",2019-12-31,2025-03-11,5.193702943189596,1,first_ge_1b_event,1.0,1.0,8150000.0,8150000.0,1.0,1.0,1.998631074606434,730.0,2017-12-31
golfboard,GolfBoard Inc.,2019-03-14,2021-12-01,2.7186858316221767,0,last_supplied_sub_1b_round_proxy,1.0,1.0,1000000.0,1000000.0,0.0,0.0,1.998631074606434,730.0,2017-03-14
fluidscreen,"Fluid-Screen, Inc.",2019-03-22,2021-07-30,2.3572895277207393,0,last_supplied_sub_1b_round_proxy,1.0,1.0,2160000.0,2160000.0,0.0,0.0,1.998631074606434,730.0,2017-03-22
kulabrands,"kulaBrands, Inc.",2019-11-23,2020-01-31,0.188911704312115,0,last_supplied_sub_1b_round_proxy,1.0,1.0,459000.0,459000.0,0.0,0.0,1.998631074606434,730.0,2017-11-23
thenew,"The New Group Holdings, Inc.",2019-07-07,2019-11-22,0.37782340862423,0,last_supplied_sub_1b_round_proxy,1.0,1.0,5900000.0,5900000.0,0.0,0.0,1.998631074606434,730.0,2017-07-07
finwavesemiconductor,"Finwave Semiconductor, Inc.",2020-02-09,2022-09-12,2.5900068446269677,0,last_supplied_sub_1b_round_proxy,1.0,1.0,2600000.0,2600000.0,0.0,0.0,1.998631074606434,730.0,2018-02-09
lendable,"Lendable, Inc.",2019-09-29,2022-03-10,2.4449007529089664,1,first_ge_1b_event,1.0,1.0,6500000.0,6500000.0,3.0,3.0,1.998631074606434,730.0,2017-09-29
cityfalcon,City Falcon Limited,2020-11-28,2022-06-23,1.566050650239562,0,last_supplied_sub_1b_round_proxy,1.0,1.0,327000.0,327000.0,0.0,0.0,1.998631074606434,730.0,2018-11-29
idlesmart,"Idle Smart, Inc.",2020-08-05,2022-08-22,2.0451745379876796,0,last_supplied_sub_1b_round_proxy,1.0,1.0,1530000.0,1530000.0,3.0,3.0,1.998631074606434,730.0,2018-08-06
recvue,"RecVue, Inc.",2019-09-25,2021-01-04,1.2785763175906912,0,last_supplied_sub_1b_round_proxy,2.0,2.0,7000000.0,5000000.0,3.0,3.0,1.998631074606434,309.0,2018-11-20
vaultlaboratories,"Vault Laboratories, Inc.",2020-07-20,2023-06-23,2.924024640657084,0,last_supplied_sub_1b_round_proxy,1.0,1.0,4000000.0,4000000.0,0.0,0.0,1.998631074606434,730.0,2018-07-21
commure,"Commure, Inc.",2019-09-28,2021-09-16,1.9685147159479808,1,first_ge_1b_event,1.0,1.0,2000000.0,2000000.0,0.0,0.0,1.998631074606434,730.0,2017-09-28
exokinetics,"Exokinetics, Inc.",2019-02-28,2023-03-18,4.049281314168378,0,last_supplied_sub_1b_round_proxy,2.0,2.0,7950000.0,6000000.0,0.0,0.0,1.998631074606434,22.0,2019-02-06
dwinsgmbh,dwins GmbH,2020-10-10,2022-01-04,1.2347707049965777,0,last_supplied_sub_1b_round_proxy,1.0,1.0,1160000.0,1160000.0,0.0,0.0,1.998631074606434,730.0,2018-10-11
fritz,Fritz Labs Incorporated,2020-01-11,2020-03-16,0.17796030116358658,0,last_supplied_sub_1b_round_proxy,1.0,1.0,2000000.0,2000000.0,3.0,3.0,1.998631074606434,730.0,2018-01-11
deliverr,"Deliverr, Inc.",2020-10-04,2021-11-22,1.1334702258726899,1,first_ge_1b_event,1.0,1.0,7500000.0,7500000.0,1.0,1.0,1.998631074606434,730.0,2018-10-05
covercress,CoverCress Inc.,2020-12-20,2021-03-24,0.25735797399041754,0,last_supplied_sub_1b_round_proxy,2.0,2.0,8170000.0,5250000.0,12.0,10.0,1.998631074606434,251.0,2020-04-13
keytravelconcierge,"Key Travel Concierge, Inc.",2019-06-13,2020-04-08,0.8213552361396304,0,last_supplied_sub_1b_round_proxy,1.0,1.0,7220000.0,7220000.0,2.0,2.0,1.998631074606434,730.0,2017-06-13
mercury,"Mercury Technologies, Inc.",2019-10-18,2021-07-29,1.7796030116358659,1,first_ge_1b_event,1.0,1.0,4930000.0,4930000.0,0.0,0.0,1.998631074606434,730.0,2017-10-18
shelfbot,Shelfbot Co.,2019-02-06,2020-07-21,1.4537987679671458,0,last_supplied_sub_1b_round_proxy,1.0,1.0,800000.0,800000.0,3.0,3.0,1.998631074606434,730.0,2017-02-06
brickowner,Brickowner,2020-10-22,2020-12-31,0.19164955509924708,0,last_supplied_sub_1b_round_proxy,1.0,1.0,357000.0,357000.0,0.0,0.0,1.998631074606434,730.0,2018-10-23
tapcart,Tapcart Inc.,2020-03-07,2020-05-04,0.15879534565366188,0,last_supplied_sub_1b_round_proxy,2.0,2.0,5170000.0,4000000.0,4.0,4.0,1.998631074606434,502.0,2018-10-22
cortina,"Cortina, Inc.",2020-03-08,2020-06-17,0.27652292950034224,0,last_supplied_sub_1b_round_proxy,1.0,1.0,4000000.0,4000000.0,4.0,4.0,1.998631074606434,730.0,2018-03-09
badge,"Badge, Inc.",2020-12-30,2023-08-03,2.5900068446269677,0,last_supplied_sub_1b_round_proxy,1.0,1.0,6550000.0,6550000.0,1.0,1.0,1.998631074606434,730.0,2018-12-31
blink,"Blink Technologies, Inc.",2020-03-07,2021-11-09,1.675564681724846,0,last_supplied_sub_1b_round_proxy,2.0,2.0,9760000.0,6500000.0,0.0,0.0,1.998631074606434,233.0,2019-07-18
mrleespurefoods,Mr Lee's Pure Foods Co. Ltd,2019-06-20,2020-06-12,0.9801505817932923,0,last_supplied_sub_1b_round_proxy,1.0,1.0,1060000.0,1060000.0,0.0,0.0,1.998631074606434,730.0,2017-06-20
lorisystems,Lori Systems Corp.,2020-01-19,2025-04-21,5.253935660506502,0,last_supplied_sub_1b_round_proxy,1.0,1.0,6170000.0,6170000.0,1.0,1.0,1.998631074606434,730.0,2018-01-19
beautybakeriecosmeticsbrand,"Beauty Bakerie Cosmetics Brand, Inc.",2019-10-10,2022-06-07,2.6584531143052703,0,last_supplied_sub_1b_round_proxy,2.0,2.0,6090000.0,4600000.0,3.0,3.0,1.998631074606434,458.0,2018-07-09
moleaer,Moleaer Inc.,2020-05-28,2021-06-14,1.0458590006844628,0,last_supplied_sub_1b_round_proxy,1.0,1.0,6380000.0,6380000.0,1.0,1.0,1.998631074606434,730.0,2018-05-29
weaveup,"Weaveup, Inc.",2019-06-14,2020-01-15,0.5886379192334018,0,last_supplied_sub_1b_round_proxy,1.0,1.0,6350000.0,6350000.0,1.0,1.0,1.998631074606434,730.0,2017-06-14
entrupy,Entrupy Inc.,2019-07-13,2022-03-31,2.7159479808350446,0,last_supplied_sub_1b_round_proxy,1.0,1.0,2600000.0,2600000.0,1.0,1.0,1.998631074606434,730.0,2017-07-13
staxhealth,"Stax Health, Inc.",2020-11-12,2021-04-28,0.45722108145106094,0,last_supplied_sub_1b_round_proxy,1.0,1.0,2000000.0,2000000.0,5.0,5.0,1.998631074606434,730.0,2018-11-13
ketonaturalpetfoods,"KetoNatural Pet Foods, Inc.",2020-09-02,2025-12-31,5.327857631759069,0,last_supplied_sub_1b_round_proxy,1.0,1.0,72000.0,72000.0,0.0,0.0,1.998631074606434,730.0,2018-09-03
alegion,Alegion Inc.,2019-06-27,2019-08-14,0.13141683778234087,0,last_supplied_sub_1b_round_proxy,1.0,1.0,6070000.0,6070000.0,0.0,0.0,1.998631074606434,730.0,2017-06-27
bloomcredit,"Bloom Credit, Inc.",2020-09-12,2025-04-23,4.610540725530458,0,last_supplied_sub_1b_round_proxy,2.0,2.0,6870000.0,3870000.0,4.0,4.0,1.998631074606434,303.0,2019-11-14
investorcashmanagement,Investor Cash Management Holdings Inc.,2020-09-06,2021-04-22,0.6242299794661191,0,last_supplied_sub_1b_round_proxy,1.0,1.0,6000000.0,6000000.0,0.0,0.0,1.998631074606434,730.0,2018-09-07
insilicomedicine,"Insilico Medicine, Inc.",2020-06-10,2025-06-16,5.01574264202601,1,first_ge_1b_event,1.0,1.0,6000000.0,6000000.0,4.0,4.0,1.998631074606434,730.0,2018-06-11
berripro,Berri Pro Inc.,2019-07-24,2022-06-13,2.8884325804243667,0,last_supplied_sub_1b_round_proxy,2.0,2.0,6100000.0,3950000.0,0.0,0.0,1.998631074606434,152.0,2019-02-22
messageio,"Message.io, Inc.",2019-03-02,2021-12-09,2.7734428473648185,0,last_supplied_sub_1b_round_proxy,1.0,1.0,5740000.0,5740000.0,7.0,7.0,1.998631074606434,730.0,2017-03-02
upfronthealthcareservices,"Upfront Healthcare Services, Inc.",2019-05-22,2020-11-17,1.4921286789869952,0,last_supplied_sub_1b_round_proxy,1.0,1.0,5240000.0,5240000.0,4.0,4.0,1.998631074606434,730.0,2017-05-22
noven,Noven Inc.,2020-04-18,2020-08-13,0.3203285420944558,0,last_supplied_sub_1b_round_proxy,1.0,1.0,5000000.0,5000000.0,0.0,0.0,1.998631074606434,730.0,2018-04-19
zenbusiness,"ZenBusiness, Inc.",2020-02-28,2021-11-09,1.6974674880219027,1,first_ge_1b_event,2.0,2.0,17060000.0,15000000.0,6.0,6.0,1.998631074606434,156.0,2019-09-25
berylline,Berylline Corporation,2020-10-30,2023-01-31,2.2532511978097194,0,last_supplied_sub_1b_round_proxy,1.0,1.0,205000.0,205000.0,0.0,0.0,1.998631074606434,730.0,2018-10-31
oriongovernance,"Orion Governance, Inc.",2019-08-22,2021-12-27,2.349075975359343,0,last_supplied_sub_1b_round_proxy,1.0,1.0,3250000.0,3250000.0,0.0,0.0,1.998631074606434,730.0,2017-08-22
donegood,"DoneGood, PBC",2020-10-17,2023-07-27,2.7734428473648185,0,last_supplied_sub_1b_round_proxy,2.0,2.0,1092000.0,722000.0,0.0,0.0,1.998631074606434,687.0,2018-11-30
hazel,"Hazel Technologies, Inc.",2019-03-06,2019-08-12,0.4353182751540041,0,last_supplied_sub_1b_round_proxy,3.0,3.0,4362000.0,3260000.0,7.0,5.0,1.998631074606434,379.0,2018-02-20
membrion,"Membrion, Inc.",2020-12-02,2023-08-08,2.6803559206023273,0,last_supplied_sub_1b_round_proxy,2.0,2.0,7480000.0,6000000.0,6.0,4.0,1.998631074606434,273.0,2020-03-04
mintapartmentcleaning,"Mint Apartment Cleaning, Inc.",2020-02-07,2020-02-14,0.019164955509924708,0,last_supplied_sub_1b_round_proxy,2.0,2.0,4510000.0,2270000.0,0.0,0.0,1.998631074606434,462.0,2018-11-02
charronfavreauspc,"Charron Favreau, SPC",2019-05-01,2021-01-11,1.700205338809035,0,last_supplied_sub_1b_round_proxy,2.0,2.0,871000.0,511000.0,0.0,0.0,1.998631074606434,31.0,2019-03-31
amionx,"Amionx, Inc.",2019-06-20,2021-06-18,1.995893223819302,0,last_supplied_sub_1b_round_proxy,1.0,1.0,5000000.0,5000000.0,1.0,1.0,1.998631074606434,730.0,2017-06-20
gargoyleenterprises,"Gargoyle Enterprises, Inc.",2020-06-26,2021-12-30,1.51129363449692,0,last_supplied_sub_1b_round_proxy,1.0,1.0,5000000.0,5000000.0,1.0,1.0,1.998631074606434,730.0,2018-06-27
countable,Countable Corp,2019-03-15,2021-10-20,2.6009582477754964,0,last_supplied_sub_1b_round_proxy,1.0,1.0,2000000.0,2000000.0,1.0,1.0,1.998631074606434,730.0,2017-03-15
terramino,"Terramino, Inc.",2020-05-29,2020-07-22,0.14784394250513347,0,last_supplied_sub_1b_round_proxy,1.0,1.0,4250000.0,4250000.0,2.0,2.0,1.998631074606434,730.0,2018-05-30
alchemycloud,"Alchemy Cloud, Inc.",2020-05-23,2022-08-31,2.272416153319644,0,last_supplied_sub_1b_round_proxy,1.0,1.0,4360000.0,4360000.0,1.0,1.0,1.998631074606434,730.0,2018-05-24
auryc,"Auryc, Inc.",2019-02-10,2020-06-19,1.3552361396303902,0,last_supplied_sub_1b_round_proxy,1.0,1.0,4660000.0,4660000.0,0.0,0.0,1.998631074606434,730.0,2017-02-10
fullcirclebrewing,"Full Circle Brewing Co. Ltd., LLC",2020-09-03,2022-05-05,1.6673511293634498,0,last_supplied_sub_1b_round_proxy,1.0,1.0,54000.0,54000.0,0.0,0.0,1.998631074606434,730.0,2018-09-04
tangramflex,"Tangram Flex, Inc.",2020-12-17,2023-09-14,2.7405886379192332,0,last_supplied_sub_1b_round_proxy,1.0,1.0,4500000.0,4500000.0,1.0,1.0,1.998631074606434,730.0,2018-12-18
matchwell,Matchwell Inc.,2020-08-21,2020-12-29,0.35592060232717315,0,last_supplied_sub_1b_round_proxy,1.0,1.0,2280000.0,2280000.0,0.0,0.0,1.998631074606434,730.0,2018-08-22
censinet,"Censinet, Inc.",2020-07-12,2023-01-11,2.4996577686516086,0,last_supplied_sub_1b_round_proxy,1.0,1.0,2500000.0,2500000.0,0.0,0.0,1.998631074606434,730.0,2018-07-13
tyrata,"Tyrata, Inc.",2020-02-23,2020-10-20,0.6570841889117043,0,last_supplied_sub_1b_round_proxy,1.0,1.0,4500000.0,4500000.0,1.0,1.0,1.998631074606434,730.0,2018-02-23
prismadata,"Prisma Data, Inc",2020-05-13,2020-06-26,0.12046543463381246,0,last_supplied_sub_1b_round_proxy,1.0,1.0,4500000.0,4500000.0,1.0,1.0,1.998631074606434,730.0,2018-05-14
jacobi,"Jacobi, Inc.",2019-03-07,2022-09-20,3.540041067761807,0,last_supplied_sub_1b_round_proxy,1.0,1.0,3960000.0,3960000.0,0.0,0.0,1.998631074606434,730.0,2017-03-07
workyard,"Workyard Holdings, Inc.",2019-12-29,2020-01-23,0.06844626967830253,0,last_supplied_sub_1b_round_proxy,1.0,1.0,2800000.0,2800000.0,1.0,1.0,1.998631074606434,730.0,2017-12-29
gostudentgmbh,GoStudent GmbH,2020-07-10,2021-06-21,0.947296372347707,1,first_ge_1b_event,1.0,1.0,1760000.0,1760000.0,1.0,1.0,1.998631074606434,730.0,2018-07-11
pillar,"Pillar Technologies, Inc.",2019-09-12,2020-10-21,1.108829568788501,0,last_supplied_sub_1b_round_proxy,1.0,1.0,3700000.0,3700000.0,3.0,3.0,1.998631074606434,730.0,2017-09-12
inkindcards,"inKind Cards, Inc.",2020-04-26,2023-12-31,3.679671457905544,0,last_supplied_sub_1b_round_proxy,1.0,1.0,4320000.0,4320000.0,0.0,0.0,1.998631074606434,730.0,2018-04-27
bespokefinancial,"Bespoke Financial, Inc.",2020-11-07,2021-04-19,0.4462696783025325,0,last_supplied_sub_1b_round_proxy,1.0,1.0,1400000.0,1400000.0,0.0,0.0,1.998631074606434,730.0,2018-11-08
redwoodmaterials,"Redwood Materials, Inc.",2019-05-01,2021-09-23,2.3983572895277208,1,first_ge_1b_event,1.0,1.0,2000000.0,2000000.0,0.0,0.0,1.998631074606434,730.0,2017-05-01
vyrty,VYRTY Corporation,2020-12-30,2021-09-23,0.731006160164271,0,last_supplied_sub_1b_round_proxy,1.0,1.0,4130000.0,4130000.0,0.0,0.0,1.998631074606434,730.0,2018-12-31
wibotic,WiBotic Inc.,2019-04-26,2021-04-05,1.943874058863792,0,last_supplied_sub_1b_round_proxy,1.0,1.0,4080000.0,4080000.0,6.0,6.0,1.998631074606434,730.0,2017-04-26
interviewingio,Interviewing.io Inc.,2019-09-27,2021-07-27,1.8316221765913758,0,last_supplied_sub_1b_round_proxy,1.0,1.0,4070000.0000000005,4070000.0000000005,6.0,6.0,1.998631074606434,730.0,2017-09-27
ezraai,"Ezra AI, Inc.",2020-11-14,2026-03-18,5.338809034907597,0,last_supplied_sub_1b_round_proxy,1.0,1.0,3990000.0,3990000.0,5.0,5.0,1.998631074606434,730.0,2018-11-15
climateai,"ClimateAi, inc.",2020-12-30,2021-07-21,0.5557837097878165,0,last_supplied_sub_1b_round_proxy,1.0,0.0,0.0,0.0,1.0,1.0,1.998631074606434,730.0,2018-12-31
nithio,"Nithio Holdings, Inc.",2020-02-28,2021-01-06,0.8569472963723477,0,last_supplied_sub_1b_round_proxy,1.0,1.0,4000000.0,4000000.0,2.0,2.0,1.998631074606434,730.0,2018-02-28
claravine,"Claravine, Inc.",2020-05-15,2023-06-23,3.1047227926078027,0,last_supplied_sub_1b_round_proxy,1.0,1.0,4000000.0,4000000.0,2.0,2.0,1.998631074606434,730.0,2018-05-16
elixirgentherapeutics,"Elixirgen Therapeutics, Inc.",2020-06-24,2023-12-01,3.436002737850787,0,last_supplied_sub_1b_round_proxy,1.0,1.0,4000000.0,4000000.0,0.0,0.0,1.998631074606434,730.0,2018-06-25
thermotents,Thermo Tents Ltd.,2019-06-01,2019-07-16,0.12320328542094455,0,last_supplied_sub_1b_round_proxy,1.0,1.0,219000.0,219000.0,0.0,0.0,1.998631074606434,730.0,2017-06-01
rentalutions,"Rentalutions, Inc.",2019-05-25,2020-06-25,1.0869267624914443,0,last_supplied_sub_1b_round_proxy,2.0,2.0,4500000.0,2500000.0,3.0,3.0,1.998631074606434,46.0,2019-04-09
metadata,"Metadata, Inc.",2019-09-11,2020-09-09,0.9965776865160849,0,last_supplied_sub_1b_round_proxy,1.0,1.0,1370000.0,1370000.0,2.0,2.0,1.998631074606434,730.0,2017-09-11
inquisithealth,"InquisitHealth, Inc.",2020-08-14,2022-03-30,1.623545516769336,0,last_supplied_sub_1b_round_proxy,1.0,1.0,1240000.0,1240000.0,2.0,2.0,1.998631074606434,730.0,2018-08-15
fama,"Fama Technologies, Inc.",2019-05-03,2022-02-22,2.809034907597536,0,last_supplied_sub_1b_round_proxy,1.0,1.0,2700000.0,2700000.0,0.0,0.0,1.998631074606434,730.0,2017-05-03
surfacetravel,Surface Travel Inc.,2020-02-09,2021-08-10,1.5003422313483916,0,last_supplied_sub_1b_round_proxy,1.0,1.0,3710000.0,3710000.0,4.0,4.0,1.998631074606434,730.0,2018-02-09
shapelog,"Shapelog, Inc.",2020-11-20,2021-10-18,0.9089664613278576,0,last_supplied_sub_1b_round_proxy,1.0,1.0,1750000.0,1750000.0,0.0,0.0,1.998631074606434,730.0,2018-11-21
scfrisboefulfillmentsrl,SC Frisbo Efulfillment SRL,2019-12-31,2021-12-07,1.9356605065023955,0,last_supplied_sub_1b_round_proxy,2.0,2.0,889000.0,589000.0,1.0,1.0,1.998631074606434,588.0,2018-05-22
heratestinglaboratories,"Hera Testing Laboratories, Inc.",2020-04-24,2020-08-04,0.2792607802874743,0,last_supplied_sub_1b_round_proxy,1.0,1.0,525000.0,525000.0,0.0,0.0,1.998631074606434,730.0,2018-04-25
clickswitch,ClickSWITCH Holdings Inc.,2020-08-06,2020-09-16,0.11225188227241616,0,last_supplied_sub_1b_round_proxy,1.0,1.0,3500000.0,3500000.0,1.0,1.0,1.998631074606434,730.0,2018-08-07
thyngs,Thyngs Ltd,2020-02-20,2021-12-16,1.8206707734428473,0,last_supplied_sub_1b_round_proxy,1.0,1.0,422000.0,422000.0,0.0,0.0,1.998631074606434,730.0,2018-02-20
revibe,"Revibe Technologies, Inc.",2020-07-17,2021-04-15,0.7446954140999316,0,last_supplied_sub_1b_round_proxy,1.0,0.0,0.0,0.0,6.0,6.0,1.998631074606434,730.0,2018-07-18
theclothesdoctor,The Clothes Doctor Limited,2020-11-28,2024-10-02,3.8439425051334704,0,last_supplied_sub_1b_round_proxy,1.0,1.0,310000.0,310000.0,0.0,0.0,1.998631074606434,730.0,2018-11-29
breachintelligence,"Breach Intelligence, Inc.",2019-02-27,2019-08-12,0.4544832306639288,0,last_supplied_sub_1b_round_proxy,1.0,1.0,3220000.0,3220000.0,1.0,1.0,1.998631074606434,730.0,2017-02-27
openprise,"Openprise, Inc.",2019-09-01,2019-12-24,0.31211498973305957,0,last_supplied_sub_1b_round_proxy,1.0,1.0,3220000.0,3220000.0,0.0,0.0,1.998631074606434,730.0,2017-09-01
neosurancesrl,Neosurance Srl,2019-02-15,2020-04-09,1.1471594798083504,0,last_supplied_sub_1b_round_proxy,1.0,1.0,244000.0,244000.0,0.0,0.0,1.998631074606434,730.0,2017-02-15
sitka,"Sitka, Inc.",2020-04-18,2021-01-19,0.75564681724846,0,last_supplied_sub_1b_round_proxy,1.0,1.0,3160000.0,3160000.0,0.0,0.0,1.998631074606434,730.0,2018-04-19
tertill,Tertill Corporation,2020-04-02,2021-05-03,1.0841889117043122,0,last_supplied_sub_1b_round_proxy,1.0,1.0,1000000.0,1000000.0,0.0,0.0,1.998631074606434,730.0,2018-04-03
oakbio,"Oakbio, Inc.",2020-11-05,2021-07-15,0.6899383983572895,0,last_supplied_sub_1b_round_proxy,1.0,1.0,250000.0,250000.0,1.0,1.0,1.998631074606434,730.0,2018-11-06
bioaesthetics,BioAesthetics LLC,2019-09-14,2021-01-14,1.3360711841204653,0,last_supplied_sub_1b_round_proxy,1.0,1.0,250000.0,250000.0,1.0,1.0,1.998631074606434,730.0,2017-09-14
particella,"Particella, Inc.",2019-09-14,2022-04-15,2.5845311430527036,0,last_supplied_sub_1b_round_proxy,1.0,1.0,250000.0,250000.0,1.0,1.0,1.998631074606434,730.0,2017-09-14
notco,NotCo Ltd,2019-09-14,2021-07-26,1.864476386036961,1,first_ge_1b_event,1.0,1.0,250000.0,250000.0,1.0,1.0,1.998631074606434,730.0,2017-09-14
icewavemurciasl,Ice Wave Murcia SL,2019-06-20,2019-09-13,0.2327173169062286,0,last_supplied_sub_1b_round_proxy,1.0,1.0,309000.0,309000.0,0.0,0.0,1.998631074606434,730.0,2017-06-20
freefallaerospace,"Freefall Aerospace, Inc.",2020-12-02,2025-12-17,5.040383299110198,0,last_supplied_sub_1b_round_proxy,1.0,0.0,0.0,0.0,1.0,1.0,1.998631074606434,730.0,2018-12-03
closedloopai,ClosedLoop.ai Inc.,2020-02-23,2020-11-19,0.7392197125256673,0,last_supplied_sub_1b_round_proxy,1.0,1.0,3050000.0,3050000.0,0.0,0.0,1.998631074606434,730.0,2018-02-23
kobiton,"Kobiton, Inc.",2020-09-23,2020-11-05,0.11772758384668036,0,last_supplied_sub_1b_round_proxy,2.0,2.0,8250000.0,5200000.0,4.0,3.0,1.998631074606434,399.0,2019-08-21
honchomarkets,Honcho Markets Ltd,2020-01-15,2020-04-09,0.2327173169062286,0,last_supplied_sub_1b_round_proxy,1.0,1.0,1170000.0,1170000.0,1.0,1.0,1.998631074606434,730.0,2018-01-15
truecomp,Truecomp,2019-01-17,2021-01-12,1.9876796714579055,0,last_supplied_sub_1b_round_proxy,1.0,1.0,2170000.0,2170000.0,0.0,0.0,1.998631074606434,730.0,2017-01-17
scythe,SCYTHE Inc.,2020-09-12,2021-11-08,1.1553730321697468,0,last_supplied_sub_1b_round_proxy,1.0,1.0,3000000.0,3000000.0,5.0,5.0,1.998631074606434,730.0,2018-09-13
corsha,"Corsha, Inc.",2020-04-15,2022-04-05,1.9712525667351128,0,last_supplied_sub_1b_round_proxy,1.0,1.0,1000000.0,1000000.0,0.0,0.0,1.998631074606434,730.0,2018-04-16
1huddle,"1Huddle, Inc.",2020-04-17,2022-03-14,1.9055441478439425,0,last_supplied_sub_1b_round_proxy,1.0,1.0,2950000.0,2950000.0,2.0,2.0,1.998631074606434,730.0,2018-04-18
renovion,"Renovion, Inc.",2019-01-17,2020-05-29,1.3634496919917864,0,last_supplied_sub_1b_round_proxy,2.0,2.0,2220000.0,1870000.0,0.0,0.0,1.998631074606434,247.0,2018-05-15
mixcomm,MixComm Inc.,2019-10-05,2019-11-07,0.09034907597535935,0,last_supplied_sub_1b_round_proxy,1.0,1.0,2500000.0,2500000.0,1.0,1.0,1.998631074606434,730.0,2017-10-05
lolli,"Lolli, Inc.",2020-11-13,2023-12-14,3.082819986310746,0,last_supplied_sub_1b_round_proxy,1.0,1.0,2500000.0,2500000.0,8.0,8.0,1.998631074606434,730.0,2018-11-14
allotropemedical,Allotrope Medical Inc.,2019-03-31,2021-04-27,2.0752908966461328,0,last_supplied_sub_1b_round_proxy,2.0,2.0,470000.0,350000.0,3.0,2.0,1.998631074606434,223.0,2018-08-20
grexit,GrexIt Inc.,2020-10-28,2021-07-22,0.731006160164271,0,last_supplied_sub_1b_round_proxy,1.0,1.0,2760000.0,2760000.0,2.0,2.0,1.998631074606434,730.0,2018-10-29
tignis,"Tignis, Inc.",2020-06-11,2022-05-12,1.9164955509924708,0,last_supplied_sub_1b_round_proxy,1.0,1.0,2760000.0,2760000.0,0.0,0.0,1.998631074606434,730.0,2018-06-12
findox,FinDox Inc.,2019-08-31,2021-04-08,1.6043805612594113,0,last_supplied_sub_1b_round_proxy,2.0,2.0,2000000.0,1000000.0,0.0,0.0,1.998631074606434,431.0,2018-06-26
paralleldomain,Parallel Domain Inc.,2020-04-30,2021-06-09,1.108829568788501,0,last_supplied_sub_1b_round_proxy,1.0,1.0,2600000.0,2600000.0,5.0,5.0,1.998631074606434,730.0,2018-05-01
scoredata,ScoreData Corporation,2019-10-06,2020-06-12,0.6844626967830253,0,last_supplied_sub_1b_round_proxy,1.0,1.0,2600000.0,2600000.0,4.0,4.0,1.998631074606434,730.0,2017-10-06
azul3d,"Azul 3D, Inc.",2019-09-12,2020-08-24,0.9500342231348392,0,last_supplied_sub_1b_round_proxy,1.0,1.0,2500000.0,2500000.0,0.0,0.0,1.998631074606434,730.0,2017-09-12
99degreescustom,"99Degrees Custom, Inc.",2019-12-12,2022-06-21,2.524298425735797,0,last_supplied_sub_1b_round_proxy,1.0,1.0,1990000.0,1990000.0,1.0,1.0,1.998631074606434,730.0,2017-12-12
sportsyard,"Sportsyard, Inc.",2019-10-13,2020-07-22,0.7748117727583846,0,last_supplied_sub_1b_round_proxy,1.0,1.0,200000.0,200000.0,0.0,0.0,1.998631074606434,730.0,2017-10-13
groupsolver,"GroupSolver, Inc.",2019-09-28,2020-06-26,0.7446954140999316,0,last_supplied_sub_1b_round_proxy,1.0,1.0,1650000.0,1650000.0,1.0,1.0,1.998631074606434,730.0,2017-09-28
cleo,"Cleo Labs, Inc.",2019-03-02,2019-04-05,0.09308692676249145,0,last_supplied_sub_1b_round_proxy,1.0,1.0,2440000.0,2440000.0,2.0,2.0,1.998631074606434,730.0,2017-03-02
cometml,Comet ML Inc.,2020-04-04,2021-04-08,1.0102669404517455,0,last_supplied_sub_1b_round_proxy,1.0,1.0,2430000.0,2430000.0,5.0,5.0,1.998631074606434,730.0,2018-04-05
humbletea,"Humble Tea, Inc.",2020-06-25,2021-05-17,0.892539356605065,0,last_supplied_sub_1b_round_proxy,1.0,1.0,1890000.0,1890000.0,3.0,3.0,1.998631074606434,730.0,2018-06-26
summitaccess,"Summit Access, Inc.",2020-03-27,2021-09-27,1.5030800821355237,0,last_supplied_sub_1b_round_proxy,1.0,1.0,500000.0,500000.0,0.0,0.0,1.998631074606434,730.0,2018-03-28
amper,"Amper Technologies, Inc.",2019-01-10,2022-04-22,3.2799452429842573,0,last_supplied_sub_1b_round_proxy,2.0,2.0,2000000.0,1900000.0,1.0,1.0,1.998631074606434,436.0,2017-10-31
zelgor,"Zelgor, Inc.",2019-07-24,2021-09-13,2.1409993155373033,0,last_supplied_sub_1b_round_proxy,1.0,1.0,94000.0,94000.0,0.0,0.0,1.998631074606434,730.0,2017-07-24
valyantai,"Valyant AI, Inc.",2020-12-30,2021-06-17,0.46269678302532513,0,last_supplied_sub_1b_round_proxy,2.0,2.0,6730000.0,4540000.0,1.0,1.0,1.998631074606434,29.0,2020-12-01
genomesio,Genomesio Limited,2020-07-30,2023-03-31,2.6666666666666665,0,last_supplied_sub_1b_round_proxy,3.0,3.0,1462000.0,1130000.0,0.0,0.0,1.998631074606434,181.0,2020-01-31
fluidefficiency,Fluid Efficiency Corporation,2019-09-14,2020-09-18,1.0130047912388775,0,last_supplied_sub_1b_round_proxy,1.0,1.0,800000.0,800000.0,1.0,1.0,1.998631074606434,730.0,2017-09-14
realtimeboard,"RealtimeBoard, Inc.",2020-02-28,2022-01-05,1.8535249828884326,1,first_ge_1b_event,1.0,1.0,1930000.0,1930000.0,1.0,1.0,1.998631074606434,730.0,2018-02-28
misotasty,Miso Tasty Ltd,2019-03-07,2020-04-03,1.0759753593429158,0,last_supplied_sub_1b_round_proxy,1.0,1.0,329000.0,329000.0,0.0,0.0,1.998631074606434,730.0,2017-03-07
chatdesk,Chatdesk Inc.,2019-12-27,2022-01-19,2.0643394934976045,0,last_supplied_sub_1b_round_proxy,1.0,1.0,2000000.0,2000000.0,0.0,0.0,1.998631074606434,730.0,2017-12-27
trackstreet,"TrackStreet, Inc.",2019-11-08,2020-07-14,0.6817248459958932,0,last_supplied_sub_1b_round_proxy,1.0,1.0,2020000.0,2020000.0,3.0,3.0,1.998631074606434,730.0,2017-11-08
thefunkyiron,The Funky Iron Company Limited,2019-10-18,2022-01-07,2.223134839151266,0,last_supplied_sub_1b_round_proxy,2.0,2.0,579000.0,327000.0,0.0,0.0,1.998631074606434,211.0,2019-03-21
courierplus,Courier Plus Inc.,2020-09-23,2021-10-14,1.056810403832991,1,first_ge_1b_event,2.0,2.0,18000000.0,16000000.0,5.0,4.0,1.998631074606434,379.0,2019-09-10
docketsoftware,Docket Software Corp.,2020-07-29,2024-07-11,3.9507186858316223,0,last_supplied_sub_1b_round_proxy,1.0,1.0,2000000.0,2000000.0,5.0,5.0,1.998631074606434,730.0,2018-07-30
unrulystudios,"Unruly Studios, Inc.",2019-09-25,2021-01-27,1.3415468856947297,0,last_supplied_sub_1b_round_proxy,2.0,2.0,140000.0,120000.0,2.0,1.0,1.998631074606434,351.0,2018-10-09
conservation,"Conservation Labs, Inc.",2020-10-08,2024-02-21,3.370294318959617,0,last_supplied_sub_1b_round_proxy,1.0,1.0,120000.0,120000.0,1.0,1.0,1.998631074606434,730.0,2018-10-09
answersnow,"AnswersNow, Inc.",2020-07-29,2023-02-02,2.513347022587269,0,last_supplied_sub_1b_round_proxy,1.0,1.0,120000.0,120000.0,1.0,1.0,1.998631074606434,730.0,2018-07-30
casestatus,"Case Status, Inc.",2020-10-14,2022-01-21,1.270362765229295,0,last_supplied_sub_1b_round_proxy,1.0,1.0,120000.0,120000.0,1.0,1.0,1.998631074606434,730.0,2018-10-15
bellwethr,Bellwethr Inc.,2020-10-10,2020-11-30,0.13963039014373715,0,last_supplied_sub_1b_round_proxy,1.0,1.0,120000.0,120000.0,1.0,1.0,1.998631074606434,730.0,2018-10-11
simpledatalabs,"SimpleDataLabs, Inc.",2020-11-06,2021-02-24,0.30116358658453113,0,last_supplied_sub_1b_round_proxy,1.0,1.0,100000.0,100000.0,1.0,1.0,1.998631074606434,730.0,2018-11-07
claya,Claya Inc.,2020-10-04,2022-09-13,1.9411362080766599,0,last_supplied_sub_1b_round_proxy,1.0,1.0,120000.0,120000.0,1.0,1.0,1.998631074606434,730.0,2018-10-05
avvay,"AVVAY, Inc.",2020-05-06,2020-05-21,0.04106776180698152,0,last_supplied_sub_1b_round_proxy,1.0,1.0,120000.0,120000.0,1.0,1.0,1.998631074606434,730.0,2018-05-07
ganaz,"Ganaz, Inc.",2020-04-17,2021-06-03,1.1279945242984257,0,last_supplied_sub_1b_round_proxy,1.0,1.0,120000.0,120000.0,1.0,1.0,1.998631074606434,730.0,2018-04-18
allstacks,"Allstacks, Inc.",2020-04-19,2024-08-20,4.336755646817249,0,last_supplied_sub_1b_round_proxy,1.0,1.0,120000.0,120000.0,1.0,1.0,1.998631074606434,730.0,2018-04-20
docstation,DocStation Inc.,2020-04-19,2023-11-21,3.589322381930185,0,last_supplied_sub_1b_round_proxy,1.0,1.0,120000.0,120000.0,1.0,1.0,1.998631074606434,730.0,2018-04-20
mesurio,"Mesur.io, Inc.",2020-04-15,2021-09-21,1.434633812457221,0,last_supplied_sub_1b_round_proxy,2.0,2.0,870000.0,750000.0,1.0,1.0,1.998631074606434,726.0,2018-04-20
vanrobotics,"Van Robotics, Inc.",2020-04-19,2021-08-05,1.2950034223134839,0,last_supplied_sub_1b_round_proxy,2.0,2.0,760000.0,640000.0,4.0,3.0,1.998631074606434,376.0,2019-04-09
skipperpets,"Skipper Pets, Inc.",2020-04-19,2026-06-05,6.1273100616016425,0,last_supplied_sub_1b_round_proxy,1.0,1.0,120000.0,120000.0,1.0,1.0,1.998631074606434,730.0,2018-04-20
lorisai,"Loris.ai, Inc.",2020-01-29,2022-04-26,2.239561943874059,0,last_supplied_sub_1b_round_proxy,2.0,2.0,7140000.0,5140000.0,7.0,6.0,1.998631074606434,50.0,2019-12-10
sigmaratings,"Sigma Ratings, Inc.",2020-02-06,2022-09-12,2.598220396988364,0,last_supplied_sub_1b_round_proxy,1.0,1.0,120000.0,120000.0,2.0,2.0,1.998631074606434,730.0,2018-02-06
vartega,Vartega Inc.,2019-10-18,2024-01-05,4.216290212183436,0,last_supplied_sub_1b_round_proxy,1.0,1.0,120000.0,120000.0,1.0,1.0,1.998631074606434,730.0,2017-10-18
aspinity,"Aspinity, Inc.",2019-10-17,2020-09-02,0.8788501026694046,0,last_supplied_sub_1b_round_proxy,1.0,1.0,120000.0,120000.0,1.0,1.0,1.998631074606434,730.0,2017-10-17
bluefever,"Blue Fever, Inc.",2019-10-10,2022-06-17,2.6858316221765914,0,last_supplied_sub_1b_round_proxy,1.0,1.0,120000.0,120000.0,1.0,1.0,1.998631074606434,730.0,2017-10-10
pantherorthopedics,"Panther Orthopedics, Inc.",2019-03-28,2019-06-27,0.24914442162902123,0,last_supplied_sub_1b_round_proxy,1.0,1.0,2000000.0,2000000.0,1.0,1.0,1.998631074606434,730.0,2017-03-28
appsamurai,"App Samurai, Inc.",2019-08-10,2020-01-28,0.4681724845995893,0,last_supplied_sub_1b_round_proxy,2.0,2.0,1140000.0,1020000.0,3.0,2.0,1.998631074606434,703.0,2017-09-06
stateless,"Stateless, Inc.",2019-06-07,2022-12-14,3.5208761122518824,0,last_supplied_sub_1b_round_proxy,1.0,1.0,120000.0,120000.0,1.0,1.0,1.998631074606434,730.0,2017-06-07
prefix,PreFix Inc.,2019-05-19,2019-10-02,0.3723477070499658,0,last_supplied_sub_1b_round_proxy,1.0,1.0,120000.0,120000.0,1.0,1.0,1.998631074606434,730.0,2017-05-19
valid8financial,"Valid8 Financial, Inc.",2019-04-19,2025-02-27,5.861738535249829,0,last_supplied_sub_1b_round_proxy,1.0,1.0,120000.0,120000.0,1.0,1.0,1.998631074606434,730.0,2017-04-19
xapix,"Xapix, Inc.",2019-01-12,2019-03-06,0.14510609171800137,0,last_supplied_sub_1b_round_proxy,1.0,1.0,120000.0,120000.0,1.0,1.0,1.998631074606434,730.0,2017-01-12
regeltec,"ReGelTec, Inc.",2020-11-27,2020-12-09,0.03285420944558522,0,last_supplied_sub_1b_round_proxy,1.0,1.0,2000000.0,2000000.0,2.0,2.0,1.998631074606434,730.0,2018-11-28
adomni,"Adomni, Inc.",2020-03-22,2021-02-11,0.892539356605065,0,last_supplied_sub_1b_round_proxy,1.0,1.0,2000000.0,2000000.0,0.0,0.0,1.998631074606434,730.0,2018-03-23
ironhack,"Ironhack Group, Inc.",2019-07-18,2020-07-21,1.0102669404517455,0,last_supplied_sub_1b_round_proxy,2.0,2.0,5990000.0,4000000.0,3.0,3.0,1.998631074606434,17.0,2019-07-01
oxio,OXIO Corp,2020-08-07,2020-11-17,0.2792607802874743,0,last_supplied_sub_1b_round_proxy,1.0,1.0,1990000.0,1990000.0,0.0,0.0,1.998631074606434,730.0,2018-08-08
copra,Copra Inc.,2020-10-31,2021-03-23,0.3915126625598905,0,last_supplied_sub_1b_round_proxy,1.0,1.0,1950000.0,1950000.0,0.0,0.0,1.998631074606434,730.0,2018-11-01
kingscrowd,"KingsCrowd, Inc.",2020-08-15,2025-04-14,4.662559890485968,0,last_supplied_sub_1b_round_proxy,2.0,2.0,153000.0,107000.0,0.0,0.0,1.998631074606434,481.0,2019-04-22
oncueenterprises,"Oncue Enterprises, Inc.",2020-05-06,2022-09-02,2.324435318275154,0,last_supplied_sub_1b_round_proxy,2.0,2.0,5000000.0,3500000.0,0.0,0.0,1.998631074606434,219.0,2019-09-30
sampleserve,"Sampleserve, Inc.",2020-11-25,2023-03-19,2.3107460643394937,0,last_supplied_sub_1b_round_proxy,1.0,1.0,682000.0,682000.0,0.0,0.0,1.998631074606434,730.0,2018-11-26
fourgrowers,"Four Growers, Inc.",2020-08-19,2021-11-04,1.2101300479123889,0,last_supplied_sub_1b_round_proxy,1.0,1.0,120000.0,120000.0,1.0,1.0,1.998631074606434,730.0,2018-08-20
pocketzworld,PocketzWorld Inc.,2020-08-19,2021-03-04,0.5393566050650239,0,last_supplied_sub_1b_round_proxy,1.0,1.0,120000.0,120000.0,1.0,1.0,1.998631074606434,730.0,2018-08-20
mentalhappy,"MentalHappy, Inc.",2020-08-20,2022-05-12,1.7248459958932238,0,last_supplied_sub_1b_round_proxy,1.0,1.0,120000.0,120000.0,1.0,1.0,1.998631074606434,730.0,2018-08-21
kinside,"Kinside, Inc.",2020-08-20,2022-06-07,1.7960301163586585,0,last_supplied_sub_1b_round_proxy,1.0,1.0,120000.0,120000.0,1.0,1.0,1.998631074606434,730.0,2018-08-21
kunduz,Kunduz,2020-08-20,2022-01-12,1.3963039014373717,0,last_supplied_sub_1b_round_proxy,1.0,1.0,120000.0,120000.0,1.0,1.0,1.998631074606434,730.0,2018-08-21
dreamcraftentertainment,"DreamCraft Entertainment, Inc.",2020-08-20,2021-11-17,1.242984257357974,0,last_supplied_sub_1b_round_proxy,1.0,1.0,120000.0,120000.0,1.0,1.0,1.998631074606434,730.0,2018-08-21
snarkai,"Snark AI, Inc.",2020-08-20,2024-03-26,3.597535934291581,0,last_supplied_sub_1b_round_proxy,1.0,1.0,120000.0,120000.0,1.0,1.0,1.998631074606434,730.0,2018-08-21
leenaai,Leena AI Inc.,2020-08-20,2020-11-03,0.2053388090349076,0,last_supplied_sub_1b_round_proxy,1.0,1.0,120000.0,120000.0,1.0,1.0,1.998631074606434,730.0,2018-08-21
openphone,"OpenPhone Technologies, Inc.",2020-08-20,2020-11-17,0.243668720054757,0,last_supplied_sub_1b_round_proxy,1.0,1.0,120000.0,120000.0,1.0,1.0,1.998631074606434,730.0,2018-08-21
cbtherapeutics,"CB Therapeutics, Inc.",2020-08-20,2021-05-10,0.7200547570157426,0,last_supplied_sub_1b_round_proxy,1.0,1.0,120000.0,120000.0,1.0,1.0,1.998631074606434,730.0,2018-08-21
corvusrobotics,"Corvus Robotics, Inc.",2020-08-19,2024-10-08,4.136892539356605,0,last_supplied_sub_1b_round_proxy,1.0,1.0,120000.0,120000.0,1.0,1.0,1.998631074606434,730.0,2018-08-20
darmiyan,"Darmiyan, Inc.",2019-08-21,2023-10-18,4.158795345653662,0,last_supplied_sub_1b_round_proxy,1.0,1.0,120000.0,120000.0,1.0,1.0,1.998631074606434,730.0,2017-08-21
sunu,"Sunu, Inc.",2019-08-21,2020-07-01,0.8624229979466119,0,last_supplied_sub_1b_round_proxy,1.0,1.0,120000.0,120000.0,1.0,1.0,1.998631074606434,730.0,2017-08-21
upcodes,"UpCodes, Inc.",2019-08-21,2023-05-30,3.7727583846680357,0,last_supplied_sub_1b_round_proxy,1.0,1.0,120000.0,120000.0,1.0,1.0,1.998631074606434,730.0,2017-08-21
vergesense,"VergeSense, Inc.",2019-08-21,2020-12-22,1.3388090349075976,0,last_supplied_sub_1b_round_proxy,1.0,1.0,120000.0,120000.0,1.0,1.0,1.998631074606434,730.0,2017-08-21
routable,"Routable, Inc.",2019-08-23,2020-08-10,0.9664613278576317,0,last_supplied_sub_1b_round_proxy,1.0,1.0,120000.0,120000.0,1.0,1.0,1.998631074606434,730.0,2017-08-23
ribbonhealth,"Ribbon Health, Inc.",2019-08-23,2020-02-26,0.5119780971937029,0,last_supplied_sub_1b_round_proxy,1.0,1.0,120000.0,120000.0,1.0,1.0,1.998631074606434,730.0,2017-08-23
renovatesimply,"Renovate Simply, Inc.",2019-08-23,2021-07-23,1.9164955509924708,0,last_supplied_sub_1b_round_proxy,1.0,1.0,120000.0,120000.0,1.0,1.0,1.998631074606434,730.0,2017-08-23
filmhub,"Filmhub, Inc.",2019-09-13,2021-12-01,2.217659137577002,0,last_supplied_sub_1b_round_proxy,1.0,1.0,120000.0,120000.0,1.0,1.0,1.998631074606434,730.0,2017-09-13
solugen,"Solugen, Inc.",2019-03-20,2022-10-31,3.6167008898015056,1,first_ge_1b_event,1.0,1.0,120000.0,120000.0,1.0,1.0,1.998631074606434,730.0,2017-03-20
tokentransit,"Token Transit, Inc.",2019-03-20,2019-11-01,0.6187542778918549,0,last_supplied_sub_1b_round_proxy,1.0,1.0,120000.0,120000.0,1.0,1.0,1.998631074606434,730.0,2017-03-20
peoplecenter,"People Center, Inc.",2019-03-20,2023-03-17,3.991786447638604,1,first_ge_1b_event,1.0,1.0,120000.0,120000.0,1.0,1.0,1.998631074606434,730.0,2017-03-20
innamed,"InnaMed, Inc.",2019-03-20,2021-05-28,2.190280629705681,0,last_supplied_sub_1b_round_proxy,1.0,1.0,120000.0,120000.0,1.0,1.0,1.998631074606434,730.0,2017-03-20
zestful,"Zestful, Inc.",2019-03-21,2019-07-29,0.35592060232717315,0,last_supplied_sub_1b_round_proxy,1.0,1.0,120000.0,120000.0,1.0,1.0,1.998631074606434,730.0,2017-03-21
nanonet,Nano Net Technologies Inc.,2019-03-21,2021-10-29,2.6091718001368926,0,last_supplied_sub_1b_round_proxy,1.0,1.0,120000.0,120000.0,1.0,1.0,1.998631074606434,730.0,2017-03-21
returnalyze,"Returnalyze, Inc.",2020-12-11,2025-09-30,4.802190280629706,0,last_supplied_sub_1b_round_proxy,1.0,1.0,500000.0,500000.0,0.0,0.0,1.998631074606434,730.0,2018-12-12
dandy,Dandy,2020-12-07,2024-10-30,3.89596167008898,0,last_supplied_sub_1b_round_proxy,1.0,1.0,111000.0,111000.0,0.0,0.0,1.998631074606434,730.0,2018-12-08
demanddriven,"Demand Driven Technologies, Inc.",2019-12-20,2020-03-18,0.243668720054757,0,last_supplied_sub_1b_round_proxy,1.0,1.0,1660000.0,1660000.0,4.0,4.0,1.998631074606434,730.0,2017-12-20
xurrent,"Xurrent, Inc.",2020-02-21,2021-05-25,1.2566735112936345,0,last_supplied_sub_1b_round_proxy,1.0,1.0,1650000.0,1650000.0,1.0,1.0,1.998631074606434,730.0,2018-02-21
factal,"Factal, Inc.",2020-08-05,2024-10-18,4.202600958247776,0,last_supplied_sub_1b_round_proxy,1.0,1.0,880000.0,880000.0,4.0,4.0,1.998631074606434,730.0,2018-08-06
fero,Fero Labs Inc.,2019-06-10,2023-06-21,4.030116358658453,0,last_supplied_sub_1b_round_proxy,1.0,1.0,1600000.0,1600000.0,0.0,0.0,1.998631074606434,730.0,2017-06-10
orbionspace,"Orbion Space Technology, Inc.",2019-07-10,2020-02-28,0.6379192334017796,0,last_supplied_sub_1b_round_proxy,1.0,1.0,1360000.0,1360000.0,0.0,0.0,1.998631074606434,730.0,2017-07-10
sanctuaryventures,"Sanctuary Ventures, Inc.",2019-09-28,2021-05-12,1.620807665982204,0,last_supplied_sub_1b_round_proxy,1.0,1.0,1560000.0,1560000.0,5.0,5.0,1.998631074606434,730.0,2017-09-28
managementinnovationsrl,Management Innovation srl,2020-01-08,2022-11-13,2.847364818617385,0,last_supplied_sub_1b_round_proxy,1.0,1.0,359000.0,359000.0,0.0,0.0,1.998631074606434,730.0,2018-01-08
inspectiv,"Inspectiv, Inc.",2020-07-25,2020-12-08,0.3723477070499658,0,last_supplied_sub_1b_round_proxy,1.0,1.0,1500000.0,1500000.0,0.0,0.0,1.998631074606434,730.0,2018-07-26
waterharvesting,Water Harvesting Inc.,2020-11-18,2025-07-10,4.640657084188912,0,last_supplied_sub_1b_round_proxy,2.0,2.0,2600000.0,2000000.0,0.0,0.0,1.998631074606434,464.0,2019-08-12
podchaser,"Podchaser, Inc.",2020-06-12,2021-01-14,0.5913757700205339,0,last_supplied_sub_1b_round_proxy,1.0,1.0,1500000.0,1500000.0,3.0,3.0,1.998631074606434,730.0,2018-06-13
picnicworks,"Picnic Works, Inc.",2019-01-05,2019-11-19,0.8706365503080082,0,last_supplied_sub_1b_round_proxy,1.0,1.0,1500000.0,1500000.0,1.0,1.0,1.998631074606434,730.0,2017-01-05
adwallet,AdWallet Inc.,2020-07-31,2021-12-30,1.4154688569472964,0,last_supplied_sub_1b_round_proxy,1.0,1.0,1470000.0,1470000.0,0.0,0.0,1.998631074606434,730.0,2018-08-01
trala,"Trala, Inc.",2020-12-11,2023-11-29,2.965092402464066,0,last_supplied_sub_1b_round_proxy,2.0,2.0,4890000.0,3500000.0,7.0,6.0,1.998631074606434,129.0,2020-08-04
orpheusbioscience,"Orpheus Bioscience, LLC",2019-05-22,2019-06-25,0.09308692676249145,0,last_supplied_sub_1b_round_proxy,1.0,1.0,1360000.0,1360000.0,0.0,0.0,1.998631074606434,730.0,2017-05-22
soundingboard,"Sounding Board Labs, Inc.",2020-09-09,2020-12-30,0.3066392881587953,0,last_supplied_sub_1b_round_proxy,1.0,1.0,1310000.0,1310000.0,2.0,2.0,1.998631074606434,730.0,2018-09-10
provisiomedical,"Provisio Medical, Inc.",2019-05-17,2021-06-04,2.0506502395619437,0,last_supplied_sub_1b_round_proxy,1.0,1.0,1300000.0,1300000.0,0.0,0.0,1.998631074606434,730.0,2017-05-17
sensediagnostics,"Sense Diagnostics, Inc.",2019-03-21,2019-09-30,0.5284052019164955,0,last_supplied_sub_1b_round_proxy,1.0,1.0,1200000.0,1200000.0,3.0,3.0,1.998631074606434,730.0,2017-03-21
bikky,Bikky Inc.,2020-09-25,2021-05-21,0.6516084873374401,0,last_supplied_sub_1b_round_proxy,1.0,1.0,100000.0,100000.0,1.0,1.0,1.998631074606434,730.0,2018-09-26
lvrg,"LVRG, Inc.",2020-09-25,2023-07-14,2.7980835044490076,0,last_supplied_sub_1b_round_proxy,1.0,1.0,100000.0,100000.0,1.0,1.0,1.998631074606434,730.0,2018-09-26
flextrapower,"FlexTraPower, Inc.",2019-10-03,2019-10-10,0.019164955509924708,0,last_supplied_sub_1b_round_proxy,1.0,1.0,100000.0,100000.0,1.0,1.0,1.998631074606434,730.0,2017-10-03
kidztopros,"KidzToPros, Inc.",2019-10-03,2023-10-26,4.0629705681040384,0,last_supplied_sub_1b_round_proxy,1.0,1.0,100000.0,100000.0,1.0,1.0,1.998631074606434,730.0,2017-10-03
studentsofwealth,"Students of Wealth, Inc.",2019-04-28,2021-01-25,1.7467488021902806,0,last_supplied_sub_1b_round_proxy,1.0,1.0,100000.0,100000.0,1.0,1.0,1.998631074606434,730.0,2017-04-28
campusprotein,"Campus Protein, Inc",2020-10-31,2022-12-01,2.083504449007529,0,last_supplied_sub_1b_round_proxy,1.0,1.0,1000000.0,1000000.0,0.0,0.0,1.998631074606434,730.0,2018-11-01
onymos,Onymos Inc.,2019-12-13,2022-06-14,2.5023956194387407,0,last_supplied_sub_1b_round_proxy,1.0,1.0,1150000.0,1150000.0,0.0,0.0,1.998631074606434,730.0,2017-12-13
biospatial,"Biospatial, Inc.",2020-06-17,2024-02-22,3.682409308692676,0,last_supplied_sub_1b_round_proxy,2.0,2.0,1610000.0,1110000.0,0.0,0.0,1.998631074606434,427.0,2019-04-17
amopportunities,"AMOpportunities, Inc.",2019-10-26,2023-08-02,3.7672826830937716,0,last_supplied_sub_1b_round_proxy,1.0,1.0,1100000.0,1100000.0,6.0,6.0,1.998631074606434,730.0,2017-10-26
edso,EDSO Inc.,2020-08-22,2021-11-19,1.242984257357974,0,last_supplied_sub_1b_round_proxy,1.0,1.0,3000.0,3000.0,0.0,0.0,1.998631074606434,730.0,2018-08-23
cloverleafme,"Cloverleaf.me, Inc.",2020-03-06,2024-03-27,4.057494866529774,0,last_supplied_sub_1b_round_proxy,1.0,1.0,1050000.0,1050000.0,1.0,1.0,1.998631074606434,730.0,2018-03-07
omniafishing,"Omnia Fishing, Inc.",2020-08-26,2022-03-10,1.5359342915811087,0,last_supplied_sub_1b_round_proxy,2.0,2.0,2650000.0,1650000.0,4.0,4.0,1.998631074606434,42.0,2020-07-15
tractorzoom,"Tractor Zoom, Inc.",2020-09-03,2025-06-12,4.772073921971253,0,last_supplied_sub_1b_round_proxy,1.0,1.0,1000000.0,1000000.0,1.0,1.0,1.998631074606434,730.0,2018-09-04
hitchpin,"HitchPin, Inc.",2020-05-06,2023-12-18,3.6167008898015056,0,last_supplied_sub_1b_round_proxy,2.0,2.0,2350000.0,1350000.0,0.0,0.0,1.998631074606434,176.0,2019-11-12
parseccloud,"Parsec Cloud, Inc.",2019-01-19,2020-05-12,1.3114305270362765,0,last_supplied_sub_1b_round_proxy,1.0,1.0,1000000.0,1000000.0,0.0,0.0,1.998631074606434,730.0,2017-01-19
gencove,"Gencove, Inc.",2019-06-05,2021-10-26,2.3928815879534566,0,last_supplied_sub_1b_round_proxy,1.0,1.0,1000000.0,1000000.0,4.0,4.0,1.998631074606434,730.0,2017-06-05
wyndy,"Wyndy, Inc.",2020-08-06,2021-04-09,0.6735112936344969,0,last_supplied_sub_1b_round_proxy,1.0,1.0,1000000.0,1000000.0,0.0,0.0,1.998631074606434,730.0,2018-08-07
milkstork,"Milk Stork, Inc.",2020-04-23,2020-10-23,0.5010266940451745,0,last_supplied_sub_1b_round_proxy,1.0,1.0,900000.0,900000.0,2.0,2.0,1.998631074606434,730.0,2018-04-24
elliot,"Elliot Technologies, Inc.",2019-06-27,2025-11-11,6.376454483230664,1,first_ge_1b_event,1.0,1.0,895000.0,895000.0,0.0,0.0,1.998631074606434,730.0,2017-06-27
streamlayer,StreamLayer Inc.,2020-08-13,2022-05-11,1.7412731006160165,0,last_supplied_sub_1b_round_proxy,1.0,1.0,800000.0,800000.0,1.0,1.0,1.998631074606434,730.0,2018-08-14
readycareconnect,"ReadyCareConnect, Inc.",2020-11-14,2021-07-22,0.6844626967830253,0,last_supplied_sub_1b_round_proxy,1.0,1.0,802000.0,802000.0,3.0,3.0,1.998631074606434,730.0,2018-11-15
blooverysrl,bloovery s.r.l,2020-01-06,2020-06-29,0.4791238877481177,0,last_supplied_sub_1b_round_proxy,1.0,1.0,76000.0,76000.0,0.0,0.0,1.998631074606434,730.0,2018-01-06
amperon,"Amperon Holdings, Inc.",2020-04-17,2022-01-20,1.7604380561259412,0,last_supplied_sub_1b_round_proxy,1.0,1.0,505000.0,505000.0,0.0,0.0,1.998631074606434,730.0,2018-04-18
agrospheres,"AgroSpheres, Inc.",2019-08-21,2024-10-09,5.136208076659822,0,last_supplied_sub_1b_round_proxy,1.0,1.0,750000.0,750000.0,0.0,0.0,1.998631074606434,730.0,2017-08-21
goodbuygear,"Good Buy Gear, Inc.",2020-01-30,2020-10-06,0.6844626967830253,0,last_supplied_sub_1b_round_proxy,2.0,2.0,2747000.0,2009999.9999999998,3.0,2.0,1.998631074606434,331.0,2019-03-05
datanomix,"Datanomix, Inc.",2020-04-16,2023-05-10,3.0636550308008212,0,last_supplied_sub_1b_round_proxy,1.0,1.0,713000.0,713000.0,4.0,4.0,1.998631074606434,730.0,2018-04-17
motionscloudug,MotionsCloud UG,2019-04-26,2019-06-05,0.10951403148528405,0,last_supplied_sub_1b_round_proxy,1.0,1.0,40000.0,40000.0,1.0,1.0,1.998631074606434,730.0,2017-04-26
yollandoelektronikticarethizmetlerias,Yollando Elektronik Ticaret Hizmetleri A.S.,2020-03-30,2022-05-16,2.127310061601643,0,last_supplied_sub_1b_round_proxy,1.0,0.0,0.0,0.0,1.0,1.0,1.998631074606434,730.0,2018-03-31
malomo,"Malomo, Inc.",2020-09-17,2021-03-22,0.5092402464065708,0,last_supplied_sub_1b_round_proxy,2.0,2.0,1125000.0,600000.0,0.0,0.0,1.998631074606434,155.0,2020-04-15
selfbook,"Selfbook, Inc.",2020-03-26,2021-06-14,1.218343600273785,0,last_supplied_sub_1b_round_proxy,1.0,1.0,550000.0,550000.0,0.0,0.0,1.998631074606434,730.0,2018-03-27
tesnorflight,Tesnorflight Inc.,2019-10-03,2021-10-13,2.028747433264887,0,last_supplied_sub_1b_round_proxy,1.0,1.0,556000.0,556000.0,2.0,2.0,1.998631074606434,730.0,2017-10-03
odin,ODIN,2020-12-19,2021-06-17,0.4928131416837782,0,last_supplied_sub_1b_round_proxy,1.0,1.0,37000.0,37000.0,1.0,1.0,1.998631074606434,730.0,2018-12-20
fishtravel,Fish.Travel,2020-09-04,2022-01-24,1.3880903490759753,0,last_supplied_sub_1b_round_proxy,1.0,1.0,37000.0,37000.0,1.0,1.0,1.998631074606434,730.0,2018-09-05
winsometruth,"Winsome Truth, Inc.",2020-11-29,2024-09-10,3.780971937029432,0,last_supplied_sub_1b_round_proxy,1.0,1.0,430000.0,430000.0,0.0,0.0,1.998631074606434,730.0,2018-11-30
deckard,"Deckard Technologies, Inc.",2020-08-08,2023-05-12,2.757015742642026,0,last_supplied_sub_1b_round_proxy,1.0,1.0,484000.0,484000.0,0.0,0.0,1.998631074606434,730.0,2018-08-09
effa,Effa,2020-11-14,2021-04-12,0.4079397672826831,0,last_supplied_sub_1b_round_proxy,1.0,1.0,40000.0,40000.0,1.0,1.0,1.998631074606434,730.0,2018-11-15
burnalong,"BurnAlong, Inc.",2019-12-15,2021-03-02,1.212867898699521,0,last_supplied_sub_1b_round_proxy,1.0,1.0,25000.0,25000.0,1.0,1.0,1.998631074606434,730.0,2017-12-15
rideroundtrip,"Ride RoundTrip, Inc.",2019-12-15,2020-07-21,0.5995893223819302,0,last_supplied_sub_1b_round_proxy,1.0,1.0,25000.0,25000.0,1.0,1.0,1.998631074606434,730.0,2017-12-15
apiarybook,Apiary Book,2020-06-28,2020-11-03,0.35044490075290896,0,last_supplied_sub_1b_round_proxy,1.0,1.0,29000.0,29000.0,1.0,1.0,1.998631074606434,730.0,2018-06-29
finqwaresrl,FINQware SRL,2020-06-28,2023-06-21,2.9787816563997263,0,last_supplied_sub_1b_round_proxy,1.0,1.0,29000.0,29000.0,1.0,1.0,1.998631074606434,730.0,2018-06-29
skycom,Skycom Corporation,2019-04-28,2023-05-08,4.027378507871321,0,last_supplied_sub_1b_round_proxy,1.0,1.0,315000.0,315000.0,0.0,0.0,1.998631074606434,730.0,2017-04-28
watbeck,Watbeck Limited,2019-02-05,2020-03-04,1.0759753593429158,0,last_supplied_sub_1b_round_proxy,1.0,1.0,94000.0,94000.0,0.0,0.0,1.998631074606434,730.0,2017-02-05
renetxbio,"ReNetX Bio, Inc.",2020-06-28,2020-09-28,0.2518822724161533,0,last_supplied_sub_1b_round_proxy,2.0,2.0,3640000.0,3190000.0,2.0,2.0,1.998631074606434,355.0,2019-07-09
momentumlearning,"Momentum Learning, Inc.",2019-11-13,2020-10-03,0.8898015058179329,0,last_supplied_sub_1b_round_proxy,1.0,1.0,400000.0,400000.0,0.0,0.0,1.998631074606434,730.0,2017-11-13
venostent,"VenoStent, LLC",2019-11-08,2024-06-27,4.635181382614648,0,last_supplied_sub_1b_round_proxy,1.0,1.0,30000.0,30000.0,1.0,1.0,1.998631074606434,730.0,2017-11-08
thebee,The Bee Corp.,2019-06-14,2022-04-25,2.863791923340178,0,last_supplied_sub_1b_round_proxy,1.0,1.0,360000.0,360000.0,1.0,1.0,1.998631074606434,730.0,2017-06-14
buddy,"Buddy Technology, Inc.",2020-10-10,2024-01-18,3.271731690622861,0,last_supplied_sub_1b_round_proxy,1.0,1.0,20000.0,20000.0,1.0,1.0,1.998631074606434,730.0,2018-10-11
medaux,MedAux LLC,2019-12-29,2021-10-07,1.7741273100616017,0,last_supplied_sub_1b_round_proxy,1.0,1.0,20000.0,20000.0,1.0,1.0,1.998631074606434,730.0,2017-12-29
oneelevenfinancialwellness,"OneEleven Financial Wellness, Inc.",2019-12-29,2024-03-04,4.180698151950718,0,last_supplied_sub_1b_round_proxy,1.0,1.0,20000.0,20000.0,1.0,1.0,1.998631074606434,730.0,2017-12-29
localized,"Localized, Inc.",2019-12-29,2021-04-02,1.2594113620807665,0,last_supplied_sub_1b_round_proxy,1.0,1.0,20000.0,20000.0,1.0,1.0,1.998631074606434,730.0,2017-12-29
esportsone,"Esports One, Inc.",2019-08-15,2020-12-03,1.3032169746748803,0,last_supplied_sub_1b_round_proxy,1.0,1.0,20000.0,20000.0,1.0,1.0,1.998631074606434,730.0,2017-08-15
schola,"Schola, Inc.",2019-09-25,2022-12-28,3.2580424366872007,0,last_supplied_sub_1b_round_proxy,1.0,1.0,20000.0,20000.0,1.0,1.0,1.998631074606434,730.0,2017-09-25
wellnecity,"Wellnecity Group, Inc.",2020-11-07,2022-01-11,1.1772758384668036,0,last_supplied_sub_1b_round_proxy,2.0,2.0,972000.0,668000.0,0.0,0.0,1.998631074606434,495.0,2019-07-01
mapmycustomers,"Map My Customers, Inc.",2019-03-28,2023-06-30,4.257357973990418,0,last_supplied_sub_1b_round_proxy,1.0,1.0,275000.0,275000.0,0.0,0.0,1.998631074606434,730.0,2017-03-28
forfarming,ForFarming,2020-12-26,2021-09-21,0.7364818617385352,0,last_supplied_sub_1b_round_proxy,1.0,0.0,0.0,0.0,1.0,1.0,1.998631074606434,730.0,2018-12-27
knack,"Knack, Inc.",2020-10-01,2026-04-29,5.574264202600959,0,last_supplied_sub_1b_round_proxy,2.0,2.0,903000.0,653000.0,0.0,0.0,1.998631074606434,392.0,2019-09-05
teamatical,"Teamatical, Inc.",2019-03-07,2022-07-07,3.3347022587268995,0,last_supplied_sub_1b_round_proxy,1.0,1.0,250000.0,250000.0,0.0,0.0,1.998631074606434,730.0,2017-03-07
modelme3dbv,ModelMe3D BV,2020-05-27,2020-06-10,0.038329911019849415,0,last_supplied_sub_1b_round_proxy,1.0,1.0,17000.0,17000.0,1.0,1.0,1.998631074606434,730.0,2018-05-28
strozziinstitute,Strozzi Institute,2020-01-08,2023-02-01,3.0663928815879533,0,last_supplied_sub_1b_round_proxy,1.0,1.0,150000.0,150000.0,0.0,0.0,1.998631074606434,730.0,2018-01-08
citiri,"Citiri, Inc.",2020-06-18,2020-07-23,0.09582477754962354,0,last_supplied_sub_1b_round_proxy,1.0,1.0,105000.0,105000.0,0.0,0.0,1.998631074606434,730.0,2018-06-19
understory,"Understory, Inc.",2021-07-17,2024-04-17,2.751540041067762,0,last_supplied_sub_1b_round_proxy,1.0,1.0,7250000.0,7250000.0,0.0,0.0,1.998631074606434,730.0,2019-07-18
rarestep,"Rarestep, Inc.",2021-03-21,2025-04-14,4.0657084188911705,1,first_ge_1b_event,1.0,1.0,3500000.0,3500000.0,0.0,0.0,1.998631074606434,730.0,2019-03-22
northstar,North Star Holdings Inc.,2021-06-11,2023-05-18,1.9329226557152634,0,last_supplied_sub_1b_round_proxy,1.0,1.0,300000.0,300000.0,0.0,0.0,1.998631074606434,730.0,2019-06-12
flexdex,FlexDex Inc.,2021-03-27,2021-08-23,0.4079397672826831,0,last_supplied_sub_1b_round_proxy,1.0,1.0,14480000.0,14480000.0,0.0,0.0,1.998631074606434,730.0,2019-03-28
sharkwheel,"Shark Wheel, Inc.",2021-04-30,2022-02-28,0.8323066392881588,0,last_supplied_sub_1b_round_proxy,1.0,1.0,535000.0,535000.0,0.0,0.0,1.998631074606434,730.0,2019-05-01
sengineprecisionmedicine,"SEngine Precision Medicine, Inc.",2021-10-01,2022-07-28,0.8213552361396304,0,last_supplied_sub_1b_round_proxy,1.0,1.0,13300000.0,13300000.0,1.0,1.0,1.998631074606434,730.0,2019-10-02
maintainx,"MaintainX, Inc.",2021-03-25,2025-07-09,4.290212183436003,1,first_ge_1b_event,2.0,2.0,14770000.0,11000000.0,4.0,3.0,1.998631074606434,450.0,2019-12-31
phoenixpharmalabs,"Phoenix PharmaLabs, Inc.",2021-03-29,2021-06-18,0.22176591375770022,0,last_supplied_sub_1b_round_proxy,1.0,1.0,1100000.0,1100000.0,0.0,0.0,1.998631074606434,730.0,2019-03-30
catchfinancial,"Catch Financial, Inc.",2021-03-20,2021-07-30,0.3613963039014374,0,last_supplied_sub_1b_round_proxy,1.0,1.0,5100000.0,5100000.0,5.0,5.0,1.998631074606434,730.0,2019-03-21
augmentir,"Augmentir, Inc.",2021-07-15,2023-04-18,1.757700205338809,0,last_supplied_sub_1b_round_proxy,1.0,1.0,7250000.0,7250000.0,3.0,3.0,1.998631074606434,730.0,2019-07-16
currensea,Currensea Limited,2021-12-09,2022-07-02,0.5612594113620808,0,last_supplied_sub_1b_round_proxy,1.0,1.0,1220000.0,1220000.0,0.0,0.0,1.998631074606434,730.0,2019-12-10
hobbydb,HobbyDB Corp,2021-09-03,2023-05-31,1.7385352498288844,0,last_supplied_sub_1b_round_proxy,2.0,2.0,3783000.0,3370000.0,0.0,0.0,1.998631074606434,246.0,2020-12-31
appvance,Appvance Inc.,2021-01-13,2022-01-18,1.0130047912388775,0,last_supplied_sub_1b_round_proxy,1.0,1.0,5120000.0,5120000.0,0.0,0.0,1.998631074606434,730.0,2019-01-14
hit,"Hit Labs, Inc.",2021-12-16,2025-12-09,3.980835044490075,0,last_supplied_sub_1b_round_proxy,1.0,1.0,7500000.0,7500000.0,2.0,2.0,1.998631074606434,730.0,2019-12-17
rctstudio,RCT Studio Inc.,2021-04-07,2021-10-19,0.5338809034907598,0,last_supplied_sub_1b_round_proxy,2.0,2.0,11430000.0,9700000.0,0.0,0.0,1.998631074606434,520.0,2019-11-04
avendahealth,"Avenda Health, Inc.",2021-07-01,2022-08-25,1.1498973305954825,0,last_supplied_sub_1b_round_proxy,1.0,1.0,5060000.0,5060000.0,0.0,0.0,1.998631074606434,730.0,2019-07-02
artistswritersartisans,"Artists Writers & Artisans, Inc.",2021-04-18,2026-05-20,5.086926762491444,0,last_supplied_sub_1b_round_proxy,1.0,1.0,12500000.0,12500000.0,0.0,0.0,1.998631074606434,730.0,2019-04-19
brrr,Brrr! Inc.,2021-03-17,2023-06-01,2.206707734428474,0,last_supplied_sub_1b_round_proxy,1.0,1.0,3000000.0,3000000.0,1.0,1.0,1.998631074606434,730.0,2019-03-18
boardmanagementsoftware,"Board Management Software, Inc.",2021-11-21,2022-11-08,0.9637234770704997,0,last_supplied_sub_1b_round_proxy,2.0,2.0,11030000.0,8029999.999999999,4.0,3.0,1.998631074606434,339.0,2020-12-17
rightwayhealthcare,"Rightway Healthcare, Inc.",2021-02-26,2021-03-30,0.08761122518822724,1,first_ge_1b_event,1.0,1.0,8000000.0,8000000.0,0.0,0.0,1.998631074606434,730.0,2019-02-27
zight,"Zight, Inc.",2021-05-28,2022-01-25,0.6625598904859685,0,last_supplied_sub_1b_round_proxy,1.0,1.0,4300000.0,4300000.0,5.0,5.0,1.998631074606434,730.0,2019-05-29
jonesagency,"Jones Agency, Inc.",2021-09-03,2022-07-29,0.9007529089664613,0,last_supplied_sub_1b_round_proxy,1.0,1.0,4970000.0,4970000.0,6.0,6.0,1.998631074606434,730.0,2019-09-04
osanoapublicbenefit,"Osano, Inc., a Public Benefit Corporation",2021-03-04,2021-09-22,0.5530458590006845,0,last_supplied_sub_1b_round_proxy,2.0,2.0,8320000.0,5320000.0,4.0,4.0,1.998631074606434,441.0,2019-12-19
accessibly,"Accessibly, Inc.",2021-09-15,2025-01-22,3.353867214236824,0,last_supplied_sub_1b_round_proxy,1.0,1.0,9310000.0,9310000.0,0.0,0.0,1.998631074606434,730.0,2019-09-16
smallexchange,"Small Exchange, Inc.",2021-05-14,2021-11-19,0.5174537987679672,0,last_supplied_sub_1b_round_proxy,3.0,3.0,19090000.0,10000000.0,4.0,2.0,1.998631074606434,123.0,2021-01-11
thirdeyehealth,"Third Eye Health, Inc.",2021-01-22,2023-09-11,2.6338124572210813,0,last_supplied_sub_1b_round_proxy,1.0,1.0,7250000.0,7250000.0,4.0,4.0,1.998631074606434,730.0,2019-01-23
uptimehealth,UptimeHealth Inc.,2021-08-25,2023-01-26,1.4209445585215605,0,last_supplied_sub_1b_round_proxy,1.0,1.0,1650000.0,1650000.0,0.0,0.0,1.998631074606434,730.0,2019-08-26
adv3nture,"Adv3nture, Inc.",2021-12-19,2022-03-30,0.27652292950034224,0,last_supplied_sub_1b_round_proxy,1.0,1.0,539000.0,539000.0,0.0,0.0,1.998631074606434,730.0,2019-12-20
zippity,"Zippity, Inc.",2021-05-14,2021-11-10,0.4928131416837782,0,last_supplied_sub_1b_round_proxy,1.0,1.0,4940000.0,4940000.0,2.0,2.0,1.998631074606434,730.0,2019-05-15
dynamicarehealth,"DynamiCare Health, Inc.",2021-04-01,2021-05-19,0.13141683778234087,0,last_supplied_sub_1b_round_proxy,1.0,1.0,1520000.0,1520000.0,1.0,1.0,1.998631074606434,730.0,2019-04-02
saltbox,"Saltbox, Inc.",2021-09-02,2026-05-06,4.673511293634497,0,last_supplied_sub_1b_round_proxy,1.0,1.0,4650000.0,4650000.0,4.0,4.0,1.998631074606434,730.0,2019-09-03
mablewholesale,"Mable Wholesale, Inc.",2021-06-13,2024-07-09,3.0718685831622174,0,last_supplied_sub_1b_round_proxy,2.0,2.0,11600000.0,8500000.0,5.0,4.0,1.998631074606434,219.0,2020-11-06
kromatid,"KromaTiD, Inc.",2021-08-12,2025-08-20,4.0219028062970565,0,last_supplied_sub_1b_round_proxy,1.0,1.0,5230000.0,5230000.0,1.0,1.0,1.998631074606434,730.0,2019-08-13
ateamarmy,"ATeam Army, Inc.",2021-01-17,2021-05-24,0.34770704996577684,0,last_supplied_sub_1b_round_proxy,1.0,1.0,3480000.0,3480000.0,0.0,0.0,1.998631074606434,730.0,2019-01-18
nextstepinteractive,NextStep Interactive Inc.,2021-07-31,2022-02-14,0.5420944558521561,0,last_supplied_sub_1b_round_proxy,2.0,2.0,9710000.0,6750000.0,8.0,6.0,1.998631074606434,215.0,2020-12-28
crusoe,Crusoe Technologies LLC,2021-03-14,2022-04-21,1.103353867214237,1,first_ge_1b_event,1.0,1.0,4500000.0,4500000.0,5.0,5.0,1.998631074606434,730.0,2019-03-15
kryptosbiotechnologies,"Kryptos Biotechnologies, Inc.",2021-10-31,2024-03-28,2.406570841889117,0,last_supplied_sub_1b_round_proxy,1.0,1.0,2700000.0,2700000.0,3.0,3.0,1.998631074606434,730.0,2019-11-01
thrivepass,"ThrivePass, Inc.",2021-09-19,2022-08-12,0.8952772073921971,0,last_supplied_sub_1b_round_proxy,2.0,2.0,5500000.0,3000000.0,0.0,0.0,1.998631074606434,139.0,2021-05-03
transcense,"Transcense, Inc.",2021-12-10,2022-03-17,0.2655715263518138,0,last_supplied_sub_1b_round_proxy,1.0,1.0,6180000.0,6180000.0,0.0,0.0,1.998631074606434,730.0,2019-12-11
haloenergy,"Halo Energy, Inc.",2021-05-19,2024-06-19,3.0855578370978782,0,last_supplied_sub_1b_round_proxy,1.0,1.0,202000.0,202000.0,0.0,0.0,1.998631074606434,730.0,2019-05-20
indevr,"InDevR, Inc.",2021-09-09,2023-01-17,1.3552361396303902,0,last_supplied_sub_1b_round_proxy,1.0,1.0,7000000.0,7000000.0,1.0,1.0,1.998631074606434,730.0,2019-09-10
ockam,Ockam Inc.,2021-11-06,2021-12-17,0.11225188227241616,0,last_supplied_sub_1b_round_proxy,1.0,1.0,4900000.0,4900000.0,4.0,4.0,1.998631074606434,730.0,2019-11-07
nhousecommercial,Nhouse Commercial Limited,2021-02-05,2023-08-22,2.54072553045859,0,last_supplied_sub_1b_round_proxy,2.0,2.0,829000.0,570000.0,0.0,0.0,1.998631074606434,437.0,2019-11-26
npx,"NPX, Inc.",2021-06-16,2022-07-12,1.0704996577686516,0,last_supplied_sub_1b_round_proxy,1.0,1.0,2410000.0,2410000.0,0.0,0.0,1.998631074606434,730.0,2019-06-17
xendoo,"Xendoo, Inc.",2021-11-11,2022-06-10,0.5776865160848734,0,last_supplied_sub_1b_round_proxy,1.0,1.0,3540000.0,3540000.0,2.0,2.0,1.998631074606434,730.0,2019-11-12
proemhealth,"Proem Health, Inc.",2021-09-23,2021-11-08,0.12594113620807665,0,last_supplied_sub_1b_round_proxy,1.0,1.0,4650000.0,4650000.0,1.0,1.0,1.998631074606434,730.0,2019-09-24
transformativemed,"TransformativeMed, Inc.",2021-05-06,2022-05-06,0.999315537303217,0,last_supplied_sub_1b_round_proxy,1.0,1.0,5800000.0,5800000.0,1.0,1.0,1.998631074606434,730.0,2019-05-07
borrowaboat,Borrow A Boat Ltd,2021-01-10,2022-05-31,1.3853524982888432,0,last_supplied_sub_1b_round_proxy,2.0,2.0,3470000.0,1930000.0,0.0,0.0,1.998631074606434,298.0,2020-03-18
raydiantoximetry,"Raydiant Oximetry, Inc.",2021-10-27,2024-06-04,2.6036960985626285,0,last_supplied_sub_1b_round_proxy,1.0,1.0,6370000.0,6370000.0,7.0,7.0,1.998631074606434,730.0,2019-10-28
wealthhubsolutions,"WealthHub Solutions, Inc.",2021-11-26,2024-12-20,3.0663928815879533,0,last_supplied_sub_1b_round_proxy,1.0,1.0,5600000.0,5600000.0,0.0,0.0,1.998631074606434,730.0,2019-11-27
mffire,"Mf Fire, Inc.",2021-02-28,2024-03-25,3.0691307323750854,0,last_supplied_sub_1b_round_proxy,1.0,1.0,172000.0,172000.0,0.0,0.0,1.998631074606434,730.0,2019-03-01
lumanu,"Lumanu, Inc.",2021-03-21,2021-07-28,0.3531827515400411,0,last_supplied_sub_1b_round_proxy,2.0,2.0,3830000.0,2000000.0,3.0,3.0,1.998631074606434,488.0,2019-11-19
barn2door,"Barn2Door, Inc.",2021-10-03,2021-12-02,0.16427104722792607,0,last_supplied_sub_1b_round_proxy,1.0,1.0,3690000.0,3690000.0,2.0,2.0,1.998631074606434,730.0,2019-10-04
engagemobilize,"Engage Mobilize, Inc.",2021-09-04,2026-03-20,4.539356605065024,0,last_supplied_sub_1b_round_proxy,1.0,1.0,5520000.0,5520000.0,1.0,1.0,1.998631074606434,730.0,2019-09-05
synccomputing,Sync Computing Corp.,2021-12-01,2022-08-16,0.7063655030800822,0,last_supplied_sub_1b_round_proxy,1.0,1.0,1300000.0,1300000.0,0.0,0.0,1.998631074606434,730.0,2019-12-02
ava,"Ava Labs, Inc.",2021-02-27,2022-04-14,1.1252566735112937,1,first_ge_1b_event,1.0,1.0,6000000.0,6000000.0,4.0,4.0,1.998631074606434,730.0,2019-02-28
dray,Dray Holdings Corp.,2021-02-11,2022-02-09,0.9938398357289527,0,last_supplied_sub_1b_round_proxy,1.0,1.0,3500000.0,3500000.0,0.0,0.0,1.998631074606434,730.0,2019-02-12
smartly,"Smartly, Inc.",2021-04-02,2023-02-28,1.9082819986310746,0,last_supplied_sub_1b_round_proxy,1.0,1.0,1500000.0,1500000.0,2.0,2.0,1.998631074606434,730.0,2019-04-03
upsonder,"Up Sonder, Inc.",2021-07-31,2021-11-27,0.3258042436687201,0,last_supplied_sub_1b_round_proxy,1.0,1.0,360000.0,360000.0,0.0,0.0,1.998631074606434,730.0,2019-08-01
vitalsoftware,Vital Software Inc.,2021-04-23,2021-09-29,0.4353182751540041,0,last_supplied_sub_1b_round_proxy,1.0,1.0,5250000.0,5250000.0,6.0,6.0,1.998631074606434,730.0,2019-04-24
verica,"Verica, Inc.",2021-05-05,2022-01-18,0.7063655030800822,0,last_supplied_sub_1b_round_proxy,1.0,1.0,5070000.0,5070000.0,0.0,0.0,1.998631074606434,730.0,2019-05-06
allumia,"Allumia, Inc.",2021-12-18,2022-02-08,0.14236824093086928,0,last_supplied_sub_1b_round_proxy,1.0,1.0,1790000.0,1790000.0,0.0,0.0,1.998631074606434,730.0,2019-12-19
skylarktravel,"Skylark Travel Group, Inc.",2021-04-29,2024-10-17,3.468856947296372,0,last_supplied_sub_1b_round_proxy,1.0,1.0,4000000.0,4000000.0,6.0,6.0,1.998631074606434,730.0,2019-04-30
edly,Edly Inc.,2021-09-02,2022-09-28,1.0704996577686516,0,last_supplied_sub_1b_round_proxy,1.0,1.0,600000.0,600000.0,1.0,1.0,1.998631074606434,730.0,2019-09-03
imandra,Imandra Inc.,2021-04-16,2021-09-09,0.3997262149212868,0,last_supplied_sub_1b_round_proxy,1.0,1.0,4860000.0,4860000.0,4.0,4.0,1.998631074606434,730.0,2019-04-17
infurnia,Infurnia Holdings Limited,2021-10-24,2023-10-31,2.0177960301163584,0,last_supplied_sub_1b_round_proxy,2.0,2.0,440000.0,240000.0,0.0,0.0,1.998631074606434,409.0,2020-09-10
blockgen,BlockGen Corp.,2021-04-21,2022-04-15,0.9828884325804244,0,last_supplied_sub_1b_round_proxy,2.0,2.0,7680000.0,4900000.0,2.0,2.0,1.998631074606434,730.0,2019-04-22
optiosurgical,Optio Surgical Corporation,2021-07-24,2021-12-09,0.37782340862423,0,last_supplied_sub_1b_round_proxy,1.0,1.0,3300000.0,3300000.0,1.0,1.0,1.998631074606434,730.0,2019-07-25
aromyx,Aromyx Corporation,2021-06-25,2021-07-15,0.05475701574264202,0,last_supplied_sub_1b_round_proxy,1.0,1.0,3000000.0,3000000.0,6.0,6.0,1.998631074606434,730.0,2019-06-26
vannevar,"Vannevar Labs, Inc.",2021-04-29,2021-05-31,0.08761122518822724,0,last_supplied_sub_1b_round_proxy,1.0,1.0,4500000.0,4500000.0,2.0,2.0,1.998631074606434,730.0,2019-04-30
soundstripe,Soundstripe Inc.,2021-05-12,2022-06-17,1.0978781656399725,0,last_supplied_sub_1b_round_proxy,1.0,1.0,4000000.0,4000000.0,2.0,2.0,1.998631074606434,730.0,2019-05-13
corworldwide,COR Worldwide Inc.,2021-06-04,2021-09-22,0.30116358658453113,0,last_supplied_sub_1b_round_proxy,1.0,1.0,1890000.0,1890000.0,0.0,0.0,1.998631074606434,730.0,2019-06-05
endovascularengineering,"Endovascular Engineering, Inc.",2021-11-24,2022-04-05,0.3613963039014374,0,last_supplied_sub_1b_round_proxy,1.0,1.0,4200000.0,4200000.0,1.0,1.0,1.998631074606434,730.0,2019-11-25
quantumsimulation,"Quantum Simulation Technologies, Inc.",2021-09-09,2025-11-20,4.1971252566735116,0,last_supplied_sub_1b_round_proxy,2.0,2.0,6580000.0,5830000.0,1.0,1.0,1.998631074606434,154.0,2021-04-08
rive,"Rive, Inc.",2021-12-04,2023-01-17,1.1197809719370295,0,last_supplied_sub_1b_round_proxy,1.0,1.0,4000000.0,4000000.0,2.0,2.0,1.998631074606434,730.0,2019-12-05
humans,"Humans, Inc.",2021-10-22,2024-04-02,2.4449007529089664,1,first_ge_1b_event,1.0,1.0,3770000.0,3770000.0,2.0,2.0,1.998631074606434,730.0,2019-10-23
bluejay,"BlueJay Labs, Inc.",2021-04-10,2022-02-15,0.8514715947980835,0,last_supplied_sub_1b_round_proxy,1.0,1.0,3000000.0,3000000.0,1.0,1.0,1.998631074606434,730.0,2019-04-11
goffee,"Goffee, Inc.",2021-10-21,2021-10-28,0.019164955509924708,0,last_supplied_sub_1b_round_proxy,1.0,1.0,1070000.0,1070000.0,0.0,0.0,1.998631074606434,730.0,2019-10-22
reposite,Reposite Inc.,2021-11-12,2022-08-23,0.7775496235455168,0,last_supplied_sub_1b_round_proxy,1.0,1.0,3720000.0,3720000.0,0.0,0.0,1.998631074606434,730.0,2019-11-13
personalairlineexchange,"Personal Airline Exchange, Inc.",2021-11-19,2022-11-30,1.0294318959616702,0,last_supplied_sub_1b_round_proxy,1.0,1.0,19000.0,19000.0,0.0,0.0,1.998631074606434,730.0,2019-11-20
purchasingplatform,"Purchasing Platform, Inc.",2021-10-10,2022-11-04,1.0677618069815196,0,last_supplied_sub_1b_round_proxy,1.0,1.0,3550000.0,3550000.0,3.0,3.0,1.998631074606434,730.0,2019-10-11
garageskins,"GarageSkins, Inc.",2021-01-02,2024-02-14,3.1156741957563314,0,last_supplied_sub_1b_round_proxy,1.0,1.0,145000.0,145000.0,0.0,0.0,1.998631074606434,730.0,2019-01-03
leadr,"Leadr Technologies, Inc.",2021-08-14,2025-05-21,3.7672826830937716,0,last_supplied_sub_1b_round_proxy,2.0,2.0,4660000.0,3630000.0,0.0,0.0,1.998631074606434,316.0,2020-10-02
assetmap,"Asset-Map Holdings, Inc.",2021-08-22,2023-02-07,1.462012320328542,0,last_supplied_sub_1b_round_proxy,1.0,1.0,1000000.0,1000000.0,0.0,0.0,1.998631074606434,730.0,2019-08-23
encellin,"Encellin, Inc.",2021-07-18,2023-12-13,2.403832991101985,0,last_supplied_sub_1b_round_proxy,1.0,1.0,2110000.0,2110000.0,0.0,0.0,1.998631074606434,730.0,2019-07-19
brokerbuddha,Broker Buddha Inc,2021-09-16,2022-04-28,0.6132785763175906,0,last_supplied_sub_1b_round_proxy,1.0,1.0,3200000.0,3200000.0,1.0,1.0,1.998631074606434,730.0,2019-09-17
amphp,"AmpHP, Inc.",2021-07-07,2022-05-20,0.8678986995208761,0,last_supplied_sub_1b_round_proxy,1.0,0.0,0.0,0.0,1.0,1.0,1.998631074606434,730.0,2019-07-08
adaptx,"AdaptX, Inc.",2021-05-13,2023-11-01,2.4695414099931554,0,last_supplied_sub_1b_round_proxy,1.0,1.0,3160000.0,3160000.0,3.0,3.0,1.998631074606434,730.0,2019-05-14
thebaconjams,The Bacon Jams LLC,2021-08-18,2023-04-30,1.6974674880219027,0,last_supplied_sub_1b_round_proxy,1.0,1.0,133000.0,133000.0,0.0,0.0,1.998631074606434,730.0,2019-08-19
mondrian,Mondrian Labs Inc.,2021-04-24,2021-06-29,0.1806981519507187,0,last_supplied_sub_1b_round_proxy,1.0,1.0,1250000.0,1250000.0,0.0,0.0,1.998631074606434,730.0,2019-04-25
senaptec,Senaptec Inc.,2021-09-10,2022-02-15,0.432580424366872,0,last_supplied_sub_1b_round_proxy,1.0,1.0,3060000.0,3060000.0,0.0,0.0,1.998631074606434,730.0,2019-09-11
aanikabiosciences,"Aanika Biosciences, Inc.",2021-08-25,2021-11-30,0.2655715263518138,0,last_supplied_sub_1b_round_proxy,1.0,1.0,275000.0,275000.0,1.0,1.0,1.998631074606434,730.0,2019-08-26
renewalmill,Renewal Mill PBC,2021-01-27,2023-06-06,2.3545516769336072,0,last_supplied_sub_1b_round_proxy,1.0,1.0,1700000.0,1700000.0,1.0,1.0,1.998631074606434,730.0,2019-01-28
xairossystems,"Xairos Systems, Inc.",2021-12-23,2023-07-19,1.568788501026694,0,last_supplied_sub_1b_round_proxy,1.0,1.0,500000.0,500000.0,0.0,0.0,1.998631074606434,730.0,2019-12-24
tfr,TFR Holdings Corp.,2021-02-12,2022-07-08,1.3990417522245038,0,last_supplied_sub_1b_round_proxy,1.0,1.0,1260000.0,1260000.0,0.0,0.0,1.998631074606434,730.0,2019-02-13
backstitch,backstitch Inc.,2021-08-20,2024-04-11,2.642026009582478,0,last_supplied_sub_1b_round_proxy,1.0,1.0,2600000.0,2600000.0,1.0,1.0,1.998631074606434,730.0,2019-08-21
veeve,Veeve Inc.,2021-11-29,2022-10-12,0.8678986995208761,0,last_supplied_sub_1b_round_proxy,1.0,1.0,2500000.0,2500000.0,0.0,0.0,1.998631074606434,730.0,2019-11-30
chcpartners,"CHC Partners Holdings, Inc.",2021-04-03,2021-06-03,0.16700889801505817,0,last_supplied_sub_1b_round_proxy,2.0,2.0,6000000.0,3500000.0,0.0,0.0,1.998631074606434,396.0,2020-03-03
butterfly,"Butterfly Technologies, Inc.",2021-06-19,2022-07-06,1.0458590006844628,0,last_supplied_sub_1b_round_proxy,1.0,1.0,2500000.0,2500000.0,3.0,3.0,1.998631074606434,730.0,2019-06-20
humaai,"Huma.ai, Inc.",2021-10-07,2024-09-13,2.9349760438056127,0,last_supplied_sub_1b_round_proxy,1.0,1.0,2400000.0,2400000.0,0.0,0.0,1.998631074606434,730.0,2019-10-08
pg13launchpadalpha,"PG13 Launchpad Alpha, Inc.",2021-06-02,2021-06-15,0.03559206023271732,0,last_supplied_sub_1b_round_proxy,1.0,1.0,2400000.0,2400000.0,0.0,0.0,1.998631074606434,730.0,2019-06-03
samacare,"SamaCare, Inc.",2021-05-15,2022-06-01,1.0458590006844628,0,last_supplied_sub_1b_round_proxy,1.0,1.0,2069999.9999999998,2069999.9999999998,0.0,0.0,1.998631074606434,730.0,2019-05-16
theethicalbutcher,The Ethical Butcher,2021-03-06,2021-08-10,0.42984257357973993,0,last_supplied_sub_1b_round_proxy,1.0,1.0,468000.0,468000.0,0.0,0.0,1.998631074606434,730.0,2019-03-07
freeagency,"Free Agency, Inc.",2021-06-24,2021-12-28,0.5119780971937029,0,last_supplied_sub_1b_round_proxy,2.0,2.0,5250000.0,2900000.0,0.0,0.0,1.998631074606434,534.0,2020-01-07
pushkinindustries,"Pushkin Industries, Inc.",2021-02-03,2021-03-24,0.13415468856947296,0,last_supplied_sub_1b_round_proxy,1.0,1.0,2300000.0,2300000.0,0.0,0.0,1.998631074606434,730.0,2019-02-04
ixpowercleanwater,"IX Power Clean Water, Inc.",2021-09-23,2022-04-15,0.5585215605749486,0,last_supplied_sub_1b_round_proxy,1.0,1.0,1520000.0,1520000.0,0.0,0.0,1.998631074606434,730.0,2019-09-24
bozburun,"Bozburun, Inc",2021-04-04,2021-10-21,0.5475701574264202,0,last_supplied_sub_1b_round_proxy,1.0,1.0,2280000.0,2280000.0,0.0,0.0,1.998631074606434,730.0,2019-04-05
courtscribes,"CourtScribes, Inc.",2021-12-30,2026-06-12,4.4490075290896645,0,last_supplied_sub_1b_round_proxy,1.0,1.0,501000.0,501000.0,0.0,0.0,1.998631074606434,730.0,2019-12-31
exuminstruments,"Exum Instruments, Inc.",2021-12-11,2025-04-24,3.3675564681724848,0,last_supplied_sub_1b_round_proxy,1.0,1.0,600000.0,600000.0,0.0,0.0,1.998631074606434,730.0,2019-12-12
puzzl,Puzzl Group Inc.,2021-08-18,2024-10-10,3.1457905544147846,0,last_supplied_sub_1b_round_proxy,1.0,1.0,150000.0,150000.0,1.0,1.0,1.998631074606434,730.0,2019-08-19
pallet,Pallet PBC,2021-07-08,2021-12-30,0.4791238877481177,0,last_supplied_sub_1b_round_proxy,2.0,2.0,3400000.0,2110000.0,0.0,0.0,1.998631074606434,433.0,2020-05-01
zerion,Zerion Inc.,2021-12-02,2022-10-12,0.8596851471594799,0,last_supplied_sub_1b_round_proxy,1.0,1.0,2000000.0,2000000.0,2.0,2.0,1.998631074606434,730.0,2019-12-03
proctor360,Proctor360 Inc.,2021-07-06,2023-01-31,1.571526351813826,0,last_supplied_sub_1b_round_proxy,1.0,1.0,81000.0,81000.0,0.0,0.0,1.998631074606434,730.0,2019-07-07
adelanteshoe,Adelante Shoe Co.,2021-04-24,2022-08-22,1.3278576317590691,0,last_supplied_sub_1b_round_proxy,1.0,1.0,353000.0,353000.0,0.0,0.0,1.998631074606434,730.0,2019-04-25
phitherapeutics,"Phi Therapeutics, Inc.",2021-06-03,2024-06-26,3.0636550308008212,0,last_supplied_sub_1b_round_proxy,1.0,1.0,575000.0,575000.0,0.0,0.0,1.998631074606434,730.0,2019-06-04
surfaceacquisition,Surface Acquisition Corp.,2021-05-28,2022-02-15,0.7200547570157426,0,last_supplied_sub_1b_round_proxy,1.0,1.0,2000000.0,2000000.0,0.0,0.0,1.998631074606434,730.0,2019-05-29
accelerate3d,Accelerate3D Inc.,2021-10-08,2022-04-30,0.5585215605749486,0,last_supplied_sub_1b_round_proxy,1.0,1.0,120000.0,120000.0,1.0,1.0,1.998631074606434,730.0,2019-10-09
lunarcrush,"LunarCrush, Inc.",2021-10-14,2023-07-12,1.7412731006160165,0,last_supplied_sub_1b_round_proxy,1.0,1.0,120000.0,120000.0,1.0,1.0,1.998631074606434,730.0,2019-10-15
flybyjing,Fly By Jing Inc.,2021-10-14,2023-03-08,1.3963039014373717,0,last_supplied_sub_1b_round_proxy,1.0,1.0,120000.0,120000.0,1.0,1.0,1.998631074606434,730.0,2019-10-15
manatee,"Manatee, Inc.",2021-10-14,2024-06-05,2.642026009582478,0,last_supplied_sub_1b_round_proxy,2.0,2.0,1860000.0,1740000.0,5.0,4.0,1.998631074606434,462.0,2020-07-09
dwellsocial,"DwellSocial, Inc.",2021-10-13,2021-12-31,0.216290212183436,0,last_supplied_sub_1b_round_proxy,1.0,1.0,120000.0,120000.0,1.0,1.0,1.998631074606434,730.0,2019-10-14
hacware,"HacWare, Inc.",2021-10-09,2022-04-12,0.5065023956194388,0,last_supplied_sub_1b_round_proxy,1.0,1.0,120000.0,120000.0,1.0,1.0,1.998631074606434,730.0,2019-10-10
echoar,"echoAR, Inc.",2021-05-09,2022-06-15,1.1006160164271048,0,last_supplied_sub_1b_round_proxy,1.0,1.0,120000.0,120000.0,1.0,1.0,1.998631074606434,730.0,2019-05-10
shuharitechventuresprivate,Shuhari Tech Ventures Private Limited,2021-05-01,2022-02-10,0.7802874743326489,0,last_supplied_sub_1b_round_proxy,1.0,1.0,120000.0,120000.0,1.0,1.0,1.998631074606434,730.0,2019-05-02
eliseai,Elise A.I. Technologies Corp.,2021-03-21,2025-08-20,4.41615331964408,1,first_ge_1b_event,2.0,2.0,8460000.0,6530000.0,7.0,7.0,1.998631074606434,325.0,2020-04-30
routeapp,"Route App, Inc.",2021-02-25,2024-06-25,3.3292265571526354,1,first_ge_1b_event,1.0,1.0,1530000.0,1530000.0,0.0,0.0,1.998631074606434,730.0,2019-02-26
huddleupcare,"Huddle Up Care, Inc.",2021-03-31,2021-09-09,0.44353182751540043,0,last_supplied_sub_1b_round_proxy,1.0,1.0,815000.0,815000.0,1.0,1.0,1.998631074606434,730.0,2019-04-01
powgeneticsolutions,"Pow Genetic Solutions, Inc.",2021-08-30,2023-10-04,2.0944558521560577,0,last_supplied_sub_1b_round_proxy,1.0,1.0,1600000.0,1600000.0,1.0,1.0,1.998631074606434,730.0,2019-08-31
klearlyanalytics,"Klearly Analytics, Inc.",2021-10-28,2022-06-07,0.6078028747433265,0,last_supplied_sub_1b_round_proxy,1.0,1.0,1500000.0,1500000.0,1.0,1.0,1.998631074606434,730.0,2019-10-29
redcircle,"RedCircle Technologies, Inc.",2021-05-07,2021-09-14,0.35592060232717315,0,last_supplied_sub_1b_round_proxy,1.0,1.0,1500000.0,1500000.0,0.0,0.0,1.998631074606434,730.0,2019-05-08
lamend,"La Mend, Inc.",2021-05-20,2022-01-13,0.6516084873374401,0,last_supplied_sub_1b_round_proxy,1.0,1.0,1500000.0,1500000.0,0.0,0.0,1.998631074606434,730.0,2019-05-21
cloudframe,"CloudFrame, Inc.",2021-05-28,2022-03-22,0.8158795345653662,0,last_supplied_sub_1b_round_proxy,1.0,1.0,1500000.0,1500000.0,0.0,0.0,1.998631074606434,730.0,2019-05-29
greenzie,"Greenzie, Inc.",2021-06-05,2025-05-08,3.923340177960301,0,last_supplied_sub_1b_round_proxy,3.0,3.0,2750000.0,1500000.0,3.0,3.0,1.998631074606434,181.0,2020-12-06
phion,PHION Technologies Corp.,2021-12-29,2022-01-07,0.024640657084188913,0,last_supplied_sub_1b_round_proxy,2.0,2.0,1466000.0,773000.0,1.0,1.0,1.998631074606434,359.0,2021-01-04
simpleaccesshealthcare,"Simple Access Healthcare, Inc.",2021-10-16,2022-08-15,0.8295687885010267,0,last_supplied_sub_1b_round_proxy,1.0,1.0,100000.0,100000.0,1.0,1.0,1.998631074606434,730.0,2019-10-17
coolr,"CoolR Group, Inc.",2021-09-25,2022-10-13,1.0485968514715949,0,last_supplied_sub_1b_round_proxy,1.0,1.0,100000.0,100000.0,1.0,1.0,1.998631074606434,730.0,2019-09-26
moon,"Moon Technologies, Inc.",2021-04-24,2026-03-05,4.862422997946612,0,last_supplied_sub_1b_round_proxy,1.0,1.0,100000.0,100000.0,1.0,1.0,1.998631074606434,730.0,2019-04-25
simulatedaptitude,Simulated Aptitude Inc.,2021-04-24,2023-12-07,2.620123203285421,0,last_supplied_sub_1b_round_proxy,2.0,2.0,2400000.0,2300000.0,3.0,3.0,1.998631074606434,453.0,2020-01-27
element451,"Element451, Inc.",2021-10-09,2023-10-30,2.0561259411362083,0,last_supplied_sub_1b_round_proxy,2.0,2.0,4360000.0,3360000.0,2.0,2.0,1.998631074606434,166.0,2021-04-26
cartfulsolutions,"Cartful Solutions, Inc.",2021-06-03,2021-06-08,0.013689253935660506,0,last_supplied_sub_1b_round_proxy,1.0,1.0,900000.0,900000.0,0.0,0.0,1.998631074606434,730.0,2019-06-04
ovationup,"Ovation Up, Inc.",2021-08-11,2024-06-20,2.858316221765914,0,last_supplied_sub_1b_round_proxy,1.0,1.0,955000.0,955000.0,2.0,2.0,1.998631074606434,730.0,2019-08-12
lightmotionindustries,Light & Motion Industries,2021-06-12,2021-09-07,0.23819301848049282,0,last_supplied_sub_1b_round_proxy,1.0,1.0,997000.0,997000.0,0.0,0.0,1.998631074606434,730.0,2019-06-13
hypar,"Hypar, Inc.",2021-04-17,2023-06-22,2.1793292265571527,0,last_supplied_sub_1b_round_proxy,2.0,2.0,2780000.0,1780000.0,0.0,0.0,1.998631074606434,180.0,2020-10-19
puppod,Puppod Inc.,2021-01-23,2022-02-15,1.0622861054072552,0,last_supplied_sub_1b_round_proxy,1.0,1.0,772000.0,772000.0,0.0,0.0,1.998631074606434,730.0,2019-01-24
tnedicca,"TNEDICCA, Inc.",2021-09-04,2022-03-15,0.5256673511293635,0,last_supplied_sub_1b_round_proxy,1.0,1.0,750000.0,750000.0,2.0,2.0,1.998631074606434,730.0,2019-09-05
elate,"Elate, Inc.",2021-07-16,2023-02-14,1.5824777549623545,0,last_supplied_sub_1b_round_proxy,1.0,1.0,530000.0,530000.0,1.0,1.0,1.998631074606434,730.0,2019-07-17
amaros,"Amaros, Inc.",2021-07-22,2025-06-17,3.9041752224503763,0,last_supplied_sub_1b_round_proxy,1.0,1.0,125000.0,125000.0,0.0,0.0,1.998631074606434,730.0,2019-07-23
curate,Curate Inc.,2021-03-31,2026-01-28,4.829568788501026,0,last_supplied_sub_1b_round_proxy,1.0,1.0,450000.0,450000.0,3.0,3.0,1.998631074606434,730.0,2019-04-01
livedata,"Live Data Technologies, Inc.",2021-03-26,2023-12-21,2.737850787132101,0,last_supplied_sub_1b_round_proxy,2.0,2.0,1175000.0,750000.0,0.0,0.0,1.998631074606434,449.0,2020-01-02
rockstepsolutions,"Rockstep Solutions, Inc.",2021-06-04,2022-08-30,1.2375085557837098,0,last_supplied_sub_1b_round_proxy,1.0,1.0,25000.0,25000.0,1.0,1.0,1.998631074606434,730.0,2019-06-05
socialswell,"SocialSwell, Inc.",2021-02-14,2021-03-17,0.08487337440109514,0,last_supplied_sub_1b_round_proxy,2.0,2.0,3071000.0,2730000.0,1.0,1.0,1.998631074606434,397.0,2020-01-14
harenadata,"Harena Data, Inc.",2021-01-23,2021-09-10,0.6297056810403833,0,last_supplied_sub_1b_round_proxy,2.0,2.0,630000.0,330000.0,0.0,0.0,1.998631074606434,207.0,2020-06-30
companycam,"CompanyCam, Inc.",2022-06-29,2025-08-21,3.1457905544147846,1,first_ge_1b_event,1.0,1.0,6000000.0,6000000.0,1.0,1.0,1.998631074606434,730.0,2020-06-29
alitheon,"Alitheon, Inc.",2022-01-07,2026-05-05,4.323066392881588,0,last_supplied_sub_1b_round_proxy,1.0,1.0,14900000.0,14900000.0,3.0,3.0,1.998631074606434,730.0,2020-01-08
anyplace,Anyplace Inc.,2022-04-15,2023-06-26,1.1964407939767283,0,last_supplied_sub_1b_round_proxy,1.0,1.0,5920000.0,5920000.0,6.0,6.0,1.998631074606434,730.0,2020-04-15
spiceology,"Spiceology, Inc.",2022-09-23,2024-08-29,1.9329226557152634,0,last_supplied_sub_1b_round_proxy,2.0,2.0,13310000.0,8610000.0,3.0,2.0,1.998631074606434,140.0,2022-05-06
lessen,"Lessen, LLC",2022-12-31,2023-01-12,0.03285420944558522,1,first_ge_1b_event,1.0,1.0,5300000.0,5300000.0,3.0,3.0,1.998631074606434,730.0,2020-12-31
virtueai,"Virtue AI, Inc.",2022-04-16,2025-04-15,2.9979466119096507,0,last_supplied_sub_1b_round_proxy,1.0,1.0,14000000.0,14000000.0,7.0,7.0,1.998631074606434,730.0,2020-04-16
magfast,"MAGFAST, LLC",2022-12-17,2025-04-30,2.3682409308692676,0,last_supplied_sub_1b_round_proxy,2.0,2.0,6060000.0,5000000.0,0.0,0.0,1.998631074606434,229.0,2022-05-02
feathr,"Feathr, Inc.",2022-01-02,2023-11-30,1.9082819986310746,0,last_supplied_sub_1b_round_proxy,1.0,1.0,11110000.0,11110000.0,3.0,3.0,1.998631074606434,730.0,2020-01-03
sungenomics,"Sun Genomics, Inc.",2022-09-16,2023-12-19,1.2566735112936345,0,last_supplied_sub_1b_round_proxy,1.0,1.0,9250000.0,9250000.0,5.0,5.0,1.998631074606434,730.0,2020-09-16
aperiosystems,"Aperio Systems, Inc.",2022-10-29,2023-08-24,0.8186173853524983,0,last_supplied_sub_1b_round_proxy,1.0,1.0,8500000.0,8500000.0,5.0,5.0,1.998631074606434,730.0,2020-10-29
alpacadb,"AlpacaDB, Inc.",2022-10-15,2026-01-14,3.249828884325804,1,first_ge_1b_event,1.0,1.0,10000000.0,10000000.0,5.0,5.0,1.998631074606434,730.0,2020-10-15
dexairobotics,"Dexai Robotics, Inc.",2022-03-05,2022-08-08,0.4271047227926078,0,last_supplied_sub_1b_round_proxy,1.0,1.0,5500000.0,5500000.0,5.0,5.0,1.998631074606434,730.0,2020-03-05
zillasecurity,"Zilla Security, Inc.",2022-06-04,2022-08-31,0.24093086926762491,0,last_supplied_sub_1b_round_proxy,1.0,1.0,4120000.0,4120000.0,0.0,0.0,1.998631074606434,730.0,2020-06-04
frontdesk,"Frontdesk, Inc.",2022-04-30,2022-09-13,0.3723477070499658,0,last_supplied_sub_1b_round_proxy,1.0,1.0,6800000.0,6800000.0,0.0,0.0,1.998631074606434,730.0,2020-04-30
atomocoffee,"Atomo Coffee, Inc.",2022-08-11,2025-01-10,2.4175222450376452,0,last_supplied_sub_1b_round_proxy,1.0,1.0,11600000.0,11600000.0,4.0,4.0,1.998631074606434,730.0,2020-08-11
neighborhoodsunbenefit,Neighborhood Sun Benefit Corp.,2022-09-30,2023-05-30,0.6625598904859685,0,last_supplied_sub_1b_round_proxy,1.0,1.0,375000.0,375000.0,0.0,0.0,1.998631074606434,730.0,2020-09-30
feeltheworld,"Feel the World, Inc.",2022-12-10,2025-04-24,2.3709787816563996,0,last_supplied_sub_1b_round_proxy,1.0,1.0,12500000.0,12500000.0,1.0,1.0,1.998631074606434,730.0,2020-12-10
kalshi,Kalshi Inc.,2022-03-19,2025-06-25,3.268993839835729,1,first_ge_1b_event,1.0,1.0,6090000.0,6090000.0,0.0,0.0,1.998631074606434,730.0,2020-03-19
elements,Elements LLC,2022-01-28,2022-04-15,0.2108145106091718,0,last_supplied_sub_1b_round_proxy,1.0,1.0,25000.0,25000.0,0.0,0.0,1.998631074606434,730.0,2020-01-29
autonomicmaterials,"Autonomic Materials, Inc.",2022-03-26,2022-06-13,0.216290212183436,0,last_supplied_sub_1b_round_proxy,1.0,1.0,2360000.0,2360000.0,0.0,0.0,1.998631074606434,730.0,2020-03-26
payroll4freecom,"Payroll4Free.com, Inc.",2022-09-10,2023-09-30,1.054072553045859,0,last_supplied_sub_1b_round_proxy,1.0,1.0,176000.0,176000.0,0.0,0.0,1.998631074606434,730.0,2020-09-10
greenswellgrowers,"Greenswell Growers, Inc.",2022-05-13,2023-04-18,0.9308692676249144,0,last_supplied_sub_1b_round_proxy,1.0,1.0,10800000.0,10800000.0,0.0,0.0,1.998631074606434,730.0,2020-05-13
leap,"Leap Technologies, Inc.",2022-08-25,2023-05-12,0.7118412046543463,0,last_supplied_sub_1b_round_proxy,3.0,3.0,18000000.0,12170000.0,3.0,3.0,1.998631074606434,111.0,2022-05-06
tasmedical,"TAS Medical, Inc.",2022-11-13,2025-08-26,2.784394250513347,0,last_supplied_sub_1b_round_proxy,1.0,1.0,5240000.0,5240000.0,0.0,0.0,1.998631074606434,730.0,2020-11-13
bigdropbrewing,Big Drop Brewing Company Limited,2022-03-31,2022-11-09,0.6105407255304586,0,last_supplied_sub_1b_round_proxy,1.0,1.0,769000.0,769000.0,0.0,0.0,1.998631074606434,730.0,2020-03-31
4dpath,"4D Path, Inc.",2022-07-28,2026-05-05,3.7700205338809036,0,last_supplied_sub_1b_round_proxy,1.0,1.0,4110000.0000000005,4110000.0000000005,0.0,0.0,1.998631074606434,730.0,2020-07-28
locallocker,Local Locker Incorporated,2022-05-12,2023-11-03,1.4784394250513346,0,last_supplied_sub_1b_round_proxy,1.0,1.0,3360000.0,3360000.0,0.0,0.0,1.998631074606434,730.0,2020-05-12
rune,"Rune Labs, Inc.",2022-10-26,2025-02-26,2.3381245722108144,0,last_supplied_sub_1b_round_proxy,1.0,1.0,5000000.0,5000000.0,5.0,5.0,1.998631074606434,730.0,2020-10-26
virgosurgicalvideosolutions,"Virgo Surgical Video Solutions, Inc.",2022-02-06,2022-03-29,0.13963039014373715,0,last_supplied_sub_1b_round_proxy,1.0,1.0,657000.0,657000.0,0.0,0.0,1.998631074606434,730.0,2020-02-07
plei,"Plei, Inc.",2022-03-27,2023-12-12,1.7111567419575633,0,last_supplied_sub_1b_round_proxy,1.0,1.0,119000.0,119000.0,0.0,0.0,1.998631074606434,730.0,2020-03-27
journeymeditation,"Journey Meditation, Inc.",2022-02-19,2025-07-25,3.4277891854893907,0,last_supplied_sub_1b_round_proxy,1.0,1.0,1610000.0,1610000.0,0.0,0.0,1.998631074606434,730.0,2020-02-20
abacode,"Abacode, Inc.",2022-01-08,2022-11-14,0.8487337440109514,0,last_supplied_sub_1b_round_proxy,1.0,1.0,4850000.0,4850000.0,1.0,1.0,1.998631074606434,730.0,2020-01-09
bigderbydistilling,Big Derby Distilling Company,2022-04-30,2024-12-31,2.6721423682409307,0,last_supplied_sub_1b_round_proxy,2.0,2.0,2595000.0,1990000.0,0.0,0.0,1.998631074606434,119.0,2022-01-01
tapwage,Tapwage Inc.,2022-06-30,2023-06-27,0.9911019849418207,0,last_supplied_sub_1b_round_proxy,1.0,1.0,5000000.0,5000000.0,0.0,0.0,1.998631074606434,730.0,2020-06-30
tenovos,"Tenovos, Inc.",2022-07-15,2022-11-21,0.3531827515400411,0,last_supplied_sub_1b_round_proxy,1.0,1.0,8320000.0,8320000.0,4.0,4.0,1.998631074606434,730.0,2020-07-15
zbiotics,ZBiotics Company,2022-03-12,2024-04-09,2.078028747433265,0,last_supplied_sub_1b_round_proxy,1.0,1.0,5690000.0,5690000.0,1.0,1.0,1.998631074606434,730.0,2020-03-12
acclivityhealthsolutions,"Acclivity Health Solutions, Inc.",2022-08-07,2022-08-11,0.010951403148528405,0,last_supplied_sub_1b_round_proxy,1.0,1.0,2410000.0,2410000.0,0.0,0.0,1.998631074606434,730.0,2020-08-07
clientbook,"Clientbook, Inc.",2022-05-29,2023-07-28,1.163586584531143,0,last_supplied_sub_1b_round_proxy,1.0,1.0,272000.0,272000.0,1.0,1.0,1.998631074606434,730.0,2020-05-29
salad,"Salad Technologies, Inc.",2022-12-09,2023-03-16,0.2655715263518138,0,last_supplied_sub_1b_round_proxy,1.0,1.0,3200000.0,3200000.0,3.0,3.0,1.998631074606434,730.0,2020-12-09
krowdsourced,Krowdsourced Inc.,2022-02-20,2023-08-01,1.4428473648186173,0,last_supplied_sub_1b_round_proxy,1.0,1.0,2500000.0,2500000.0,4.0,4.0,1.998631074606434,730.0,2020-02-21
bolsternetworks,"Bolster Networks, Inc.",2022-08-06,2024-07-30,1.9822039698836413,0,last_supplied_sub_1b_round_proxy,2.0,2.0,13800000.0,11000000.0,7.0,7.0,1.998631074606434,207.0,2022-01-11
ihybrid,iHybrid Ltd,2022-02-23,2022-08-09,0.45722108145106094,0,last_supplied_sub_1b_round_proxy,1.0,1.0,470000.0,470000.0,0.0,0.0,1.998631074606434,730.0,2020-02-24
vliso,"Vliso, Inc.",2022-09-03,2024-07-18,1.8726899383983573,0,last_supplied_sub_1b_round_proxy,2.0,2.0,1618000.0,1070000.0,0.0,0.0,1.998631074606434,128.0,2022-04-28
celestialai,Celestial AI Inc.,2022-08-26,2025-08-13,2.965092402464066,1,first_ge_1b_event,2.0,2.0,7870000.0,5000000.0,0.0,0.0,1.998631074606434,598.0,2021-01-05
intento,"Intento, Inc.",2022-07-01,2023-11-16,1.377138945927447,0,last_supplied_sub_1b_round_proxy,1.0,1.0,3000000.0,3000000.0,4.0,4.0,1.998631074606434,730.0,2020-07-01
engrain,Engrain Technology Inc.,2022-09-14,2023-03-16,0.5010266940451745,0,last_supplied_sub_1b_round_proxy,1.0,1.0,3720000.0,3720000.0,1.0,1.0,1.998631074606434,730.0,2020-09-14
afficiency,Afficiency Inc.,2022-02-19,2022-08-03,0.4517453798767967,0,last_supplied_sub_1b_round_proxy,1.0,1.0,3150000.0,3150000.0,0.0,0.0,1.998631074606434,730.0,2020-02-20
anodynenanotech,"Anodyne Nanotech, Inc.",2022-08-07,2026-06-11,3.8439425051334704,0,last_supplied_sub_1b_round_proxy,1.0,1.0,1470000.0,1470000.0,0.0,0.0,1.998631074606434,730.0,2020-08-07
crediblemind,"CredibleMind, Inc.",2022-05-05,2024-10-29,2.485968514715948,0,last_supplied_sub_1b_round_proxy,2.0,2.0,675000.0,575000.0,0.0,0.0,1.998631074606434,332.0,2021-06-07
spyderbat,"Spyderbat, Inc.",2022-07-22,2022-10-24,0.25735797399041754,0,last_supplied_sub_1b_round_proxy,1.0,1.0,4230000.0,4230000.0,2.0,2.0,1.998631074606434,730.0,2020-07-22
virtualconnect,"Virtual Connect Technologies, Inc.",2022-03-27,2024-08-15,2.3874058863791925,0,last_supplied_sub_1b_round_proxy,1.0,1.0,5000000.0,5000000.0,0.0,0.0,1.998631074606434,730.0,2020-03-27
breaderssrl,Breaders srl,2022-02-27,2023-03-20,1.056810403832991,0,last_supplied_sub_1b_round_proxy,1.0,1.0,1390000.0,1390000.0,0.0,0.0,1.998631074606434,730.0,2020-02-28
airdeck,"AirDeck, Inc.",2022-12-01,2023-06-13,0.5311430527036276,0,last_supplied_sub_1b_round_proxy,1.0,1.0,3400000.0,3400000.0,4.0,4.0,1.998631074606434,730.0,2020-12-01
teal,"Teal Labs, Inc.",2022-03-06,2025-01-22,2.8829568788501025,0,last_supplied_sub_1b_round_proxy,2.0,2.0,11080000.0,6330000.0,10.0,10.0,1.998631074606434,74.0,2021-12-22
bevaya,Bevaya,2022-10-13,2023-02-21,0.3586584531143053,0,last_supplied_sub_1b_round_proxy,1.0,1.0,4250000.0,4250000.0,1.0,1.0,1.998631074606434,730.0,2020-10-13
turaco,Turaco Inc.,2022-12-01,2026-03-02,3.249828884325804,0,last_supplied_sub_1b_round_proxy,2.0,2.0,13360000.0,10000000.0,9.0,9.0,1.998631074606434,77.0,2022-09-15
noriwa,Nori Inc. / WA,2022-09-10,2023-06-06,0.7364818617385352,0,last_supplied_sub_1b_round_proxy,2.0,2.0,11480000.0,7000000.0,5.0,3.0,1.998631074606434,198.0,2022-02-24
pictionhealth,"Piction Health, Inc.",2022-07-15,2024-06-26,1.949349760438056,0,last_supplied_sub_1b_round_proxy,1.0,1.0,2380000.0,2380000.0,4.0,4.0,1.998631074606434,730.0,2020-07-15
starlingsolutions,"Starling Solutions, Inc.",2022-11-12,2023-12-04,1.0595482546201231,0,last_supplied_sub_1b_round_proxy,1.0,1.0,3810000.0,3810000.0,3.0,3.0,1.998631074606434,730.0,2020-11-12
lightfoxgames,"Lightfox Games, Inc.",2022-11-12,2023-02-06,0.23545516769336072,0,last_supplied_sub_1b_round_proxy,1.0,1.0,3840000.0,3840000.0,3.0,3.0,1.998631074606434,730.0,2020-11-12
picomes,Pico MES Inc.,2022-09-09,2023-08-22,0.9500342231348392,0,last_supplied_sub_1b_round_proxy,1.0,1.0,2500000.0,2500000.0,0.0,0.0,1.998631074606434,730.0,2020-09-09
monarc,"Monarc, Inc.",2022-09-15,2023-05-24,0.6872005475701575,0,last_supplied_sub_1b_round_proxy,1.0,1.0,1300000.0,1300000.0,0.0,0.0,1.998631074606434,730.0,2020-09-15
tempotherapeutics,"Tempo Therapeutics, Inc.",2022-06-02,2024-03-15,1.78507871321013,0,last_supplied_sub_1b_round_proxy,1.0,1.0,3840000.0,3840000.0,0.0,0.0,1.998631074606434,730.0,2020-06-02
arimagenomics,"Arima Genomics, Inc.",2022-02-12,2022-03-15,0.08487337440109514,0,last_supplied_sub_1b_round_proxy,1.0,1.0,3730000.0,3730000.0,4.0,4.0,1.998631074606434,730.0,2020-02-13
cure,"Cure, Inc.",2022-08-18,2023-03-31,0.6160164271047228,0,last_supplied_sub_1b_round_proxy,1.0,1.0,2610000.0,2610000.0,3.0,3.0,1.998631074606434,730.0,2020-08-18
dimensioninx,Dimension Inx Corp.,2022-11-10,2023-02-01,0.2272416153319644,0,last_supplied_sub_1b_round_proxy,2.0,2.0,5680000.0,3390000.0,3.0,3.0,1.998631074606434,346.0,2021-11-29
urgentconsult,"Urgent Consult, Inc.",2022-03-13,2023-01-10,0.8295687885010267,0,last_supplied_sub_1b_round_proxy,1.0,1.0,2700000.0,2700000.0,3.0,3.0,1.998631074606434,730.0,2020-03-13
finicast,"Finicast, Inc.",2022-12-02,2023-07-27,0.648870636550308,0,last_supplied_sub_1b_round_proxy,1.0,1.0,1000000.0,1000000.0,0.0,0.0,1.998631074606434,730.0,2020-12-02
derivita,"Derivita, Inc.",2022-06-03,2024-04-04,1.83709787816564,0,last_supplied_sub_1b_round_proxy,1.0,1.0,3300000.0,3300000.0,0.0,0.0,1.998631074606434,730.0,2020-06-03
learnin,"LearnIn, Inc.",2022-03-27,2022-04-12,0.04380561259411362,0,last_supplied_sub_1b_round_proxy,1.0,1.0,3520000.0,3520000.0,4.0,4.0,1.998631074606434,730.0,2020-03-27
vantisvascular,"Vantis Vascular, Inc.",2022-12-14,2024-12-12,1.995893223819302,0,last_supplied_sub_1b_round_proxy,1.0,1.0,700000.0,700000.0,0.0,0.0,1.998631074606434,730.0,2020-12-14
monad,"Monad, Inc.",2022-06-04,2024-04-09,1.8480492813141685,1,first_ge_1b_event,1.0,1.0,2000000.0,2000000.0,0.0,0.0,1.998631074606434,730.0,2020-06-04
warriorcentrichealth,Warrior Centric Health LLC,2022-09-29,2022-12-23,0.2327173169062286,0,last_supplied_sub_1b_round_proxy,1.0,1.0,3300000.0,3300000.0,2.0,2.0,1.998631074606434,730.0,2020-09-29
ortharize,Ortharize Limited,2022-02-17,2023-09-22,1.593429158110883,0,last_supplied_sub_1b_round_proxy,1.0,1.0,667000.0,667000.0,0.0,0.0,1.998631074606434,730.0,2020-02-18
conversenow,"ConverseNow Technologies, Inc.",2022-05-13,2022-08-11,0.2464065708418891,0,last_supplied_sub_1b_round_proxy,2.0,2.0,18250000.0,15000000.0,8.0,8.0,1.998631074606434,288.0,2021-07-29
jutiso,"Jutiso, Inc.",2022-10-16,2025-09-18,2.924024640657084,0,last_supplied_sub_1b_round_proxy,1.0,1.0,150000.0,150000.0,1.0,1.0,1.998631074606434,730.0,2020-10-16
systeminitiative,"System Initiative, Inc.",2022-07-22,2025-04-17,2.737850787132101,0,last_supplied_sub_1b_round_proxy,1.0,1.0,3000000.0,3000000.0,3.0,3.0,1.998631074606434,730.0,2020-07-22
avallenspiritsbv,Avallen Spirits B.V.,2022-08-23,2022-09-11,0.05201916495550993,0,last_supplied_sub_1b_round_proxy,1.0,1.0,335000.0,335000.0,0.0,0.0,1.998631074606434,730.0,2020-08-23
crowdplay,"CrowdPlay, Inc.",2022-06-05,2023-03-03,0.7419575633127995,0,last_supplied_sub_1b_round_proxy,1.0,1.0,1330000.0,1330000.0,0.0,0.0,1.998631074606434,730.0,2020-06-05
bazookatango,"Bazooka Tango, Inc.",2022-03-16,2023-11-16,1.6700889801505818,0,last_supplied_sub_1b_round_proxy,1.0,1.0,2490000.0,2490000.0,3.0,3.0,1.998631074606434,730.0,2020-03-16
neurodex,NeuroDex Inc.,2022-01-30,2022-08-30,0.5804243668720055,0,last_supplied_sub_1b_round_proxy,1.0,1.0,500000.0,500000.0,1.0,1.0,1.998631074606434,730.0,2020-01-31
confirmhr,"Confirm HR, Inc.",2022-03-23,2023-08-30,1.4373716632443532,0,last_supplied_sub_1b_round_proxy,2.0,2.0,5250000.0,3000000.0,0.0,0.0,1.998631074606434,265.0,2021-07-01
jobboxprivate,JobBox Technologies Private Limited,2022-07-28,2022-11-30,0.34223134839151265,0,last_supplied_sub_1b_round_proxy,1.0,1.0,1860000.0,1860000.0,4.0,4.0,1.998631074606434,730.0,2020-07-28
championsround,"Champions Round, Inc.",2022-11-30,2023-02-27,0.243668720054757,0,last_supplied_sub_1b_round_proxy,1.0,1.0,1000000.0,1000000.0,1.0,1.0,1.998631074606434,730.0,2020-11-30
gruntled,"Gruntled Group, Inc",2022-05-04,2022-11-22,0.5530458590006845,0,last_supplied_sub_1b_round_proxy,1.0,1.0,445000.0,445000.0,0.0,0.0,1.998631074606434,730.0,2020-05-04
bajio,"Bajio, Inc.",2022-08-07,2024-04-10,1.675564681724846,0,last_supplied_sub_1b_round_proxy,3.0,3.0,8050000.0,3500000.0,0.0,0.0,1.998631074606434,286.0,2021-10-25
visageenterprise,"Visage Enterprise, Inc.",2022-10-08,2024-12-03,2.1546885694729636,0,last_supplied_sub_1b_round_proxy,1.0,1.0,120000.0,120000.0,1.0,1.0,1.998631074606434,730.0,2020-10-08
mealme,"MealMe, Inc.",2022-10-08,2024-03-14,1.431895961670089,0,last_supplied_sub_1b_round_proxy,1.0,1.0,120000.0,120000.0,1.0,1.0,1.998631074606434,730.0,2020-10-08
diementerprises,Diem Enterprises Inc.,2022-10-08,2022-11-22,0.12320328542094455,0,last_supplied_sub_1b_round_proxy,1.0,1.0,120000.0,120000.0,1.0,1.0,1.998631074606434,730.0,2020-10-08
yourpoppy,"Your Poppy, Inc.",2022-10-19,2025-11-18,3.082819986310746,0,last_supplied_sub_1b_round_proxy,1.0,1.0,120000.0,120000.0,1.0,1.0,1.998631074606434,730.0,2020-10-19
nickelytics,Nickelytics Inc.,2022-04-23,2024-06-24,2.1711156741957565,0,last_supplied_sub_1b_round_proxy,1.0,1.0,120000.0,120000.0,1.0,1.0,1.998631074606434,730.0,2020-04-23
bestshotcare,"Best Shot Care, Inc.",2022-04-30,2023-01-09,0.6954140999315537,0,last_supplied_sub_1b_round_proxy,1.0,1.0,120000.0,120000.0,1.0,1.0,1.998631074606434,730.0,2020-04-30
monitaur,"Monitaur, Inc.",2022-04-28,2024-05-13,2.0424366872005475,0,last_supplied_sub_1b_round_proxy,1.0,1.0,120000.0,120000.0,1.0,1.0,1.998631074606434,730.0,2020-04-28
optera,"Optera, Inc.",2022-11-09,2023-09-12,0.840520191649555,0,last_supplied_sub_1b_round_proxy,2.0,2.0,5930000.0,4179999.9999999995,6.0,6.0,1.998631074606434,264.0,2022-02-18
disaster,Disaster Technologies Incorporated,2022-05-06,2026-07-09,4.175222450376454,0,last_supplied_sub_1b_round_proxy,2.0,2.0,1250000.0,1050000.0,0.0,0.0,1.998631074606434,374.0,2021-04-27
betsperts,"Betsperts, Inc.",2022-01-08,2023-03-07,1.158110882956879,0,last_supplied_sub_1b_round_proxy,2.0,2.0,7640000.0,6000000.0,5.0,5.0,1.998631074606434,135.0,2021-08-26
userfirstsoftware,"UserFirst Software, Inc.",2022-05-14,2024-11-19,2.518822724161533,0,last_supplied_sub_1b_round_proxy,1.0,1.0,110000.0,110000.0,0.0,0.0,1.998631074606434,730.0,2020-05-14
pomerium,Pomerium Inc.,2022-03-26,2024-06-20,2.236824093086927,0,last_supplied_sub_1b_round_proxy,1.0,1.0,1500000.0,1500000.0,0.0,0.0,1.998631074606434,730.0,2020-03-26
carketa,"Carketa, Inc.",2022-09-01,2024-08-07,1.9329226557152634,0,last_supplied_sub_1b_round_proxy,2.0,2.0,7370000.0,6000000.0,5.0,5.0,1.998631074606434,289.0,2021-11-16
meredotsia,Meredot SIA,2022-01-20,2023-12-05,1.8726899383983573,0,last_supplied_sub_1b_round_proxy,1.0,1.0,244000.0,244000.0,1.0,1.0,1.998631074606434,730.0,2020-01-21
xonasystems,"Xona Systems, Inc.",2022-03-17,2022-05-25,0.188911704312115,0,last_supplied_sub_1b_round_proxy,1.0,1.0,1410000.0,1410000.0,0.0,0.0,1.998631074606434,730.0,2020-03-17
chalktalksolutions,"ChalkTalk Solutions, Inc.",2022-10-29,2025-03-06,2.351813826146475,0,last_supplied_sub_1b_round_proxy,1.0,1.0,100000.0,100000.0,1.0,1.0,1.998631074606434,730.0,2020-10-29
themilk,"The Milk, Inc.",2022-05-06,2022-05-09,0.008213552361396304,0,last_supplied_sub_1b_round_proxy,1.0,1.0,1040000.0,1040000.0,0.0,0.0,1.998631074606434,730.0,2020-05-06
workclasspte,WorkClass Pte. Ltd.,2022-04-24,2022-12-24,0.6680355920602327,0,last_supplied_sub_1b_round_proxy,1.0,1.0,100000.0,100000.0,1.0,1.0,1.998631074606434,730.0,2020-04-24
worldmatcha,World Matcha Inc.,2022-04-21,2024-01-23,1.757700205338809,0,last_supplied_sub_1b_round_proxy,1.0,1.0,1000000.0,1000000.0,0.0,0.0,1.998631074606434,730.0,2020-04-21
pragli,"Pragli, Inc.",2022-06-24,2024-12-10,2.4640657084188913,0,last_supplied_sub_1b_round_proxy,2.0,2.0,6000000.0,5000000.0,6.0,6.0,1.998631074606434,143.0,2022-02-01
greyscaleai,"GreyscaleAI, Inc.",2022-12-22,2025-01-23,2.088980150581793,0,last_supplied_sub_1b_round_proxy,1.0,1.0,975000.0,975000.0,0.0,0.0,1.998631074606434,730.0,2020-12-22
testsigma,"Testsigma Technologies, Inc.",2022-02-19,2022-02-28,0.024640657084188913,0,last_supplied_sub_1b_round_proxy,1.0,1.0,600000.0,600000.0,0.0,0.0,1.998631074606434,730.0,2020-02-20
cerusfitness,Cerus Fitness Inc.,2022-06-12,2024-12-02,2.4750171115674195,0,last_supplied_sub_1b_round_proxy,1.0,1.0,72000.0,72000.0,0.0,0.0,1.998631074606434,730.0,2020-06-12
intuscare,Intus Care Inc.,2022-04-23,2025-01-16,2.735112936344969,0,last_supplied_sub_1b_round_proxy,1.0,1.0,505000.0,505000.0,1.0,1.0,1.998631074606434,730.0,2020-04-23
mcaltherapeutics,MCAL Therapeutics Inc.,2022-06-04,2024-03-27,1.8124572210814511,0,last_supplied_sub_1b_round_proxy,1.0,1.0,451000.0,451000.0,0.0,0.0,1.998631074606434,730.0,2020-06-04
intergendata,"InterGen Data, Inc.",2022-12-02,2025-03-31,2.327173169062286,0,last_supplied_sub_1b_round_proxy,1.0,1.0,20000.0,20000.0,1.0,1.0,1.998631074606434,730.0,2020-12-02
firstresonance,"First Resonance, Inc.",2023-02-24,2024-11-07,1.702943189596167,0,last_supplied_sub_1b_round_proxy,2.0,2.0,17500000.0,14000000.0,9.0,9.0,1.998631074606434,442.0,2021-12-09
tausight,Tausight Inc.,2023-03-10,2023-08-15,0.432580424366872,0,last_supplied_sub_1b_round_proxy,1.0,1.0,20000000.0,20000000.0,3.0,3.0,1.998631074606434,730.0,2021-03-10
lambda,"Lambda, Inc.",2023-07-14,2024-02-15,0.5913757700205339,1,first_ge_1b_event,1.0,1.0,15000000.0,15000000.0,4.0,4.0,1.998631074606434,730.0,2021-07-14
entytle,"Entytle, Inc.",2023-11-08,2024-03-19,0.3613963039014374,0,last_supplied_sub_1b_round_proxy,1.0,1.0,2550000.0,2550000.0,0.0,0.0,1.998631074606434,730.0,2021-11-08
learninginnovationcatalyst,"Learning Innovation Catalyst, Inc.",2023-12-17,2025-08-19,1.672826830937714,0,last_supplied_sub_1b_round_proxy,1.0,1.0,5620000.0,5620000.0,1.0,1.0,1.998631074606434,730.0,2021-12-17
empiricalspine,"Empirical Spine, Inc.",2023-06-02,2024-06-20,1.051334702258727,0,last_supplied_sub_1b_round_proxy,1.0,1.0,10680000.0,10680000.0,2.0,2.0,1.998631074606434,730.0,2021-06-02
roboligent,"Roboligent, Inc.",2023-12-06,2024-09-05,0.7501711156741958,0,last_supplied_sub_1b_round_proxy,1.0,1.0,389000.0,389000.0,0.0,0.0,1.998631074606434,730.0,2021-12-06
cellibre,"Cellibre, Inc.",2023-10-13,2024-10-09,0.9911019849418207,0,last_supplied_sub_1b_round_proxy,1.0,1.0,11500000.0,11500000.0,5.0,5.0,1.998631074606434,730.0,2021-10-13
lula,"Lula Technologies, Inc.",2023-07-08,2025-10-28,2.308008213552361,0,last_supplied_sub_1b_round_proxy,1.0,1.0,14730000.0,14730000.0,6.0,6.0,1.998631074606434,730.0,2021-07-08
helmhealth,Helm Health Corp,2023-09-01,2026-03-23,2.5571526351813825,0,last_supplied_sub_1b_round_proxy,1.0,1.0,6740000.0,6740000.0,5.0,5.0,1.998631074606434,730.0,2021-09-01
checksigsrl,CheckSig S.r.l.,2023-12-22,2026-01-19,2.078028747433265,0,last_supplied_sub_1b_round_proxy,1.0,1.0,1700000.0,1700000.0,0.0,0.0,1.998631074606434,730.0,2021-12-22
concreit,Concreit Inc.,2023-09-16,2024-10-02,1.0458590006844628,0,last_supplied_sub_1b_round_proxy,1.0,1.0,6000000.0,6000000.0,2.0,2.0,1.998631074606434,730.0,2021-09-16
nscaleglobal,NScale Global Holdings Limited,2023-03-31,2026-03-09,2.940451745379877,1,first_ge_1b_event,1.0,1.0,4410000.0,4410000.0,2.0,2.0,1.998631074606434,730.0,2021-03-31
avesha,"Avesha, Inc.",2023-01-21,2024-10-11,1.7221081451060918,0,last_supplied_sub_1b_round_proxy,1.0,1.0,6000000.0,6000000.0,1.0,1.0,1.998631074606434,730.0,2021-01-21
appmail,"AppMail, Inc.",2023-03-03,2024-04-23,1.1416837782340863,0,last_supplied_sub_1b_round_proxy,1.0,1.0,247000.0,247000.0,0.0,0.0,1.998631074606434,730.0,2021-03-03
heydayhealth,Heyday Health Corporation,2023-05-07,2024-06-24,1.1334702258726899,0,last_supplied_sub_1b_round_proxy,1.0,1.0,5000000.0,5000000.0,1.0,1.0,1.998631074606434,730.0,2021-05-07
formassembly,FormAssembly Inc.,2023-01-07,2024-03-14,1.1827515400410678,0,last_supplied_sub_1b_round_proxy,1.0,1.0,2049999.9999999998,2049999.9999999998,0.0,0.0,1.998631074606434,730.0,2021-01-07
arqu,"arqu, Inc.",2023-10-29,2024-09-22,0.9007529089664613,0,last_supplied_sub_1b_round_proxy,1.0,1.0,3500000.0,3500000.0,0.0,0.0,1.998631074606434,730.0,2021-10-29
bemehealth,"BeMe Health, Inc",2023-11-04,2024-08-22,0.7994524298425736,0,last_supplied_sub_1b_round_proxy,1.0,1.0,7240000.0,7240000.0,2.0,2.0,1.998631074606434,730.0,2021-11-04
betterhealthsupplies,"Better Health Supplies, Inc.",2023-06-28,2024-06-13,0.9609856262833676,0,last_supplied_sub_1b_round_proxy,1.0,1.0,13450000.0,13450000.0,8.0,8.0,1.998631074606434,730.0,2021-06-28
wcapitalmarketspte,W Capital Markets Pte Ltd,2023-05-04,2024-12-31,1.6618754277891854,0,last_supplied_sub_1b_round_proxy,1.0,0.0,0.0,0.0,1.0,1.0,1.998631074606434,730.0,2021-05-04
tombot,"Tombot, Inc.",2023-11-03,2026-06-25,2.642026009582478,0,last_supplied_sub_1b_round_proxy,1.0,1.0,570000.0,570000.0,0.0,0.0,1.998631074606434,730.0,2021-11-03
avibra,"Avibra, Inc.",2023-04-28,2024-10-03,1.434633812457221,0,last_supplied_sub_1b_round_proxy,1.0,1.0,7180000.0,7180000.0,0.0,0.0,1.998631074606434,730.0,2021-04-28
pomelocare,"Pomelo Care, Inc.",2023-08-25,2026-01-08,2.3737166324435317,1,first_ge_1b_event,1.0,1.0,7960000.0,7960000.0,2.0,2.0,1.998631074606434,730.0,2021-08-25
carputty,CarPutty Inc.,2023-07-28,2024-03-06,0.6078028747433265,0,last_supplied_sub_1b_round_proxy,1.0,1.0,9650000.0,9650000.0,3.0,3.0,1.998631074606434,730.0,2021-07-28
nada,"Nada Holdings, Inc.",2023-07-27,2024-06-13,0.8815879534565366,0,last_supplied_sub_1b_round_proxy,1.0,1.0,1860000.0,1860000.0,0.0,0.0,1.998631074606434,730.0,2021-07-27
dapphero,dappHero Corp.,2023-08-30,2025-01-28,1.4154688569472964,0,last_supplied_sub_1b_round_proxy,1.0,1.0,6000000.0,6000000.0,0.0,0.0,1.998631074606434,730.0,2021-08-30
podcastle,"Podcastle, Inc.",2023-10-05,2024-02-01,0.3258042436687201,0,last_supplied_sub_1b_round_proxy,1.0,1.0,7000000.0,7000000.0,6.0,6.0,1.998631074606434,730.0,2021-10-05
strategikonpharma,"Strategikon Pharma, Inc.",2023-04-22,2024-02-06,0.7939767282683093,0,last_supplied_sub_1b_round_proxy,1.0,1.0,3500000.0,3500000.0,8.0,8.0,1.998631074606434,730.0,2021-04-22
brotherjustuswhiskey,Brother Justus Whiskey Co.,2023-06-01,2025-07-16,2.1245722108145104,0,last_supplied_sub_1b_round_proxy,1.0,1.0,3940000.0,3940000.0,0.0,0.0,1.998631074606434,730.0,2021-06-01
vero,"VERO Technologies, Inc.",2023-06-23,2025-05-20,1.9082819986310746,0,last_supplied_sub_1b_round_proxy,2.0,2.0,14000000.0,9000000.0,5.0,4.0,1.998631074606434,73.0,2023-04-11
pvalue,pValue Inc.,2023-05-07,2025-03-25,1.8836413415468858,0,last_supplied_sub_1b_round_proxy,1.0,1.0,3020000.0,3020000.0,4.0,4.0,1.998631074606434,730.0,2021-05-07
swiftrails,"Swift Rails, Inc.",2023-02-16,2024-04-29,1.1991786447638604,0,last_supplied_sub_1b_round_proxy,2.0,2.0,661000.0,362000.0,0.0,0.0,1.998631074606434,60.0,2022-12-18
amulet,"Amulet, PBC",2023-03-29,2024-08-12,1.374401095140315,0,last_supplied_sub_1b_round_proxy,1.0,1.0,4099999.9999999995,4099999.9999999995,8.0,8.0,1.998631074606434,730.0,2021-03-29
badstuff,Bad Stuff LLC,2023-05-01,2024-12-30,1.6673511293634498,0,last_supplied_sub_1b_round_proxy,1.0,1.0,386000.0,386000.0,0.0,0.0,1.998631074606434,730.0,2021-05-01
hungrigamesbilisimas,Hungri Games Bilisim A.S.,2023-06-09,2023-08-14,0.1806981519507187,0,last_supplied_sub_1b_round_proxy,1.0,1.0,1100000.0,1100000.0,1.0,1.0,1.998631074606434,730.0,2021-06-09
greensparksoftware,"GreenSpark Software, Inc.",2023-12-20,2024-01-19,0.08213552361396304,0,last_supplied_sub_1b_round_proxy,1.0,1.0,5000000.0,5000000.0,2.0,2.0,1.998631074606434,730.0,2021-12-20
mlrauto,MLR Auto Limited,2023-10-23,2025-06-19,1.6563997262149213,0,last_supplied_sub_1b_round_proxy,1.0,1.0,2510000.0,2510000.0,1.0,1.0,1.998631074606434,730.0,2021-10-23
botbuilt,BotBuilt Inc.,2023-02-19,2023-12-27,0.8514715947980835,0,last_supplied_sub_1b_round_proxy,1.0,1.0,2000000.0,2000000.0,0.0,0.0,1.998631074606434,730.0,2021-02-19
wordcollections,"WordCollections, Inc.",2023-11-03,2025-01-31,1.2457221081451062,0,last_supplied_sub_1b_round_proxy,2.0,2.0,8370000.0,4870000.0,0.0,0.0,1.998631074606434,84.0,2023-08-11
hellohive,HelloHive Inc.,2023-07-27,2024-02-22,0.5749486652977412,0,last_supplied_sub_1b_round_proxy,1.0,1.0,2380000.0,2380000.0,0.0,0.0,1.998631074606434,730.0,2021-07-27
documo,Documo Inc.,2023-09-11,2024-06-06,0.7364818617385352,0,last_supplied_sub_1b_round_proxy,1.0,1.0,9500000.0,9500000.0,0.0,0.0,1.998631074606434,730.0,2021-09-11
thenobaked,The NoBaked Company,2023-11-22,2025-04-25,1.4236824093086926,0,last_supplied_sub_1b_round_proxy,1.0,1.0,496000.0,496000.0,0.0,0.0,1.998631074606434,730.0,2021-11-22
foliahealth,"Folia Health, Inc.",2023-11-09,2025-10-01,1.894592744695414,0,last_supplied_sub_1b_round_proxy,1.0,1.0,6000000.0,6000000.0,0.0,0.0,1.998631074606434,730.0,2021-11-09
tiretutor,"TireTutor, Inc.",2023-12-22,2024-07-01,0.5256673511293635,0,last_supplied_sub_1b_round_proxy,1.0,1.0,4280000.0,4280000.0,2.0,2.0,1.998631074606434,730.0,2021-12-22
kokomedical,"KoKo Medical, Inc.",2023-11-15,2023-12-15,0.08213552361396304,0,last_supplied_sub_1b_round_proxy,1.0,1.0,2500000.0,2500000.0,0.0,0.0,1.998631074606434,730.0,2021-11-15
tredearth,Tred Earth Ltd,2023-04-07,2023-08-25,0.38329911019849416,0,last_supplied_sub_1b_round_proxy,1.0,1.0,1250000.0,1250000.0,0.0,0.0,1.998631074606434,730.0,2021-04-07
forjsoftware,"Forj Software, Inc.",2023-06-28,2026-01-29,2.5900068446269677,0,last_supplied_sub_1b_round_proxy,1.0,1.0,4500000.0,4500000.0,2.0,2.0,1.998631074606434,730.0,2021-06-28
fessuraitaliasrl,Fessura Italia SRL,2023-08-01,2025-04-14,1.702943189596167,0,last_supplied_sub_1b_round_proxy,1.0,1.0,1840000.0,1840000.0,0.0,0.0,1.998631074606434,730.0,2021-08-01
tccbrands,TCC Brands Inc.,2023-09-13,2025-07-30,1.8781656399726214,0,last_supplied_sub_1b_round_proxy,1.0,1.0,2390000.0,2390000.0,0.0,0.0,1.998631074606434,730.0,2021-09-13
wallasoftware,"Walla Software, Inc.",2023-10-12,2025-10-28,2.0451745379876796,0,last_supplied_sub_1b_round_proxy,2.0,2.0,11000000.0,8000000.0,5.0,5.0,1.998631074606434,455.0,2022-07-14
nookscommunications,"Nooks Communications, Inc.",2023-07-14,2024-04-24,0.7802874743326489,0,last_supplied_sub_1b_round_proxy,1.0,1.0,5140000.0,5140000.0,2.0,2.0,1.998631074606434,730.0,2021-07-14
veracitywellness,Veracity Wellness Inc.,2023-07-02,2025-06-17,1.9603011635865846,0,last_supplied_sub_1b_round_proxy,1.0,1.0,4930000.0,4930000.0,0.0,0.0,1.998631074606434,730.0,2021-07-02
hoodieanalytics,Hoodie Analytics,2023-12-02,2024-06-27,0.5694729637234771,0,last_supplied_sub_1b_round_proxy,1.0,1.0,3420000.0,3420000.0,0.0,0.0,1.998631074606434,730.0,2021-12-02
daisygenomics,Daisy Genomics Inc.,2023-10-12,2025-12-08,2.1574264202600957,0,last_supplied_sub_1b_round_proxy,1.0,1.0,2069999.9999999998,2069999.9999999998,4.0,4.0,1.998631074606434,730.0,2021-10-12
azimuthgrc,"Azimuth GRC, Inc.",2023-11-10,2023-12-20,0.10951403148528405,0,last_supplied_sub_1b_round_proxy,1.0,1.0,6300000.0,6300000.0,2.0,2.0,1.998631074606434,730.0,2021-11-10
ando,Ando Inc.,2023-05-25,2026-02-12,2.7214236824093088,0,last_supplied_sub_1b_round_proxy,1.0,1.0,2000000.0,2000000.0,0.0,0.0,1.998631074606434,730.0,2021-05-25
shepherd,"Shepherd Labs, Inc.",2023-09-02,2024-02-07,0.432580424366872,0,last_supplied_sub_1b_round_proxy,1.0,1.0,6150000.0,6150000.0,5.0,5.0,1.998631074606434,730.0,2021-09-02
dinari,"Dinari, Inc.",2023-12-10,2025-05-01,1.3908281998631074,0,last_supplied_sub_1b_round_proxy,1.0,1.0,4179999.9999999995,4179999.9999999995,0.0,0.0,1.998631074606434,730.0,2021-12-10
lucemhealth,"Lucem Health, Inc.",2023-03-25,2026-03-30,3.0143737166324436,0,last_supplied_sub_1b_round_proxy,1.0,1.0,6000000.0,6000000.0,2.0,2.0,1.998631074606434,730.0,2021-03-25
kognitivenetworks,Kognitive Networks Inc.,2023-02-24,2024-11-08,1.7056810403832992,0,last_supplied_sub_1b_round_proxy,1.0,1.0,5690000.0,5690000.0,3.0,3.0,1.998631074606434,730.0,2021-02-24
mavenpet,"Maven Pet, Inc.",2023-12-31,2024-09-05,0.6817248459958932,0,last_supplied_sub_1b_round_proxy,1.0,1.0,5850000.0,5850000.0,1.0,1.0,1.998631074606434,730.0,2021-12-31
aervivo,"Aervivo, Inc.",2023-04-05,2025-09-05,2.4202600958247777,0,last_supplied_sub_1b_round_proxy,1.0,1.0,5780000.0,5780000.0,0.0,0.0,1.998631074606434,730.0,2021-04-05
justimagine,"Just Imagine, Inc.",2023-12-29,2025-06-04,1.431895961670089,0,last_supplied_sub_1b_round_proxy,1.0,1.0,4350000.0,4350000.0,0.0,0.0,1.998631074606434,730.0,2021-12-29
rensystems,"Ren Systems, Inc.",2023-11-17,2025-08-07,1.7221081451060918,0,last_supplied_sub_1b_round_proxy,1.0,1.0,5330000.0,5330000.0,0.0,0.0,1.998631074606434,730.0,2021-11-17
nirmata,"Nirmata, Inc.",2023-08-11,2025-02-10,1.5030800821355237,0,last_supplied_sub_1b_round_proxy,1.0,1.0,4000000.0,4000000.0,4.0,4.0,1.998631074606434,730.0,2021-08-11
bettertime,BetterTime Co.,2023-08-05,2023-12-06,0.33675564681724846,0,last_supplied_sub_1b_round_proxy,1.0,1.0,2990000.0,2990000.0,3.0,3.0,1.998631074606434,730.0,2021-08-05
fairplayai,"FairPlay AI, Inc.",2023-11-15,2025-02-28,1.2895277207392197,0,last_supplied_sub_1b_round_proxy,1.0,1.0,4500000.0,4500000.0,6.0,6.0,1.998631074606434,730.0,2021-11-15
allorahealth,"Allora Health, Inc.",2023-07-14,2023-08-31,0.13141683778234087,0,last_supplied_sub_1b_round_proxy,1.0,1.0,5110000.0,5110000.0,6.0,6.0,1.998631074606434,730.0,2021-07-14
rycamotors,"Ryca Motors, Inc.",2023-05-01,2024-02-20,0.8076659822039699,0,last_supplied_sub_1b_round_proxy,1.0,1.0,126000.0,126000.0,0.0,0.0,1.998631074606434,730.0,2021-05-01
liveflow,LiveFlow Inc.,2023-12-21,2024-09-24,0.7611225188227242,0,last_supplied_sub_1b_round_proxy,1.0,1.0,3500000.0,3500000.0,4.0,4.0,1.998631074606434,730.0,2021-12-21
allstargaming,"Allstar Gaming, Inc.",2023-05-13,2023-12-12,0.5831622176591376,0,last_supplied_sub_1b_round_proxy,1.0,1.0,3850000.0,3850000.0,4.0,4.0,1.998631074606434,730.0,2021-05-13
spinogenix,"Spinogenix, Inc.",2023-02-24,2023-08-10,0.45722108145106094,0,last_supplied_sub_1b_round_proxy,2.0,2.0,4900000.0,3340000.0,0.0,0.0,1.998631074606434,165.0,2022-09-12
circulargenomics,Circular Genomics Inc.,2023-12-14,2024-01-24,0.11225188227241616,0,last_supplied_sub_1b_round_proxy,1.0,1.0,4530000.0,4530000.0,3.0,3.0,1.998631074606434,730.0,2021-12-14
branchenergy,Branch Energy Holdings Inc.,2023-08-11,2024-08-07,0.9911019849418207,0,last_supplied_sub_1b_round_proxy,1.0,1.0,4500000.0,4500000.0,3.0,3.0,1.998631074606434,730.0,2021-08-11
swarmengineering,"SWARM Engineering, Inc.",2023-03-31,2026-06-10,3.1950718685831623,0,last_supplied_sub_1b_round_proxy,1.0,1.0,2740000.0,2740000.0,5.0,5.0,1.998631074606434,730.0,2021-03-31
taketwo,Take Two Co.,2023-10-21,2026-01-28,2.272416153319644,0,last_supplied_sub_1b_round_proxy,1.0,1.0,4220000.0,4220000.0,0.0,0.0,1.998631074606434,730.0,2021-10-21
oculogx,Oculogx Inc.,2023-01-29,2023-04-24,0.2327173169062286,0,last_supplied_sub_1b_round_proxy,1.0,1.0,3530000.0,3530000.0,7.0,7.0,1.998631074606434,730.0,2021-01-29
kodamasystems,"Kodama Systems, Inc.",2023-08-25,2025-10-23,2.16290212183436,0,last_supplied_sub_1b_round_proxy,1.0,1.0,600000.0,600000.0,0.0,0.0,1.998631074606434,730.0,2021-08-25
acelab,Acelab Inc.,2023-06-25,2023-08-03,0.10677618069815195,0,last_supplied_sub_1b_round_proxy,1.0,1.0,3450000.0,3450000.0,0.0,0.0,1.998631074606434,730.0,2021-06-25
aarnanetworks,"Aarna Networks, Inc.",2023-12-21,2024-09-25,0.7638603696098563,0,last_supplied_sub_1b_round_proxy,1.0,1.0,3510000.0,3510000.0,4.0,4.0,1.998631074606434,730.0,2021-12-21
paxafe,"PAXAFE, Inc.",2023-04-15,2024-05-07,1.0622861054072552,0,last_supplied_sub_1b_round_proxy,2.0,2.0,3750000.0,2250000.0,1.0,1.0,1.998631074606434,345.0,2022-05-05
fortiusmetals,"Fortius Metals, Inc.",2023-06-21,2024-10-09,1.3032169746748803,0,last_supplied_sub_1b_round_proxy,2.0,2.0,7530000.0,4000000.0,0.0,0.0,1.998631074606434,197.0,2022-12-06
modulobio,"Modulo Bio, Inc.",2023-06-15,2024-11-20,1.434633812457221,0,last_supplied_sub_1b_round_proxy,1.0,1.0,3910000.0,3910000.0,0.0,0.0,1.998631074606434,730.0,2021-06-15
tele911,"Tele911, Inc.",2023-11-12,2024-10-08,0.9062286105407256,0,last_supplied_sub_1b_round_proxy,1.0,1.0,3650000.0,3650000.0,2.0,2.0,1.998631074606434,730.0,2021-11-12
clearbrief,"Clearbrief, Inc.",2023-08-25,2024-03-19,0.5667351129363449,0,last_supplied_sub_1b_round_proxy,1.0,1.0,3500000.0,3500000.0,0.0,0.0,1.998631074606434,730.0,2021-08-25
401go,"401GO, Inc.",2023-08-30,2024-04-23,0.648870636550308,0,last_supplied_sub_1b_round_proxy,1.0,1.0,2950000.0,2950000.0,3.0,3.0,1.998631074606434,730.0,2021-08-30
mudstack,"Mudstack, Inc.",2023-09-16,2024-08-19,0.9253935660506503,0,last_supplied_sub_1b_round_proxy,1.0,1.0,2200000.0,2200000.0,3.0,3.0,1.998631074606434,730.0,2021-09-16
vloggipty,Vloggi Pty Ltd,2023-03-29,2023-12-05,0.6872005475701575,0,last_supplied_sub_1b_round_proxy,1.0,1.0,750000.0,750000.0,0.0,0.0,1.998631074606434,730.0,2021-03-29
somethingborrowedblooms,"Something Borrowed Blooms, Inc.",2023-06-10,2025-03-13,1.757700205338809,0,last_supplied_sub_1b_round_proxy,1.0,1.0,1500000.0,1500000.0,1.0,1.0,1.998631074606434,730.0,2021-06-10
minnesotasoccergbc,"Minnesota Soccer Holdings, GBC",2023-12-31,2025-01-31,1.0869267624914443,0,last_supplied_sub_1b_round_proxy,1.0,1.0,1000000.0,1000000.0,0.0,0.0,1.998631074606434,730.0,2021-12-31
cutbackcoach,"Cutback Coach, Inc.",2023-01-28,2023-11-15,0.7967145790554415,0,last_supplied_sub_1b_round_proxy,1.0,1.0,3100000.0,3100000.0,1.0,1.0,1.998631074606434,730.0,2021-01-28
hilos,HILOS Inc.,2023-09-09,2025-05-01,1.6427104722792607,0,last_supplied_sub_1b_round_proxy,1.0,1.0,2060000.0,2060000.0,0.0,0.0,1.998631074606434,730.0,2021-09-09
garage,Garage,2023-04-27,2026-03-12,2.8747433264887063,0,last_supplied_sub_1b_round_proxy,1.0,1.0,600000.0,600000.0,0.0,0.0,1.998631074606434,730.0,2021-04-27
diode,Diode Group Limited,2023-06-01,2025-05-06,1.9301848049281314,0,last_supplied_sub_1b_round_proxy,1.0,0.0,0.0,0.0,2.0,2.0,1.998631074606434,730.0,2021-06-01
continuum,Continuum Technology Inc.,2023-03-11,2024-08-26,1.462012320328542,0,last_supplied_sub_1b_round_proxy,1.0,1.0,2210000.0,2210000.0,0.0,0.0,1.998631074606434,730.0,2021-03-11
projitech,"Projitech, Inc.",2023-07-07,2024-06-10,0.9281314168377823,0,last_supplied_sub_1b_round_proxy,1.0,1.0,1400000.0,1400000.0,1.0,1.0,1.998631074606434,730.0,2021-07-07
golioth,"Golioth, Inc.",2023-02-19,2023-05-23,0.2546201232032854,0,last_supplied_sub_1b_round_proxy,1.0,1.0,2500000.0,2500000.0,1.0,1.0,1.998631074606434,730.0,2021-02-19
koop,"Koop Technologies, Inc.",2023-08-17,2023-10-10,0.14784394250513347,0,last_supplied_sub_1b_round_proxy,1.0,1.0,2500000.0,2500000.0,4.0,4.0,1.998631074606434,730.0,2021-08-17
breachrx,"BreachRx, Inc.",2023-05-17,2025-05-19,2.00684462696783,0,last_supplied_sub_1b_round_proxy,1.0,1.0,1880000.0,1880000.0,0.0,0.0,1.998631074606434,730.0,2021-05-17
doctorappsrl,DoctorApp srl,2023-12-31,2024-11-18,0.8843258042436687,0,last_supplied_sub_1b_round_proxy,1.0,1.0,398000.0,398000.0,0.0,0.0,1.998631074606434,730.0,2021-12-31
startupcentrum,"StartupCentrum, Inc.",2023-12-31,2024-08-19,0.6351813826146475,0,last_supplied_sub_1b_round_proxy,1.0,1.0,135000.0,135000.0,2.0,2.0,1.998631074606434,730.0,2021-12-31
kerogaming,"Kero Gaming, Inc.",2023-10-11,2025-05-06,1.568788501026694,0,last_supplied_sub_1b_round_proxy,2.0,2.0,4000000.0,2000000.0,2.0,1.0,1.998631074606434,328.0,2022-11-17
completefarmer,Complete Farmer Limited,2023-08-25,2024-03-05,0.5284052019164955,0,last_supplied_sub_1b_round_proxy,1.0,1.0,100000.0,100000.0,1.0,1.0,1.998631074606434,730.0,2021-08-25
gtmbuddy,"GTM Buddy, Inc.",2023-02-10,2024-04-09,1.160848733744011,0,last_supplied_sub_1b_round_proxy,1.0,1.0,2000000.0,2000000.0,1.0,1.0,1.998631074606434,730.0,2021-02-10
betterworldcollective,"Better World Collective, Inc.",2023-11-09,2024-05-21,0.5311430527036276,0,last_supplied_sub_1b_round_proxy,1.0,1.0,2000000.0,2000000.0,0.0,0.0,1.998631074606434,730.0,2021-11-09
coperniccatalysts,"Copernic Catalysts, Inc.",2023-08-12,2024-11-12,1.2539356605065024,0,last_supplied_sub_1b_round_proxy,1.0,1.0,1990000.0,1990000.0,2.0,2.0,1.998631074606434,730.0,2021-08-12
ipweb,"IP Web, Inc.",2023-10-05,2024-07-23,0.7994524298425736,0,last_supplied_sub_1b_round_proxy,2.0,2.0,5250000.0,4000000.0,4.0,4.0,1.998631074606434,259.0,2023-01-19
jensen,"Jensen Technology, Inc.",2023-09-01,2024-12-20,1.3032169746748803,0,last_supplied_sub_1b_round_proxy,1.0,1.0,125000.0,125000.0,1.0,1.0,1.998631074606434,730.0,2021-09-01
taplinegmbh,Tapline GmbH,2023-08-03,2023-10-05,0.17248459958932238,0,last_supplied_sub_1b_round_proxy,1.0,1.0,202000.0,202000.0,1.0,1.0,1.998631074606434,730.0,2021-08-03
thermsolutions,"Therm Solutions, Inc.",2023-12-06,2025-08-12,1.6837782340862424,0,last_supplied_sub_1b_round_proxy,1.0,1.0,1650000.0,1650000.0,0.0,0.0,1.998631074606434,730.0,2021-12-06
fairly,Fairly Inc.,2023-01-25,2024-07-02,1.434633812457221,0,last_supplied_sub_1b_round_proxy,1.0,1.0,1600000.0,1600000.0,0.0,0.0,1.998631074606434,730.0,2021-01-25
advancedrecruitingintelligence,Advanced Recruiting Intelligence Inc.,2023-04-01,2023-04-21,0.05475701574264202,0,last_supplied_sub_1b_round_proxy,1.0,1.0,1500000.0,1500000.0,0.0,0.0,1.998631074606434,730.0,2021-04-01
roofmarketplace,"RoofMarketplace, Inc.",2023-06-11,2025-04-23,1.8672142368240932,0,last_supplied_sub_1b_round_proxy,2.0,2.0,6100000.0,5000000.0,2.0,1.0,1.998631074606434,312.0,2022-08-03
wheninsuranceagency,"When Insurance Agency, Inc.",2023-10-29,2024-08-01,0.758384668035592,0,last_supplied_sub_1b_round_proxy,1.0,1.0,1080000.0,1080000.0,0.0,0.0,1.998631074606434,730.0,2021-10-29
nalubio,"Nalu Bio, Inc.",2023-01-07,2023-02-28,0.14236824093086928,0,last_supplied_sub_1b_round_proxy,1.0,1.0,1020000.0,1020000.0,4.0,4.0,1.998631074606434,730.0,2021-01-07
fastbeetleservicesllp,FastBeetle Services LLP,2023-12-15,2024-07-12,0.5749486652977412,0,last_supplied_sub_1b_round_proxy,2.0,1.0,100000.0,100000.0,0.0,0.0,1.998631074606434,189.0,2023-06-09
kabraglobalproductsprivate,Kabra Global Products Private Limited,2023-12-27,2025-06-24,1.4921286789869952,0,last_supplied_sub_1b_round_proxy,1.0,1.0,133000.0,133000.0,0.0,0.0,1.998631074606434,730.0,2021-12-27
sponsorcx,"SponsorCX, Inc.",2023-10-14,2026-05-18,2.5927446954141,0,last_supplied_sub_1b_round_proxy,1.0,1.0,821000.0,821000.0,0.0,0.0,1.998631074606434,730.0,2021-10-14
primeartificialintelligence,"Prime Artificial Intelligence, Inc.",2023-01-11,2024-11-20,1.8590006844626967,0,last_supplied_sub_1b_round_proxy,1.0,1.0,800000.0,800000.0,0.0,0.0,1.998631074606434,730.0,2021-01-11
pathfinderspirit,Pathfinder Spirit Inc,2023-12-16,2025-07-15,1.5797399041752225,0,last_supplied_sub_1b_round_proxy,1.0,1.0,751000.0,751000.0,0.0,0.0,1.998631074606434,730.0,2021-12-16
thyreos,"Thyreos, Inc.",2023-02-01,2023-05-04,0.2518822724161533,0,last_supplied_sub_1b_round_proxy,1.0,1.0,750000.0,750000.0,1.0,1.0,1.998631074606434,730.0,2021-02-01
snagdelivery,Snag Delivery Inc.,2023-09-15,2024-06-13,0.7446954140999316,0,last_supplied_sub_1b_round_proxy,2.0,2.0,1700000.0,1000000.0,0.0,0.0,1.998631074606434,591.0,2022-02-01
xanadubio,"Xanadu Bio, Inc.",2024-12-26,2025-08-27,0.6680355920602327,0,last_supplied_sub_1b_round_proxy,1.0,1.0,12000000.0,12000000.0,0.0,0.0,1.998631074606434,730.0,2022-12-27
mobiletyreshoppty,Mobile Tyre Shop Holdings Pty. Ltd.,2024-12-30,2025-06-26,0.487337440109514,0,last_supplied_sub_1b_round_proxy,1.0,1.0,2380000.0,2380000.0,0.0,0.0,1.998631074606434,730.0,2022-12-31
baseten,"BaseTen Labs, Inc.",2024-04-25,2025-09-05,1.3634496919917864,1,first_ge_1b_event,2.0,2.0,20830000.0,12000000.0,4.0,3.0,1.998631074606434,730.0,2022-04-26
cordatahealthcareinnovations,"Cordata Healthcare Innovations, Inc.",2024-09-11,2025-04-01,0.5530458590006845,0,last_supplied_sub_1b_round_proxy,1.0,1.0,5400000.0,5400000.0,0.0,0.0,1.998631074606434,730.0,2022-09-12
loneriderspirits,"Lonerider Spirits, LLC",2024-03-30,2025-04-14,1.0403832991101984,0,last_supplied_sub_1b_round_proxy,1.0,1.0,129000.0,129000.0,0.0,0.0,1.998631074606434,730.0,2022-03-31
spreeai,SpreeAI Corporation,2024-11-21,2025-05-07,0.45722108145106094,1,first_ge_1b_event,1.0,1.0,7000000.0,7000000.0,0.0,0.0,1.998631074606434,730.0,2022-11-22
depositlink,DepositLink Inc.,2024-07-25,2025-06-17,0.8952772073921971,0,last_supplied_sub_1b_round_proxy,1.0,1.0,3000000.0,3000000.0,0.0,0.0,1.998631074606434,730.0,2022-07-26
adyton,Adyton PBC Inc.,2024-05-08,2025-05-14,1.0157426420260096,0,last_supplied_sub_1b_round_proxy,1.0,1.0,12000000.0,12000000.0,4.0,4.0,1.998631074606434,730.0,2022-05-09
bainbridgegrowth,Bainbridge Growth Incorporated,2024-09-14,2025-08-08,0.8980150581793293,0,last_supplied_sub_1b_round_proxy,1.0,1.0,6440000.0,6440000.0,5.0,5.0,1.998631074606434,730.0,2022-09-15
pvpallet,"PVpallet, Inc.",2024-01-31,2025-01-21,0.974674880219028,0,last_supplied_sub_1b_round_proxy,1.0,1.0,481000.0,481000.0,0.0,0.0,1.998631074606434,730.0,2022-01-31
beamable,"Beamable, Inc.",2024-02-29,2025-02-04,0.9336071184120466,0,last_supplied_sub_1b_round_proxy,1.0,1.0,5270000.0,5270000.0,0.0,0.0,1.998631074606434,730.0,2022-03-01
addenenergy,"Adden Energy, Inc.",2024-02-25,2024-09-03,0.5229295003422314,0,last_supplied_sub_1b_round_proxy,1.0,1.0,5150000.0,5150000.0,3.0,3.0,1.998631074606434,730.0,2022-02-25
oliohealth,"Olio Health, Inc.",2024-08-25,2025-05-12,0.7118412046543463,0,last_supplied_sub_1b_round_proxy,1.0,1.0,13200000.0,13200000.0,2.0,2.0,1.998631074606434,730.0,2022-08-26
cytotronics,"CytoTronics, Inc.",2024-04-27,2024-09-05,0.3586584531143053,0,last_supplied_sub_1b_round_proxy,1.0,1.0,9250000.0,9250000.0,2.0,2.0,1.998631074606434,730.0,2022-04-28
radsecurity,"RAD Security, Inc.",2024-02-15,2025-02-24,1.0266940451745379,0,last_supplied_sub_1b_round_proxy,1.0,1.0,5950000.0,5950000.0,3.0,3.0,1.998631074606434,730.0,2022-02-15
symbrosia,Symbrosia Inc.,2024-06-22,2025-12-15,1.4811772758384667,0,last_supplied_sub_1b_round_proxy,1.0,1.0,7000000.0,7000000.0,6.0,6.0,1.998631074606434,730.0,2022-06-23
hmulliganbespokelibations,H. Mulligan Bespoke Libations Co.,2024-09-05,2024-11-18,0.2026009582477755,0,last_supplied_sub_1b_round_proxy,1.0,1.0,521000.0,521000.0,0.0,0.0,1.998631074606434,730.0,2022-09-06
apeiron,"Apeiron Labs, Inc.",2024-06-15,2026-02-04,1.6399726214921286,0,last_supplied_sub_1b_round_proxy,1.0,1.0,5000000.0,5000000.0,0.0,0.0,1.998631074606434,730.0,2022-06-16
cretelligent,"CREtelligent, Inc.",2024-06-13,2025-04-23,0.8596851471594799,0,last_supplied_sub_1b_round_proxy,1.0,1.0,6110000.0,6110000.0,0.0,0.0,1.998631074606434,730.0,2022-06-14
toolpath,"Toolpath Labs, Inc.",2024-08-04,2025-05-22,0.7967145790554415,0,last_supplied_sub_1b_round_proxy,1.0,1.0,6040000.0,6040000.0,0.0,0.0,1.998631074606434,730.0,2022-08-05
suitable,"Suitable, Inc.",2024-01-29,2025-03-03,1.0924024640657084,0,last_supplied_sub_1b_round_proxy,1.0,1.0,535000.0,535000.0,0.0,0.0,1.998631074606434,730.0,2022-01-29
powerparitylda,Power Parity Lda,2024-07-26,2025-05-05,0.7748117727583846,0,last_supplied_sub_1b_round_proxy,1.0,1.0,1510000.0,1510000.0,1.0,1.0,1.998631074606434,730.0,2022-07-27
houseamp,HouseAmp Inc.,2024-02-25,2024-07-30,0.4271047227926078,0,last_supplied_sub_1b_round_proxy,1.0,1.0,6850000.0,6850000.0,0.0,0.0,1.998631074606434,730.0,2022-02-25
talusbioscience,"Talus Bioscience, Inc.",2024-06-05,2024-08-20,0.2080766598220397,0,last_supplied_sub_1b_round_proxy,1.0,1.0,7000000.0,7000000.0,5.0,5.0,1.998631074606434,730.0,2022-06-06
ritten,"Ritten, Inc.",2024-01-07,2024-05-29,0.3915126625598905,0,last_supplied_sub_1b_round_proxy,1.0,1.0,5000000.0,5000000.0,0.0,0.0,1.998631074606434,730.0,2022-01-07
nopalera,"NOPALERA, INC.",2024-10-25,2026-03-24,1.4099931553730323,0,last_supplied_sub_1b_round_proxy,1.0,1.0,2700000.0,2700000.0,1.0,1.0,1.998631074606434,730.0,2022-10-26
liine,"Liine, Inc.",2024-10-10,2024-12-05,0.15331964407939766,0,last_supplied_sub_1b_round_proxy,1.0,1.0,3000000.0,3000000.0,1.0,1.0,1.998631074606434,730.0,2022-10-11
plural,"Plural Labs, Inc.",2024-03-14,2025-03-25,1.0294318959616702,0,last_supplied_sub_1b_round_proxy,1.0,1.0,6000000.0,6000000.0,3.0,3.0,1.998631074606434,730.0,2022-03-15
sitration,"Sitration, Inc.",2024-03-21,2024-06-05,0.2080766598220397,0,last_supplied_sub_1b_round_proxy,1.0,1.0,2530000.0,2530000.0,2.0,2.0,1.998631074606434,730.0,2022-03-22
adaptive,"Adaptive Holdings, LLC",2024-02-27,2026-07-07,2.3572895277207393,0,last_supplied_sub_1b_round_proxy,1.0,1.0,149000.0,149000.0,0.0,0.0,1.998631074606434,730.0,2022-02-27
impartsecurity,Impart Security Inc.,2024-10-25,2025-06-05,0.6105407255304586,0,last_supplied_sub_1b_round_proxy,1.0,1.0,7800000.0,7800000.0,3.0,3.0,1.998631074606434,730.0,2022-10-26
arcadesoftware,"Arcade Software, Inc.",2024-10-11,2024-11-17,0.10130047912388775,0,last_supplied_sub_1b_round_proxy,1.0,1.0,4880000.0,4880000.0,0.0,0.0,1.998631074606434,730.0,2022-10-12
modal,"Modal Labs, Inc.",2024-01-01,2026-05-21,2.3846680355920604,1,first_ge_1b_event,1.0,1.0,7200000.0,7200000.0,2.0,2.0,1.998631074606434,730.0,2022-01-01
ostracybersecurity,"Ostra Cybersecurity, Inc.",2024-09-14,2025-08-07,0.8952772073921971,0,last_supplied_sub_1b_round_proxy,2.0,2.0,7610000.0,4099999.9999999995,1.0,1.0,1.998631074606434,193.0,2024-03-05
flowfuse,FlowFuse Inc.,2024-11-09,2025-06-12,0.5886379192334018,0,last_supplied_sub_1b_round_proxy,1.0,1.0,7430000.0,7430000.0,4.0,4.0,1.998631074606434,730.0,2022-11-10
frostbyte,"Frostbyte Technologies, Inc",2024-03-30,2024-04-24,0.06844626967830253,0,last_supplied_sub_1b_round_proxy,1.0,1.0,6300000.0,6300000.0,2.0,2.0,1.998631074606434,730.0,2022-03-31
apex,"Apex Technology, Inc.",2024-10-23,2026-06-05,1.6153319644079398,1,first_ge_1b_event,1.0,1.0,7810000.0,7810000.0,6.0,6.0,1.998631074606434,730.0,2022-10-24
encoord,encoord Inc.,2024-01-19,2024-11-08,0.8049281314168378,0,last_supplied_sub_1b_round_proxy,1.0,1.0,3920000.0,3920000.0,0.0,0.0,1.998631074606434,730.0,2022-01-19
quintar,"Quintar, Inc.",2024-03-29,2024-04-08,0.02737850787132101,0,last_supplied_sub_1b_round_proxy,1.0,1.0,3000000.0,3000000.0,1.0,1.0,1.998631074606434,730.0,2022-03-30
finerpoint,"Finerpoint, Inc.",2024-04-11,2025-10-15,1.51129363449692,0,last_supplied_sub_1b_round_proxy,1.0,1.0,4990000.0,4990000.0,0.0,0.0,1.998631074606434,730.0,2022-04-12
uabwalk15,UAB Walk15,2024-01-14,2024-02-15,0.08761122518822724,0,last_supplied_sub_1b_round_proxy,2.0,2.0,851000.0,543000.0,0.0,0.0,1.998631074606434,60.0,2023-11-15
simplifyber,"Simplifyber, Inc.",2024-07-05,2025-04-10,0.7638603696098563,0,last_supplied_sub_1b_round_proxy,1.0,1.0,3500000.0,3500000.0,9.0,9.0,1.998631074606434,730.0,2022-07-06
claira,"CLAIRA TECHNOLOGIES, INC.",2024-04-21,2025-06-24,1.1745379876796715,0,last_supplied_sub_1b_round_proxy,1.0,1.0,4380000.0,4380000.0,5.0,5.0,1.998631074606434,730.0,2022-04-22
gcards,"G Cards, Inc.",2024-10-11,2024-11-19,0.10677618069815195,0,last_supplied_sub_1b_round_proxy,1.0,1.0,2880000.0,2880000.0,0.0,0.0,1.998631074606434,730.0,2022-10-12
kivo,"Kivo, Inc.",2024-12-15,2025-12-31,1.0431211498973305,0,last_supplied_sub_1b_round_proxy,1.0,1.0,4500000.0,4500000.0,5.0,5.0,1.998631074606434,730.0,2022-12-16
noblegassystems,Noble Gas Systems Inc.,2024-05-10,2025-03-19,0.8569472963723477,0,last_supplied_sub_1b_round_proxy,1.0,1.0,3500000.0,3500000.0,1.0,1.0,1.998631074606434,730.0,2022-05-11
coverforce,"CoverForce, Inc.",2024-01-31,2025-03-05,1.0924024640657084,0,last_supplied_sub_1b_round_proxy,1.0,1.0,5000000.0,5000000.0,5.0,5.0,1.998631074606434,730.0,2022-01-31
weatherpromise,"WeatherPromise, Inc.",2024-12-30,2026-01-13,1.0376454483230664,0,last_supplied_sub_1b_round_proxy,1.0,1.0,3870000.0,3870000.0,1.0,1.0,1.998631074606434,730.0,2022-12-31
kuehnleagrosystems,"Kuehnle Agrosystems, Inc.",2024-04-04,2026-06-26,2.2258726899383983,0,last_supplied_sub_1b_round_proxy,2.0,2.0,6740000.0,3740000.0,2.0,1.0,1.998631074606434,73.0,2024-01-22
avridh,"Avridh Technologies, Inc.",2024-09-11,2025-06-25,0.785763175906913,0,last_supplied_sub_1b_round_proxy,1.0,1.0,2300000.0,2300000.0,4.0,4.0,1.998631074606434,730.0,2022-09-12
pearldiagnostics,"Pearl Diagnostics, Inc.",2024-06-16,2026-04-21,1.8453114305270362,0,last_supplied_sub_1b_round_proxy,1.0,1.0,3520000.0,3520000.0,0.0,0.0,1.998631074606434,730.0,2022-06-17
agzen,AgZen Inc.,2024-12-30,2026-02-20,1.1416837782340863,0,last_supplied_sub_1b_round_proxy,1.0,1.0,3500000.0,3500000.0,1.0,1.0,1.998631074606434,730.0,2022-12-31
imtc,IMTC Inc.,2024-05-04,2025-12-04,1.5852156057494866,0,last_supplied_sub_1b_round_proxy,1.0,1.0,3500000.0,3500000.0,4.0,4.0,1.998631074606434,730.0,2022-05-05
wearearthur,"We Are Arthur, Inc.",2024-04-12,2025-01-15,0.7611225188227242,0,last_supplied_sub_1b_round_proxy,1.0,1.0,2000000.0,2000000.0,2.0,2.0,1.998631074606434,730.0,2022-04-13
clearvector,ClearVector Inc.,2024-12-14,2025-05-13,0.4106776180698152,0,last_supplied_sub_1b_round_proxy,1.0,1.0,3140000.0,3140000.0,1.0,1.0,1.998631074606434,730.0,2022-12-15
confianza,"Confianza, Inc.",2024-02-07,2025-12-22,1.8726899383983573,0,last_supplied_sub_1b_round_proxy,1.0,1.0,2500000.0,2500000.0,0.0,0.0,1.998631074606434,730.0,2022-02-07
unumhealthusa,"Unum Health USA, Inc.",2024-04-28,2024-07-26,0.243668720054757,0,last_supplied_sub_1b_round_proxy,1.0,1.0,5000.0,5000.0,0.0,0.0,1.998631074606434,730.0,2022-04-29
kalogon,"Kalogon, Inc.",2024-08-22,2026-06-04,1.782340862422998,0,last_supplied_sub_1b_round_proxy,1.0,1.0,1920000.0,1920000.0,0.0,0.0,1.998631074606434,730.0,2022-08-23
gemspecialtyhealth,"Gem Specialty Health, Inc.",2024-03-24,2024-10-23,0.5831622176591376,0,last_supplied_sub_1b_round_proxy,2.0,2.0,5770000.0,3000000.0,3.0,3.0,1.998631074606434,195.0,2023-09-11
seedsinvestor,"Seeds Investor Holdings, Inc.",2024-11-16,2025-01-06,0.13963039014373715,0,last_supplied_sub_1b_round_proxy,2.0,2.0,4610000.0,2610000.0,0.0,0.0,1.998631074606434,494.0,2023-07-11
autohaulerexchange,Auto Hauler Exchange Inc.,2024-12-11,2025-02-04,0.15058179329226556,0,last_supplied_sub_1b_round_proxy,1.0,1.0,2500000.0,2500000.0,0.0,0.0,1.998631074606434,730.0,2022-12-12
milaboratories,MiLaboratories Inc.,2024-02-17,2024-10-10,0.6461327857631759,0,last_supplied_sub_1b_round_proxy,1.0,1.0,2360000.0,2360000.0,2.0,2.0,1.998631074606434,730.0,2022-02-17
beaminghealth,"Beaming Health, Inc.",2024-12-22,2024-12-26,0.010951403148528405,0,last_supplied_sub_1b_round_proxy,1.0,1.0,2000000.0,2000000.0,3.0,3.0,1.998631074606434,730.0,2022-12-23
farhomes,Far Homes Inc.,2024-09-12,2025-12-18,1.264887063655031,0,last_supplied_sub_1b_round_proxy,1.0,1.0,2250000.0,2250000.0,1.0,1.0,1.998631074606434,730.0,2022-09-13
redotech,"Redo Tech, Inc.",2024-07-19,2026-06-23,1.9274469541409993,1,first_ge_1b_event,1.0,1.0,2000000.0,2000000.0,0.0,0.0,1.998631074606434,730.0,2022-07-20
arvist,Arvist Inc.,2024-05-25,2025-08-13,1.218343600273785,0,last_supplied_sub_1b_round_proxy,1.0,1.0,120000.0,120000.0,1.0,1.0,1.998631074606434,730.0,2022-05-26
carpoollogistics,"Carpool Logistics, Inc.",2024-07-28,2025-03-12,0.621492128678987,0,last_supplied_sub_1b_round_proxy,1.0,1.0,2000000.0,2000000.0,1.0,1.0,1.998631074606434,730.0,2022-07-29
thurlowveterinaryservices,Thurlow Veterinary Services Inc.,2024-02-09,2025-09-08,1.5797399041752225,0,last_supplied_sub_1b_round_proxy,1.0,1.0,1150000.0,1150000.0,0.0,0.0,1.998631074606434,730.0,2022-02-09
repetix,"Repetix, Inc.",2024-01-07,2024-03-20,0.1998631074606434,0,last_supplied_sub_1b_round_proxy,1.0,1.0,1000000.0,1000000.0,0.0,0.0,1.998631074606434,730.0,2022-01-07
senteon,Senteon Inc.,2024-03-14,2024-12-11,0.7446954140999316,0,last_supplied_sub_1b_round_proxy,1.0,1.0,450000.0,450000.0,3.0,3.0,1.998631074606434,730.0,2022-03-15
payonward,"PayOnWard,Inc",2024-12-30,2025-08-20,0.6379192334017796,0,last_supplied_sub_1b_round_proxy,1.0,1.0,500000.0,500000.0,1.0,1.0,1.998631074606434,730.0,2022-12-31
molg,MOLG Inc.,2024-05-24,2025-05-02,0.9390828199863107,0,last_supplied_sub_1b_round_proxy,1.0,1.0,20000.0,20000.0,1.0,1.0,1.998631074606434,730.0,2022-05-25
latentknowledgesolutions,Latent Knowledge Solutions Inc.,2024-11-29,2025-03-04,0.2600958247775496,0,last_supplied_sub_1b_round_proxy,1.0,1.0,150000.0,150000.0,0.0,0.0,1.998631074606434,730.0,2022-11-30
nourish,"Nourish, Inc.",2025-01-20,2025-04-23,0.2546201232032854,1,first_ge_1b_event,1.0,1.0,8000000.0,8000000.0,5.0,5.0,1.998631074606434,730.0,2023-01-21
enspiredbstherapy,"Enspire DBS Therapy, Inc.",2025-07-31,2026-01-13,0.4544832306639288,0,last_supplied_sub_1b_round_proxy,1.0,1.0,17600000.0,17600000.0,2.0,2.0,1.998631074606434,730.0,2023-08-01
etchedai,"Etched.ai, Inc.",2025-05-15,2026-01-13,0.6652977412731006,1,first_ge_1b_event,1.0,1.0,5360000.0,5360000.0,1.0,1.0,1.998631074606434,730.0,2023-05-16
bachapp,"BACH APP, INC.",2025-03-08,2025-10-29,0.6433949349760438,0,last_supplied_sub_1b_round_proxy,1.0,1.0,9000000.0,9000000.0,4.0,4.0,1.998631074606434,730.0,2023-03-09
chordcommerce,"Chord Commerce, Inc.",2025-01-17,2026-04-29,1.2785763175906912,0,last_supplied_sub_1b_round_proxy,1.0,1.0,15000000.0,15000000.0,7.0,7.0,1.998631074606434,730.0,2023-01-18
monnai,"Monnai, Inc.",2025-03-08,2026-01-14,0.8542094455852156,0,last_supplied_sub_1b_round_proxy,1.0,1.0,6540000.0,6540000.0,4.0,4.0,1.998631074606434,730.0,2023-03-09
beijingyanyu,"Beijing Yanyu Technology Co., Ltd.",2025-07-22,2026-06-18,0.9062286105407256,1,first_ge_1b_event,1.0,1.0,3500000.0,3500000.0,4.0,4.0,1.998631074606434,730.0,2023-07-23
rubilaboratories,"Rubi Laboratories, Inc.",2025-02-28,2025-12-01,0.75564681724846,0,last_supplied_sub_1b_round_proxy,1.0,1.0,13010000.0,13010000.0,5.0,5.0,1.998631074606434,730.0,2023-03-01
jot,Jot Labs Inc,2025-01-03,2025-07-17,0.5338809034907598,0,last_supplied_sub_1b_round_proxy,1.0,1.0,6000000.0,6000000.0,0.0,0.0,1.998631074606434,730.0,2023-01-04
aplos,"Aplos, Inc.",2025-06-02,2025-11-19,0.4654346338124572,0,last_supplied_sub_1b_round_proxy,1.0,1.0,5500000.0,5500000.0,1.0,1.0,1.998631074606434,730.0,2023-06-03
rivetwork,Rivet Work Inc.,2025-01-16,2025-06-12,0.4024640657084189,0,last_supplied_sub_1b_round_proxy,1.0,1.0,5600000.0,5600000.0,5.0,5.0,1.998631074606434,730.0,2023-01-17
mosh,"Mosh, PBC",2025-08-13,2026-05-06,0.7282683093771389,0,last_supplied_sub_1b_round_proxy,1.0,1.0,6520000.0,6520000.0,4.0,4.0,1.998631074606434,730.0,2023-08-14
avomd,"AvoMD, Inc.",2025-06-25,2026-03-31,0.7638603696098563,0,last_supplied_sub_1b_round_proxy,1.0,1.0,8150000.0,8150000.0,6.0,6.0,1.998631074606434,730.0,2023-06-26
omnipet,Omni Pet Limited,2025-01-23,2026-06-22,1.4099931553730323,0,last_supplied_sub_1b_round_proxy,1.0,1.0,935000.0,935000.0,1.0,1.0,1.998631074606434,730.0,2023-01-24
joymemories,"Joy Memories, Inc.",2025-05-31,2025-11-12,0.4517453798767967,0,last_supplied_sub_1b_round_proxy,1.0,1.0,8070000.0,8070000.0,0.0,0.0,1.998631074606434,730.0,2023-06-01
arcana,Arcana Technologies Ltd,2025-04-09,2025-04-16,0.019164955509924708,0,last_supplied_sub_1b_round_proxy,1.0,1.0,250000.0,250000.0,1.0,1.0,1.998631074606434,730.0,2023-04-10
prospyrmedical,"Prospyr Medical, Inc.",2025-01-04,2025-12-15,0.944558521560575,0,last_supplied_sub_1b_round_proxy,1.0,1.0,5000000.0,5000000.0,0.0,0.0,1.998631074606434,730.0,2023-01-05
conduitsoftware,Conduit Software Inc.,2025-04-05,2026-03-24,0.9664613278576317,0,last_supplied_sub_1b_round_proxy,1.0,1.0,500000.0,500000.0,1.0,1.0,1.998631074606434,730.0,2023-04-06
theiainsights,Theia Insights Inc,2025-12-27,2026-03-02,0.17796030116358658,0,last_supplied_sub_1b_round_proxy,1.0,1.0,6500000.0,6500000.0,3.0,3.0,1.998631074606434,730.0,2023-12-28
creatornetworks,"Creator Networks, Inc.",2025-03-15,2025-09-09,0.487337440109514,0,last_supplied_sub_1b_round_proxy,1.0,1.0,4810000.0,4810000.0,4.0,4.0,1.998631074606434,730.0,2023-03-16
nuclearn,Nuclearn Inc.,2025-08-08,2025-09-09,0.08761122518822724,0,last_supplied_sub_1b_round_proxy,1.0,1.0,2500000.0,2500000.0,2.0,2.0,1.998631074606434,730.0,2023-08-09
ottometric,"Ottometric, Inc",2025-02-13,2025-04-01,0.12867898699520877,0,last_supplied_sub_1b_round_proxy,1.0,1.0,4900000.0,4900000.0,7.0,7.0,1.998631074606434,730.0,2023-02-14
vsimple,"Vsimple, Inc.",2025-04-25,2025-04-28,0.008213552361396304,0,last_supplied_sub_1b_round_proxy,1.0,1.0,2240000.0,2240000.0,0.0,0.0,1.998631074606434,730.0,2023-04-26
parento,"Parento, Inc.",2025-05-09,2025-09-09,0.33675564681724846,0,last_supplied_sub_1b_round_proxy,1.0,1.0,4440000.0,4440000.0,0.0,0.0,1.998631074606434,730.0,2023-05-10
olyrafoods,Olyra Foods Inc.,2025-03-12,2025-04-24,0.11772758384668036,0,last_supplied_sub_1b_round_proxy,1.0,1.0,4000000.0,4000000.0,1.0,1.0,1.998631074606434,730.0,2023-03-13
onecrewsoftware,"OneCrew Software, Inc.",2025-05-09,2025-05-27,0.049281314168377825,0,last_supplied_sub_1b_round_proxy,1.0,1.0,2250000.0,2250000.0,0.0,0.0,1.998631074606434,730.0,2023-05-10
ironsheepdog,"Iron Sheepdog Holdings, Inc.",2025-01-25,2026-02-23,1.0787132101300478,0,last_supplied_sub_1b_round_proxy,2.0,2.0,11470000.0,10000000.0,3.0,3.0,1.998631074606434,306.0,2024-03-25
yourco,"Yourco, Inc.",2025-10-23,2026-03-09,0.3750855578370979,0,last_supplied_sub_1b_round_proxy,1.0,1.0,2000000.0,2000000.0,5.0,5.0,1.998631074606434,730.0,2023-10-24
upwardfinancial,Upward Financial Inc.,2025-02-01,2025-11-10,0.7720739219712526,0,last_supplied_sub_1b_round_proxy,1.0,1.0,2000000.0,2000000.0,7.0,7.0,1.998631074606434,730.0,2023-02-02
cloudburst,"Cloudburst Technologies, Inc.",2025-05-04,2025-09-22,0.3860369609856263,0,last_supplied_sub_1b_round_proxy,1.0,1.0,3100000.0,3100000.0,4.0,4.0,1.998631074606434,730.0,2023-05-05
portkey,"Portkey, Inc",2025-08-22,2026-02-19,0.49555099247091033,0,last_supplied_sub_1b_round_proxy,1.0,1.0,3000000.0,3000000.0,2.0,2.0,1.998631074606434,730.0,2023-08-23
guidelight,"Guidelight Technologies, Inc",2025-05-08,2026-05-26,1.0485968514715949,0,last_supplied_sub_1b_round_proxy,1.0,1.0,150000.0,150000.0,1.0,1.0,1.998631074606434,730.0,2023-05-09
duh,Duh Corp,2025-11-16,2026-01-05,0.13689253935660506,0,last_supplied_sub_1b_round_proxy,1.0,1.0,2080000.0,2080000.0,0.0,0.0,1.998631074606434,730.0,2023-11-17
pavewise,"Pavewise, Inc.",2025-10-03,2025-10-22,0.05201916495550993,0,last_supplied_sub_1b_round_proxy,1.0,1.0,1300000.0,1300000.0,0.0,0.0,1.998631074606434,730.0,2023-10-04
aerovec,Aerovec Inc.,2025-04-12,2025-07-23,0.2792607802874743,0,last_supplied_sub_1b_round_proxy,1.0,1.0,178000.0,178000.0,0.0,0.0,1.998631074606434,730.0,2023-04-13
quorus,Quorus Inc.,2025-03-21,2026-03-02,0.947296372347707,0,last_supplied_sub_1b_round_proxy,1.0,1.0,1500000.0,1500000.0,0.0,0.0,1.998631074606434,730.0,2023-03-22
cloneable,"Cloneable, Inc.",2025-05-08,2026-02-11,0.7638603696098563,0,last_supplied_sub_1b_round_proxy,1.0,1.0,750000.0,750000.0,0.0,0.0,1.998631074606434,730.0,2023-05-09
novity,"Novity, Inc.",2026-02-20,2026-05-20,0.243668720054757,0,last_supplied_sub_1b_round_proxy,1.0,1.0,7800000.0,7800000.0,3.0,3.0,1.998631074606434,730.0,2024-02-21
allencontrolsystems,Allen Control Systems Inc.,2026-04-18,2026-06-05,0.13141683778234087,1,first_ge_1b_event,1.0,1.0,12000000.0,12000000.0,3.0,3.0,1.998631074606434,730.0,2024-04-18
doromind,Doro Mind Inc.,2026-01-18,2026-03-17,0.15879534565366188,0,last_supplied_sub_1b_round_proxy,1.0,1.0,2770000.0,2770000.0,0.0,0.0,1.998631074606434,730.0,2024-01-19
zizzlholding,"zizzl holding company, inc.",2026-02-28,2026-04-01,0.08761122518822724,0,last_supplied_sub_1b_round_proxy,1.0,1.0,7520000.0,7520000.0,0.0,0.0,1.998631074606434,730.0,2024-02-29
phinsecurity,"Phin Security, Inc.",2026-04-09,2026-04-21,0.03285420944558522,0,last_supplied_sub_1b_round_proxy,1.0,1.0,5700000.0,5700000.0,1.0,1.0,1.998631074606434,730.0,2024-04-09
bonehealth,"Bone Health Technologies, Inc.",2026-03-04,2026-04-09,0.09856262833675565,0,last_supplied_sub_1b_round_proxy,1.0,1.0,5000000.0,5000000.0,3.0,3.0,1.998631074606434,730.0,2024-03-04
subbase,SubBase Technologies Inc.,2026-03-29,2026-06-17,0.2190280629705681,0,last_supplied_sub_1b_round_proxy,1.0,1.0,4000000.0,4000000.0,0.0,0.0,1.998631074606434,730.0,2024-03-29
