company_key,company,first_recorded_round_date,landmark_date,horizon_years,horizon_end_date,first_ge_1b_outcome_date,is_unicorn_within_horizon,label_basis,pre_round_count,pre_rounds_with_amount,pre_funding_total_usd,pre_funding_max_usd,pre_unique_investor_count,pre_investor_count_max,years_of_history_pre,days_since_last_pre_round,max_feature_round_date
illumio,"Illumio, Inc.",2013-02-08,2015-02-08,3,2018-02-08,2017-06-07,1,first_ge_1b_event_within_horizon,2.0,2.0,42490000.0,34500000.0,4.0,3.0,1.998631074606434,508.0,2013-09-18
eternalnseieternal,Eternal Limited (NSEI:ETERNAL),2013-02-21,2015-02-21,3,2018-02-21,2020-12-18,0,no_known_event_plus_later_sub_1b_round_proxy,3.0,3.0,106430000.0,59920000.0,3.0,3.0,1.998631074606434,95.0,2014-11-18
getaroundotcpkgetr,"Getaround, Inc. (OTCPK:GETR)",2012-08-02,2014-08-02,3,2017-08-02,,0,no_known_event_plus_later_sub_1b_round_proxy,1.0,1.0,13900000.0,13900000.0,5.0,5.0,1.998631074606434,730.0,2012-08-02
zenleads,"ZenLeads, Inc.",2016-03-23,2018-03-23,3,2021-03-23,2023-08-29,0,no_known_event_plus_later_sub_1b_round_proxy,1.0,1.0,120000.0,120000.0,1.0,1.0,1.998631074606434,730.0,2016-03-23
gotse581a,GO Inc. (TSE:581A),2018-07-30,2020-07-29,3,2023-07-30,,0,no_known_event_plus_later_sub_1b_round_proxy,2.0,2.0,33760000.0,20270000.0,2.0,1.0,1.998631074606434,691.0,2018-09-07
supabase,"Supabase, Inc.",2022-05-10,2024-05-09,3,2027-05-10,2025-09-08,1,first_ge_1b_event_within_horizon,1.0,1.0,80000000.0,80000000.0,4.0,4.0,1.998631074606434,730.0,2022-05-10
opendoornasdaqgsopen,Opendoor Technologies Inc. (NasdaqGS:OPEN),2014-09-05,2016-09-04,3,2019-09-05,2018-09-27,1,first_ge_1b_event_within_horizon,2.0,2.0,87240000.0,77160000.0,5.0,4.0,1.998631074606434,213.0,2016-02-04
everydaysoftwaresl,"Everyday Software, S.L.",2021-09-05,2023-09-05,3,2026-09-05,2026-06-03,1,first_ge_1b_event_within_horizon,2.0,2.0,199800000.0,119590000.0,10.0,7.0,1.998631074606434,329.0,2022-10-11
satispayspa,Satispay S.p.A.,2017-09-07,2019-09-07,3,2022-09-07,,0,no_known_event_plus_later_sub_1b_round_proxy,2.0,2.0,39620000.0,22000000.0,11.0,7.0,1.998631074606434,352.0,2018-09-20
hiveloopprivate,Hiveloop Technology Private Limited,2018-09-03,2020-09-02,3,2023-09-03,2021-01-06,1,first_ge_1b_event_within_horizon,1.0,1.0,223550000.0,223550000.0,2.0,2.0,1.998631074606434,730.0,2018-09-03
pantheonsystems,"Pantheon Systems, Inc.",2014-05-15,2016-05-14,3,2019-05-15,,0,no_known_event_plus_later_sub_1b_round_proxy,1.0,1.0,21740000.0,21740000.0,4.0,4.0,1.998631074606434,730.0,2014-05-15
guangzhousmartmoreinformation,"Guangzhou Smartmore Information Technology Co, Ltd.",2020-01-29,2022-01-28,3,2025-01-28,2024-08-01,1,first_ge_1b_event_within_horizon,1.0,1.0,10000000.0,10000000.0,1.0,1.0,1.998631074606434,730.0,2020-01-29
domonasdaqgmdomo,"Domo, Inc. (NasdaqGM:DOMO)",2013-03-11,2015-03-11,3,2018-03-11,2017-04-27,1,first_ge_1b_event_within_horizon,2.0,2.0,185000000.0,125000000.0,14.0,11.0,1.998631074606434,399.0,2014-02-05
fivestarbusinessfinancenseifivestar,Five-Star Business Finance Limited (NSEI:FIVESTAR),2017-08-09,2019-08-09,3,2022-08-09,2021-03-26,1,first_ge_1b_event_within_horizon,2.0,2.0,102140000.0,52110000.0,5.0,4.0,1.998631074606434,18.0,2019-07-22
kohofinancial,KOHO Financial Inc.,2021-03-11,2023-03-11,3,2026-03-11,,0,no_known_event_plus_later_sub_1b_round_proxy,1.0,1.0,55690000.0,55690000.0,3.0,3.0,1.998631074606434,730.0,2021-03-11
panoramaeducation,"Panorama Education, Inc.",2013-10-21,2015-10-21,3,2018-10-21,,0,no_known_event_plus_later_sub_1b_round_proxy,1.0,1.0,4000000.0,4000000.0,8.0,8.0,1.998631074606434,730.0,2013-10-21
stokespace,"Stoke Space Technologies, Inc.",2021-05-10,2023-05-10,3,2026-05-10,2026-02-10,1,first_ge_1b_event_within_horizon,1.0,1.0,9140000.0,9140000.0,4.0,4.0,1.998631074606434,730.0,2021-05-10
newyorkshippingexchange,"New York Shipping Exchange, Inc.",2015-09-14,2017-09-13,3,2020-09-13,,0,no_known_event_plus_later_sub_1b_round_proxy,1.0,1.0,506000.0,506000.0,0.0,0.0,1.998631074606434,730.0,2015-09-14
gobrands,"GoBrands, Inc.",2016-06-01,2018-06-01,3,2021-06-01,2019-12-31,1,first_ge_1b_event_within_horizon,1.0,1.0,8250000.0,8250000.0,1.0,1.0,1.998631074606434,730.0,2016-06-01
whoop,"WHOOP, Inc.",2014-06-20,2016-06-19,3,2019-06-20,2026-03-31,0,no_known_event_plus_later_sub_1b_round_proxy,2.0,2.0,19310000.0,13310000.0,8.0,7.0,1.998631074606434,171.0,2015-12-31
junipersquare,"Juniper Square, Inc.",2018-12-12,2020-12-11,3,2023-12-12,,0,no_known_event_plus_later_sub_1b_round_proxy,2.0,2.0,100870000.0,75000000.0,4.0,4.0,1.998631074606434,386.0,2019-11-21
oysterhr,"Oyster HR, Inc.",2020-04-21,2022-04-21,3,2025-04-21,2024-09-04,1,first_ge_1b_event_within_horizon,4.0,4.0,226920000.0,150000000.0,17.0,13.0,1.998631074606434,1.0,2022-04-20
retool,"Retool, Inc.",2017-08-23,2019-08-23,3,2022-08-23,2021-12-22,1,first_ge_1b_event_within_horizon,1.0,1.0,120000.0,120000.0,1.0,1.0,1.998631074606434,730.0,2017-08-23
tbctheboring,TBC-The Boring Company,2019-07-25,2021-07-24,3,2024-07-24,2022-05-02,1,first_ge_1b_event_within_horizon,1.0,1.0,120090000.0,120090000.0,6.0,6.0,1.998631074606434,730.0,2019-07-25
kininsurance,"Kin Insurance, Inc.",2018-02-15,2020-02-15,3,2023-02-15,2025-09-08,0,no_known_event_plus_later_sub_1b_round_proxy,1.0,1.0,13060000.0,13060000.0,1.0,1.0,1.998631074606434,730.0,2018-02-15
checkr,"Checkr, Inc.",2016-03-23,2018-03-23,3,2021-03-23,2019-09-19,1,first_ge_1b_event_within_horizon,1.0,1.0,40410000.0,40410000.0,3.0,3.0,1.998631074606434,730.0,2016-03-23
lucidsoftware,Lucid Software Inc.,2011-07-26,2013-07-25,3,2016-07-25,,0,no_known_event_plus_later_sub_1b_round_proxy,1.0,1.0,530000.0,530000.0,4.0,4.0,1.998631074606434,730.0,2011-07-26
ladderfinancial,Ladder Financial Inc.,2016-10-19,2018-10-19,3,2021-10-19,,0,no_known_event_plus_later_sub_1b_round_proxy,2.0,2.0,54000000.0,40000000.0,8.0,7.0,1.998631074606434,157.0,2018-05-15
segmentio,"Segment.io, Inc.",2014-10-08,2016-10-07,3,2019-10-08,2019-04-02,1,first_ge_1b_event_within_horizon,2.0,2.0,41870000.0,27000000.0,4.0,3.0,1.998631074606434,364.0,2015-10-09
flexport,"Flexport, Inc.",2016-09-26,2018-09-26,3,2021-09-26,2019-09-05,1,first_ge_1b_event_within_horizon,2.0,2.0,175000000.0,110000000.0,9.0,7.0,1.998631074606434,355.0,2017-10-06
qumulo,"Qumulo, Inc.",2012-03-31,2014-03-31,3,2017-03-31,2021-04-20,0,no_known_event_plus_later_sub_1b_round_proxy,2.0,2.0,26800000.0,24500000.0,3.0,3.0,1.998631074606434,496.0,2012-11-20
pateoconnectshanghaisehk2889,PATEO CONNECT Technology (Shanghai) Corporation (SEHK:2889),2015-11-17,2017-11-16,3,2020-11-16,2022-06-27,0,no_known_event_plus_later_sub_1b_round_proxy,1.0,1.0,18840000.0,18840000.0,0.0,0.0,1.998631074606434,730.0,2015-11-17
semitech,Semi-tech,2023-05-05,2025-05-04,3,2028-05-04,2025-12-31,1,first_ge_1b_event_within_horizon,2.0,2.0,93500000.0,72350000.0,16.0,10.0,1.998631074606434,490.0,2023-12-31
zepto,Zepto Limited,2021-10-31,2023-10-31,3,2026-10-31,2023-11-07,1,first_ge_1b_event_within_horizon,3.0,3.0,359900000.0,200000000.0,8.0,6.0,1.998631074606434,547.0,2022-05-02
carousellpte,Carousell Pte Ltd.,2019-04-10,2021-04-09,3,2024-04-09,2021-09-15,1,first_ge_1b_event_within_horizon,2.0,2.0,136000000.0,80000000.0,5.0,4.0,1.998631074606434,206.0,2020-09-15
asananyseasan,"Asana, Inc. (NYSE:ASAN)",2012-07-23,2014-07-23,3,2017-07-23,2018-11-29,0,no_known_event_plus_later_sub_1b_round_proxy,1.0,1.0,28000000.0,28000000.0,3.0,3.0,1.998631074606434,730.0,2012-07-23
shenzhenpindaorestaurantmanagement,"Shenzhen Pindao Restaurant Management Co., Ltd.",2017-12-31,2019-12-31,3,2022-12-31,2020-12-31,1,first_ge_1b_event_within_horizon,1.0,1.0,15200000.0,15200000.0,0.0,0.0,1.998631074606434,730.0,2017-12-31
employmentheropty,Employment Hero Pty Ltd,2019-07-08,2021-07-07,3,2024-07-07,2023-10-18,1,first_ge_1b_event_within_horizon,2.0,2.0,50330000.0,34990000.0,4.0,4.0,1.998631074606434,128.0,2021-03-01
chengduguoxingaerospace,"Chengdu Guoxing Aerospace Technology Co., Ltd.",2019-01-31,2021-01-30,3,2024-01-31,2026-04-17,0,no_known_event_plus_later_sub_1b_round_proxy,2.0,2.0,36310000.0,21390000.0,7.0,5.0,1.998631074606434,207.0,2020-07-07
coalition,"Coalition, Inc.",2018-02-28,2020-02-28,3,2023-02-28,2021-03-17,1,first_ge_1b_event_within_horizon,2.0,2.0,35000000.0,25000000.0,5.0,3.0,1.998631074606434,295.0,2019-05-09
cloudbees,"CloudBees, Inc.",2010-11-29,2012-11-28,3,2015-11-29,,0,no_known_event_plus_later_sub_1b_round_proxy,2.0,2.0,15200000.0,10830000.0,2.0,2.0,1.998631074606434,492.0,2011-07-25
capitalrx,"Capital Rx, Inc.",2021-02-02,2023-02-02,3,2026-02-02,2024-03-22,1,first_ge_1b_event_within_horizon,2.0,2.0,156000000.0,106000000.0,5.0,5.0,1.998631074606434,234.0,2022-06-13
cloudwalk,"CloudWalk, Inc.",2019-02-06,2021-02-05,3,2024-02-06,2021-11-17,1,first_ge_1b_event_within_horizon,1.0,1.0,5000000.0,5000000.0,0.0,0.0,1.998631074606434,730.0,2019-02-06
odanorwayas,Oda Norway AS,2016-10-25,2018-10-25,3,2021-10-25,,0,no_known_event_plus_later_sub_1b_round_proxy,2.0,1.0,18180000.0,18180000.0,4.0,3.0,1.998631074606434,71.0,2018-08-15
exegerswedenab,Exeger Sweden AB,2016-12-01,2018-12-01,3,2021-12-01,,0,no_known_event_plus_later_sub_1b_round_proxy,1.0,1.0,5530000.0,5530000.0,1.0,1.0,1.998631074606434,730.0,2016-12-01
groundfloorfinance,Groundfloor Finance Inc.,2015-12-09,2017-12-08,3,2020-12-08,,0,no_known_event_plus_later_sub_1b_round_proxy,1.0,1.0,5000000.0,5000000.0,1.0,1.0,1.998631074606434,730.0,2015-12-09
shenzhenxuncesehk3317,"Shenzhen Xunce Technology Co., Ltd. (SEHK:3317)",2017-06-28,2019-06-28,3,2022-06-28,,0,no_known_event_plus_later_sub_1b_round_proxy,2.0,2.0,24080000.0,12900000.0,7.0,7.0,1.998631074606434,3.0,2019-06-25
cybereason,Cybereason Inc.,2015-05-06,2017-05-05,3,2020-05-05,2021-10-19,0,no_known_event_plus_later_sub_1b_round_proxy,2.0,2.0,83750000.0,59000000.0,4.0,3.0,1.998631074606434,583.0,2015-09-30
shanghaixizhisehk1879,"Shanghai Xizhi Technology Co., Ltd. (SEHK:1879)",2020-07-13,2022-07-13,3,2025-07-13,2025-04-30,1,first_ge_1b_event_within_horizon,1.0,1.0,38160000.0,38160000.0,0.0,0.0,1.998631074606434,730.0,2020-07-13
reputationcom,"Reputation.com, Inc.",2010-06-20,2012-06-19,3,2015-06-20,,0,no_known_event_plus_later_sub_1b_round_proxy,1.0,1.0,15000000.0,15000000.0,3.0,3.0,1.998631074606434,730.0,2010-06-20
tally,"Tally Technologies, Inc.",2015-06-30,2017-06-29,3,2020-06-29,,0,no_known_event_plus_later_sub_1b_round_proxy,2.0,2.0,17000000.0,15000000.0,5.0,4.0,1.998631074606434,406.0,2016-05-19
foursquare,"Foursquare Labs, Inc.",2010-06-29,2012-06-28,3,2015-06-29,,0,no_known_event_plus_later_sub_1b_round_proxy,1.0,1.0,20000000.0,20000000.0,3.0,3.0,1.998631074606434,730.0,2010-06-29
fin,Fin,2013-06-19,2015-06-19,3,2018-06-19,2018-03-27,1,first_ge_1b_event_within_horizon,2.0,2.0,31270000.0,22750000.0,3.0,2.0,1.998631074606434,513.0,2014-01-22
nirvanatech,"Nirvana Tech, Inc.",2020-12-31,2022-12-31,3,2025-12-31,2025-12-18,1,first_ge_1b_event_within_horizon,1.0,1.0,3170000.0,3170000.0,2.0,2.0,1.998631074606434,730.0,2020-12-31
amplitudenasdaqcmampl,"Amplitude, Inc. (NasdaqCM:AMPL)",2018-12-05,2020-12-04,3,2023-12-05,2021-06-09,1,first_ge_1b_event_within_horizon,1.0,1.0,79800000.0,79800000.0,5.0,5.0,1.998631074606434,730.0,2018-12-05
buzzfeednasdaqcmbzfd,"BuzzFeed, Inc. (NasdaqCM:BZFD)",2013-01-03,2015-01-03,3,2018-01-03,2015-08-18,1,first_ge_1b_event_within_horizon,2.0,2.0,69370000.0,50000000.0,6.0,5.0,1.998631074606434,146.0,2014-08-10
flipkartonlineservicespvt,Flipkart Online Services Pvt. Ltd.,2012-01-30,2014-01-29,3,2017-01-29,2014-08-31,1,first_ge_1b_event_within_horizon,1.0,1.0,150000000.0,150000000.0,4.0,4.0,1.998631074606434,730.0,2012-01-30
optimizelynorthamerica,Optimizely North America Inc.,2013-04-16,2015-04-16,3,2018-04-16,,0,no_known_event_plus_later_sub_1b_round_proxy,2.0,2.0,90690000.0,57000000.0,6.0,5.0,1.998631074606434,346.0,2014-05-05
turo,Turo Inc.,2013-09-16,2015-09-16,3,2018-09-16,,0,no_known_event_plus_later_sub_1b_round_proxy,2.0,2.0,63530000.0,37010000.0,8.0,6.0,1.998631074606434,400.0,2014-08-12
shanghaiiluvatarcorexsemiconductorsehk9903,"Shanghai Iluvatar CoreX Semiconductor Co., Ltd. (SEHK:9903)",2016-11-22,2018-11-22,3,2021-11-22,2022-04-22,0,no_known_event_plus_later_sub_1b_round_proxy,3.0,3.0,28200000.0,21380000.0,0.0,0.0,1.998631074606434,129.0,2018-07-16
movable,"Movable, Inc.",2013-05-08,2015-05-08,3,2018-05-08,,0,no_known_event_plus_later_sub_1b_round_proxy,1.0,1.0,11000000.0,11000000.0,7.0,7.0,1.998631074606434,730.0,2013-05-08
procorenysepcor,"Procore Technologies, Inc. (NYSE:PCOR)",2014-11-13,2016-11-12,3,2019-11-13,2018-12-13,1,first_ge_1b_event_within_horizon,3.0,3.0,126150000.0,80000000.0,2.0,2.0,1.998631074606434,269.0,2016-02-17
databricks,"Databricks, Inc.",2016-12-14,2018-12-14,3,2021-12-14,2019-02-05,1,first_ge_1b_event_within_horizon,2.0,2.0,200370000.0,140000000.0,6.0,6.0,1.998631074606434,479.0,2017-08-22
darktrace,Darktrace Limited,2015-03-17,2017-03-16,3,2020-03-16,2018-09-26,1,first_ge_1b_event_within_horizon,3.0,3.0,105500000.0,65000000.0,9.0,6.0,1.998631074606434,254.0,2016-07-05
humaninterest,"Human Interest, Inc.",2015-08-19,2017-08-18,3,2020-08-18,2024-07-17,0,no_known_event_plus_later_sub_1b_round_proxy,1.0,1.0,120000.0,120000.0,1.0,1.0,1.998631074606434,730.0,2015-08-19
ateapharmaceuticalsnasdaqgsavir,"Atea Pharmaceuticals, Inc. (NasdaqGS:AVIR)",2014-09-17,2016-09-16,3,2019-09-17,,0,no_known_event_plus_later_sub_1b_round_proxy,1.0,1.0,20000000.0,20000000.0,1.0,1.0,1.998631074606434,730.0,2014-09-17
mininglampsehk2718,Mininglamp Technology (SEHK:2718),2010-07-16,2012-07-15,3,2015-07-16,2019-05-31,0,no_known_event_plus_later_sub_1b_round_proxy,2.0,2.0,10456000.0,9770000.0,4.0,4.0,1.998631074606434,270.0,2011-10-19
levisionpictures,Le Vision Pictures Co Ltd,2013-08-09,2015-08-09,3,2018-08-09,2015-10-20,1,first_ge_1b_event_within_horizon,2.0,2.0,88010000.0,55360000.0,3.0,3.0,1.998631074606434,328.0,2014-09-15
revolutionfoods,"Revolution Foods, PBC",2010-12-12,2012-12-11,3,2015-12-12,,0,no_known_event_plus_later_sub_1b_round_proxy,2.0,2.0,32750000.0,20000000.0,0.0,0.0,1.998631074606434,288.0,2012-02-27
dremio,Dremio Corporation,2015-09-25,2017-09-24,3,2020-09-24,2022-01-25,0,no_known_event_plus_later_sub_1b_round_proxy,1.0,1.0,12040000.0,12040000.0,2.0,2.0,1.998631074606434,730.0,2015-09-25
gingerio,"Ginger.io, Inc.",2011-10-18,2013-10-17,3,2016-10-17,,0,no_known_event_plus_later_sub_1b_round_proxy,2.0,2.0,7900000.0,6200000.0,7.0,6.0,1.998631074606434,323.0,2012-11-28
altopharmacy,"Alto Pharmacy, LLC",2016-12-31,2018-12-31,3,2021-12-31,,0,no_known_event_plus_later_sub_1b_round_proxy,1.0,1.0,6600000.0,6600000.0,1.0,1.0,1.998631074606434,730.0,2016-12-31
liquiditycapitalmc,Liquidity Capital M.C. Ltd,2020-10-22,2022-10-22,3,2025-10-22,2023-02-20,1,first_ge_1b_event_within_horizon,2.0,1.0,20000000.0,20000000.0,3.0,3.0,1.998631074606434,200.0,2022-04-05
workboard,WorkBoard Inc.,2014-02-25,2016-02-25,3,2019-02-25,,0,no_known_event_plus_later_sub_1b_round_proxy,1.0,1.0,2840000.0,2840000.0,4.0,4.0,1.998631074606434,730.0,2014-02-25
skyscanner,Skyscanner Holdings Limited,2013-10-02,2015-10-02,3,2018-10-02,2016-01-11,1,first_ge_1b_event_within_horizon,1.0,0.0,0.0,0.0,1.0,1.0,1.998631074606434,730.0,2013-10-02
productboard,"ProductBoard, Inc.",2019-02-04,2021-02-03,3,2024-02-04,2022-02-02,1,first_ge_1b_event_within_horizon,2.0,2.0,63000000.0,45000000.0,8.0,5.0,1.998631074606434,385.0,2020-01-15
lyftnasdaqgslyft,"Lyft, Inc. (NasdaqGS:LYFT)",2010-08-23,2012-08-22,3,2015-08-23,2015-05-15,1,first_ge_1b_event_within_horizon,2.0,2.0,7570000.0,6200000.0,4.0,4.0,1.998631074606434,336.0,2011-09-21
perfectday,"Perfect Day, Inc.",2014-10-09,2016-10-08,3,2019-10-09,,0,no_known_event_plus_later_sub_1b_round_proxy,1.0,1.0,2060000.0,2060000.0,0.0,0.0,1.998631074606434,730.0,2014-10-09
modular,"Modular, Inc.",2020-03-05,2022-03-05,3,2025-03-05,,0,no_known_event_plus_later_sub_1b_round_proxy,1.0,1.0,3650000.0,3650000.0,7.0,7.0,1.998631074606434,730.0,2020-03-05
beijingwelionnewenergy,"Beijing WeLion New Energy Technology Co., Ltd.",2021-11-26,2023-11-26,3,2026-11-26,2025-09-30,1,first_ge_1b_event_within_horizon,1.0,1.0,78220000.0,78220000.0,6.0,6.0,1.998631074606434,730.0,2021-11-26
postmates,Postmates Inc.,2014-02-18,2016-02-18,3,2019-02-18,2019-01-10,1,first_ge_1b_event_within_horizon,2.0,2.0,36830000.0,20620000.0,5.0,4.0,1.998631074606434,383.0,2015-01-31
viewthespace,"View the Space, Inc.",2013-12-02,2015-12-02,3,2018-12-02,2022-09-06,0,no_known_event_plus_later_sub_1b_round_proxy,3.0,3.0,32150000.0,21350000.0,3.0,2.0,1.998631074606434,140.0,2015-07-15
fsnecommerceventuresnseinykaa,FSN E-Commerce Ventures Limited (NSEI:NYKAA),2015-10-05,2017-10-04,3,2020-10-04,2020-03-24,1,first_ge_1b_event_within_horizon,3.0,3.0,36920000.0,15460000.0,3.0,2.0,1.998631074606434,300.0,2016-12-08
lendbuzzfunding,"Lendbuzz Funding, LLC",2019-07-15,2021-07-14,3,2024-07-14,2023-10-04,1,first_ge_1b_event_within_horizon,1.0,1.0,17370000.0,17370000.0,1.0,1.0,1.998631074606434,730.0,2019-07-15
proterra,Proterra Inc.,2010-05-27,2012-05-26,3,2015-05-27,,0,no_known_event_plus_later_sub_1b_round_proxy,2.0,2.0,91960000.0,50890000.0,6.0,5.0,1.998631074606434,339.0,2011-06-22
adaptivebiotechnologiesnasdaqgsadpt,Adaptive Biotechnologies Corporation (NasdaqGS:ADPT),2011-06-02,2013-06-01,3,2016-06-01,2015-05-06,1,first_ge_1b_event_within_horizon,1.0,1.0,9670000.0,9670000.0,0.0,0.0,1.998631074606434,730.0,2011-06-02
cyberhaven,"Cyberhaven, Inc.",2016-07-28,2018-07-28,3,2021-07-28,,0,no_known_event_plus_later_sub_1b_round_proxy,1.0,1.0,2120000.0,2120000.0,1.0,1.0,1.998631074606434,730.0,2016-07-28
pindropsecurity,"Pindrop Security, Inc.",2013-06-19,2015-06-19,3,2018-06-19,,0,no_known_event_plus_later_sub_1b_round_proxy,2.0,2.0,48050000.0,35150000.0,6.0,6.0,1.998631074606434,121.0,2015-02-18
h1insights,"H1 Insights, Inc.",2020-04-22,2022-04-22,3,2025-04-22,,0,no_known_event_plus_later_sub_1b_round_proxy,2.0,2.0,71000000.0,58020000.0,11.0,7.0,1.998631074606434,491.0,2020-12-17
discord,Discord Inc.,2014-05-21,2016-05-20,3,2019-05-21,2018-04-19,1,first_ge_1b_event_within_horizon,3.0,3.0,32400000.0,19140000.0,7.0,5.0,1.998631074606434,115.0,2016-01-26
iorahealth,"Iora Health, Inc.",2016-10-13,2018-10-13,3,2021-10-13,2020-02-10,1,first_ge_1b_event_within_horizon,2.0,2.0,174990000.0,100000000.0,10.0,9.0,1.998631074606434,145.0,2018-05-21
verygoodsecurity,"Very Good Security, Inc.",2018-08-28,2020-08-27,3,2023-08-28,2020-12-18,1,first_ge_1b_event_within_horizon,2.0,2.0,43510000.0,35000000.0,6.0,4.0,1.998631074606434,308.0,2019-10-24
minieyesehk2431,"Minieye Technology Co., Ltd (SEHK:2431)",2015-03-18,2017-03-17,3,2020-03-17,,0,no_known_event_plus_later_sub_1b_round_proxy,2.0,2.0,1951000.0,1550000.0,1.0,1.0,1.998631074606434,351.0,2016-03-31
parafin,"Parafin Technologies, Inc.",2017-10-24,2019-10-24,3,2022-10-24,,0,no_known_event_plus_later_sub_1b_round_proxy,1.0,1.0,20000.0,20000.0,1.0,1.0,1.998631074606434,730.0,2017-10-24
therapymatch,"Therapymatch, Inc.",2019-12-31,2021-12-30,3,2024-12-30,2024-07-23,1,first_ge_1b_event_within_horizon,3.0,3.0,102290000.0,70000000.0,6.0,5.0,1.998631074606434,240.0,2021-05-04
fincoservices,"Finco Services, Inc.",2018-02-27,2020-02-27,3,2023-02-27,2021-04-27,1,first_ge_1b_event_within_horizon,2.0,2.0,30250000.0,20000000.0,8.0,6.0,1.998631074606434,126.0,2019-10-24
thirdlove,"ThirdLove, Inc.",2012-12-31,2014-12-31,3,2017-12-31,,0,no_known_event_plus_later_sub_1b_round_proxy,1.0,1.0,4630000.0,4630000.0,5.0,5.0,1.998631074606434,730.0,2012-12-31
ably,"ABLY Corp., Inc.",2022-02-03,2024-02-03,3,2027-02-03,2024-12-02,1,first_ge_1b_event_within_horizon,2.0,2.0,94940000.0,55820000.0,7.0,6.0,1.998631074606434,317.0,2023-03-23
bloomreach,"Bloomreach, Inc.",2010-09-30,2012-09-29,3,2015-09-30,2022-02-23,0,no_known_event_plus_later_sub_1b_round_proxy,1.0,1.0,13500000.0,13500000.0,2.0,2.0,1.998631074606434,730.0,2010-09-30
beijingsiliconflow,"Beijing SiliconFlow Technology Co., Ltd.",2023-12-31,2025-12-30,3,2028-12-30,2026-06-16,1,first_ge_1b_event_within_horizon,1.0,1.0,7050000.0,7050000.0,1.0,1.0,1.998631074606434,730.0,2023-12-31
mobileyenv,Mobileye N.V.,2010-03-16,2012-03-15,3,2015-03-16,2013-08-22,1,first_ge_1b_event_within_horizon,1.0,1.0,37000000.0,37000000.0,3.0,3.0,1.998631074606434,730.0,2010-03-16
happymoney,"Happy Money, Inc.",2014-10-23,2016-10-22,3,2019-10-23,,0,no_known_event_plus_later_sub_1b_round_proxy,1.0,1.0,12000000.0,12000000.0,1.0,1.0,1.998631074606434,730.0,2014-10-23
yieldstreet,"YieldStreet, Inc.",2015-12-14,2017-12-13,3,2020-12-13,,0,no_known_event_plus_later_sub_1b_round_proxy,1.0,1.0,3720000.0,3720000.0,2.0,2.0,1.998631074606434,730.0,2015-12-14
jumpcloud,JumpCloud Inc.,2014-01-23,2016-01-23,3,2019-01-23,2021-10-19,0,no_known_event_plus_later_sub_1b_round_proxy,2.0,2.0,6280000.0,3200000.0,2.0,2.0,1.998631074606434,288.0,2015-04-10
luoshirobot,"Luoshi Robot Group Co., Ltd.",2015-05-05,2017-05-04,3,2020-05-04,,0,no_known_event_plus_later_sub_1b_round_proxy,2.0,2.0,1806000.0,1500000.0,2.0,1.0,1.998631074606434,296.0,2016-07-12
wakefitinnovationsnseiwakefit,Wakefit Innovations Limited (NSEI:WAKEFIT),2018-12-10,2020-12-09,3,2023-12-10,,0,no_known_event_plus_later_sub_1b_round_proxy,1.0,1.0,8970000.0,8970000.0,1.0,1.0,1.998631074606434,730.0,2018-12-10
volta,Volta Inc.,2015-06-10,2017-06-09,3,2020-06-09,,0,no_known_event_plus_later_sub_1b_round_proxy,1.0,1.0,8830000.0,8830000.0,5.0,5.0,1.998631074606434,730.0,2015-06-10
eshares,"eShares, Inc.",2013-08-13,2015-08-13,3,2018-08-13,2019-05-06,0,no_known_event_plus_later_sub_1b_round_proxy,3.0,3.0,27110000.0,18000000.0,12.0,7.0,1.998631074606434,30.0,2015-07-14
kareo,"Kareo, Inc.",2010-09-13,2012-09-12,3,2015-09-13,,0,no_known_event_plus_later_sub_1b_round_proxy,1.0,1.0,2510000.0,2510000.0,1.0,1.0,1.998631074606434,730.0,2010-09-13
zerohash,Zero Hash Holdings Ltd.,2020-09-01,2022-09-01,3,2025-09-01,,0,no_known_event_plus_later_sub_1b_round_proxy,2.0,2.0,39750000.0,35000000.0,9.0,6.0,1.998631074606434,336.0,2021-09-30
vroomnasdaqgmvrm,"Vroom, Inc. (NasdaqGM:VRM)",2013-07-05,2015-07-05,3,2018-07-05,,0,no_known_event_plus_later_sub_1b_round_proxy,1.0,1.0,7250000.0,7250000.0,0.0,0.0,1.998631074606434,730.0,2013-07-05
seeq,Seeq Corporation,2013-11-06,2015-11-06,3,2018-11-06,,0,no_known_event_plus_later_sub_1b_round_proxy,1.0,1.0,7740000.0,7740000.0,0.0,0.0,1.998631074606434,730.0,2013-11-06
gorgias,Gorgias Inc.,2015-12-17,2017-12-16,3,2020-12-16,,0,no_known_event_plus_later_sub_1b_round_proxy,2.0,2.0,1760000.0,1740000.0,4.0,3.0,1.998631074606434,674.0,2016-02-11
basicsemiconductorsehk9971,"BASiC Semiconductor Co., Ltd. (SEHK:9971)",2017-12-31,2019-12-31,3,2022-12-31,,0,no_known_event_plus_later_sub_1b_round_proxy,2.0,0.0,0.0,0.0,4.0,3.0,1.998631074606434,365.0,2018-12-31
salsify,Salsify Inc.,2015-07-06,2017-07-05,3,2020-07-05,2022-04-13,0,no_known_event_plus_later_sub_1b_round_proxy,2.0,2.0,46660000.0,30000000.0,4.0,4.0,1.998631074606434,168.0,2017-01-18
rebelfoodsprivate,Rebel Foods Private Limited,2019-07-31,2021-07-30,3,2024-07-30,2021-10-22,1,first_ge_1b_event_within_horizon,2.0,2.0,173500000.0,126090000.0,8.0,8.0,1.998631074606434,477.0,2020-04-09
cashfreepaymentsindiaprivate,Cashfree Payments India Private Limited,2017-08-21,2019-08-21,3,2022-08-21,,0,no_known_event_plus_later_sub_1b_round_proxy,1.0,1.0,120000.0,120000.0,1.0,1.0,1.998631074606434,730.0,2017-08-21
supplyingdemand,"Supplying Demand, Inc.",2020-09-25,2022-09-25,3,2025-09-25,2024-03-11,1,first_ge_1b_event_within_horizon,2.0,2.0,97950000.0,75000000.0,7.0,5.0,1.998631074606434,265.0,2022-01-03
autofi,"AutoFi, Inc.",2016-05-23,2018-05-23,3,2021-05-23,,0,no_known_event_plus_later_sub_1b_round_proxy,1.0,1.0,3600000.0,3600000.0,2.0,2.0,1.998631074606434,730.0,2016-05-23
khealth,"K Health, Inc.",2016-11-16,2018-11-16,3,2021-11-16,2020-12-31,1,first_ge_1b_event_within_horizon,3.0,3.0,12350000.0,5820000.0,7.0,7.0,1.998631074606434,122.0,2018-07-17
sisense,Sisense Inc.,2016-01-07,2018-01-06,3,2021-01-06,2020-01-09,1,first_ge_1b_event_within_horizon,1.0,1.0,50000000.0,50000000.0,5.0,5.0,1.998631074606434,730.0,2016-01-07
soundcloud,SoundCloud Limited,2012-01-02,2014-01-01,3,2017-01-01,,0,no_known_event_plus_later_sub_1b_round_proxy,2.0,2.0,110000000.0,60000000.0,6.0,6.0,1.998631074606434,1.0,2013-12-31
inventurecapital,InVenture Capital Corporation,2011-08-29,2013-08-28,3,2016-08-28,,0,no_known_event_plus_later_sub_1b_round_proxy,1.0,1.0,318000.0,318000.0,0.0,0.0,1.998631074606434,730.0,2011-08-29
snowflakenysesnow,Snowflake Inc. (NYSE:SNOW),2013-08-24,2015-08-24,3,2018-08-24,2018-01-25,1,first_ge_1b_event_within_horizon,3.0,3.0,25658000.0,19950000.0,3.0,3.0,1.998631074606434,307.0,2014-10-21
onboardiq,"OnboardIQ, Inc.",2014-10-23,2016-10-22,3,2019-10-23,,0,no_known_event_plus_later_sub_1b_round_proxy,3.0,3.0,5770000.0,4000000.0,6.0,3.0,1.998631074606434,431.0,2015-08-18
beijinglezitianchengculturaldevelopment,"Beijing Lezi Tiancheng Cultural Development Co., Ltd.",2018-02-12,2020-02-12,3,2023-02-12,,0,no_known_event_plus_later_sub_1b_round_proxy,1.0,1.0,6320000.0,6320000.0,4.0,4.0,1.998631074606434,730.0,2018-02-12
sciwindbiosciences,"Sciwind Biosciences Co., Ltd.",2018-04-27,2020-04-26,3,2023-04-27,,0,no_known_event_plus_later_sub_1b_round_proxy,1.0,1.0,9480000.0,9480000.0,2.0,2.0,1.998631074606434,730.0,2018-04-27
evolvevacationrentalnetwork,"Evolve Vacation Rental Network, Inc.",2013-04-18,2015-04-18,3,2018-04-18,,0,no_known_event_plus_later_sub_1b_round_proxy,1.0,1.0,2700000.0,2700000.0,0.0,0.0,1.998631074606434,730.0,2013-04-18
saildrone,"Saildrone, Inc.",2018-05-15,2020-05-14,3,2023-05-15,,0,no_known_event_plus_later_sub_1b_round_proxy,1.0,1.0,60000000.0,60000000.0,5.0,5.0,1.998631074606434,730.0,2018-05-15
cars24servicespvt,CARS24 Services Pvt. Ltd.,2018-07-18,2020-07-17,3,2023-07-18,2021-09-19,1,first_ge_1b_event_within_horizon,2.0,2.0,60610000.0,49610000.0,3.0,2.0,1.998631074606434,474.0,2019-03-31
ai21,AI21 Labs Ltd.,2021-11-01,2023-11-01,3,2026-11-01,2023-11-21,1,first_ge_1b_event_within_horizon,2.0,2.0,84000000.0,64000000.0,4.0,4.0,1.998631074606434,477.0,2022-07-12
atombank,Atom Bank plc,2015-11-24,2017-11-23,3,2020-11-23,,0,no_known_event_plus_later_sub_1b_round_proxy,2.0,2.0,225090000.0,123460000.0,5.0,5.0,1.998631074606434,265.0,2017-03-03
highspot,"Highspot, Inc.",2017-06-15,2019-06-15,3,2022-06-15,2021-02-22,1,first_ge_1b_event_within_horizon,2.0,2.0,50000000.0,35000000.0,4.0,4.0,1.998631074606434,264.0,2018-09-24
renttherunwaynasdaqgmrent,"Rent the Runway, Inc. (NasdaqGM:RENT)",2010-02-25,2012-02-25,3,2015-02-25,,0,no_known_event_plus_later_sub_1b_round_proxy,1.0,1.0,15000000.0,15000000.0,2.0,2.0,1.998631074606434,730.0,2010-02-25
influxdata,InfluxData Inc.,2014-12-08,2016-12-07,3,2019-12-08,,0,no_known_event_plus_later_sub_1b_round_proxy,1.0,1.0,9110000.0,9110000.0,2.0,2.0,1.998631074606434,730.0,2014-12-08
sourcegraph,"Sourcegraph, Inc.",2017-10-06,2019-10-06,3,2022-10-06,2021-07-13,1,first_ge_1b_event_within_horizon,1.0,1.0,20000000.0,20000000.0,2.0,2.0,1.998631074606434,730.0,2017-10-06
jrsk,"JRSK, Inc.",2015-08-17,2017-08-16,3,2020-08-16,2019-05-14,1,first_ge_1b_event_within_horizon,2.0,2.0,11060000.0,8560000.0,4.0,4.0,1.998631074606434,341.0,2016-09-09
fourkites,"FourKites, Inc.",2016-01-26,2018-01-25,3,2021-01-25,,0,no_known_event_plus_later_sub_1b_round_proxy,2.0,2.0,17050000.0,13400000.0,4.0,4.0,1.998631074606434,470.0,2016-10-12
parabilismedicinesnasdaqgspbls,"Parabilis Medicines, Inc. (NasdaqGS:PBLS)",2017-08-22,2019-08-22,3,2022-08-22,,0,no_known_event_plus_later_sub_1b_round_proxy,2.0,2.0,76620000.0,65510000.00000001,8.0,8.0,1.998631074606434,463.0,2018-05-16
practoprivate,Practo Technologies Private Limited,2015-08-06,2017-08-05,3,2020-08-05,,0,no_known_event_plus_later_sub_1b_round_proxy,2.0,2.0,145050000.0,90000000.0,10.0,9.0,1.998631074606434,200.0,2017-01-17
delhiverynseidelhivery,Delhivery Limited (NSEI:DELHIVERY),2014-09-08,2016-09-07,3,2019-09-08,2019-03-24,1,first_ge_1b_event_within_horizon,1.0,1.0,35000000.0,35000000.0,3.0,3.0,1.998631074606434,730.0,2014-09-08
ande,ANDE Corporation,2018-11-28,2020-11-27,3,2023-11-28,,0,no_known_event_plus_later_sub_1b_round_proxy,2.0,2.0,78620000.0,47610000.0,0.0,0.0,1.998631074606434,529.0,2019-06-17
omnianalytics,"Omni Analytics, Inc.",2022-08-16,2024-08-15,3,2027-08-16,2026-04-23,1,first_ge_1b_event_within_horizon,1.0,1.0,9400000.0,9400000.0,6.0,6.0,1.998631074606434,730.0,2022-08-16
tideplatform,Tide Platform Limited,2021-07-12,2023-07-12,3,2026-07-12,2025-09-22,1,first_ge_1b_event_within_horizon,1.0,1.0,99980000.0,99980000.0,7.0,7.0,1.998631074606434,730.0,2021-07-12
policygenius,Policygenius LLC,2016-01-19,2018-01-18,3,2021-01-18,,0,no_known_event_plus_later_sub_1b_round_proxy,2.0,2.0,35610000.0,30000000.0,8.0,8.0,1.998631074606434,239.0,2017-05-24
wuxiautolinkworldinformation,"Wuxi Auto-link World Information Technology Co.,Ltd.",2016-03-31,2018-03-31,3,2021-03-31,,0,no_known_event_plus_later_sub_1b_round_proxy,2.0,2.0,36610000.0,31190000.0,4.0,2.0,1.998631074606434,294.0,2017-06-10
sharecare,"Sharecare, Inc.",2011-06-14,2013-06-13,3,2016-06-13,2019-07-12,0,no_known_event_plus_later_sub_1b_round_proxy,1.0,1.0,9750000.0,9750000.0,1.0,1.0,1.998631074606434,730.0,2011-06-14
betanysebeta,"BETA Technologies, Inc. (NYSE:BETA)",2021-05-24,2023-05-24,3,2026-05-24,2025-08-27,1,first_ge_1b_event_within_horizon,1.0,1.0,425620000.0,425620000.0,2.0,2.0,1.998631074606434,730.0,2021-05-24
stryder,Stryder Corp.,2013-06-05,2015-06-05,3,2018-06-05,2021-05-12,0,no_known_event_plus_later_sub_1b_round_proxy,1.0,1.0,4340000.0,4340000.0,5.0,5.0,1.998631074606434,730.0,2013-06-05
aviatrixsystems,"Aviatrix Systems, Inc.",2015-09-10,2017-09-09,3,2020-09-09,2021-09-08,0,no_known_event_plus_later_sub_1b_round_proxy,2.0,2.0,35250000.0,25250000.0,3.0,3.0,1.998631074606434,234.0,2017-01-18
hackerone,HackerOne Inc.,2014-05-28,2016-05-27,3,2019-05-28,,0,no_known_event_plus_later_sub_1b_round_proxy,2.0,2.0,33950000.0,25000000.0,2.0,2.0,1.998631074606434,338.0,2015-06-24
sentinelonenyses,"SentinelOne, Inc. (NYSE:S)",2013-08-07,2015-08-07,3,2018-08-07,2020-02-19,0,no_known_event_plus_later_sub_1b_round_proxy,2.0,2.0,12580000.0,10000000.0,5.0,5.0,1.998631074606434,471.0,2014-04-23
seegrid,Seegrid Corporation,2016-12-31,2018-12-31,3,2021-12-31,,0,no_known_event_plus_later_sub_1b_round_proxy,1.0,1.0,36230000.0,36230000.0,1.0,1.0,1.998631074606434,730.0,2016-12-31
shanghaiglorysoftsoftware,"Shanghai Glorysoft Software Co., Ltd.",2019-12-25,2021-12-24,3,2024-12-24,,0,no_known_event_plus_later_sub_1b_round_proxy,3.0,3.0,54980000.0,39190000.0,6.0,3.0,1.998631074606434,42.0,2021-11-12
vulcanforms,VulcanForms Inc.,2020-05-15,2022-05-15,3,2025-05-15,,0,no_known_event_plus_later_sub_1b_round_proxy,1.0,1.0,5000000.0,5000000.0,1.0,1.0,1.998631074606434,730.0,2020-05-15
alkaidsemishanghai,Alkaidsemi (Shanghai) Technologies Corporation,2019-12-31,2021-12-30,3,2024-12-30,,0,no_known_event_plus_later_sub_1b_round_proxy,4.0,4.0,18330000.0,7810000.0,0.0,0.0,1.998631074606434,60.0,2021-10-31
garuda,"Garuda Labs, Inc.",2015-08-19,2017-08-18,3,2020-08-18,,0,no_known_event_plus_later_sub_1b_round_proxy,1.0,1.0,120000.0,120000.0,1.0,1.0,1.998631074606434,730.0,2015-08-19
iterativescopes,"Iterative Scopes, Inc.",2022-01-19,2024-01-19,3,2027-01-19,2026-04-30,1,first_ge_1b_event_within_horizon,1.0,1.0,150000000.0,150000000.0,6.0,6.0,1.998631074606434,730.0,2022-01-19
project44,"Project44, LLC",2016-09-12,2018-09-12,3,2021-09-12,2021-06-01,1,first_ge_1b_event_within_horizon,2.0,2.0,48800000.0,35000000.0,7.0,6.0,1.998631074606434,148.0,2018-04-17
thehonestnasdaqgshnst,"The Honest Company, Inc. (NasdaqGS:HNST)",2012-03-23,2014-03-23,3,2017-03-23,2015-08-13,1,first_ge_1b_event_within_horizon,1.0,1.0,27000000.0,27000000.0,3.0,3.0,1.998631074606434,730.0,2012-03-23
doordashnasdaqgsdash,"DoorDash, Inc. (NasdaqGS:DASH)",2014-05-22,2016-05-21,3,2019-05-22,2018-03-01,1,first_ge_1b_event_within_horizon,2.0,2.0,148340000.0,128500000.0,7.0,5.0,1.998631074606434,60.0,2016-03-22
crimsonconsulting,Crimson Consulting Limited,2015-08-26,2017-08-25,3,2020-08-25,,0,no_known_event_plus_later_sub_1b_round_proxy,1.0,1.0,5000000.0,5000000.0,0.0,0.0,1.998631074606434,730.0,2015-08-26
verseinnovationprivate,VerSe Innovation Private Limited,2015-01-31,2017-01-30,3,2020-01-31,2020-12-22,0,no_known_event_plus_later_sub_1b_round_proxy,1.0,1.0,40260000.0,40260000.0,4.0,4.0,1.998631074606434,730.0,2015-01-31
mparticle,"mParticle, Inc.",2014-10-09,2016-10-08,3,2019-10-09,,0,no_known_event_plus_later_sub_1b_round_proxy,1.0,1.0,4700000.0,4700000.0,5.0,5.0,1.998631074606434,730.0,2014-10-09
inrix,"INRIX, Inc.",2011-07-25,2013-07-24,3,2016-07-24,,0,no_known_event_plus_later_sub_1b_round_proxy,1.0,1.0,37000000.0,37000000.0,2.0,2.0,1.998631074606434,730.0,2011-07-25
kbiservices,"KBI Services, Inc.",2020-06-25,2022-06-25,3,2025-06-25,2023-03-02,1,first_ge_1b_event_within_horizon,2.0,2.0,94000000.0,62000000.0,10.0,7.0,1.998631074606434,365.0,2021-06-25
thehonestkitchen,"The Honest Kitchen, Inc.",2011-09-12,2013-09-11,3,2016-09-11,,0,no_known_event_plus_later_sub_1b_round_proxy,1.0,1.0,3080000.0,3080000.0,2.0,2.0,1.998631074606434,730.0,2011-09-12
abcuro,"Abcuro, Inc.",2016-12-13,2018-12-13,3,2021-12-13,,0,no_known_event_plus_later_sub_1b_round_proxy,2.0,2.0,10250000.0,8000000.0,3.0,3.0,1.998631074606434,22.0,2018-11-21
insightec,INSIGHTEC Ltd.,2012-12-09,2014-12-09,3,2017-12-09,2021-04-07,0,no_known_event_plus_later_sub_1b_round_proxy,1.0,1.0,30900000.0,30900000.0,3.0,3.0,1.998631074606434,730.0,2012-12-09
horizonroboticssehk9660,Horizon Robotics (SEHK:9660),2015-10-27,2017-10-26,3,2020-10-26,2020-05-11,1,first_ge_1b_event_within_horizon,3.0,3.0,54250000.0,39300000.0,0.0,0.0,1.998631074606434,498.0,2016-06-15
finngmbh,FINN GmbH,2022-05-25,2024-05-24,3,2027-05-25,2026-06-09,1,first_ge_1b_event_within_horizon,2.0,2.0,219480000.0,110000000.0,13.0,12.0,1.998631074606434,134.0,2024-01-11
clearmotion,"ClearMotion, Inc.",2014-01-07,2016-01-07,3,2019-01-07,,0,no_known_event_plus_later_sub_1b_round_proxy,1.0,1.0,6000000.0,6000000.0,0.0,0.0,1.998631074606434,730.0,2014-01-07
heartflownasdaqgshtfl,"HeartFlow, Inc. (NasdaqGS:HTFL)",2011-02-04,2013-02-03,3,2016-02-04,2019-06-14,0,no_known_event_plus_later_sub_1b_round_proxy,1.0,1.0,20520000.0,20520000.0,0.0,0.0,1.998631074606434,730.0,2011-02-04
duolingonasdaqgsduol,"Duolingo, Inc. (NasdaqGS:DUOL)",2011-10-31,2013-10-30,3,2016-10-30,2019-12-04,0,no_known_event_plus_later_sub_1b_round_proxy,2.0,2.0,18300000.0,15000000.0,3.0,2.0,1.998631074606434,408.0,2012-09-17
smule,"Smule, Inc.",2011-10-31,2013-10-30,3,2016-10-30,,0,no_known_event_plus_later_sub_1b_round_proxy,1.0,1.0,12000000.0,12000000.0,3.0,3.0,1.998631074606434,730.0,2011-10-31
vedantuinnovationsprivate,Vedantu Innovations Private Limited,2020-07-16,2022-07-16,3,2025-07-16,2024-09-27,1,first_ge_1b_event_within_horizon,2.0,2.0,185890000.0,100100000.0,10.0,9.0,1.998631074606434,631.0,2020-10-23
ursamajor,"Ursa Major Technologies, Inc.",2017-11-28,2019-11-28,3,2022-11-28,,0,no_known_event_plus_later_sub_1b_round_proxy,1.0,1.0,8029999.999999999,8029999.999999999,1.0,1.0,1.998631074606434,730.0,2017-11-28
canary,Canary Technologies Corp.,2018-08-20,2020-08-19,3,2023-08-20,,0,no_known_event_plus_later_sub_1b_round_proxy,1.0,1.0,120000.0,120000.0,1.0,1.0,1.998631074606434,730.0,2018-08-20
dssv,"DSSV, Inc.",2015-06-17,2017-06-16,3,2020-06-16,,0,no_known_event_plus_later_sub_1b_round_proxy,3.0,3.0,13390000.0,10000000.0,11.0,8.0,1.998631074606434,120.0,2017-02-16
hangzhouqunheinformation,"Hangzhou Qunhe Information Technology Co., Ltd.",2018-03-09,2020-03-08,3,2023-03-09,2020-12-31,1,first_ge_1b_event_within_horizon,1.0,1.0,100000000.0,100000000.0,7.0,7.0,1.998631074606434,730.0,2018-03-09
saltsecurity,"Salt Security, Inc.",2016-03-22,2018-03-22,3,2021-03-22,2022-09-21,0,no_known_event_plus_later_sub_1b_round_proxy,1.0,1.0,120000.0,120000.0,1.0,1.0,1.998631074606434,730.0,2016-03-22
maplighttherapeuticsnasdaqgsmplt,"MapLight Therapeutics, Inc. (NasdaqGS:MPLT)",2019-03-08,2021-03-07,3,2024-03-07,,0,no_known_event_plus_later_sub_1b_round_proxy,2.0,2.0,21000000.0,16000000.0,0.0,0.0,1.998631074606434,550.0,2019-09-04
rubriknyserbrk,"Rubrik, Inc. (NYSE:RBRK)",2015-03-24,2017-03-23,3,2020-03-23,2017-04-28,1,first_ge_1b_event_within_horizon,3.0,3.0,112510000.0,61250000.0,3.0,3.0,1.998631074606434,219.0,2016-08-16
avidxchange,"AvidXchange Holdings, Inc.",2014-05-13,2016-05-12,3,2019-05-13,2017-06-08,1,first_ge_1b_event_within_horizon,2.0,2.0,186240000.0,176010000.0,6.0,6.0,1.998631074606434,241.0,2015-09-14
prestoautomationotcpkprst,Presto Automation Inc. (OTCPK:PRST),2014-09-24,2016-09-23,3,2019-09-24,,0,no_known_event_plus_later_sub_1b_round_proxy,1.0,1.0,35000000.0,35000000.0,3.0,3.0,1.998631074606434,730.0,2014-09-24
positsoftware,"Posit Software, PBC",2013-12-31,2015-12-31,3,2018-12-31,,0,no_known_event_plus_later_sub_1b_round_proxy,1.0,1.0,6110000.0,6110000.0,1.0,1.0,1.998631074606434,730.0,2013-12-31
cultfit,Cult.Fit Limited,2019-10-29,2021-10-28,3,2024-10-28,2021-12-03,1,first_ge_1b_event_within_horizon,2.0,2.0,229470000.0,117920000.0,17.0,12.0,1.998631074606434,595.0,2020-03-12
insurify,"Insurify, Inc.",2015-02-20,2017-02-19,3,2020-02-20,,0,no_known_event_plus_later_sub_1b_round_proxy,1.0,1.0,2049999.9999999998,2049999.9999999998,0.0,0.0,1.998631074606434,730.0,2015-02-20
divvypay,"DivvyPay, Inc.",2018-05-04,2020-05-03,3,2023-05-04,2021-01-05,1,first_ge_1b_event_within_horizon,3.0,3.0,245180000.0,200000000.0,3.0,3.0,1.998631074606434,369.0,2019-04-30
arcadiapower,"Arcadia Power, Inc.",2017-06-01,2019-06-01,3,2022-06-01,2022-05-06,1,first_ge_1b_event_within_horizon,1.0,1.0,6000000.0,6000000.0,3.0,3.0,1.998631074606434,730.0,2017-06-01
digitalocean,"DigitalOcean, LLC",2015-07-08,2017-07-07,3,2020-07-07,2020-05-14,1,first_ge_1b_event_within_horizon,1.0,1.0,83000000.0,83000000.0,2.0,2.0,1.998631074606434,730.0,2015-07-08
knowbe4,"KnowBe4, Inc.",2016-01-31,2018-01-30,3,2021-01-30,2019-06-24,1,first_ge_1b_event_within_horizon,2.0,2.0,38000000.0,30000000.0,2.0,2.0,1.998631074606434,98.0,2017-10-24
rapidsos,"RapidSOS, Inc.",2015-08-13,2017-08-12,3,2020-08-12,,0,no_known_event_plus_later_sub_1b_round_proxy,3.0,3.0,15620000.0,5900000.0,3.0,2.0,1.998631074606434,12.0,2017-07-31
versanetworks,"Versa Networks, Inc.",2012-09-30,2014-09-30,3,2017-09-30,,0,no_known_event_plus_later_sub_1b_round_proxy,2.0,2.0,43350000.0,29000000.0,4.0,4.0,1.998631074606434,122.0,2014-05-31
vecnarobotics,"Vecna Robotics, Inc.",2018-08-29,2020-08-28,3,2023-08-29,,0,no_known_event_plus_later_sub_1b_round_proxy,1.0,1.0,13500000.0,13500000.0,1.0,1.0,1.998631074606434,730.0,2018-08-29
woanshenzhen,"Woan Technology (Shenzhen) Co., Ltd.",2017-10-31,2019-10-31,3,2022-10-31,,0,no_known_event_plus_later_sub_1b_round_proxy,1.0,0.0,0.0,0.0,3.0,3.0,1.998631074606434,730.0,2017-10-31
coterieapplications,Coterie Applications Inc.,2019-09-19,2021-09-18,3,2024-09-18,,0,no_known_event_plus_later_sub_1b_round_proxy,2.0,2.0,11240000.0,8700000.0,7.0,6.0,1.998631074606434,547.0,2020-03-20
glooko,"Glooko, Inc.",2010-11-30,2012-11-29,3,2015-11-30,,0,no_known_event_plus_later_sub_1b_round_proxy,2.0,2.0,4500000.0,3500000.0,2.0,2.0,1.998631074606434,304.0,2012-01-30
extremereach,"Extreme Reach, Inc.",2010-06-23,2012-06-22,3,2015-06-23,,0,no_known_event_plus_later_sub_1b_round_proxy,1.0,1.0,9500000.0,9500000.0,3.0,3.0,1.998631074606434,730.0,2010-06-23
entrepreneurfirstoperations,Entrepreneur First Operations Limited,2022-06-28,2024-06-27,3,2027-06-28,2026-03-11,1,first_ge_1b_event_within_horizon,1.0,1.0,158000000.0,158000000.0,4.0,4.0,1.998631074606434,730.0,2022-06-28
ziplineinternational,Zipline International Inc.,2016-11-09,2018-11-09,3,2021-11-09,2019-05-17,1,first_ge_1b_event_within_horizon,1.0,1.0,25000000.0,25000000.0,4.0,4.0,1.998631074606434,730.0,2016-11-09
viewtrixsehk3310,"Viewtrix Technology Co., Ltd (SEHK:3310)",2021-07-31,2023-07-31,3,2026-07-31,2024-08-31,1,first_ge_1b_event_within_horizon,1.0,0.0,0.0,0.0,0.0,0.0,1.998631074606434,730.0,2021-07-31
pegbiosehk2565,"PegBio Co., Ltd. (SEHK:2565)",2010-08-31,2012-08-30,3,2015-08-31,,0,no_known_event_plus_later_sub_1b_round_proxy,2.0,2.0,5300000.0,3500000.0,0.0,0.0,1.998631074606434,338.0,2011-09-27
fastlynasdaqgsfsly,"Fastly, Inc. (NasdaqGS:FSLY)",2011-03-31,2013-03-30,3,2016-03-30,,0,no_known_event_plus_later_sub_1b_round_proxy,1.0,1.0,1200000.0,1200000.0,2.0,2.0,1.998631074606434,730.0,2011-03-31
fomo,FOMO Group Holdings,2017-08-02,2019-08-02,3,2022-08-02,,0,no_known_event_plus_later_sub_1b_round_proxy,1.0,1.0,20000.0,20000.0,2.0,2.0,1.998631074606434,730.0,2017-08-02
strandtherapeutics,Strand Therapeutics Inc.,2019-06-04,2021-06-03,3,2024-06-03,,0,no_known_event_plus_later_sub_1b_round_proxy,1.0,1.0,5890000.0,5890000.0,3.0,3.0,1.998631074606434,730.0,2019-06-04
inshortsmedialabsprivate,Inshorts Medialabs Private Limited,2015-02-15,2017-02-14,3,2020-02-15,,0,no_known_event_plus_later_sub_1b_round_proxy,1.0,1.0,4019999.9999999995,4019999.9999999995,2.0,2.0,1.998631074606434,730.0,2015-02-15
astronomer,"Astronomer, Inc.",2019-09-25,2021-09-24,3,2024-09-24,2022-03-23,1,first_ge_1b_event_within_horizon,1.0,1.0,5700000.0,5700000.0,7.0,7.0,1.998631074606434,730.0,2019-09-25
temperpack,Temperpack Technologies Inc.,2015-04-27,2017-04-26,3,2020-04-26,,0,no_known_event_plus_later_sub_1b_round_proxy,1.0,1.0,851000.0,851000.0,0.0,0.0,1.998631074606434,730.0,2015-04-27
wheelsupexperiencenyseup,Wheels Up Experience Inc. (NYSE:UP),2016-02-26,2018-02-25,3,2021-02-25,2019-08-16,1,first_ge_1b_event_within_horizon,1.0,1.0,96640000.0,96640000.0,3.0,3.0,1.998631074606434,730.0,2016-02-26
thredupnasdaqgstdup,ThredUp Inc. (NasdaqGS:TDUP),2011-05-12,2013-05-11,3,2016-05-11,,0,no_known_event_plus_later_sub_1b_round_proxy,2.0,2.0,21490000.0,14540000.0,3.0,3.0,1.998631074606434,220.0,2012-10-03
lightmatter,"Lightmatter, Inc.",2018-02-05,2020-02-05,3,2023-02-05,2024-10-16,0,no_known_event_plus_later_sub_1b_round_proxy,2.0,2.0,33390000.0,22290000.0,3.0,3.0,1.998631074606434,345.0,2019-02-25
acvauctionsnyseacva,ACV Auctions Inc. (NYSE:ACVA),2016-09-19,2018-09-19,3,2021-09-19,2019-11-12,1,first_ge_1b_event_within_horizon,3.0,3.0,54700000.0,34700000.0,5.0,4.0,1.998631074606434,226.0,2018-02-05
thousandeyes,"ThousandEyes, Inc.",2013-06-19,2015-06-19,3,2018-06-19,,0,no_known_event_plus_later_sub_1b_round_proxy,2.0,2.0,24450000.0,20000000.0,3.0,3.0,1.998631074606434,192.0,2014-12-09
csdisconyselaw,"CS Disco, Inc. (NYSE:LAW)",2014-01-15,2016-01-15,3,2019-01-15,,0,no_known_event_plus_later_sub_1b_round_proxy,2.0,2.0,12450000.0,10450000.0,2.0,2.0,1.998631074606434,424.0,2014-11-17
datarobot,"DataRobot, Inc.",2013-04-19,2015-04-19,3,2018-04-19,2020-12-09,0,no_known_event_plus_later_sub_1b_round_proxy,2.0,2.0,21018000.0,21000000.0,5.0,4.0,1.998631074606434,247.0,2014-08-15
fervoenergynasdaqgsfrvo,Fervo Energy Company (NasdaqGS:FRVO),2021-04-30,2023-04-30,3,2026-04-30,2024-12-19,1,first_ge_1b_event_within_horizon,2.0,2.0,166630000.0,138290000.0,12.0,12.0,1.998631074606434,251.0,2022-08-22
digilens,DigiLens Inc.,2017-01-19,2019-01-19,3,2022-01-19,,0,no_known_event_plus_later_sub_1b_round_proxy,1.0,1.0,24100000.0,24100000.0,8.0,8.0,1.998631074606434,730.0,2017-01-19
accolade,"Accolade, Inc.",2013-12-12,2015-12-12,3,2018-12-12,,0,no_known_event_plus_later_sub_1b_round_proxy,1.0,1.0,30000000.0,30000000.0,1.0,1.0,1.998631074606434,730.0,2013-12-12
rokid,Rokid Corporation Ltd.,2016-10-26,2018-10-26,3,2021-10-26,,0,no_known_event_plus_later_sub_1b_round_proxy,1.0,1.0,65000000.0,65000000.0,3.0,3.0,1.998631074606434,730.0,2016-10-26
truphone,Truphone Limited,2013-02-01,2015-02-01,3,2018-02-01,,0,no_known_event_plus_later_sub_1b_round_proxy,1.0,1.0,118050000.0,118050000.0,0.0,0.0,1.998631074606434,730.0,2013-02-01
sysdig,"Sysdig, Inc.",2013-06-30,2015-06-30,3,2018-06-30,2021-04-28,0,no_known_event_plus_later_sub_1b_round_proxy,1.0,1.0,2360000.0,2360000.0,1.0,1.0,1.998631074606434,730.0,2013-06-30
h2oai,"H2O.ai, Inc.",2012-12-31,2014-12-31,3,2017-12-31,,0,no_known_event_plus_later_sub_1b_round_proxy,2.0,2.0,10650000.0,8930000.0,2.0,2.0,1.998631074606434,54.0,2014-11-07
nomadhealth,"Nomad Health, Inc.",2016-08-03,2018-08-03,3,2021-08-03,,0,no_known_event_plus_later_sub_1b_round_proxy,1.0,1.0,4680000.0,4680000.0,3.0,3.0,1.998631074606434,730.0,2016-08-03
everlaw,"Everlaw, Inc.",2013-01-09,2015-01-09,3,2018-01-09,2021-11-02,0,no_known_event_plus_later_sub_1b_round_proxy,1.0,1.0,850000.0,850000.0,0.0,0.0,1.998631074606434,730.0,2013-01-09
tmrwlifesciences,"TMRW Life Sciences, Inc.",2019-05-29,2021-05-28,3,2024-05-28,,0,no_known_event_plus_later_sub_1b_round_proxy,2.0,2.0,48560000.0,36560000.0,1.0,1.0,1.998631074606434,374.0,2020-05-19
glossgenius,"GlossGenius, Inc.",2023-07-27,2025-07-26,3,2028-07-26,2026-07-21,1,first_ge_1b_event_within_horizon,1.0,1.0,28000000.0,28000000.0,3.0,3.0,1.998631074606434,730.0,2023-07-27
maymobility,"May Mobility, Inc.",2017-08-21,2019-08-21,3,2022-08-21,,0,no_known_event_plus_later_sub_1b_round_proxy,3.0,3.0,33030000.0,21400000.0,11.0,8.0,1.998631074606434,190.0,2019-02-12
samsaranyseiot,Samsara Inc. (NYSE:IOT),2015-05-20,2017-05-19,3,2020-05-19,2018-03-22,1,first_ge_1b_event_within_horizon,2.0,2.0,40000000.0,25000000.0,1.0,1.0,1.998631074606434,149.0,2016-12-21
catamorphic,Catamorphic Co.,2017-12-04,2019-12-04,3,2022-12-04,2021-08-10,1,first_ge_1b_event_within_horizon,2.0,2.0,65250000.0,43250000.0,5.0,5.0,1.998631074606434,266.0,2019-03-13
memoir,"Memoir, Inc.",2021-09-21,2023-09-21,3,2026-09-21,2025-04-16,1,first_ge_1b_event_within_horizon,2.0,2.0,59000000.0,42000000.0,7.0,7.0,1.998631074606434,618.0,2022-01-11
avaadaenergyprivate,Avaada Energy Private Limited,2019-02-08,2021-02-07,3,2024-02-08,2021-07-13,1,first_ge_1b_event_within_horizon,1.0,1.0,50530000.0,50530000.0,2.0,2.0,1.998631074606434,730.0,2019-02-08
pointdigitalfinance,"Point Digital Finance, Inc.",2015-12-31,2017-12-30,3,2020-12-30,,0,no_known_event_plus_later_sub_1b_round_proxy,1.0,1.0,3000000.0,3000000.0,1.0,1.0,1.998631074606434,730.0,2015-12-31
flockfreight,"Flock Freight, Inc.",2017-12-31,2019-12-31,3,2022-12-31,2021-10-20,1,first_ge_1b_event_within_horizon,1.0,1.0,17750000.0,17750000.0,1.0,1.0,1.998631074606434,730.0,2017-12-31
listen,"Listen, Inc.",2016-11-18,2018-11-18,3,2021-11-18,,0,no_known_event_plus_later_sub_1b_round_proxy,1.0,1.0,500000.0,500000.0,1.0,1.0,1.998631074606434,730.0,2016-11-18
speakeasy,"Speakeasy Labs, Inc.",2017-03-21,2019-03-21,3,2022-03-21,,0,no_known_event_plus_later_sub_1b_round_proxy,1.0,1.0,120000.0,120000.0,1.0,1.0,1.998631074606434,730.0,2017-03-21
writer,"Writer, Inc.",2017-05-09,2019-05-09,3,2022-05-09,2024-11-12,0,no_known_event_plus_later_sub_1b_round_proxy,2.0,2.0,16600000.0,11510000.0,4.0,4.0,1.998631074606434,210.0,2018-10-11
voxmedia,"Vox Media, LLC",2010-11-08,2012-11-07,3,2015-11-08,,0,no_known_event_plus_later_sub_1b_round_proxy,1.0,1.0,10680000.0,10680000.0,3.0,3.0,1.998631074606434,730.0,2010-11-08
runwayai,"Runway AI, Inc.",2022-12-05,2024-12-04,3,2027-12-05,2025-04-03,1,first_ge_1b_event_within_horizon,1.0,1.0,50200000.0,50200000.0,6.0,6.0,1.998631074606434,730.0,2022-12-05
interviewstreet,"Interviewstreet, Inc.",2014-06-12,2016-06-11,3,2019-06-12,,0,no_known_event_plus_later_sub_1b_round_proxy,1.0,1.0,9170000.0,9170000.0,2.0,2.0,1.998631074606434,730.0,2014-06-12
moengage,"MoEngage, Inc.",2014-12-31,2016-12-30,3,2019-12-31,,0,no_known_event_plus_later_sub_1b_round_proxy,2.0,2.0,5126000.0,4250000.0,2.0,2.0,1.998631074606434,473.0,2015-09-14
rocketmoney,"Rocket Money, Inc.",2016-03-22,2018-03-22,3,2021-03-22,,0,no_known_event_plus_later_sub_1b_round_proxy,1.0,1.0,120000.0,120000.0,1.0,1.0,1.998631074606434,730.0,2016-03-22
zipstorm,"ZipStorm, Inc.",2019-05-14,2021-05-13,3,2024-05-13,2022-01-12,1,first_ge_1b_event_within_horizon,2.0,2.0,71400000.0,65400000.00000001,3.0,3.0,1.998631074606434,65.0,2021-03-09
distributedcreation,Distributed Creation Inc.,2013-10-09,2015-10-09,3,2018-10-09,,0,no_known_event_plus_later_sub_1b_round_proxy,1.0,1.0,2750000.0,2750000.0,6.0,6.0,1.998631074606434,730.0,2013-10-09
gustoinvestmentservices,"Gusto Investment Services, LLC",2016-07-19,2018-07-19,3,2021-07-19,2021-04-12,1,first_ge_1b_event_within_horizon,2.0,2.0,30250000.0,17490000.0,4.0,3.0,1.998631074606434,345.0,2017-08-08
signalfx,"SignalFx, Inc.",2013-03-31,2015-03-31,3,2018-03-31,,0,no_known_event_plus_later_sub_1b_round_proxy,2.0,2.0,28500000.0,20000000.0,2.0,2.0,1.998631074606434,59.0,2015-01-31
outreach,Outreach Corporation,2015-04-20,2017-04-19,3,2020-04-19,2019-04-16,1,first_ge_1b_event_within_horizon,3.0,3.0,29280000.0,17360000.0,5.0,5.0,1.998631074606434,301.0,2016-06-22
bytedance,Bytedance Ltd,2013-09-01,2015-09-01,3,2018-09-01,2016-12-30,1,first_ge_1b_event_within_horizon,2.0,2.0,110000000.0,100000000.0,7.0,4.0,1.998631074606434,457.0,2014-06-01
appdynamics,AppDynamics LLC,2013-01-23,2015-01-23,3,2018-01-23,2015-11-30,1,first_ge_1b_event_within_horizon,1.0,1.0,50000000.0,50000000.0,4.0,4.0,1.998631074606434,730.0,2013-01-23
smartshiftlogisticssolutionspvt,SmartShift Logistics Solutions Pvt. Ltd.,2021-10-25,2023-10-25,3,2026-10-25,2025-05-08,1,first_ge_1b_event_within_horizon,1.0,1.0,99950000.0,99950000.0,4.0,4.0,1.998631074606434,730.0,2021-10-25
wedoctor,We Doctor Holdings Limited,2012-01-12,2014-01-11,3,2017-01-11,2016-06-30,1,first_ge_1b_event_within_horizon,1.0,1.0,11000000.0,11000000.0,0.0,0.0,1.998631074606434,730.0,2012-01-12
popout,"Popout, Inc.",2014-09-18,2016-09-17,3,2019-09-18,,0,no_known_event_plus_later_sub_1b_round_proxy,2.0,2.0,9740000.0,7440000.0,7.0,6.0,1.998631074606434,8.0,2016-09-09
metromile,"Metromile, Inc.",2013-04-30,2015-04-30,3,2018-04-30,,0,no_known_event_plus_later_sub_1b_round_proxy,2.0,2.0,50190000.0,40190000.0,3.0,3.0,1.998631074606434,120.0,2014-12-31
yundingnetworkbeijing,"Yunding Network Technology (Beijing)Co.,LTD.",2014-07-31,2016-07-30,3,2019-07-31,,0,no_known_event_plus_later_sub_1b_round_proxy,1.0,1.0,432000.0,432000.0,1.0,1.0,1.998631074606434,730.0,2014-07-31
virtahealth,Virta Health Corp,2018-04-04,2020-04-03,3,2023-04-04,2020-12-02,1,first_ge_1b_event_within_horizon,2.0,2.0,138190000.0,93190000.0,7.0,7.0,1.998631074606434,84.0,2020-01-10
premierlacrosseleague,"Premier Lacrosse League, Inc.",2019-02-12,2021-02-11,3,2024-02-12,,0,no_known_event_plus_later_sub_1b_round_proxy,1.0,1.0,25000000.0,25000000.0,1.0,1.0,1.998631074606434,730.0,2019-02-12
classpass,ClassPass Inc.,2012-06-14,2014-06-14,3,2017-06-14,,0,no_known_event_plus_later_sub_1b_round_proxy,1.0,1.0,118000.0,118000.0,1.0,1.0,1.998631074606434,730.0,2012-06-14
immvirabioscience,Immvira Bioscience Inc.,2017-08-18,2019-08-18,3,2022-08-18,,0,no_known_event_plus_later_sub_1b_round_proxy,1.0,1.0,3750000.0,3750000.0,4.0,4.0,1.998631074606434,730.0,2017-08-18
shanghaihuilunlifesciences,"Shanghai Huilun Life Sciences & Technology Co., Ltd.",2020-04-22,2022-04-22,3,2025-04-22,,0,no_known_event_plus_later_sub_1b_round_proxy,2.0,2.0,33930000.0,22630000.0,5.0,5.0,1.998631074606434,660.0,2020-07-01
warbyparkernysewrby,Warby Parker Inc. (NYSE:WRBY),2011-09-22,2013-09-21,3,2016-09-21,2015-04-30,1,first_ge_1b_event_within_horizon,2.0,2.0,54160000.0,41610000.0,8.0,7.0,1.998631074606434,233.0,2013-01-31
stackexchange,Stack Exchange Inc.,2010-11-24,2012-11-23,3,2015-11-24,,0,no_known_event_plus_later_sub_1b_round_proxy,2.0,2.0,18320000.0,12270000.0,3.0,3.0,1.998631074606434,625.0,2011-03-09
girnarsoftwarepvt,Girnar Software Pvt. Ltd.,2013-11-27,2015-11-27,3,2018-11-27,2021-10-13,0,no_known_event_plus_later_sub_1b_round_proxy,1.0,1.0,15000000.0,15000000.0,1.0,1.0,1.998631074606434,730.0,2013-11-27
moneyfarmsimspa,MoneyFarm SIM S.p.a.,2015-11-09,2017-11-08,3,2020-11-08,,0,no_known_event_plus_later_sub_1b_round_proxy,1.0,1.0,17240000.0,17240000.0,2.0,2.0,1.998631074606434,730.0,2015-11-09
stenoagency,"Steno Agency, Inc.",2020-11-20,2022-11-20,3,2025-11-20,,0,no_known_event_plus_later_sub_1b_round_proxy,1.0,1.0,5580000.0,5580000.0,1.0,1.0,1.998631074606434,730.0,2020-11-20
shanghaipharmaceuticalbighealthyunshang,"Shanghai Pharmaceutical Big Health Yunshang Co., Ltd.",2015-08-18,2017-08-17,3,2020-08-17,,0,no_known_event_plus_later_sub_1b_round_proxy,1.0,1.0,173950000.0,173950000.0,3.0,3.0,1.998631074606434,730.0,2015-08-18
beijingyijiupiecommerce,"Beijing Yijiupi E-Commerce Co., Ltd.",2016-03-21,2018-03-21,3,2021-03-21,2018-09-20,1,first_ge_1b_event_within_horizon,1.0,1.0,61710000.0,61710000.0,5.0,5.0,1.998631074606434,730.0,2016-03-21
mohallatechprivate,Mohalla Tech Private Limited,2018-09-19,2020-09-18,3,2023-09-19,2021-07-27,1,first_ge_1b_event_within_horizon,1.0,1.0,99860000.0,99860000.0,7.0,7.0,1.998631074606434,730.0,2018-09-19
juspayprivate,Juspay Technologies Private Limited,2016-02-25,2018-02-24,3,2021-02-24,2026-01-23,0,no_known_event_plus_later_sub_1b_round_proxy,1.0,1.0,5820000.0,5820000.0,1.0,1.0,1.998631074606434,730.0,2016-02-25
blacksesameinternationalholdingsehk2533,Black Sesame International Holding Limited (SEHK:2533),2017-12-12,2019-12-12,3,2022-12-12,2022-07-05,1,first_ge_1b_event_within_horizon,4.0,4.0,79700000.0,40000000.0,1.0,1.0,1.998631074606434,49.0,2019-10-24
beijinghaizhisehk2706,"Beijing Haizhi Technology Group Co., Ltd. (SEHK:2706)",2016-03-02,2018-03-02,3,2021-03-02,,0,no_known_event_plus_later_sub_1b_round_proxy,1.0,1.0,30000000.0,30000000.0,4.0,4.0,1.998631074606434,730.0,2016-03-02
workos,"WorkOS, Inc.",2022-12-01,2024-11-30,3,2027-12-01,2026-03-02,1,first_ge_1b_event_within_horizon,1.0,1.0,81660000.0,81660000.0,3.0,3.0,1.998631074606434,730.0,2022-12-01
tive,"Tive, Inc.",2017-05-03,2019-05-03,3,2022-05-03,,0,no_known_event_plus_later_sub_1b_round_proxy,2.0,2.0,2050000.0,1930000.0,1.0,1.0,1.998631074606434,389.0,2018-04-09
hqo,"Hqo, Inc.",2015-08-31,2017-08-30,3,2020-08-30,,0,no_known_event_plus_later_sub_1b_round_proxy,1.0,1.0,2040000.0,2040000.0,3.0,3.0,1.998631074606434,730.0,2015-08-31
transcarent,"Transcarent, Inc.",2021-06-10,2023-06-10,3,2026-06-10,2024-05-02,1,first_ge_1b_event_within_horizon,1.0,1.0,65379999.99999999,65379999.99999999,9.0,9.0,1.998631074606434,730.0,2021-06-10
roktpte,Rokt Pte. Ltd.,2013-11-22,2015-11-22,3,2018-11-22,2021-12-16,0,no_known_event_plus_later_sub_1b_round_proxy,1.0,1.0,8500000.0,8500000.0,1.0,1.0,1.998631074606434,730.0,2013-11-22
toastnysetost,"Toast, Inc. (NYSE:TOST)",2016-01-05,2018-01-04,3,2021-01-04,2018-07-10,1,first_ge_1b_event_within_horizon,2.0,2.0,84040000.0,54130000.0,4.0,3.0,1.998631074606434,163.0,2017-07-25
thayermahan,"ThayerMahan, Inc.",2017-04-04,2019-04-04,3,2022-04-04,,0,no_known_event_plus_later_sub_1b_round_proxy,1.0,1.0,2750000.0,2750000.0,0.0,0.0,1.998631074606434,730.0,2017-04-04
vectraai,"Vectra AI, Inc.",2012-01-03,2014-01-02,3,2017-01-02,2021-04-29,0,no_known_event_plus_later_sub_1b_round_proxy,1.0,1.0,5380000.0,5380000.0,0.0,0.0,1.998631074606434,730.0,2012-01-03
convalifepharmaceuticals,"Convalife Pharmaceuticals Co., Ltd.",2019-11-30,2021-11-29,3,2024-11-29,,0,no_known_event_plus_later_sub_1b_round_proxy,2.0,2.0,13860000.0,12370000.0,2.0,2.0,1.998631074606434,321.0,2021-01-12
sumologic,"Sumo Logic, Inc.",2010-12-31,2012-12-30,3,2015-12-31,,0,no_known_event_plus_later_sub_1b_round_proxy,1.0,1.0,5550000.0,5550000.0,1.0,1.0,1.998631074606434,730.0,2010-12-31
beijingchehejia,Beijing Chehejia Technology Ltd.,2016-06-27,2018-06-27,3,2021-06-27,2019-08-19,1,first_ge_1b_event_within_horizon,1.0,1.0,109760000.0,109760000.0,5.0,5.0,1.998631074606434,730.0,2016-06-27
oliveai,"Olive AI, Inc.",2013-08-07,2015-08-07,3,2018-08-07,2020-12-01,0,no_known_event_plus_later_sub_1b_round_proxy,2.0,2.0,15100000.0,10100000.0,2.0,2.0,1.998631074606434,116.0,2015-04-13
wuxiautolinkintelligencetech,"Wuxi Autolink Intelligence Tech Co., Ltd.",2016-03-10,2018-03-10,3,2021-03-10,,0,no_known_event_plus_later_sub_1b_round_proxy,2.0,2.0,12920000.0,7540000.0,3.0,2.0,1.998631074606434,570.0,2016-08-17
impossiblefoods,Impossible Foods Inc.,2012-09-11,2014-09-11,3,2017-09-11,2020-03-13,0,no_known_event_plus_later_sub_1b_round_proxy,1.0,1.0,6420000.0,6420000.0,0.0,0.0,1.998631074606434,730.0,2012-09-11
nanjingguijizhineng,"Nanjing Guiji Zhineng Technology Co., Ltd.",2017-12-31,2019-12-31,3,2022-12-31,,0,no_known_event_plus_later_sub_1b_round_proxy,1.0,0.0,0.0,0.0,0.0,0.0,1.998631074606434,730.0,2017-12-31
sevenbridgesgenomics,Seven Bridges Genomics Inc.,2016-02-16,2018-02-15,3,2021-02-15,,0,no_known_event_plus_later_sub_1b_round_proxy,1.0,1.0,65230000.00000001,65230000.00000001,0.0,0.0,1.998631074606434,730.0,2016-02-16
hykso,Hykso Inc.,2016-03-22,2018-03-22,3,2021-03-22,,0,no_known_event_plus_later_sub_1b_round_proxy,1.0,1.0,120000.0,120000.0,1.0,1.0,1.998631074606434,730.0,2016-03-22
forwardnetworks,"Forward Networks, Inc.",2014-11-26,2016-11-25,3,2019-11-26,,0,no_known_event_plus_later_sub_1b_round_proxy,2.0,2.0,11975000.0,11150000.0,1.0,1.0,1.998631074606434,730.0,2014-11-26
ayar,"Ayar Labs, Inc.",2016-08-16,2018-08-16,3,2021-08-16,2026-03-02,0,no_known_event_plus_later_sub_1b_round_proxy,1.0,1.0,2530000.0,2530000.0,2.0,2.0,1.998631074606434,730.0,2016-08-16
lever,"Lever, Inc.",2016-01-26,2018-01-25,3,2021-01-25,,0,no_known_event_plus_later_sub_1b_round_proxy,1.0,1.0,20000000.0,20000000.0,4.0,4.0,1.998631074606434,730.0,2016-01-26
redcanary,"Red Canary, Inc.",2015-03-26,2017-03-25,3,2020-03-25,,0,no_known_event_plus_later_sub_1b_round_proxy,2.0,2.0,7840000.0,6370000.0,4.0,4.0,1.998631074606434,236.0,2016-08-01
brewdog,BrewDog PLC,2013-12-31,2015-12-31,3,2018-12-31,2018-10-16,1,first_ge_1b_event_within_horizon,1.0,1.0,7040000.0,7040000.0,0.0,0.0,1.998631074606434,730.0,2013-12-31
statsig,"Statsig, Inc.",2021-08-05,2023-08-05,3,2026-08-05,2025-05-06,1,first_ge_1b_event_within_horizon,2.0,2.0,53460000.0,43000000.0,2.0,2.0,1.998631074606434,472.0,2022-04-20
expel,"Expel, Inc.",2018-04-10,2020-04-09,3,2023-04-10,2022-11-07,1,first_ge_1b_event_within_horizon,2.0,2.0,60000000.0,40000000.0,8.0,7.0,1.998631074606434,295.0,2019-06-19
loadsmart,"Loadsmart, Inc.",2014-12-18,2016-12-17,3,2019-12-18,2022-02-01,0,no_known_event_plus_later_sub_1b_round_proxy,1.0,1.0,3000000.0,3000000.0,0.0,0.0,1.998631074606434,730.0,2014-12-18
eruditusexecutiveeducationpvt,Eruditus Executive Education Pvt. Ltd.,2019-01-10,2021-01-09,3,2024-01-10,2021-08-11,1,first_ge_1b_event_within_horizon,1.0,1.0,40030000.0,40030000.0,2.0,2.0,1.998631074606434,730.0,2019-01-10
usertesting,"UserTesting, Inc.",2014-08-27,2016-08-26,3,2019-08-27,,0,no_known_event_plus_later_sub_1b_round_proxy,2.0,2.0,48680000.0,45500000.0,3.0,2.0,1.998631074606434,576.0,2015-01-28
sprinklrnysecxm,"Sprinklr, Inc. (NYSE:CXM)",2011-08-31,2013-08-30,3,2016-08-30,2015-03-31,1,first_ge_1b_event_within_horizon,2.0,2.0,20200000.0,15000000.0,2.0,2.0,1.998631074606434,206.0,2013-02-05
callminer,"CallMiner, Inc.",2010-09-30,2012-09-29,3,2015-09-30,,0,no_known_event_plus_later_sub_1b_round_proxy,1.0,1.0,7000000.0,7000000.0,6.0,6.0,1.998631074606434,730.0,2010-09-30
apartmentlist,"Apartment List, Inc.",2014-02-05,2016-02-05,3,2019-02-05,,0,no_known_event_plus_later_sub_1b_round_proxy,1.0,1.0,6000000.0,6000000.0,4.0,4.0,1.998631074606434,730.0,2014-02-05
qventus,"Qventus, Inc.",2016-11-16,2018-11-16,3,2021-11-16,,0,no_known_event_plus_later_sub_1b_round_proxy,1.0,1.0,13380000.0,13380000.0,5.0,5.0,1.998631074606434,730.0,2016-11-16
ntextransportationservicespvt,NTEx Transportation Services Pvt Ltd,2018-12-19,2020-12-18,3,2023-12-19,2022-02-07,1,first_ge_1b_event_within_horizon,1.0,1.0,8540000.0,8540000.0,2.0,2.0,1.998631074606434,730.0,2018-12-19
divvyhomes,"Divvy Homes, Inc.",2018-10-09,2020-10-08,3,2023-10-09,2021-08-13,1,first_ge_1b_event_within_horizon,1.0,1.0,10620000.0,10620000.0,5.0,5.0,1.998631074606434,730.0,2018-10-09
aryakanetworks,"Aryaka Networks, Inc.",2012-07-16,2014-07-16,3,2017-07-16,,0,no_known_event_plus_later_sub_1b_round_proxy,1.0,1.0,51490000.0,51490000.0,5.0,5.0,1.998631074606434,730.0,2012-07-16
supermarketgrocerysuppliesprivate,Supermarket Grocery Supplies Private Limited,2014-09-12,2016-09-11,3,2019-09-12,2019-03-28,1,first_ge_1b_event_within_horizon,2.0,2.0,83030000.0,50060000.0,6.0,5.0,1.998631074606434,396.0,2015-08-12
lendio,"Lendio, Inc.",2011-02-17,2013-02-16,3,2016-02-17,,0,no_known_event_plus_later_sub_1b_round_proxy,1.0,1.0,6090000.0,6090000.0,2.0,2.0,1.998631074606434,730.0,2011-02-17
dialpad,"Dialpad, Inc.",2011-05-05,2013-05-04,3,2016-05-04,2021-12-16,0,no_known_event_plus_later_sub_1b_round_proxy,2.0,2.0,18000000.0,15000000.0,2.0,2.0,1.998631074606434,289.0,2012-07-19
nozominetworks,Nozomi Networks Inc.,2016-10-24,2018-10-24,3,2021-10-24,,0,no_known_event_plus_later_sub_1b_round_proxy,2.0,2.0,22550000.0,15000000.0,5.0,5.0,1.998631074606434,309.0,2017-12-19
brainauroramedicalsehk6681,BrainAurora Medical Technology Limited (SEHK:6681),2015-03-31,2017-03-30,3,2020-03-30,,0,no_known_event_plus_later_sub_1b_round_proxy,1.0,1.0,826000.0,826000.0,0.0,0.0,1.998631074606434,730.0,2015-03-31
allurionotcpkalurd,Allurion Technologies Inc. (OTCPK:ALUR.D),2017-07-11,2019-07-11,3,2022-07-11,,0,no_known_event_plus_later_sub_1b_round_proxy,1.0,1.0,26340000.0,26340000.0,3.0,3.0,1.998631074606434,730.0,2017-07-11
monzobankholding,Monzo Bank Holding Group Limited,2016-03-03,2018-03-03,3,2021-03-03,2018-10-30,1,first_ge_1b_event_within_horizon,4.0,4.0,128900000.0,97150000.0,6.0,6.0,1.998631074606434,62.0,2017-12-31
clari,Clari Inc.,2012-12-31,2014-12-31,3,2017-12-31,2021-10-13,0,no_known_event_plus_later_sub_1b_round_proxy,1.0,1.0,6080000.0,6080000.0,1.0,1.0,1.998631074606434,730.0,2012-12-31
constellationpharmaceuticals,"Constellation Pharmaceuticals, Inc.",2011-06-06,2013-06-05,3,2016-06-05,,0,no_known_event_plus_later_sub_1b_round_proxy,1.0,1.0,37700000.0,37700000.0,5.0,5.0,1.998631074606434,730.0,2011-06-06
namely,"Namely, Inc.",2013-06-11,2015-06-11,3,2018-06-11,,0,no_known_event_plus_later_sub_1b_round_proxy,1.0,1.0,3350000.0,3350000.0,4.0,4.0,1.998631074606434,730.0,2013-06-11
redditnyserddt,"Reddit, Inc. (NYSE:RDDT)",2012-12-31,2014-12-31,3,2017-12-31,2017-07-31,1,first_ge_1b_event_within_horizon,1.0,1.0,20000000.0,20000000.0,1.0,1.0,1.998631074606434,730.0,2012-12-31
aledade,"Aledade, Inc.",2019-01-18,2021-01-17,3,2024-01-18,2021-01-19,1,first_ge_1b_event_within_horizon,1.0,1.0,56150000.0,56150000.0,3.0,3.0,1.998631074606434,730.0,2019-01-18
loftbrasiltecnologialtda,Loft Brasil Tecnologia LTDA.,2019-03-15,2021-03-14,3,2024-03-14,2021-03-23,1,first_ge_1b_event_within_horizon,1.0,1.0,70000000.0,70000000.0,2.0,2.0,1.998631074606434,730.0,2019-03-15
hunanmabgeekbiotech,"Hunan Mabgeek Biotech Co., Ltd.",2018-12-27,2020-12-26,3,2023-12-27,,0,no_known_event_plus_later_sub_1b_round_proxy,1.0,1.0,6770000.0,6770000.0,2.0,2.0,1.998631074606434,730.0,2018-12-27
hunanmabgeekbiotechnology,"Hunan Mabgeek Biotechnology Co., Ltd.",2017-01-31,2019-01-31,3,2022-01-31,,0,no_known_event_plus_later_sub_1b_round_proxy,1.0,1.0,1160000.0,1160000.0,1.0,1.0,1.998631074606434,730.0,2017-01-31
cubicpv,CubicPV Inc.,2017-11-01,2019-11-01,3,2022-11-01,,0,no_known_event_plus_later_sub_1b_round_proxy,1.0,1.0,8180000.0,8180000.0,0.0,0.0,1.998631074606434,730.0,2017-11-01
frontiermedicines,Frontier Medicines Corporation,2019-06-25,2021-06-24,3,2024-06-24,,0,no_known_event_plus_later_sub_1b_round_proxy,1.0,1.0,67000000.0,67000000.0,5.0,5.0,1.998631074606434,730.0,2019-06-25
mdaqpte,M-DAQ Pte. Ltd.,2010-04-30,2012-04-29,3,2015-04-30,,0,no_known_event_plus_later_sub_1b_round_proxy,1.0,1.0,365000.0,365000.0,0.0,0.0,1.998631074606434,730.0,2010-04-30
radar,"Radar Labs, Inc.",2016-11-18,2018-11-18,3,2021-11-18,,0,no_known_event_plus_later_sub_1b_round_proxy,2.0,2.0,3000000.0,2500000.0,4.0,4.0,1.998631074606434,411.0,2017-10-03
lyndratherapeutics,"Lyndra Therapeutics, Inc.",2017-04-13,2019-04-13,3,2022-04-13,,0,no_known_event_plus_later_sub_1b_round_proxy,2.0,2.0,84620000.0,60900000.0,11.0,11.0,1.998631074606434,75.0,2019-01-28
beijingyuanlieducation,"Beijing Yuanli Education Technology Co., Ltd.",2014-07-22,2016-07-21,3,2019-07-22,2017-05-31,1,first_ge_1b_event_within_horizon,2.0,2.0,75000000.0,60000000.0,4.0,4.0,1.998631074606434,479.0,2015-03-30
compassnysecomp,"Compass, Inc. (NYSE:COMP)",2013-10-10,2015-10-10,3,2018-10-10,2017-12-07,1,first_ge_1b_event_within_horizon,2.0,2.0,68240000.0,40000000.0,5.0,5.0,1.998631074606434,446.0,2014-07-21
atsg,"ATSG Holdings, Inc.",2019-02-27,2021-02-26,3,2024-02-27,,0,no_known_event_plus_later_sub_1b_round_proxy,1.0,1.0,15000000.0,15000000.0,0.0,0.0,1.998631074606434,730.0,2019-02-27
virtuoussoftware,"Virtuous Software, Inc.",2015-06-10,2017-06-09,3,2020-06-09,,0,no_known_event_plus_later_sub_1b_round_proxy,1.0,1.0,700000.0,700000.0,1.0,1.0,1.998631074606434,730.0,2015-06-10
singlifefinancialpte,Singlife Financial Pte. Ltd.,2019-07-01,2021-06-30,3,2024-06-30,2023-11-07,1,first_ge_1b_event_within_horizon,1.0,1.0,90000000.0,90000000.0,1.0,1.0,1.998631074606434,730.0,2019-07-01
alfredclub,"Alfred Club, Inc.",2014-11-18,2016-11-17,3,2019-11-18,,0,no_known_event_plus_later_sub_1b_round_proxy,1.0,1.0,2000000.0,2000000.0,3.0,3.0,1.998631074606434,730.0,2014-11-18
spycloud,"SpyCloud, Inc.",2017-06-01,2019-06-01,3,2022-06-01,,0,no_known_event_plus_later_sub_1b_round_proxy,3.0,3.0,23500000.0,16000000.0,4.0,4.0,1.998631074606434,94.0,2019-02-27
jiangsuprotelightpharmaceuticalbiotechnology,"Jiangsu ProteLight Pharmaceutical & Biotechnology Co., Ltd.",2016-03-02,2018-03-02,3,2021-03-02,,0,no_known_event_plus_later_sub_1b_round_proxy,2.0,2.0,18320000.0,15270000.0,3.0,2.0,1.998631074606434,30.0,2018-01-31
relativityspace,"Relativity Space, Inc.",2018-03-27,2020-03-26,3,2023-03-27,2020-11-23,1,first_ge_1b_event_within_horizon,2.0,2.0,175000000.0,140000000.0,7.0,7.0,1.998631074606434,177.0,2019-10-01
papa,"PAPA, INC.",2018-08-21,2020-08-20,3,2023-08-21,2021-11-04,1,first_ge_1b_event_within_horizon,1.0,1.0,120000.0,120000.0,1.0,1.0,1.998631074606434,730.0,2018-08-21
viaseparations,"Via Separations, Inc.",2019-03-14,2021-03-13,3,2024-03-13,,0,no_known_event_plus_later_sub_1b_round_proxy,1.0,1.0,4800000.0,4800000.0,5.0,5.0,1.998631074606434,730.0,2019-03-14
xad,"xAd, Inc.",2010-10-13,2012-10-12,3,2015-10-13,,0,no_known_event_plus_later_sub_1b_round_proxy,1.0,1.0,4280000.0,4280000.0,2.0,2.0,1.998631074606434,730.0,2010-10-13
chronosphere,"Chronosphere, Inc.",2019-11-05,2021-11-04,3,2024-11-04,2023-01-10,1,first_ge_1b_event_within_horizon,2.0,2.0,54470000.0,43400000.0,3.0,3.0,1.998631074606434,303.0,2021-01-05
onesourcespecialtypharmanseionesource,OneSource Specialty Pharma Limited (NSEI:ONESOURCE),2021-03-19,2023-03-19,3,2026-03-19,2025-01-10,1,first_ge_1b_event_within_horizon,2.0,2.0,155060000.0,85060000.0,4.0,3.0,1.998631074606434,730.0,2021-03-19
bilt,BILT Incorporated,2021-07-29,2023-07-29,3,2026-07-29,2025-07-10,1,first_ge_1b_event_within_horizon,2.0,2.0,69000000.0,60000000.0,16.0,15.0,1.998631074606434,676.0,2021-09-21
loom,"Loom, Inc.",2018-06-26,2020-06-25,3,2023-06-26,2021-05-20,1,first_ge_1b_event_within_horizon,3.0,3.0,42580000.0,28750000.0,10.0,4.0,1.998631074606434,28.0,2020-05-28
aras,Aras Corporation,2010-07-07,2012-07-06,3,2015-07-07,,0,no_known_event_plus_later_sub_1b_round_proxy,1.0,1.0,2670000.0,2670000.0,0.0,0.0,1.998631074606434,730.0,2010-07-07
volt,Volt Corporation Ltd,2019-01-22,2021-01-21,3,2024-01-22,,0,no_known_event_plus_later_sub_1b_round_proxy,1.0,1.0,6070000.0,6070000.0,1.0,1.0,1.998631074606434,730.0,2019-01-22
glovoapp23sl,"Glovoapp23, S.L.",2017-09-29,2019-09-29,3,2022-09-29,2019-12-18,1,first_ge_1b_event_within_horizon,2.0,2.0,169350000.0,133889999.99999999,11.0,7.0,1.998631074606434,438.0,2018-07-18
kyruus,"Kyruus, Inc.",2011-06-21,2013-06-20,3,2016-06-20,,0,no_known_event_plus_later_sub_1b_round_proxy,1.0,1.0,5500000.0,5500000.0,3.0,3.0,1.998631074606434,730.0,2011-06-21
hangzhouhighlightpharmaceutical,"Hangzhou Highlight Pharmaceutical Co., Ltd.",2019-03-06,2021-03-05,3,2024-03-05,,0,no_known_event_plus_later_sub_1b_round_proxy,1.0,0.0,0.0,0.0,2.0,2.0,1.998631074606434,730.0,2019-03-06
sofinasdaqgssofi,"SoFi Technologies, Inc. (NasdaqGS:SOFI)",2012-09-11,2014-09-11,3,2017-09-11,2015-02-13,1,first_ge_1b_event_within_horizon,2.0,2.0,157200000.0,80000000.0,6.0,6.0,1.998631074606434,163.0,2014-04-01
convoy,"Convoy, Inc.",2016-03-22,2018-03-22,3,2021-03-22,2019-11-13,1,first_ge_1b_event_within_horizon,3.0,3.0,78620000.0,62500000.0,5.0,5.0,1.998631074606434,240.0,2017-07-25
bioagenasdaqgsbioa,"BioAge Labs, Inc. (NasdaqGS:BIOA)",2019-01-24,2021-01-23,3,2024-01-24,,0,no_known_event_plus_later_sub_1b_round_proxy,1.0,1.0,22930000.0,22930000.0,7.0,7.0,1.998631074606434,730.0,2019-01-24
canva,"Canva, Inc.",2015-10-09,2017-10-08,3,2020-10-08,2019-05-20,1,first_ge_1b_event_within_horizon,2.0,2.0,42340000.0,27620000.0,5.0,4.0,1.998631074606434,389.0,2016-09-14
numerion,"Numerion Labs, Inc.",2015-03-25,2017-03-24,3,2020-03-24,,0,no_known_event_plus_later_sub_1b_round_proxy,1.0,1.0,120000.0,120000.0,1.0,1.0,1.998631074606434,730.0,2015-03-25
anaconda,"Anaconda, Inc.",2021-06-10,2023-06-10,3,2026-06-10,2025-07-31,1,first_ge_1b_event_within_horizon,1.0,1.0,2600000.0,2600000.0,0.0,0.0,1.998631074606434,730.0,2021-06-10
ultravioletteautomotiveprivate,Ultraviolette Automotive Private Limited,2018-08-09,2020-08-08,3,2023-08-09,,0,no_known_event_plus_later_sub_1b_round_proxy,1.0,1.0,873000.0,873000.0,1.0,1.0,1.998631074606434,730.0,2018-08-09
petscreening,"Pet Screening, Inc.",2019-06-01,2021-05-31,3,2024-05-31,,0,no_known_event_plus_later_sub_1b_round_proxy,1.0,1.0,1570000.0,1570000.0,3.0,3.0,1.998631074606434,730.0,2019-06-01
apnimednasdaqgmapmd,"Apnimed, Inc. (NasdaqGM:APMD)",2020-04-07,2022-04-07,3,2025-04-07,,0,no_known_event_plus_later_sub_1b_round_proxy,2.0,2.0,40000000.0,25000000.0,3.0,3.0,1.998631074606434,378.0,2021-03-25
preply,"Preply, Inc.",2015-09-10,2017-09-09,3,2020-09-09,2026-01-21,0,no_known_event_plus_later_sub_1b_round_proxy,2.0,2.0,1770000.0,1650000.0,7.0,7.0,1.998631074606434,276.0,2016-12-07
truviansciences,"Truvian Sciences, Inc.",2015-10-12,2017-10-11,3,2020-10-11,,0,no_known_event_plus_later_sub_1b_round_proxy,1.0,1.0,2000000.0,2000000.0,0.0,0.0,1.998631074606434,730.0,2015-10-12
dedrone,"Dedrone Holdings, Inc.",2015-04-28,2017-04-27,3,2020-04-27,,0,no_known_event_plus_later_sub_1b_round_proxy,2.0,2.0,17650000.0,14940000.0,3.0,3.0,1.998631074606434,73.0,2017-02-13
chainguard,"Chainguard, Inc.",2021-12-08,2023-12-08,3,2026-12-08,2024-07-25,1,first_ge_1b_event_within_horizon,2.0,2.0,66000000.0,61000000.0,5.0,5.0,1.998631074606434,37.0,2023-11-01
nasuni,Nasuni Corporation,2010-12-20,2012-12-19,3,2015-12-20,2024-07-09,0,no_known_event_plus_later_sub_1b_round_proxy,1.0,1.0,15000000.0,15000000.0,3.0,3.0,1.998631074606434,730.0,2010-12-20
shanghairefiresehk2570,Shanghai REFIRE Group Limited (SEHK:2570),2017-07-27,2019-07-27,3,2022-07-27,2022-03-30,1,first_ge_1b_event_within_horizon,1.0,1.0,2970000.0,2970000.0,1.0,1.0,1.998631074606434,730.0,2017-07-27
chromeholding,Chrome Holding Co.,2011-01-07,2013-01-06,3,2016-01-07,2015-10-14,1,first_ge_1b_event_within_horizon,2.0,2.0,89170000.0,57950000.0,4.0,4.0,1.998631074606434,16.0,2012-12-21
circleinternetservices,"Circle Internet Services, Inc.",2012-02-29,2014-02-28,3,2017-02-28,2021-05-11,0,no_known_event_plus_later_sub_1b_round_proxy,2.0,2.0,7500000.0,6000000.0,5.0,4.0,1.998631074606434,22.0,2014-02-06
flosports,"FloSports, Inc.",2016-08-15,2018-08-15,3,2021-08-15,,0,no_known_event_plus_later_sub_1b_round_proxy,1.0,1.0,18720000.0,18720000.0,5.0,5.0,1.998631074606434,730.0,2016-08-15
promedior,"Promedior, Inc.",2010-03-16,2012-03-15,3,2015-03-16,,0,no_known_event_plus_later_sub_1b_round_proxy,1.0,1.0,12000000.0,12000000.0,5.0,5.0,1.998631074606434,730.0,2010-03-16
smartnews,"SmartNews, Inc.",2015-03-30,2017-03-29,3,2020-03-29,2019-12-31,1,first_ge_1b_event_within_horizon,1.0,1.0,10000000.0,10000000.0,4.0,4.0,1.998631074606434,730.0,2015-03-30
morsemicropty,Morse Micro PTY. LTD.,2017-06-30,2019-06-30,3,2022-06-30,,0,no_known_event_plus_later_sub_1b_round_proxy,1.0,1.0,75000.0,75000.0,1.0,1.0,1.998631074606434,730.0,2017-06-30
arcboat,Arc Boat Company,2021-02-28,2023-02-28,3,2026-02-28,,0,no_known_event_plus_later_sub_1b_round_proxy,1.0,1.0,4250000.0,4250000.0,6.0,6.0,1.998631074606434,730.0,2021-02-28
gooddata,GoodData Corporation,2011-08-18,2013-08-17,3,2016-08-17,,0,no_known_event_plus_later_sub_1b_round_proxy,2.0,2.0,37270000.0,22090000.0,7.0,5.0,1.998631074606434,66.0,2013-06-12
ubiquityglobalservices,"Ubiquity Global Services, Inc.",2012-10-05,2014-10-05,3,2017-10-05,,0,no_known_event_plus_later_sub_1b_round_proxy,1.0,1.0,4000000.0,4000000.0,1.0,1.0,1.998631074606434,730.0,2012-10-05
nantero,"Nantero, Inc.",2013-05-29,2015-05-29,3,2018-05-29,,0,no_known_event_plus_later_sub_1b_round_proxy,2.0,2.0,46760000.0,31530000.0,6.0,6.0,1.998631074606434,115.0,2015-02-03
circleinternetfinancial,"Circle Internet Financial, LLC",2013-08-22,2015-08-22,3,2018-08-22,2018-05-14,1,first_ge_1b_event_within_horizon,3.0,3.0,76050000.0,50050000.0,9.0,9.0,1.998631074606434,115.0,2015-04-29
aryacollateralwarehousingservicesprivate,Arya Collateral Warehousing Services Private Limited,2016-12-13,2018-12-13,3,2021-12-13,,0,no_known_event_plus_later_sub_1b_round_proxy,1.0,1.0,1930000.0,1930000.0,1.0,1.0,1.998631074606434,730.0,2016-12-13
evidationhealth,"Evidation Health, Inc.",2015-01-31,2017-01-30,3,2020-01-31,,0,no_known_event_plus_later_sub_1b_round_proxy,1.0,1.0,6540000.0,6540000.0,3.0,3.0,1.998631074606434,730.0,2015-01-31
maximobilityspainsl,"Maxi Mobility Spain, S.L.",2015-10-12,2017-10-11,3,2020-10-11,2018-01-22,1,first_ge_1b_event_within_horizon,2.0,2.0,132000000.0,120000000.0,3.0,3.0,1.998631074606434,539.0,2016-04-20
glossier,"Glossier, Inc.",2014-11-17,2016-11-16,3,2019-11-17,2019-03-19,1,first_ge_1b_event_within_horizon,1.0,1.0,8390000.0,8390000.0,8.0,8.0,1.998631074606434,730.0,2014-11-17
newstore,"NewStore, Inc.",2015-07-22,2017-07-21,3,2020-07-21,,0,no_known_event_plus_later_sub_1b_round_proxy,1.0,1.0,30000000.0,30000000.0,1.0,1.0,1.998631074606434,730.0,2015-07-22
tackleio,"Tackle.io, Inc.",2018-03-28,2020-03-27,3,2023-03-28,2021-12-21,1,first_ge_1b_event_within_horizon,1.0,1.0,697000.0,697000.0,0.0,0.0,1.998631074606434,730.0,2018-03-28
guangzhoulupengpharmaceutical,"Guangzhou Lupeng Pharmaceutical Co., Ltd.",2019-08-15,2021-08-14,3,2024-08-14,,0,no_known_event_plus_later_sub_1b_round_proxy,1.0,1.0,15720000.0,15720000.0,3.0,3.0,1.998631074606434,730.0,2019-08-15
wellthy,"Wellthy, Inc.",2017-11-13,2019-11-13,3,2022-11-13,,0,no_known_event_plus_later_sub_1b_round_proxy,2.0,2.0,10260000.0,5180000.0,4.0,4.0,1.998631074606434,301.0,2019-01-16
liuliumeisehk6658,"Liuliumei Co., Ltd. (SEHK:6658)",2015-06-22,2017-06-21,3,2020-06-21,,0,no_known_event_plus_later_sub_1b_round_proxy,1.0,1.0,21740000.0,21740000.0,2.0,2.0,1.998631074606434,730.0,2015-06-22
spotonenterprise,SpotOn Enterprise,2015-11-10,2017-11-09,3,2020-11-09,,0,no_known_event_plus_later_sub_1b_round_proxy,1.0,1.0,20000.0,20000.0,1.0,1.0,1.998631074606434,730.0,2015-11-10
sanghvibeautypvt,Sanghvi Beauty & Technologies Pvt Ltd,2019-06-27,2021-06-26,3,2024-06-26,2021-11-09,1,first_ge_1b_event_within_horizon,1.0,1.0,14490000.0,14490000.0,2.0,2.0,1.998631074606434,730.0,2019-06-27
branchmessenger,"Branch Messenger, Inc.",2016-09-20,2018-09-20,3,2021-09-20,,0,no_known_event_plus_later_sub_1b_round_proxy,3.0,3.0,10390000.0,6780000.0,5.0,4.0,1.998631074606434,414.0,2017-08-02
shanghaijunsaibiotechnology,"Shanghai Junsai Biotechnology Co., Ltd.",2020-02-21,2022-02-20,3,2025-02-20,,0,no_known_event_plus_later_sub_1b_round_proxy,1.0,1.0,1420000.0,1420000.0,2.0,2.0,1.998631074606434,730.0,2020-02-21
rigup,"Rigup, Inc.",2014-05-29,2016-05-28,3,2019-05-29,2019-10-10,0,no_known_event_plus_later_sub_1b_round_proxy,2.0,2.0,17730000.0,14730000.0,7.0,6.0,1.998631074606434,44.0,2016-04-14
aadukaanfinancialservicesprivate,A & A Dukaan Financial Services Private Limited,2017-10-17,2019-10-17,3,2022-10-17,,0,no_known_event_plus_later_sub_1b_round_proxy,1.0,1.0,30000000.0,30000000.0,1.0,1.0,1.998631074606434,730.0,2017-10-17
ubtechroboticssehk9880,Ubtech Robotics Corp Ltd (SEHK:9880),2015-03-01,2017-02-28,3,2020-02-29,2018-05-03,1,first_ge_1b_event_within_horizon,2.0,2.0,29000000.0,20000000.0,2.0,2.0,1.998631074606434,577.0,2015-08-01
hicuityhealth,"Hicuity Health, Inc.",2011-10-14,2013-10-13,3,2016-10-13,,0,no_known_event_plus_later_sub_1b_round_proxy,1.0,1.0,8000000.0,8000000.0,4.0,4.0,1.998631074606434,730.0,2011-10-14
gtmedical,"GT Medical Technologies, Inc.",2018-01-31,2020-01-31,3,2023-01-31,,0,no_known_event_plus_later_sub_1b_round_proxy,1.0,1.0,3070000.0,3070000.0,1.0,1.0,1.998631074606434,730.0,2018-01-31
eurekatherapeutics,"Eureka Therapeutics, Inc.",2014-09-22,2016-09-21,3,2019-09-22,,0,no_known_event_plus_later_sub_1b_round_proxy,1.0,1.0,21000000.0,21000000.0,4.0,4.0,1.998631074606434,730.0,2014-09-22
orbitalinsight,"Orbital Insight, Inc.",2017-05-02,2019-05-02,3,2022-05-02,,0,no_known_event_plus_later_sub_1b_round_proxy,1.0,1.0,50130000.0,50130000.0,9.0,9.0,1.998631074606434,730.0,2017-05-02
noom,"Noom, Inc.",2018-03-31,2020-03-30,3,2023-03-31,2021-05-20,1,first_ge_1b_event_within_horizon,2.0,2.0,71720000.0,55710000.0,3.0,3.0,1.998631074606434,329.0,2019-05-06
fictiv,Fictiv Inc.,2014-03-31,2016-03-30,3,2019-03-31,,0,no_known_event_plus_later_sub_1b_round_proxy,1.0,1.0,10980000.0,10980000.0,1.0,1.0,1.998631074606434,730.0,2014-03-31
starburstdata,"Starburst Data, Inc.",2019-11-20,2021-11-19,3,2024-11-19,2022-02-09,1,first_ge_1b_event_within_horizon,2.0,2.0,63330000.0,41500000.0,2.0,2.0,1.998631074606434,521.0,2020-06-16
ethosnasdaqgslife,Ethos Technologies Inc. (NasdaqGS:LIFE),2018-10-30,2020-10-29,3,2023-10-30,2021-05-11,1,first_ge_1b_event_within_horizon,2.0,2.0,89820000.0,60000000.0,6.0,5.0,1.998631074606434,429.0,2019-08-27
kivraab,Kivra AB,2016-06-01,2018-06-01,3,2021-06-01,,0,no_known_event_plus_later_sub_1b_round_proxy,1.0,1.0,6020000.0,6020000.0,2.0,2.0,1.998631074606434,730.0,2016-06-01
strategicpharmaceuticalsolutions,Strategic Pharmaceutical Solutions Inc.,2010-04-20,2012-04-19,3,2015-04-20,,0,no_known_event_plus_later_sub_1b_round_proxy,1.0,1.0,18430000.0,18430000.0,1.0,1.0,1.998631074606434,730.0,2010-04-20
wefunder,"Wefunder, Inc.",2015-05-27,2017-05-26,3,2020-05-26,,0,no_known_event_plus_later_sub_1b_round_proxy,1.0,1.0,6810000.0,6810000.0,0.0,0.0,1.998631074606434,730.0,2015-05-27
andurilindustries,"Anduril Industries, Inc.",2017-08-31,2019-08-31,3,2022-08-31,2019-09-11,1,first_ge_1b_event_within_horizon,2.0,2.0,58620000.0,41000000.0,3.0,3.0,1.998631074606434,457.0,2018-05-31
socure,Socure Inc.,2019-02-28,2021-02-27,3,2024-02-28,2021-03-16,1,first_ge_1b_event_within_horizon,2.0,2.0,65000000.0,35000000.0,10.0,7.0,1.998631074606434,186.0,2020-08-25
recroom,Rec Room Inc.,2017-02-02,2019-02-02,3,2022-02-02,2021-03-23,1,first_ge_1b_event_within_horizon,1.0,1.0,5040000.0,5040000.0,8.0,8.0,1.998631074606434,730.0,2017-02-02
karbon,"Karbon, Inc.",2018-06-22,2020-06-21,3,2023-06-22,,0,no_known_event_plus_later_sub_1b_round_proxy,1.0,1.0,6830000.0,6830000.0,1.0,1.0,1.998631074606434,730.0,2018-06-22
yugabytedb,Yugabytedb Inc.,2017-11-02,2019-11-02,3,2022-11-02,2021-10-28,1,first_ge_1b_event_within_horizon,1.0,1.0,8000000.0,8000000.0,1.0,1.0,1.998631074606434,730.0,2017-11-02
moderntreasury,Modern Treasury Corp.,2018-08-21,2020-08-20,3,2023-08-21,2022-03-30,1,first_ge_1b_event_within_horizon,2.0,2.0,10450000.0,10330000.0,2.0,1.0,1.998631074606434,245.0,2019-12-19
cheetah,"Cheetah Technologies, Inc.",2015-12-31,2017-12-30,3,2020-12-30,,0,no_known_event_plus_later_sub_1b_round_proxy,1.0,1.0,3000000.0,3000000.0,1.0,1.0,1.998631074606434,730.0,2015-12-31
tennortherapeuticssuzhousehk6872,TenNor Therapeutics (Suzhou) Limited (SEHK:6872),2022-12-21,2024-12-20,3,2027-12-21,2025-08-01,1,first_ge_1b_event_within_horizon,1.0,1.0,9110000.0,9110000.0,3.0,3.0,1.998631074606434,730.0,2022-12-21
baigeonlinedigitalsehk2672,"Baige Online Digital Technology Co., Ltd. (SEHK:2672)",2018-12-31,2020-12-30,3,2023-12-31,,0,no_known_event_plus_later_sub_1b_round_proxy,1.0,1.0,2180000.0,2180000.0,1.0,1.0,1.998631074606434,730.0,2018-12-31
sojern,"Sojern, Inc.",2012-03-27,2014-03-27,3,2017-03-27,,0,no_known_event_plus_later_sub_1b_round_proxy,1.0,1.0,32100000.0,32100000.0,4.0,4.0,1.998631074606434,730.0,2012-03-27
cityblockhealth,"Cityblock Health, Inc.",2018-01-04,2020-01-04,3,2023-01-04,2021-09-03,1,first_ge_1b_event_within_horizon,2.0,2.0,85880000.0,65090000.0,9.0,9.0,1.998631074606434,268.0,2019-04-11
lumafield,"Lumafield, Inc.",2019-12-31,2021-12-30,3,2024-12-30,,0,no_known_event_plus_later_sub_1b_round_proxy,2.0,2.0,32940000.0,22850000.0,4.0,4.0,1.998631074606434,364.0,2020-12-31
bodyshopbids,"BodyShopBids, Inc.",2017-06-13,2019-06-13,3,2022-06-13,,0,no_known_event_plus_later_sub_1b_round_proxy,1.0,1.0,12000000.0,12000000.0,1.0,1.0,1.998631074606434,730.0,2017-06-13
calmcom,"Calm.com, Inc.",2017-11-07,2019-11-07,3,2022-11-07,2020-12-08,1,first_ge_1b_event_within_horizon,2.0,2.0,9841000.0,9360000.0,2.0,2.0,1.998631074606434,505.0,2018-06-20
kyriba,Kyriba Corp.,2010-10-05,2012-10-04,3,2015-10-05,2019-04-11,0,no_known_event_plus_later_sub_1b_round_proxy,1.0,1.0,10640000.0,10640000.0,1.0,1.0,1.998631074606434,730.0,2010-10-05
smiledirectclubotcpksdccq,"SmileDirectClub, Inc. (OTCPK:SDCC.Q)",2016-07-25,2018-07-25,3,2021-07-25,2018-10-10,1,first_ge_1b_event_within_horizon,1.0,1.0,46750000.0,46750000.0,1.0,1.0,1.998631074606434,730.0,2016-07-25
onapsis,"Onapsis, Inc.",2014-06-18,2016-06-17,3,2019-06-18,,0,no_known_event_plus_later_sub_1b_round_proxy,1.0,1.0,9630000.0,9630000.0,2.0,2.0,1.998631074606434,730.0,2014-06-18
robinpowered,"Robin Powered, Inc.",2014-12-16,2016-12-15,3,2019-12-16,,0,no_known_event_plus_later_sub_1b_round_proxy,2.0,2.0,9690000.0,7000000.0,10.0,6.0,1.998631074606434,198.0,2016-05-31
1661,"1661, Inc.",2016-08-29,2018-08-29,3,2021-08-29,2021-06-24,1,first_ge_1b_event_within_horizon,3.0,3.0,89740000.0,59990000.0,5.0,5.0,1.998631074606434,202.0,2018-02-08
federatedwireless,"Federated Wireless, Inc.",2016-02-01,2018-01-31,3,2021-01-31,,0,no_known_event_plus_later_sub_1b_round_proxy,2.0,2.0,64000000.0,42000000.0,7.0,6.0,1.998631074606434,139.0,2017-09-14
hungrymarketplace,"Hungry Marketplace, Inc.",2018-06-13,2020-06-12,3,2023-06-13,,0,no_known_event_plus_later_sub_1b_round_proxy,1.0,1.0,4710000.0,4710000.0,3.0,3.0,1.998631074606434,730.0,2018-06-13
sitetracker,"Sitetracker, Inc.",2017-07-11,2019-07-11,3,2022-07-11,,0,no_known_event_plus_later_sub_1b_round_proxy,2.0,2.0,35000000.0,24000000.0,5.0,5.0,1.998631074606434,322.0,2018-08-23
deepgram,"Deepgram, Inc.",2016-03-23,2018-03-23,3,2021-03-23,2026-01-13,0,no_known_event_plus_later_sub_1b_round_proxy,1.0,1.0,120000.0,120000.0,1.0,1.0,1.998631074606434,730.0,2016-03-23
daybreakai,"Daybreak AI, Inc.",2018-06-26,2020-06-25,3,2023-06-26,,0,no_known_event_plus_later_sub_1b_round_proxy,2.0,1.0,35000000.0,35000000.0,4.0,4.0,1.998631074606434,105.0,2020-03-12
scvngr,"SCVNGR, Inc.",2010-12-31,2012-12-30,3,2015-12-31,,0,no_known_event_plus_later_sub_1b_round_proxy,1.0,1.0,17000000.0,17000000.0,3.0,3.0,1.998631074606434,730.0,2010-12-31
institutionalcapitalnetwork,"Institutional Capital Network, Inc.",2018-11-08,2020-11-07,3,2023-11-08,2021-12-23,1,first_ge_1b_event_within_horizon,1.0,1.0,25000000.0,25000000.0,6.0,6.0,1.998631074606434,730.0,2018-11-08
spothero,"SpotHero, Inc.",2014-06-11,2016-06-10,3,2019-06-11,,0,no_known_event_plus_later_sub_1b_round_proxy,2.0,2.0,24550000.0,20050000.0,15.0,12.0,1.998631074606434,296.0,2015-08-19
splashfinancial,"Splash Financial, Inc.",2014-11-14,2016-11-13,3,2019-11-14,,0,no_known_event_plus_later_sub_1b_round_proxy,1.0,1.0,30000.0,30000.0,1.0,1.0,1.998631074606434,730.0,2014-11-14
nusano,"Nusano, Inc.",2018-10-24,2020-10-23,3,2023-10-24,,0,no_known_event_plus_later_sub_1b_round_proxy,1.0,1.0,41680000.0,41680000.0,0.0,0.0,1.998631074606434,730.0,2018-10-24
jinxineldercareindustry,Jinxin Eldercare Industry Group Limited,2019-03-31,2021-03-30,3,2024-03-30,,0,no_known_event_plus_later_sub_1b_round_proxy,2.0,2.0,5400000.0,3060000.0,3.0,2.0,1.998631074606434,89.0,2020-12-31
carbon,"Carbon, Inc.",2013-12-31,2015-12-31,3,2018-12-31,2016-09-15,1,first_ge_1b_event_within_horizon,2.0,2.0,42030000.0,31030000.0,6.0,4.0,1.998631074606434,365.0,2014-12-31
utilidata,"Utilidata, Inc.",2020-07-21,2022-07-21,3,2025-07-21,,0,no_known_event_plus_later_sub_1b_round_proxy,2.0,2.0,30320000.0,26750000.0,6.0,6.0,1.998631074606434,163.0,2022-02-08
figmanysefig,"Figma, Inc. (NYSE:FIG)",2013-12-31,2015-12-31,3,2018-12-31,2020-04-30,0,no_known_event_plus_later_sub_1b_round_proxy,2.0,2.0,18000000.0,14000000.0,4.0,4.0,1.998631074606434,28.0,2015-12-03
pax,"PAX Labs, Inc.",2015-06-04,2017-06-03,3,2020-06-03,2019-04-29,1,first_ge_1b_event_within_horizon,2.0,2.0,90960000.0,46690000.0,4.0,4.0,1.998631074606434,78.0,2017-03-17
tamr,"TAMR, Inc.",2014-05-19,2016-05-18,3,2019-05-19,,0,no_known_event_plus_later_sub_1b_round_proxy,1.0,1.0,14250000.0,14250000.0,2.0,2.0,1.998631074606434,730.0,2014-05-19
snorkelai,"Snorkel AI, Inc.",2021-04-07,2023-04-07,3,2026-04-07,2025-05-29,1,first_ge_1b_event_within_horizon,1.0,1.0,35000000.0,35000000.0,6.0,6.0,1.998631074606434,730.0,2021-04-07
onebrief,"Onebrief, Inc.",2022-10-12,2024-10-11,3,2027-10-12,2025-06-16,1,first_ge_1b_event_within_horizon,2.0,2.0,22130000.0,16000000.0,3.0,3.0,1.998631074606434,51.0,2024-08-21
axonius,"Axonius, Inc.",2017-09-06,2019-09-06,3,2022-09-06,2021-02-28,1,first_ge_1b_event_within_horizon,3.0,3.0,36600000.0,20000000.0,6.0,6.0,1.998631074606434,10.0,2019-08-27
superhumanplatform,Superhuman Platform Inc.,2017-05-08,2019-05-08,3,2022-05-08,2021-11-17,1,first_ge_1b_event_within_horizon,1.0,1.0,109720000.0,109720000.0,5.0,5.0,1.998631074606434,730.0,2017-05-08
cerebrassystemsnasdaqgscbrs,Cerebras Systems Inc. (NasdaqGS:CBRS),2016-05-31,2018-05-31,3,2021-05-31,2018-11-30,1,first_ge_1b_event_within_horizon,2.0,2.0,52250000.0,27250000.0,4.0,3.0,1.998631074606434,516.0,2016-12-31
schvey,"Schvey, Inc.",2014-07-02,2016-07-01,3,2019-07-02,,0,no_known_event_plus_later_sub_1b_round_proxy,1.0,1.0,2630000.0,2630000.0,6.0,6.0,1.998631074606434,730.0,2014-07-02
dandelionenergy,"Dandelion Energy, Inc.",2017-05-24,2019-05-24,3,2022-05-24,,0,no_known_event_plus_later_sub_1b_round_proxy,4.0,4.0,22965000.0,16079999.999999998,9.0,7.0,1.998631074606434,101.0,2019-02-12
hydration,"Hydration Labs, Inc.",2017-07-13,2019-07-13,3,2022-07-13,,0,no_known_event_plus_later_sub_1b_round_proxy,1.0,1.0,16590000.0,16590000.0,3.0,3.0,1.998631074606434,730.0,2017-07-13
notableotcpkntblq,"Notable Labs, Ltd. (OTCPK:NTBL.Q)",2015-03-25,2017-03-24,3,2020-03-24,,0,no_known_event_plus_later_sub_1b_round_proxy,1.0,1.0,120000.0,120000.0,1.0,1.0,1.998631074606434,730.0,2015-03-25
carbonhealth,"Carbon Health Technologies, Inc.",2020-05-11,2022-05-11,3,2025-05-11,2023-01-09,1,first_ge_1b_event_within_horizon,1.0,1.0,25120000.0,25120000.0,1.0,1.0,1.998631074606434,730.0,2020-05-11
brytercx,"BryterCX, Inc.",2010-11-29,2012-11-28,3,2015-11-29,,0,no_known_event_plus_later_sub_1b_round_proxy,1.0,1.0,19050000.0,19050000.0,1.0,1.0,1.998631074606434,730.0,2010-11-29
realtymogul,"Realty Mogul, Co.",2013-01-17,2015-01-17,3,2018-01-17,,0,no_known_event_plus_later_sub_1b_round_proxy,3.0,3.0,10060000.0,9040000.0,2.0,1.0,1.998631074606434,296.0,2014-03-27
nanjingxiyinecommerce,Nanjing Xiyin E-Commerce Co. Ltd.,2015-12-31,2017-12-30,3,2020-12-30,2018-12-31,1,first_ge_1b_event_within_horizon,1.0,1.0,46210000.0,46210000.0,2.0,2.0,1.998631074606434,730.0,2015-12-31
firstmile,"First Mile Group, Inc.",2017-10-18,2019-10-18,3,2022-10-18,2021-09-30,1,first_ge_1b_event_within_horizon,2.0,2.0,16590000.0,12000000.0,3.0,3.0,1.998631074606434,31.0,2019-09-17
powur,"Powur, PBC",2015-07-06,2017-07-05,3,2020-07-05,,0,no_known_event_plus_later_sub_1b_round_proxy,1.0,1.0,775000.0,775000.0,0.0,0.0,1.998631074606434,730.0,2015-07-06
execonline,"ExecOnline, Inc.",2012-10-26,2014-10-26,3,2017-10-26,,0,no_known_event_plus_later_sub_1b_round_proxy,2.0,2.0,5748000.0,4950000.0,5.0,4.0,1.998631074606434,37.0,2014-09-19
floqast,"FloQast, Inc.",2017-06-21,2019-06-21,3,2022-06-21,2021-07-21,1,first_ge_1b_event_within_horizon,1.0,1.0,25000000.0,25000000.0,3.0,3.0,1.998631074606434,730.0,2017-06-21
imbriapharmaceuticals,"Imbria Pharmaceuticals, Inc.",2018-07-09,2020-07-08,3,2023-07-09,,0,no_known_event_plus_later_sub_1b_round_proxy,1.0,1.0,40250000.0,40250000.0,0.0,0.0,1.998631074606434,730.0,2018-07-09
leveltenenergy,"LevelTen Energy, Inc.",2017-04-19,2019-04-19,3,2022-04-19,,0,no_known_event_plus_later_sub_1b_round_proxy,2.0,2.0,6400000.0,6280000.0,8.0,6.0,1.998631074606434,554.0,2017-10-12
traxsolutionspte,Trax Technology Solutions Pte Ltd.,2016-06-08,2018-06-08,3,2021-06-08,2019-07-22,1,first_ge_1b_event_within_horizon,1.0,1.0,40000000.0,40000000.0,0.0,0.0,1.998631074606434,730.0,2016-06-08
crickethealth,"Cricket Health, Inc.",2016-02-01,2018-01-31,3,2021-01-31,,0,no_known_event_plus_later_sub_1b_round_proxy,1.0,1.0,3080000.0,3080000.0,5.0,5.0,1.998631074606434,730.0,2016-02-01
chipfinancial,Chip Financial Ltd.,2017-11-27,2019-11-27,3,2022-11-27,,0,no_known_event_plus_later_sub_1b_round_proxy,2.0,2.0,10830000.0,9390000.0,0.0,0.0,1.998631074606434,21.0,2019-11-06
ezcater,"ezCater, Inc.",2014-04-15,2016-04-14,3,2019-04-15,2019-04-01,1,first_ge_1b_event_within_horizon,2.0,2.0,13930000.0,12930000.0,3.0,3.0,1.998631074606434,191.0,2015-10-06
recordedfuture,"Recorded Future, Inc.",2012-05-24,2014-05-24,3,2017-05-24,,0,no_known_event_plus_later_sub_1b_round_proxy,1.0,1.0,12050000.0,12050000.0,5.0,5.0,1.998631074606434,730.0,2012-05-24
ribontherapeutics,"Ribon Therapeutics, Inc.",2017-10-10,2019-10-10,3,2022-10-10,,0,no_known_event_plus_later_sub_1b_round_proxy,2.0,2.0,108500000.0,65000000.0,9.0,9.0,1.998631074606434,279.0,2019-01-04
air,"Air Labs, Inc.",2019-08-14,2021-08-13,3,2024-08-13,,0,no_known_event_plus_later_sub_1b_round_proxy,2.0,2.0,16540000.0,12000000.0,6.0,6.0,1.998631074606434,331.0,2020-09-16
2080media,"2080 Media, Inc.",2010-08-02,2012-08-01,3,2015-08-02,,0,no_known_event_plus_later_sub_1b_round_proxy,1.0,1.0,3200000.0,3200000.0,3.0,3.0,1.998631074606434,730.0,2010-08-02
liquidx,"LiquidX, Inc.",2016-03-21,2018-03-21,3,2021-03-21,,0,no_known_event_plus_later_sub_1b_round_proxy,1.0,1.0,5920000.0,5920000.0,1.0,1.0,1.998631074606434,730.0,2016-03-21
gradientai,Gradient A.I. Corp.,2019-01-07,2021-01-06,3,2024-01-07,,0,no_known_event_plus_later_sub_1b_round_proxy,2.0,2.0,11100000.0,8650000.0,3.0,3.0,1.998631074606434,457.0,2019-10-07
yourbiohealth,"YourBio Health, Inc.",2014-08-13,2016-08-12,3,2019-08-13,,0,no_known_event_plus_later_sub_1b_round_proxy,1.0,1.0,15260000.0,15260000.0,5.0,5.0,1.998631074606434,730.0,2014-08-13
candidcare,Candid Care Co.,2017-11-21,2019-11-21,3,2022-11-21,,0,no_known_event_plus_later_sub_1b_round_proxy,1.0,1.0,12940000.0,12940000.0,4.0,4.0,1.998631074606434,730.0,2017-11-21
ambri,Ambri Incorporated,2011-05-20,2013-05-19,3,2016-05-19,,0,no_known_event_plus_later_sub_1b_round_proxy,2.0,2.0,4970000.0,2690000.0,3.0,3.0,1.998631074606434,361.0,2012-05-23
kasisto,"Kasisto, Inc.",2014-08-20,2016-08-19,3,2019-08-20,,0,no_known_event_plus_later_sub_1b_round_proxy,1.0,1.0,2250000.0,2250000.0,7.0,7.0,1.998631074606434,730.0,2014-08-20
bettercloud,"BetterCloud, Inc.",2013-01-10,2015-01-10,3,2018-01-10,,0,no_known_event_plus_later_sub_1b_round_proxy,3.0,3.0,19670000.0,8620000.0,6.0,6.0,1.998631074606434,241.0,2014-05-14
pie,"Pie Group Holdings, Inc.",2018-08-10,2020-08-09,3,2023-08-10,,0,no_known_event_plus_later_sub_1b_round_proxy,2.0,2.0,77050000.0,72000000.0,7.0,7.0,1.998631074606434,73.0,2020-05-28
alertmedia,"Alert Media, Inc.",2013-12-31,2015-12-31,3,2018-12-31,,0,no_known_event_plus_later_sub_1b_round_proxy,2.0,2.0,4861000.0,4190000.0000000005,3.0,3.0,1.998631074606434,196.0,2015-06-18
netomi,"Netomi, Inc.",2016-03-23,2018-03-23,3,2021-03-23,,0,no_known_event_plus_later_sub_1b_round_proxy,1.0,1.0,120000.0,120000.0,1.0,1.0,1.998631074606434,730.0,2016-03-23
nuvolo,Nuvolo Technologies Corporation,2015-11-18,2017-11-17,3,2020-11-17,,0,no_known_event_plus_later_sub_1b_round_proxy,2.0,2.0,12000000.0,10000000.0,4.0,3.0,1.998631074606434,148.0,2017-06-22
nupulsecv,"NuPulseCV, Inc.",2011-05-17,2013-05-16,3,2016-05-16,,0,no_known_event_plus_later_sub_1b_round_proxy,1.0,1.0,550000.0,550000.0,1.0,1.0,1.998631074606434,730.0,2011-05-17
route92medical,"Route 92 Medical, Inc.",2016-05-26,2018-05-26,3,2021-05-26,,0,no_known_event_plus_later_sub_1b_round_proxy,1.0,1.0,5900000.0,5900000.0,0.0,0.0,1.998631074606434,730.0,2016-05-26
syapse,"Syapse, Inc.",2014-07-08,2016-07-07,3,2019-07-08,,0,no_known_event_plus_later_sub_1b_round_proxy,2.0,2.0,36250000.0,26500000.0,3.0,3.0,1.998631074606434,177.0,2016-01-12
swiggynseiswiggy,Swiggy Limited (NSEI:SWIGGY),2016-01-18,2018-01-17,3,2021-01-17,2018-06-20,1,first_ge_1b_event_within_horizon,3.0,3.0,55980000.0,34010000.0,7.0,5.0,1.998631074606434,535.0,2016-07-31
capitalsmallfinancebanknseicapitalsfb,Capital Small Finance Bank Limited (NSEI:CAPITALSFB),2017-04-13,2019-04-13,3,2022-04-13,,0,no_known_event_plus_later_sub_1b_round_proxy,1.0,1.0,10030000.0,10030000.0,3.0,3.0,1.998631074606434,730.0,2017-04-13
vaporio,"Vapor IO, Inc.",2015-12-03,2017-12-02,3,2020-12-02,,0,no_known_event_plus_later_sub_1b_round_proxy,2.0,2.0,15160000.0,10530000.0,3.0,2.0,1.998631074606434,164.0,2017-06-21
viscardia,"Viscardia, Inc.",2017-11-13,2019-11-13,3,2022-11-13,,0,no_known_event_plus_later_sub_1b_round_proxy,1.0,1.0,1150000.0,1150000.0,1.0,1.0,1.998631074606434,730.0,2017-11-13
alianza,"Alianza, Inc.",2013-11-01,2015-11-01,3,2018-11-01,,0,no_known_event_plus_later_sub_1b_round_proxy,1.0,1.0,3500000.0,3500000.0,1.0,1.0,1.998631074606434,730.0,2013-11-01
babylonotcpkbblnf,Babylon Holdings Limited (OTCPK:BBLN.F),2016-01-14,2018-01-13,3,2021-01-13,2019-08-02,1,first_ge_1b_event_within_horizon,2.0,2.0,85130000.0,60130000.0,4.0,4.0,1.998631074606434,263.0,2017-04-25
1mgprivate,1MG Technologies Private Limited,2019-06-28,2021-06-27,3,2024-06-27,2022-09-06,1,first_ge_1b_event_within_horizon,1.0,1.0,70080000.0,70080000.0,7.0,7.0,1.998631074606434,730.0,2019-06-28
venturecatalystsprivate,Venture Catalysts Private Limited,2016-06-30,2018-06-30,3,2021-06-30,,0,no_known_event_plus_later_sub_1b_round_proxy,1.0,1.0,503000.0,503000.0,1.0,1.0,1.998631074606434,730.0,2016-06-30
langchain,"LangChain, Inc.",2023-03-31,2025-03-30,3,2028-03-30,2025-10-20,1,first_ge_1b_event_within_horizon,2.0,2.0,35000000.0,25000000.0,2.0,1.0,1.998631074606434,412.0,2024-02-12
sgrouples,Sgrouples Inc.,2014-09-03,2016-09-02,3,2019-09-03,,0,no_known_event_plus_later_sub_1b_round_proxy,2.0,2.0,4200000.0,3000000.0,0.0,0.0,1.998631074606434,177.0,2016-03-09
strongarm,"StrongArm Technologies, Inc.",2015-08-18,2017-08-17,3,2020-08-17,,0,no_known_event_plus_later_sub_1b_round_proxy,1.0,1.0,2920000.0,2920000.0,1.0,1.0,1.998631074606434,730.0,2015-08-18
lukka,"Lukka, Inc.",2018-02-26,2020-02-26,3,2023-02-26,2022-01-14,1,first_ge_1b_event_within_horizon,1.0,1.0,9990000.0,9990000.0,4.0,4.0,1.998631074606434,730.0,2018-02-26
envoy,"Envoy, Inc.",2018-10-22,2020-10-21,3,2023-10-22,2021-12-30,1,first_ge_1b_event_within_horizon,1.0,1.0,43000000.0,43000000.0,3.0,3.0,1.998631074606434,730.0,2018-10-22
seatgeek,"SeatGeek, Inc.",2010-01-08,2012-01-08,3,2015-01-08,2022-08-31,0,no_known_event_plus_later_sub_1b_round_proxy,1.0,1.0,789000.0,789000.0,0.0,0.0,1.998631074606434,730.0,2010-01-08
mogunysemogu,MOGU Inc. (NYSE:MOGU),2012-10-31,2014-10-31,3,2017-10-31,2016-02-11,1,first_ge_1b_event_within_horizon,1.0,0.0,0.0,0.0,3.0,3.0,1.998631074606434,730.0,2012-10-31
angad,Angad Corp.,2017-08-23,2019-08-23,3,2022-08-23,,0,no_known_event_plus_later_sub_1b_round_proxy,1.0,1.0,9030000.0,9030000.0,1.0,1.0,1.998631074606434,730.0,2017-08-23
solerahealth,"Solera Health, Inc.",2015-11-03,2017-11-02,3,2020-11-02,,0,no_known_event_plus_later_sub_1b_round_proxy,3.0,3.0,30450000.0,18330000.0,4.0,4.0,1.998631074606434,118.0,2017-07-07
cleargov,ClearGov Inc.,2017-03-30,2019-03-30,3,2022-03-30,,0,no_known_event_plus_later_sub_1b_round_proxy,1.0,1.0,1410000.0,1410000.0,2.0,2.0,1.998631074606434,730.0,2017-03-30
everfi,"EverFi, LLC",2010-09-02,2012-09-01,3,2015-09-02,,0,no_known_event_plus_later_sub_1b_round_proxy,2.0,2.0,25930000.0,15400000.0,5.0,5.0,1.998631074606434,17.0,2012-08-15
opengov,"OpenGov, Inc.",2012-07-01,2014-07-01,3,2017-07-01,,0,no_known_event_plus_later_sub_1b_round_proxy,2.0,2.0,18000000.0,15000000.0,7.0,4.0,1.998631074606434,47.0,2014-05-15
polypidnasdaqcmpypd,PolyPid Ltd. (NasdaqCM:PYPD),2010-10-20,2012-10-19,3,2015-10-20,,0,no_known_event_plus_later_sub_1b_round_proxy,2.0,2.0,3400000.0,2000000.0,1.0,1.0,1.998631074606434,270.0,2012-01-23
tarvedatherapeutics,"Tarveda Therapeutics, Inc.",2016-01-27,2018-01-26,3,2021-01-26,,0,no_known_event_plus_later_sub_1b_round_proxy,2.0,2.0,53950000.0,29320000.0,6.0,5.0,1.998631074606434,358.0,2017-02-02
calahealth,"Cala Health, Inc.",2016-02-16,2018-02-15,3,2021-02-15,,0,no_known_event_plus_later_sub_1b_round_proxy,1.0,1.0,3280000.0,3280000.0,3.0,3.0,1.998631074606434,730.0,2016-02-16
clevelanddiagnostics,"Cleveland Diagnostics, Inc.",2015-03-20,2017-03-19,3,2020-03-19,,0,no_known_event_plus_later_sub_1b_round_proxy,2.0,2.0,3230000.0,1980000.0,0.0,0.0,1.998631074606434,307.0,2016-05-16
pager,"Pager, Inc.",2015-03-10,2017-03-09,3,2020-03-09,,0,no_known_event_plus_later_sub_1b_round_proxy,2.0,2.0,15530000.0,9940000.0,4.0,4.0,1.998631074606434,157.0,2016-10-03
ripple,Ripple Labs Inc.,2016-09-13,2018-09-13,3,2021-09-13,2019-12-20,1,first_ge_1b_event_within_horizon,1.0,1.0,52460000.0,52460000.0,8.0,8.0,1.998631074606434,730.0,2016-09-13
nanosys,"Nanosys, Inc.",2012-11-26,2014-11-26,3,2017-11-26,,0,no_known_event_plus_later_sub_1b_round_proxy,1.0,1.0,15000000.0,15000000.0,0.0,0.0,1.998631074606434,730.0,2012-11-26
matternet,"Matternet, Inc.",2016-12-31,2018-12-31,3,2021-12-31,,0,no_known_event_plus_later_sub_1b_round_proxy,1.0,1.0,11570000.0,11570000.0,0.0,0.0,1.998631074606434,730.0,2016-12-31
glycomine,"Glycomine, Inc.",2016-11-16,2018-11-16,3,2021-11-16,,0,no_known_event_plus_later_sub_1b_round_proxy,1.0,1.0,12000000.0,12000000.0,2.0,2.0,1.998631074606434,730.0,2016-11-16
podimetrics,"Podimetrics, Inc.",2016-05-27,2018-05-27,3,2021-05-27,,0,no_known_event_plus_later_sub_1b_round_proxy,1.0,1.0,5820000.0,5820000.0,3.0,3.0,1.998631074606434,730.0,2016-05-27
vuori,"Vuori, Inc.",2019-08-15,2021-08-14,3,2024-08-14,2021-10-13,1,first_ge_1b_event_within_horizon,1.0,1.0,45000000.0,45000000.0,1.0,1.0,1.998631074606434,730.0,2019-08-15
icon,"ICON Technology, Inc.",2018-10-17,2020-10-16,3,2023-10-17,2022-02-18,1,first_ge_1b_event_within_horizon,2.0,2.0,43950000.0,34950000.0,21.0,13.0,1.998631074606434,58.0,2020-08-19
wealth,Wealth Inc.,2016-05-18,2018-05-18,3,2021-05-18,,0,no_known_event_plus_later_sub_1b_round_proxy,1.0,1.0,20000.0,20000.0,1.0,1.0,1.998631074606434,730.0,2016-05-18
shenzhenchengtech,"ShenZhen Cheng-Tech Co.,Ltd.",2018-05-04,2020-05-03,3,2023-05-04,,0,no_known_event_plus_later_sub_1b_round_proxy,2.0,2.0,2800000.0,1540000.0,3.0,2.0,1.998631074606434,246.0,2019-08-31
nivagenpharmaceuticals,"Nivagen Pharmaceuticals, Inc.",2017-09-14,2019-09-14,3,2022-09-14,,0,no_known_event_plus_later_sub_1b_round_proxy,1.0,1.0,10000000.0,10000000.0,0.0,0.0,1.998631074606434,730.0,2017-09-14
mobiamedicalnasdaqgsmobi,"Mobia Medical, Inc. (NasdaqGS:MOBI)",2015-12-10,2017-12-09,3,2020-12-09,,0,no_known_event_plus_later_sub_1b_round_proxy,1.0,1.0,5500000.0,5500000.0,2.0,2.0,1.998631074606434,730.0,2015-12-10
owl,"Owl Labs, Inc.",2017-05-09,2019-05-09,3,2022-05-09,,0,no_known_event_plus_later_sub_1b_round_proxy,2.0,2.0,21000000.0,15000000.0,3.0,3.0,1.998631074606434,22.0,2019-04-17
128,"128 Technology, Inc.",2014-07-31,2016-07-30,3,2019-07-31,,0,no_known_event_plus_later_sub_1b_round_proxy,3.0,3.0,35840000.0,19990000.0,0.0,0.0,1.998631074606434,235.0,2015-12-08
peopleai,"People.ai, Inc.",2016-08-23,2018-08-23,3,2021-08-23,2021-08-11,1,first_ge_1b_event_within_horizon,1.0,1.0,120000.0,120000.0,1.0,1.0,1.998631074606434,730.0,2016-08-23
cosmicintelligent,Cosmic Intelligent Labs Limited,2017-03-20,2019-03-20,3,2022-03-20,,0,no_known_event_plus_later_sub_1b_round_proxy,1.0,1.0,120000.0,120000.0,1.0,1.0,1.998631074606434,730.0,2017-03-20
ingomoney,"Ingo Money, Inc.",2013-10-07,2015-10-07,3,2018-10-07,,0,no_known_event_plus_later_sub_1b_round_proxy,1.0,1.0,8400000.0,8400000.0,1.0,1.0,1.998631074606434,730.0,2013-10-07
carecloud,CareCloud Corporation,2011-09-27,2013-09-26,3,2016-09-26,,0,no_known_event_plus_later_sub_1b_round_proxy,2.0,2.0,49110000.0,29000000.0,4.0,4.0,1.998631074606434,42.0,2013-08-15
shenzhenmuchenglin,"Shenzhen Muchenglin Technology Co., Ltd.",2015-02-10,2017-02-09,3,2020-02-10,,0,no_known_event_plus_later_sub_1b_round_proxy,2.0,2.0,3502000.0,3360000.0,3.0,2.0,1.998631074606434,457.0,2015-11-10
kami,Kami Limited,2018-12-20,2020-12-19,3,2023-12-20,,0,no_known_event_plus_later_sub_1b_round_proxy,1.0,1.0,1020000.0,1020000.0,3.0,3.0,1.998631074606434,730.0,2018-12-20
virtualincision,Virtual Incision Corporation,2010-10-29,2012-10-28,3,2015-10-29,,0,no_known_event_plus_later_sub_1b_round_proxy,1.0,1.0,6850000.0,6850000.0,2.0,2.0,1.998631074606434,730.0,2010-10-29
bitmovin,"Bitmovin, Inc.",2014-08-12,2016-08-11,3,2019-08-12,,0,no_known_event_plus_later_sub_1b_round_proxy,1.0,1.0,892000.0,892000.0,4.0,4.0,1.998631074606434,730.0,2014-08-12
protegobiopharma,"Protego Biopharma, Inc.",2019-12-17,2021-12-16,3,2024-12-16,,0,no_known_event_plus_later_sub_1b_round_proxy,1.0,1.0,1000000.0,1000000.0,0.0,0.0,1.998631074606434,730.0,2019-12-17
ultivue,"Ultivue, Inc.",2015-08-21,2017-08-20,3,2020-08-20,,0,no_known_event_plus_later_sub_1b_round_proxy,1.0,1.0,5150000.0,5150000.0,1.0,1.0,1.998631074606434,730.0,2015-08-21
ygreneenergyfund,"Ygrene Energy Fund, Inc.",2016-12-21,2018-12-21,3,2021-12-21,,0,no_known_event_plus_later_sub_1b_round_proxy,1.0,1.0,95000000.0,95000000.0,1.0,1.0,1.998631074606434,730.0,2016-12-21
truvideo,"TruVideo, Inc.",2019-06-13,2021-06-12,3,2024-06-12,,0,no_known_event_plus_later_sub_1b_round_proxy,2.0,2.0,4600000.0,3000000.0,1.0,1.0,1.998631074606434,529.0,2019-12-31
insurancezebra,"Insurance Zebra, Inc.",2013-12-10,2015-12-10,3,2018-12-10,,0,no_known_event_plus_later_sub_1b_round_proxy,1.0,1.0,4570000.0,4570000.0,4.0,4.0,1.998631074606434,730.0,2013-12-10
reveleer,"Reveleer, Inc.",2017-03-23,2019-03-23,3,2022-03-23,,0,no_known_event_plus_later_sub_1b_round_proxy,2.0,2.0,14180000.0,9130000.0,1.0,1.0,1.998631074606434,116.0,2018-11-27
trisaluslifesciencesnasdaqgmtlsi,"TriSalus Life Sciences, Inc. (NasdaqGM:TLSI)",2011-07-06,2013-07-05,3,2016-07-05,,0,no_known_event_plus_later_sub_1b_round_proxy,1.0,1.0,6530000.0,6530000.0,2.0,2.0,1.998631074606434,730.0,2011-07-06
inventables,"Inventables, Inc.",2013-06-16,2015-06-16,3,2018-06-16,,0,no_known_event_plus_later_sub_1b_round_proxy,1.0,1.0,3240000.0,3240000.0,3.0,3.0,1.998631074606434,730.0,2013-06-16
wowmomofoodspvt,Wow Momo Foods Pvt. Ltd,2015-08-10,2017-08-09,3,2020-08-09,,0,no_known_event_plus_later_sub_1b_round_proxy,2.0,2.0,8400000.0,6830000.0,1.0,1.0,1.998631074606434,57.0,2017-06-13
resurety,"REsurety, Inc.",2017-03-17,2019-03-17,3,2022-03-17,,0,no_known_event_plus_later_sub_1b_round_proxy,1.0,1.0,2180000.0,2180000.0,0.0,0.0,1.998631074606434,730.0,2017-03-17
wrognprivate,Wrogn Private Limited,2015-07-07,2017-07-06,3,2020-07-06,,0,no_known_event_plus_later_sub_1b_round_proxy,1.0,1.0,7240000.0,7240000.0,1.0,1.0,1.998631074606434,730.0,2015-07-07
ubernyseuber,"Uber Technologies, Inc. (NYSE:UBER)",2010-10-15,2012-10-14,3,2015-10-15,2014-06-06,1,first_ge_1b_event_within_horizon,2.0,2.0,15560000.0,14060000.0,4.0,4.0,1.998631074606434,608.0,2011-02-14
flaretherapeutics,Flare Therapeutics Inc.,2021-05-13,2023-05-13,3,2026-05-13,,0,no_known_event_plus_later_sub_1b_round_proxy,1.0,1.0,82000000.0,82000000.0,6.0,6.0,1.998631074606434,730.0,2021-05-13
metacx,"MetaCX, Inc.",2018-12-05,2020-12-04,3,2023-12-05,,0,no_known_event_plus_later_sub_1b_round_proxy,1.0,1.0,10250000.0,10250000.0,1.0,1.0,1.998631074606434,730.0,2018-12-05
upgrade,"Upgrade, Inc.",2017-03-31,2019-03-31,3,2022-03-31,2021-08-11,1,first_ge_1b_event_within_horizon,1.0,1.0,48050000.0,48050000.0,8.0,8.0,1.998631074606434,730.0,2017-03-31
accenttherapeutics,"Accent Therapeutics, Inc.",2018-05-18,2020-05-17,3,2023-05-18,,0,no_known_event_plus_later_sub_1b_round_proxy,1.0,1.0,40250000.0,40250000.0,3.0,3.0,1.998631074606434,730.0,2018-05-18
gradle,"Gradle, Inc.",2015-12-10,2017-12-09,3,2020-12-09,,0,no_known_event_plus_later_sub_1b_round_proxy,2.0,2.0,14700000.0,10500000.0,3.0,2.0,1.998631074606434,343.0,2016-12-31
altoexperience,Alto Experience Inc.,2018-10-09,2020-10-08,3,2023-10-09,,0,no_known_event_plus_later_sub_1b_round_proxy,2.0,2.0,14500000.0,7700000.0,2.0,2.0,1.998631074606434,630.0,2019-01-17
stockx,StockX LLC,2017-02-15,2019-02-15,3,2022-02-15,2020-12-16,1,first_ge_1b_event_within_horizon,2.0,2.0,49510000.0,44000000.0,5.0,4.0,1.998631074606434,156.0,2018-09-12
homee,"Homee, Inc.",2017-06-21,2019-06-21,3,2022-06-21,,0,no_known_event_plus_later_sub_1b_round_proxy,2.0,2.0,11660000.0,8970000.0,6.0,6.0,1.998631074606434,360.0,2018-06-26
guardiananalytics,"Guardian Analytics, Inc.",2010-05-24,2012-05-23,3,2015-05-24,,0,no_known_event_plus_later_sub_1b_round_proxy,2.0,2.0,23050000.0,14050000.0,4.0,4.0,1.998631074606434,337.0,2011-06-21
zhejianglaifualdrivesehk3952,"Zhejiang Laifual Drive Co., Ltd. (SEHK:3952)",2017-08-17,2019-08-17,3,2022-08-17,,0,no_known_event_plus_later_sub_1b_round_proxy,2.0,1.0,1500000.0,1500000.0,2.0,2.0,1.998631074606434,516.0,2018-03-19
rappisas,Rappi S.A.S.,2016-03-22,2018-03-22,3,2021-03-22,2018-08-31,1,first_ge_1b_event_within_horizon,2.0,2.0,56620000.0,56500000.0,2.0,1.0,1.998631074606434,356.0,2017-03-31
zerocater,"ZeroCater, Inc.",2011-03-22,2013-03-21,3,2016-03-21,,0,no_known_event_plus_later_sub_1b_round_proxy,1.0,1.0,1720000.0,1720000.0,1.0,1.0,1.998631074606434,730.0,2011-03-22
bugcrowd,Bugcrowd Inc.,2018-03-07,2020-03-06,3,2023-03-07,,0,no_known_event_plus_later_sub_1b_round_proxy,1.0,1.0,26020000.0,26020000.0,8.0,8.0,1.998631074606434,730.0,2018-03-07
inariagriculture,"Inari Agriculture, Inc.",2016-12-31,2018-12-31,3,2021-12-31,2021-05-12,1,first_ge_1b_event_within_horizon,2.0,2.0,55190000.0,40130000.0,3.0,3.0,1.998631074606434,144.0,2018-08-09
colossalbiosciences,Colossal Biosciences Inc.,2021-09-13,2023-09-13,3,2026-09-13,2025-09-17,1,first_ge_1b_event_within_horizon,2.0,2.0,83470000.0,65430000.00000001,17.0,12.0,1.998631074606434,369.0,2022-09-09
karat,"Karat, Inc.",2019-05-15,2021-05-14,3,2024-05-14,2021-10-13,1,first_ge_1b_event_within_horizon,1.0,1.0,28000000.0,28000000.0,3.0,3.0,1.998631074606434,730.0,2019-05-15
coravin,"Coravin, Inc.",2011-04-11,2013-04-10,3,2016-04-10,,0,no_known_event_plus_later_sub_1b_round_proxy,1.0,1.0,595000.0,595000.0,0.0,0.0,1.998631074606434,730.0,2011-04-11
cota,"COTA, Inc.",2016-12-15,2018-12-15,3,2021-12-15,,0,no_known_event_plus_later_sub_1b_round_proxy,2.0,2.0,58000000.0,40000000.0,4.0,2.0,1.998631074606434,305.0,2018-02-13
hatgsc,"HAT GSC, Inc.",2011-08-04,2013-08-03,3,2016-08-03,,0,no_known_event_plus_later_sub_1b_round_proxy,1.0,1.0,2810000.0,2810000.0,1.0,1.0,1.998631074606434,730.0,2011-08-04
metabolon,"Metabolon, Inc",2011-08-25,2013-08-24,3,2016-08-24,,0,no_known_event_plus_later_sub_1b_round_proxy,1.0,1.0,13310000.0,13310000.0,7.0,7.0,1.998631074606434,730.0,2011-08-25
strongdm,"strongDM, Inc.",2015-05-11,2017-05-10,3,2020-05-10,,0,no_known_event_plus_later_sub_1b_round_proxy,2.0,2.0,3520000.0,2740000.0,5.0,4.0,1.998631074606434,306.0,2016-07-08
vidahealth,"Vida Health, Inc.",2014-10-28,2016-10-27,3,2019-10-28,,0,no_known_event_plus_later_sub_1b_round_proxy,1.0,1.0,5000000.0,5000000.0,4.0,4.0,1.998631074606434,730.0,2014-10-28
smartcommerce,"SmartCommerce, Inc.",2018-12-13,2020-12-12,3,2023-12-13,,0,no_known_event_plus_later_sub_1b_round_proxy,1.0,1.0,5200000.0,5200000.0,1.0,1.0,1.998631074606434,730.0,2018-12-13
nextinsurance,"Next Insurance, Inc.",2016-03-15,2018-03-15,3,2021-03-15,2020-03-24,1,first_ge_1b_event_within_horizon,2.0,2.0,48000000.0,35000000.0,7.0,4.0,1.998631074606434,275.0,2017-06-13
abnormalsecurity,Abnormal Security Corporation,2019-11-19,2021-11-18,3,2024-11-18,2024-08-06,1,first_ge_1b_event_within_horizon,1.0,1.0,24000000.0,24000000.0,1.0,1.0,1.998631074606434,730.0,2019-11-19
reifyhealth,"Reify Health, Inc.",2018-12-31,2020-12-30,3,2023-12-31,2021-08-10,1,first_ge_1b_event_within_horizon,2.0,2.0,37400000.0,30000000.0,3.0,3.0,1.998631074606434,140.0,2020-08-12
funnelleasing,"Funnel Leasing, Inc.",2011-07-06,2013-07-05,3,2016-07-05,,0,no_known_event_plus_later_sub_1b_round_proxy,1.0,1.0,750000.0,750000.0,2.0,2.0,1.998631074606434,730.0,2011-07-06
formhealth,"Form Health, Inc.",2019-06-10,2021-06-09,3,2024-06-09,,0,no_known_event_plus_later_sub_1b_round_proxy,1.0,1.0,3430000.0,3430000.0,0.0,0.0,1.998631074606434,730.0,2019-06-10
viascience,"Via Science, Inc.",2019-06-13,2021-06-12,3,2024-06-12,,0,no_known_event_plus_later_sub_1b_round_proxy,2.0,2.0,16320000.0,10000000.0,2.0,2.0,1.998631074606434,32.0,2021-05-11
ndphoenix,"ND Phoenix, Inc.",2011-05-06,2013-05-05,3,2016-05-05,,0,no_known_event_plus_later_sub_1b_round_proxy,1.0,1.0,20010000.0,20010000.0,5.0,5.0,1.998631074606434,730.0,2011-05-06
blockfi,BlockFi Inc.,2018-02-13,2020-02-13,3,2023-02-13,2022-01-10,1,first_ge_1b_event_within_horizon,3.0,3.0,24080000.0,20200000.0,14.0,10.0,1.998631074606434,191.0,2019-08-06
stridehealth,"Stride Health, Inc.",2015-05-20,2017-05-19,3,2020-05-19,,0,no_known_event_plus_later_sub_1b_round_proxy,1.0,1.0,18280000.0,18280000.0,3.0,3.0,1.998631074606434,730.0,2015-05-20
locicontrols,"Loci Controls, Inc.",2014-03-13,2016-03-12,3,2019-03-13,,0,no_known_event_plus_later_sub_1b_round_proxy,2.0,2.0,1780000.0,1010000.0,1.0,1.0,1.998631074606434,186.0,2015-09-08
ingeneron,"InGeneron, Inc.",2016-07-07,2018-07-07,3,2021-07-07,,0,no_known_event_plus_later_sub_1b_round_proxy,1.0,1.0,4500000.0,4500000.0,0.0,0.0,1.998631074606434,730.0,2016-07-07
immunomettherapeutics,"ImmunoMet Therapeutics, Inc.",2016-03-08,2018-03-08,3,2021-03-08,,0,no_known_event_plus_later_sub_1b_round_proxy,1.0,1.0,5200000.0,5200000.0,1.0,1.0,1.998631074606434,730.0,2016-03-08
duckduckgo,"Duck Duck Go, Inc.",2011-10-13,2013-10-12,3,2016-10-12,,0,no_known_event_plus_later_sub_1b_round_proxy,1.0,1.0,3000000.0,3000000.0,1.0,1.0,1.998631074606434,730.0,2011-10-13
raptormaps,"Raptor Maps, Inc.",2016-08-22,2018-08-22,3,2021-08-22,,0,no_known_event_plus_later_sub_1b_round_proxy,1.0,1.0,120000.0,120000.0,1.0,1.0,1.998631074606434,730.0,2016-08-22
circularboard,Circular Board Inc.,2018-02-26,2020-02-26,3,2023-02-26,,0,no_known_event_plus_later_sub_1b_round_proxy,1.0,1.0,1130000.0,1130000.0,3.0,3.0,1.998631074606434,730.0,2018-02-26
sonatype,"Sonatype, Inc.",2010-09-13,2012-09-12,3,2015-09-13,,0,no_known_event_plus_later_sub_1b_round_proxy,2.0,2.0,35300000.0,25300000.0,5.0,5.0,1.998631074606434,64.0,2012-07-10
hopskipdrive,"HopSkipDrive, Inc.",2016-01-26,2018-01-25,3,2021-01-25,,0,no_known_event_plus_later_sub_1b_round_proxy,1.0,1.0,10220000.0,10220000.0,6.0,6.0,1.998631074606434,730.0,2016-01-26
replit,"Replit, Inc.",2021-02-18,2023-02-18,3,2026-02-18,2025-09-10,1,first_ge_1b_event_within_horizon,1.0,1.0,20830000.0,20830000.0,5.0,5.0,1.998631074606434,730.0,2021-02-18
boweryrealestatesystems,"Bowery Real Estate Systems, Inc",2017-05-22,2019-05-22,3,2022-05-22,,0,no_known_event_plus_later_sub_1b_round_proxy,3.0,3.0,20090000.0,13100000.0,8.0,5.0,1.998631074606434,138.0,2019-01-04
fullcontact,FullContact Inc.,2011-08-23,2013-08-22,3,2016-08-22,,0,no_known_event_plus_later_sub_1b_round_proxy,2.0,2.0,8970000.0,7020000.0,7.0,7.0,1.998631074606434,406.0,2012-07-12
csamedical,"CSA Medical, Inc.",2011-01-25,2013-01-24,3,2016-01-25,,0,no_known_event_plus_later_sub_1b_round_proxy,1.0,1.0,10000000.0,10000000.0,1.0,1.0,1.998631074606434,730.0,2011-01-25
appcues,"Appcues, Inc.",2014-12-23,2016-12-22,3,2019-12-23,,0,no_known_event_plus_later_sub_1b_round_proxy,1.0,1.0,3990000.0,3990000.0,1.0,1.0,1.998631074606434,730.0,2014-12-23
octavebioscience,"Octave Bioscience, Inc.",2017-09-13,2019-09-13,3,2022-09-13,,0,no_known_event_plus_later_sub_1b_round_proxy,1.0,1.0,2500000.0,2500000.0,0.0,0.0,1.998631074606434,730.0,2017-09-13
bioconsortia,"BioConsortia, Inc.",2016-10-27,2018-10-27,3,2021-10-27,,0,no_known_event_plus_later_sub_1b_round_proxy,2.0,2.0,18000000.0,10000000.0,2.0,2.0,1.998631074606434,228.0,2018-03-13
viatransportationnysevia,"Via Transportation, Inc. (NYSE:VIA)",2015-04-02,2017-04-01,3,2020-04-01,2017-09-04,1,first_ge_1b_event_within_horizon,1.0,1.0,26810000.0,26810000.0,4.0,4.0,1.998631074606434,730.0,2015-04-02
epicorebiosystems,"Epicore Biosystems, Inc.",2018-10-16,2020-10-15,3,2023-10-16,,0,no_known_event_plus_later_sub_1b_round_proxy,1.0,1.0,350000.0,350000.0,0.0,0.0,1.998631074606434,730.0,2018-10-16
plumhq,PlumHQ,2020-11-20,2022-11-20,3,2025-11-20,,0,no_known_event_plus_later_sub_1b_round_proxy,1.0,1.0,4090000.0,4090000.0,4.0,4.0,1.998631074606434,730.0,2020-11-20
shibumicom,"Shibumi.com, Inc.",2016-12-20,2018-12-20,3,2021-12-20,,0,no_known_event_plus_later_sub_1b_round_proxy,1.0,1.0,4550000.0,4550000.0,0.0,0.0,1.998631074606434,730.0,2016-12-20
arrivemobility,Arrive Mobility Inc.,2012-12-19,2014-12-19,3,2017-12-19,,0,no_known_event_plus_later_sub_1b_round_proxy,1.0,1.0,2069999.9999999998,2069999.9999999998,2.0,2.0,1.998631074606434,730.0,2012-12-19
avantismedicalsystems,"Avantis Medical Systems, Inc.",2011-07-08,2013-07-07,3,2016-07-07,,0,no_known_event_plus_later_sub_1b_round_proxy,1.0,1.0,17880000.0,17880000.0,0.0,0.0,1.998631074606434,730.0,2011-07-08
virtualitics,"Virtualitics, Inc.",2017-04-04,2019-04-04,3,2022-04-04,,0,no_known_event_plus_later_sub_1b_round_proxy,1.0,1.0,4460000.0,4460000.0,1.0,1.0,1.998631074606434,730.0,2017-04-04
globaluprising,"Global Uprising, PBC",2014-04-11,2016-04-10,3,2019-04-11,,0,no_known_event_plus_later_sub_1b_round_proxy,2.0,2.0,7100000.0,4099999.9999999995,5.0,4.0,1.998631074606434,383.0,2015-03-24
clarifyhealthsolutions,"Clarify Health Solutions, Inc.",2019-10-15,2021-10-14,3,2024-10-14,2022-04-15,1,first_ge_1b_event_within_horizon,1.0,1.0,82280000.0,82280000.0,1.0,1.0,1.998631074606434,730.0,2019-10-15
portalinstruments,"Portal Instruments, Inc.",2015-10-20,2017-10-19,3,2020-10-19,,0,no_known_event_plus_later_sub_1b_round_proxy,1.0,1.0,10000000.0,10000000.0,2.0,2.0,1.998631074606434,730.0,2015-10-20
mihupcommunicationsprivate,Mihup Communications Private Limited,2016-08-31,2018-08-31,3,2021-08-31,,0,no_known_event_plus_later_sub_1b_round_proxy,1.0,1.0,6720000.0,6720000.0,1.0,1.0,1.998631074606434,730.0,2016-08-31
h2scan,H2scan Corporation,2012-11-08,2014-11-08,3,2017-11-08,,0,no_known_event_plus_later_sub_1b_round_proxy,1.0,1.0,4600000.0,4600000.0,1.0,1.0,1.998631074606434,730.0,2012-11-08
raisefintechventuresprivate,Raise Fintech Ventures Private Limited,2022-01-25,2024-01-25,3,2027-01-25,2025-10-06,1,first_ge_1b_event_within_horizon,1.0,1.0,21990000.0,21990000.0,4.0,4.0,1.998631074606434,730.0,2022-01-25
circuithub,"CircuitHub, Inc.",2020-02-14,2022-02-13,3,2025-02-13,,0,no_known_event_plus_later_sub_1b_round_proxy,1.0,1.0,4250000.0,4250000.0,0.0,0.0,1.998631074606434,730.0,2020-02-14
ursaspacesystems,Ursa Space Systems Inc.,2018-07-19,2020-07-18,3,2023-07-19,,0,no_known_event_plus_later_sub_1b_round_proxy,1.0,1.0,5700000.0,5700000.0,3.0,3.0,1.998631074606434,730.0,2018-07-19
guerrillainfrasolutionspvt,Guerrilla Infra Solutions Pvt. Ltd.,2016-08-23,2018-08-23,3,2021-08-23,,0,no_known_event_plus_later_sub_1b_round_proxy,1.0,1.0,120000.0,120000.0,1.0,1.0,1.998631074606434,730.0,2016-08-23
truelinkfinancial,"True Link Financial, Inc.",2015-01-21,2017-01-20,3,2020-01-21,,0,no_known_event_plus_later_sub_1b_round_proxy,1.0,1.0,3790000.0,3790000.0,5.0,5.0,1.998631074606434,730.0,2015-01-21
terrestrialbio,"Terrestrial Bio, Inc.",2013-05-24,2015-05-24,3,2018-05-24,,0,no_known_event_plus_later_sub_1b_round_proxy,1.0,1.0,1250000.0,1250000.0,1.0,1.0,1.998631074606434,730.0,2013-05-24
rem3dyhealth,Rem3dy Health Limited,2021-05-13,2023-05-13,3,2026-05-13,,0,no_known_event_plus_later_sub_1b_round_proxy,1.0,1.0,11080000.0,11080000.0,3.0,3.0,1.998631074606434,730.0,2021-05-13
savingstar,"SavingStar, Inc.",2011-04-18,2013-04-17,3,2016-04-17,,0,no_known_event_plus_later_sub_1b_round_proxy,2.0,2.0,16270000.0,9000000.0,5.0,4.0,1.998631074606434,405.0,2012-03-08
nociontherapeutics,"Nocion Therapeutics, Inc.",2019-04-17,2021-04-16,3,2024-04-16,,0,no_known_event_plus_later_sub_1b_round_proxy,1.0,1.0,28130000.0,28130000.0,4.0,4.0,1.998631074606434,730.0,2019-04-17
watermelonexpress,"Watermelon Express, Inc.",2010-12-07,2012-12-06,3,2015-12-07,,0,no_known_event_plus_later_sub_1b_round_proxy,2.0,2.0,8090000.0,6000000.0,3.0,2.0,1.998631074606434,160.0,2012-06-29
cassianetworks,"Cassia Networks, Inc.",2016-10-11,2018-10-11,3,2021-10-11,,0,no_known_event_plus_later_sub_1b_round_proxy,1.0,1.0,12330000.0,12330000.0,8.0,8.0,1.998631074606434,730.0,2016-10-11
secret,"Secret, Inc.",2014-03-09,2016-03-08,3,2019-03-09,,0,no_known_event_plus_later_sub_1b_round_proxy,2.0,2.0,33600000.0,25000000.0,10.0,6.0,1.998631074606434,603.0,2014-07-14
rinse,"Rinse, Inc.",2015-06-09,2017-06-08,3,2020-06-08,,0,no_known_event_plus_later_sub_1b_round_proxy,2.0,2.0,9840000.0,6030000.0,13.0,11.0,1.998631074606434,415.0,2016-04-19
multiversecomputing,Multiverse Computing,2024-03-05,2026-03-05,3,2029-03-05,2026-07-27,1,first_ge_1b_event_within_horizon,1.0,1.0,27170000.0,27170000.0,6.0,6.0,1.998631074606434,730.0,2024-03-05
graylog,"GrayLog, Inc.",2018-06-15,2020-06-14,3,2023-06-15,,0,no_known_event_plus_later_sub_1b_round_proxy,1.0,1.0,5000000.0,5000000.0,0.0,0.0,1.998631074606434,730.0,2018-06-15
onehope,"ONEHOPE, Inc.",2013-03-23,2015-03-23,3,2018-03-23,,0,no_known_event_plus_later_sub_1b_round_proxy,1.0,1.0,5990000.0,5990000.0,0.0,0.0,1.998631074606434,730.0,2013-03-23
fujianlemowulian,"Fujian Lemo Wulian Technology Co., Ltd.",2017-12-31,2019-12-31,3,2022-12-31,,0,no_known_event_plus_later_sub_1b_round_proxy,1.0,1.0,7680000.0,7680000.0,1.0,1.0,1.998631074606434,730.0,2017-12-31
manifold,"Manifold Technology, Inc.",2017-10-24,2019-10-24,3,2022-10-24,,0,no_known_event_plus_later_sub_1b_round_proxy,1.0,1.0,6670000.0,6670000.0,0.0,0.0,1.998631074606434,730.0,2017-10-24
instabase,"Instabase, Inc.",2015-08-31,2017-08-30,3,2020-08-30,2019-10-21,1,first_ge_1b_event_within_horizon,2.0,2.0,26940000.0,23170000.0,2.0,2.0,1.998631074606434,98.0,2017-05-24
asteranasdaqgsalab,"Astera Labs, Inc. (NasdaqGS:ALAB)",2020-08-12,2022-08-12,3,2025-08-12,2022-11-17,1,first_ge_1b_event_within_horizon,1.0,1.0,26000000.0,26000000.0,2.0,2.0,1.998631074606434,730.0,2020-08-12
completesolar,"Complete Solar, Inc.",2011-07-26,2013-07-25,3,2016-07-25,,0,no_known_event_plus_later_sub_1b_round_proxy,2.0,1.0,510000.0,510000.0,1.0,1.0,1.998631074606434,252.0,2012-11-15
setpointmedical,SetPoint Medical Corporation,2010-10-19,2012-10-18,3,2015-10-19,,0,no_known_event_plus_later_sub_1b_round_proxy,1.0,1.0,5000000.0,5000000.0,0.0,0.0,1.998631074606434,730.0,2010-10-19
biobotanalytics,"Biobot Analytics, Inc.",2020-04-17,2022-04-17,3,2025-04-17,,0,no_known_event_plus_later_sub_1b_round_proxy,2.0,2.0,27570000.0,20830000.0,14.0,12.0,1.998631074606434,170.0,2021-10-29
alkymi,"Alkymi, Inc.",2020-02-26,2022-02-25,3,2025-02-25,,0,no_known_event_plus_later_sub_1b_round_proxy,1.0,1.0,5190000.0,5190000.0,3.0,3.0,1.998631074606434,730.0,2020-02-26
beijingzhishiyinxiang,"Beijing Zhishi Yinxiang Co., Ltd.",2016-10-31,2018-10-31,3,2021-10-31,2019-05-30,1,first_ge_1b_event_within_horizon,1.0,1.0,14750000.0,14750000.0,2.0,2.0,1.998631074606434,730.0,2016-10-31
skygatehospitalitypvt,Sky Gate Hospitality Pvt. Ltd.,2017-02-18,2019-02-18,3,2022-02-18,,0,no_known_event_plus_later_sub_1b_round_proxy,1.0,1.0,373000.0,373000.0,0.0,0.0,1.998631074606434,730.0,2017-02-18
create,"Create, Inc.",2016-09-30,2018-09-30,3,2021-09-30,,0,no_known_event_plus_later_sub_1b_round_proxy,1.0,1.0,120000.0,120000.0,2.0,2.0,1.998631074606434,730.0,2016-09-30
luminance,Luminance Technologies Ltd.,2016-12-15,2018-12-15,3,2021-12-15,,0,no_known_event_plus_later_sub_1b_round_proxy,2.0,1.0,10000000.0,10000000.0,3.0,3.0,1.998631074606434,381.0,2017-11-29
whop,"Whop, Inc.",2023-07-20,2025-07-19,3,2028-07-19,2026-02-25,1,first_ge_1b_event_within_horizon,1.0,1.0,17040000.0,17040000.0,3.0,3.0,1.998631074606434,730.0,2023-07-20
orgio,"Orgio, Inc.",2019-07-18,2021-07-17,3,2024-07-17,,0,no_known_event_plus_later_sub_1b_round_proxy,2.0,2.0,11220000.0,8500000.0,4.0,3.0,1.998631074606434,514.0,2020-02-19
venminder,"Venminder, Inc.",2013-04-17,2015-04-17,3,2018-04-17,,0,no_known_event_plus_later_sub_1b_round_proxy,1.0,1.0,3340000.0,3340000.0,1.0,1.0,1.998631074606434,730.0,2013-04-17
olistservicosdigitaisltda,Olist Serviços Digitais Ltda,2019-10-22,2021-10-21,3,2024-10-21,2021-12-15,1,first_ge_1b_event_within_horizon,1.0,1.0,46650000.0,46650000.0,3.0,3.0,1.998631074606434,730.0,2019-10-22
servicetitannasdaqgsttan,"ServiceTitan, Inc. (NasdaqGS:TTAN)",2015-06-16,2017-06-15,3,2020-06-15,2018-11-14,1,first_ge_1b_event_within_horizon,1.0,1.0,18960000.0,18960000.0,4.0,4.0,1.998631074606434,730.0,2015-06-16
beijingkuangshi,"Beijing Kuangshi Technology Co., Ltd.",2015-05-14,2017-05-13,3,2020-05-13,2019-05-08,1,first_ge_1b_event_within_horizon,1.0,1.0,47000000.0,47000000.0,3.0,3.0,1.998631074606434,730.0,2015-05-14
mindmazesa,MindMaze SA,2012-06-30,2014-06-30,3,2017-06-30,2016-02-17,1,first_ge_1b_event_within_horizon,1.0,1.0,10000000.0,10000000.0,1.0,1.0,1.998631074606434,730.0,2012-06-30
bluebearprivate,Bluebear Technologies Private Limited,2017-06-01,2019-06-01,3,2022-06-01,,0,no_known_event_plus_later_sub_1b_round_proxy,1.0,1.0,16000.0,16000.0,1.0,1.0,1.998631074606434,730.0,2017-06-01
commaai,"Comma.ai, Inc.",2016-03-28,2018-03-28,3,2021-03-28,,0,no_known_event_plus_later_sub_1b_round_proxy,1.0,1.0,3100000.0,3100000.0,1.0,1.0,1.998631074606434,730.0,2016-03-28
nextfoods,"NextFoods, Inc.",2013-06-11,2015-06-11,3,2018-06-11,,0,no_known_event_plus_later_sub_1b_round_proxy,1.0,1.0,8250000.0,8250000.0,2.0,2.0,1.998631074606434,730.0,2013-06-11
10beauty,"10Beauty, Inc.",2020-03-23,2022-03-23,3,2025-03-23,,0,no_known_event_plus_later_sub_1b_round_proxy,1.0,1.0,2890000.0,2890000.0,0.0,0.0,1.998631074606434,730.0,2020-03-23
scaleai,"Scale AI, Inc.",2016-08-22,2018-08-22,3,2021-08-22,2020-12-01,1,first_ge_1b_event_within_horizon,3.0,3.0,22620000.0,18000000.0,4.0,3.0,1.998631074606434,15.0,2018-08-07
workato,"Workato, Inc.",2017-07-18,2019-07-18,3,2022-07-18,2021-01-12,1,first_ge_1b_event_within_horizon,2.0,2.0,35020000.0,25000000.0,5.0,4.0,1.998631074606434,225.0,2018-12-05
empowerbenefits,Empower Benefits Inc.,2013-04-11,2015-04-11,3,2018-04-11,,0,no_known_event_plus_later_sub_1b_round_proxy,1.0,1.0,1000000.0,1000000.0,0.0,0.0,1.998631074606434,730.0,2013-04-11
firstfuelsoftware,"FirstFuel Software, Inc.",2011-09-22,2013-09-21,3,2016-09-21,,0,no_known_event_plus_later_sub_1b_round_proxy,2.0,2.0,12300000.0,9710000.0,3.0,3.0,1.998631074606434,576.0,2012-02-23
exosomediagnostics,"Exosome Diagnostics, Inc.",2010-11-11,2012-11-10,3,2015-11-11,,0,no_known_event_plus_later_sub_1b_round_proxy,1.0,1.0,22740000.0,22740000.0,2.0,2.0,1.998631074606434,730.0,2010-11-11
cartcom,"Cart.com, Inc.",2021-04-15,2023-04-15,3,2026-04-15,2024-07-17,1,first_ge_1b_event_within_horizon,1.0,1.0,25330000.0,25330000.0,4.0,4.0,1.998631074606434,730.0,2021-04-15
fever,"Fever Labs, Inc.",2014-05-07,2016-05-06,3,2019-05-07,2023-01-27,0,no_known_event_plus_later_sub_1b_round_proxy,2.0,2.0,11670000.0,9590000.0,5.0,4.0,1.998631074606434,164.0,2015-11-24
oomnitza,Oomnitza Inc.,2015-03-25,2017-03-24,3,2020-03-24,,0,no_known_event_plus_later_sub_1b_round_proxy,1.0,1.0,2360000.0,2360000.0,0.0,0.0,1.998631074606434,730.0,2015-03-25
scitara,Scitara Corporation,2021-01-22,2023-01-22,3,2026-01-22,,0,no_known_event_plus_later_sub_1b_round_proxy,1.0,1.0,5130000.0,5130000.0,2.0,2.0,1.998631074606434,730.0,2021-01-22
simplywise,"SimplyWise, Inc.",2019-11-06,2021-11-05,3,2024-11-05,,0,no_known_event_plus_later_sub_1b_round_proxy,1.0,1.0,3500000.0,3500000.0,0.0,0.0,1.998631074606434,730.0,2019-11-06
robotcom,"ROBOT.COM Holdings, Inc.",2017-03-10,2019-03-10,3,2022-03-10,,0,no_known_event_plus_later_sub_1b_round_proxy,1.0,1.0,16000.0,16000.0,1.0,1.0,1.998631074606434,730.0,2017-03-10
allotex,"Allotex, Inc.",2018-02-28,2020-02-28,3,2023-02-28,,0,no_known_event_plus_later_sub_1b_round_proxy,1.0,1.0,16750000.0,16750000.0,0.0,0.0,1.998631074606434,730.0,2018-02-28
swiftbiosciences,Swift Biosciences Inc.,2010-08-11,2012-08-10,3,2015-08-11,,0,no_known_event_plus_later_sub_1b_round_proxy,1.0,1.0,3430000.0,3430000.0,2.0,2.0,1.998631074606434,730.0,2010-08-11
definedcrowd,DefinedCrowd Corporation,2016-09-01,2018-09-01,3,2021-09-01,,0,no_known_event_plus_later_sub_1b_round_proxy,2.0,2.0,12920000.0,11800000.0,8.0,7.0,1.998631074606434,32.0,2018-07-31
ponyai,"Pony.ai, Inc.",2016-12-31,2018-12-31,3,2021-12-31,2020-02-26,1,first_ge_1b_event_within_horizon,1.0,0.0,0.0,0.0,2.0,2.0,1.998631074606434,730.0,2016-12-31
citrineinformatics,"Citrine Informatics, Inc.",2016-05-24,2018-05-24,3,2021-05-24,,0,no_known_event_plus_later_sub_1b_round_proxy,1.0,1.0,8760000.0,8760000.0,0.0,0.0,1.998631074606434,730.0,2016-05-24
mercatormedsystems,"Mercator MedSystems, Inc.",2013-05-30,2015-05-30,3,2018-05-30,,0,no_known_event_plus_later_sub_1b_round_proxy,1.0,1.0,6500000.0,6500000.0,5.0,5.0,1.998631074606434,730.0,2013-05-30
aiera,"Aiera, Inc.",2018-12-13,2020-12-12,3,2023-12-13,,0,no_known_event_plus_later_sub_1b_round_proxy,1.0,1.0,3500000.0,3500000.0,5.0,5.0,1.998631074606434,730.0,2018-12-13
mega,Mega Limited,2015-10-29,2017-10-28,3,2020-10-28,,0,no_known_event_plus_later_sub_1b_round_proxy,1.0,1.0,2980000.0,2980000.0,1.0,1.0,1.998631074606434,730.0,2015-10-29
lendkey,"LendKey Technologies, Inc.",2012-10-05,2014-10-05,3,2017-10-05,,0,no_known_event_plus_later_sub_1b_round_proxy,2.0,2.0,24440000.0,12500000.0,7.0,5.0,1.998631074606434,424.0,2013-08-07
valon,"Valon Technologies, Inc.",2020-07-28,2022-07-28,3,2025-07-28,2022-08-02,1,first_ge_1b_event_within_horizon,1.0,1.0,8490000.0,8490000.0,0.0,0.0,1.998631074606434,730.0,2020-07-28
mauiimaging,"Maui Imaging, Inc.",2019-01-29,2021-01-28,3,2024-01-29,,0,no_known_event_plus_later_sub_1b_round_proxy,1.0,1.0,7000000.0,7000000.0,0.0,0.0,1.998631074606434,730.0,2019-01-29
bigleafnetworks,"Bigleaf Networks, Inc.",2015-04-01,2017-03-31,3,2020-03-31,,0,no_known_event_plus_later_sub_1b_round_proxy,1.0,1.0,1530000.0,1530000.0,3.0,3.0,1.998631074606434,730.0,2015-04-01
focalsystems,Focal Systems Inc.,2016-03-22,2018-03-22,3,2021-03-22,,0,no_known_event_plus_later_sub_1b_round_proxy,2.0,2.0,2780000.0,2660000.0,2.0,1.0,1.998631074606434,660.0,2016-05-31
kytopen,Kytopen Corp,2019-05-28,2021-05-27,3,2024-05-27,,0,no_known_event_plus_later_sub_1b_round_proxy,1.0,1.0,4350000.0,4350000.0,2.0,2.0,1.998631074606434,730.0,2019-05-28
hereenterprise,Here Enterprise Inc.,2014-04-02,2016-04-01,3,2019-04-02,,0,no_known_event_plus_later_sub_1b_round_proxy,1.0,1.0,4000000.0,4000000.0,1.0,1.0,1.998631074606434,730.0,2014-04-02
isee,"ISEE, Inc.",2017-09-15,2019-09-15,3,2022-09-15,,0,no_known_event_plus_later_sub_1b_round_proxy,1.0,1.0,2850000.0,2850000.0,1.0,1.0,1.998631074606434,730.0,2017-09-15
prognoshealth,Prognos Health Inc.,2017-11-28,2019-11-28,3,2022-11-28,,0,no_known_event_plus_later_sub_1b_round_proxy,1.0,1.0,20500000.0,20500000.0,7.0,7.0,1.998631074606434,730.0,2017-11-28
glysens,GlySens Incorporated,2015-01-05,2017-01-04,3,2020-01-05,,0,no_known_event_plus_later_sub_1b_round_proxy,2.0,2.0,33000000.0,21000000.0,0.0,0.0,1.998631074606434,366.0,2016-01-04
oviahealth,Ovia Health Inc.,2013-01-07,2015-01-07,3,2018-01-07,,0,no_known_event_plus_later_sub_1b_round_proxy,1.0,1.0,1500000.0,1500000.0,3.0,3.0,1.998631074606434,730.0,2013-01-07
statespace,"State Space Labs, Inc.",2020-05-22,2022-05-22,3,2025-05-22,,0,no_known_event_plus_later_sub_1b_round_proxy,1.0,1.0,10000000.0,10000000.0,5.0,5.0,1.998631074606434,730.0,2020-05-22
quanergysystems,"Quanergy Systems, Inc.",2014-03-12,2016-03-11,3,2019-03-12,2016-08-22,1,first_ge_1b_event_within_horizon,1.0,1.0,3500000.0,3500000.0,3.0,3.0,1.998631074606434,730.0,2014-03-12
rentberry,"Rentberry, Inc.",2015-12-31,2017-12-30,3,2020-12-30,,0,no_known_event_plus_later_sub_1b_round_proxy,1.0,1.0,845000.0,845000.0,0.0,0.0,1.998631074606434,730.0,2015-12-31
lawrencevilleplasmaphysics,"Lawrenceville Plasma Physics, Inc.",2018-05-01,2020-04-30,3,2023-05-01,,0,no_known_event_plus_later_sub_1b_round_proxy,1.0,1.0,996000.0,996000.0,0.0,0.0,1.998631074606434,730.0,2018-05-01
verawholehealth,Vera Whole Health Inc.,2014-04-09,2016-04-08,3,2019-04-09,,0,no_known_event_plus_later_sub_1b_round_proxy,1.0,1.0,5000000.0,5000000.0,0.0,0.0,1.998631074606434,730.0,2014-04-09
encored,"Encored, Inc.",2014-10-27,2016-10-26,3,2019-10-27,,0,no_known_event_plus_later_sub_1b_round_proxy,1.0,1.0,6340000.0,6340000.0,0.0,0.0,1.998631074606434,730.0,2014-10-27
marketingevolution,"Marketing Evolution, Inc.",2019-03-19,2021-03-18,3,2024-03-18,,0,no_known_event_plus_later_sub_1b_round_proxy,2.0,2.0,54850000.0,46850000.0,3.0,3.0,1.998631074606434,43.0,2021-02-03
biodesixnasdaqgmbdsx,"Biodesix, Inc. (NasdaqGM:BDSX)",2010-11-05,2012-11-04,3,2015-11-05,,0,no_known_event_plus_later_sub_1b_round_proxy,1.0,1.0,7070000.0,7070000.0,1.0,1.0,1.998631074606434,730.0,2010-11-05
oxipitalai,Oxipital AI Inc.,2015-12-17,2017-12-16,3,2020-12-16,,0,no_known_event_plus_later_sub_1b_round_proxy,1.0,1.0,9190000.0,9190000.0,2.0,2.0,1.998631074606434,730.0,2015-12-17
phizzle,"Phizzle, Inc.",2011-07-27,2013-07-26,3,2016-07-26,,0,no_known_event_plus_later_sub_1b_round_proxy,1.0,1.0,3020000.0,3020000.0,1.0,1.0,1.998631074606434,730.0,2011-07-27
atlas,Atlas Holdings Group Inc,2015-10-13,2017-10-12,3,2020-10-12,,0,no_known_event_plus_later_sub_1b_round_proxy,1.0,1.0,118000.0,118000.0,1.0,1.0,1.998631074606434,730.0,2015-10-13
squarerobot,"Square Robot, Inc.",2017-10-19,2019-10-19,3,2022-10-19,,0,no_known_event_plus_later_sub_1b_round_proxy,1.0,1.0,3000000.0,3000000.0,0.0,0.0,1.998631074606434,730.0,2017-10-19
livly,"Livly, Inc.",2019-03-12,2021-03-11,3,2024-03-11,,0,no_known_event_plus_later_sub_1b_round_proxy,1.0,1.0,10000000.0,10000000.0,7.0,7.0,1.998631074606434,730.0,2019-03-12
allbound,"Allbound, Inc.",2015-09-23,2017-09-22,3,2020-09-22,,0,no_known_event_plus_later_sub_1b_round_proxy,2.0,2.0,2610000.0,1510000.0,3.0,3.0,1.998631074606434,339.0,2016-10-18
cropinsolutionspvt,CropIn Technology Solutions Pvt. Ltd.,2017-09-25,2019-09-25,3,2022-09-25,,0,no_known_event_plus_later_sub_1b_round_proxy,1.0,1.0,2350000.0,2350000.0,3.0,3.0,1.998631074606434,730.0,2017-09-25
blackkite,"Black Kite, Inc.",2016-06-14,2018-06-14,3,2021-06-14,,0,no_known_event_plus_later_sub_1b_round_proxy,1.0,1.0,50000.0,50000.0,1.0,1.0,1.998631074606434,730.0,2016-06-14
verterotherapeutics,"Vertero Therapeutics, Inc.",2016-11-30,2018-11-30,3,2021-11-30,,0,no_known_event_plus_later_sub_1b_round_proxy,1.0,1.0,19150000.0,19150000.0,4.0,4.0,1.998631074606434,730.0,2016-11-30
klaviyonysekvyo,"Klaviyo, Inc. (NYSE:KVYO)",2016-03-31,2018-03-31,3,2021-03-31,2020-11-17,1,first_ge_1b_event_within_horizon,1.0,1.0,7000000.0,7000000.0,1.0,1.0,1.998631074606434,730.0,2016-03-31
grobiosciences,GRO Biosciences Inc.,2019-03-22,2021-03-21,3,2024-03-21,,0,no_known_event_plus_later_sub_1b_round_proxy,1.0,1.0,3750000.0,3750000.0,0.0,0.0,1.998631074606434,730.0,2019-03-22
techm3,"TECH M3, INC.",2011-04-22,2013-04-21,3,2016-04-21,,0,no_known_event_plus_later_sub_1b_round_proxy,1.0,1.0,1120000.0,1120000.0,0.0,0.0,1.998631074606434,730.0,2011-04-22
iyunoasiapte,I-YUNO Asia Pte. Ltd.,2018-04-10,2020-04-09,3,2023-04-10,2022-01-27,1,first_ge_1b_event_within_horizon,1.0,1.0,23500000.0,23500000.0,1.0,1.0,1.998631074606434,730.0,2018-04-10
ten63therapeutics,"Ten63 Therapeutics, Inc.",2021-01-27,2023-01-27,3,2026-01-27,,0,no_known_event_plus_later_sub_1b_round_proxy,1.0,1.0,2150000.0,2150000.0,1.0,1.0,1.998631074606434,730.0,2021-01-27
braincare,Braincare Limited,2020-11-25,2022-11-25,3,2025-11-25,,0,no_known_event_plus_later_sub_1b_round_proxy,1.0,1.0,2310000.0,2310000.0,1.0,1.0,1.998631074606434,730.0,2020-11-25
agrivida,"Agrivida, Inc.",2012-09-11,2014-09-11,3,2017-09-11,,0,no_known_event_plus_later_sub_1b_round_proxy,1.0,1.0,8520000.0,8520000.0,10.0,10.0,1.998631074606434,730.0,2012-09-11
presencelearning,"PresenceLearning, Inc.",2013-04-25,2015-04-25,3,2018-04-25,,0,no_known_event_plus_later_sub_1b_round_proxy,1.0,1.0,8130000.000000001,8130000.000000001,6.0,6.0,1.998631074606434,730.0,2013-04-25
accessvascular,"Access Vascular, Inc.",2018-10-02,2020-10-01,3,2023-10-02,,0,no_known_event_plus_later_sub_1b_round_proxy,1.0,1.0,3830000.0,3830000.0,1.0,1.0,1.998631074606434,730.0,2018-10-02
owneriq,"ownerIQ, Inc.",2011-06-17,2013-06-16,3,2016-06-16,,0,no_known_event_plus_later_sub_1b_round_proxy,2.0,2.0,14500000.0,7500000.0,8.0,8.0,1.998631074606434,349.0,2012-07-02
chroma,Chroma Inc.,2013-06-15,2015-06-15,3,2018-06-15,,0,no_known_event_plus_later_sub_1b_round_proxy,1.0,1.0,20000.0,20000.0,1.0,1.0,1.998631074606434,730.0,2013-06-15
transversemedical,Transverse Medical Inc.,2018-10-03,2020-10-02,3,2023-10-03,,0,no_known_event_plus_later_sub_1b_round_proxy,1.0,1.0,550000.0,550000.0,0.0,0.0,1.998631074606434,730.0,2018-10-03
blockskye,"Blockskye, Inc.",2019-04-04,2021-04-03,3,2024-04-03,,0,no_known_event_plus_later_sub_1b_round_proxy,1.0,1.0,2400000.0,2400000.0,1.0,1.0,1.998631074606434,730.0,2019-04-04
2020biolabsnasdaqcmaidx,"20/20 Biolabs, Inc. (NasdaqCM:AIDX)",2016-02-04,2018-02-03,3,2021-02-03,,0,no_known_event_plus_later_sub_1b_round_proxy,2.0,2.0,3070000.0,2000000.0,0.0,0.0,1.998631074606434,8.0,2018-01-26
eatstreet,"EatStreet, Inc.",2013-04-10,2015-04-10,3,2018-04-10,,0,no_known_event_plus_later_sub_1b_round_proxy,2.0,2.0,11250000.0,8800000.0,7.0,6.0,1.998631074606434,185.0,2014-10-07
lucidgreen,"Lucid Green, Inc.",2019-07-02,2021-07-01,3,2024-07-01,,0,no_known_event_plus_later_sub_1b_round_proxy,1.0,1.0,1850000.0,1850000.0,0.0,0.0,1.998631074606434,730.0,2019-07-02
yesware,"Yesware, Inc.",2011-09-27,2013-09-26,3,2016-09-26,,0,no_known_event_plus_later_sub_1b_round_proxy,2.0,2.0,5000000.0,4000000.0,4.0,4.0,1.998631074606434,463.0,2012-06-20
realmagic,"Real Magic, Inc.",2019-06-20,2021-06-19,3,2024-06-19,,0,no_known_event_plus_later_sub_1b_round_proxy,2.0,2.0,20000000.0,14000000.0,1.0,1.0,1.998631074606434,114.0,2021-02-25
blueswireless,Blues Wireless Inc.,2020-03-26,2022-03-26,3,2025-03-26,,0,no_known_event_plus_later_sub_1b_round_proxy,1.0,1.0,11060000.0,11060000.0,1.0,1.0,1.998631074606434,730.0,2020-03-26
metaxintegratedcircuitsshanghaishse688802,"MetaX Integrated Circuits (Shanghai) Co., Ltd. (SHSE:688802)",2020-12-31,2022-12-31,3,2025-12-31,2025-02-28,1,first_ge_1b_event_within_horizon,1.0,1.0,10720000.0,10720000.0,3.0,3.0,1.998631074606434,730.0,2020-12-31
swishanalytics,Swish Analytics Inc.,2015-11-10,2017-11-09,3,2020-11-09,,0,no_known_event_plus_later_sub_1b_round_proxy,1.0,1.0,20000.0,20000.0,1.0,1.0,1.998631074606434,730.0,2015-11-10
elementalmachines,"Elemental Machines, Inc.",2016-02-03,2018-02-02,3,2021-02-02,,0,no_known_event_plus_later_sub_1b_round_proxy,1.0,1.0,2500000.0,2500000.0,4.0,4.0,1.998631074606434,730.0,2016-02-03
targetarm,Target Arm Inc.,2020-05-14,2022-05-14,3,2025-05-14,,0,no_known_event_plus_later_sub_1b_round_proxy,1.0,1.0,120000.0,120000.0,1.0,1.0,1.998631074606434,730.0,2020-05-14
lookingglassfactory,Looking Glass Factory Inc.,2017-02-27,2019-02-27,3,2022-02-27,,0,no_known_event_plus_later_sub_1b_round_proxy,1.0,1.0,10000000.0,10000000.0,1.0,1.0,1.998631074606434,730.0,2017-02-27
creator,Creator Inc.,2012-06-06,2014-06-06,3,2017-06-06,,0,no_known_event_plus_later_sub_1b_round_proxy,1.0,1.0,50000.0,50000.0,1.0,1.0,1.998631074606434,730.0,2012-06-06
oneskin,OneSkin Inc.,2016-07-14,2018-07-14,3,2021-07-14,,0,no_known_event_plus_later_sub_1b_round_proxy,1.0,1.0,250000.0,250000.0,1.0,1.0,1.998631074606434,730.0,2016-07-14
d3,D3 Technology Inc.,2010-05-14,2012-05-13,3,2015-05-14,,0,no_known_event_plus_later_sub_1b_round_proxy,1.0,1.0,500000.0,500000.0,0.0,0.0,1.998631074606434,730.0,2010-05-14
foldax,"Foldax, Inc.",2015-08-31,2017-08-30,3,2020-08-30,,0,no_known_event_plus_later_sub_1b_round_proxy,2.0,2.0,5580000.0,3080000.0,1.0,1.0,1.998631074606434,400.0,2016-07-26
testlio,Testlio Inc.,2016-04-12,2018-04-12,3,2021-04-12,,0,no_known_event_plus_later_sub_1b_round_proxy,1.0,1.0,6250000.0,6250000.0,2.0,2.0,1.998631074606434,730.0,2016-04-12
polimorphic,"Polimorphic, Inc.",2019-09-26,2021-09-25,3,2024-09-25,,0,no_known_event_plus_later_sub_1b_round_proxy,1.0,1.0,150000.0,150000.0,1.0,1.0,1.998631074606434,730.0,2019-09-26
infobionic,"InfoBionic, Inc.",2018-09-11,2020-09-10,3,2023-09-11,,0,no_known_event_plus_later_sub_1b_round_proxy,1.0,1.0,49650000.0,49650000.0,5.0,5.0,1.998631074606434,730.0,2018-09-11
apixio,"Apixio, Inc.",2012-08-17,2014-08-17,3,2017-08-17,,0,no_known_event_plus_later_sub_1b_round_proxy,1.0,1.0,7440000.0,7440000.0,0.0,0.0,1.998631074606434,730.0,2012-08-17
lastline,"Lastline, Inc.",2011-08-01,2013-07-31,3,2016-07-31,,0,no_known_event_plus_later_sub_1b_round_proxy,1.0,1.0,900000.0,900000.0,0.0,0.0,1.998631074606434,730.0,2011-08-01
lumithera,"LumiThera, Inc.",2017-10-31,2019-10-31,3,2022-10-31,,0,no_known_event_plus_later_sub_1b_round_proxy,1.0,1.0,5540000.0,5540000.0,0.0,0.0,1.998631074606434,730.0,2017-10-31
pacificintegratedenergy,"Pacific Integrated Energy, Inc.",2010-09-14,2012-09-13,3,2015-09-14,,0,no_known_event_plus_later_sub_1b_round_proxy,1.0,1.0,4000000.0,4000000.0,0.0,0.0,1.998631074606434,730.0,2010-09-14
vology,"Vology, Inc.",2011-02-24,2013-02-23,3,2016-02-24,,0,no_known_event_plus_later_sub_1b_round_proxy,1.0,1.0,15000000.0,15000000.0,3.0,3.0,1.998631074606434,730.0,2011-02-24
imagry,Imagry Inc.,2017-08-05,2019-08-05,3,2022-08-05,,0,no_known_event_plus_later_sub_1b_round_proxy,1.0,1.0,6100000.0,6100000.0,0.0,0.0,1.998631074606434,730.0,2017-08-05
sidecarinteractive,"Sidecar Interactive, Inc.",2013-01-09,2015-01-09,3,2018-01-09,,0,no_known_event_plus_later_sub_1b_round_proxy,1.0,1.0,1500000.0,1500000.0,4.0,4.0,1.998631074606434,730.0,2013-01-09
napajenpharma,"NapaJen Pharma, Inc.",2014-02-13,2016-02-13,3,2019-02-13,,0,no_known_event_plus_later_sub_1b_round_proxy,1.0,1.0,9000000.0,9000000.0,2.0,2.0,1.998631074606434,730.0,2014-02-13
templum,"Templum, Inc.",2017-10-26,2019-10-26,3,2022-10-26,,0,no_known_event_plus_later_sub_1b_round_proxy,2.0,2.0,12700000.0,10000000.0,5.0,4.0,1.998631074606434,551.0,2018-04-23
orthalign,"OrthAlign, Inc.",2010-12-08,2012-12-07,3,2015-12-08,,0,no_known_event_plus_later_sub_1b_round_proxy,1.0,1.0,3970000.0,3970000.0,0.0,0.0,1.998631074606434,730.0,2010-12-08
legionmentertainment,"Legion M Entertainment, Inc.",2016-08-15,2018-08-15,3,2021-08-15,,0,no_known_event_plus_later_sub_1b_round_proxy,1.0,1.0,1000000.0,1000000.0,0.0,0.0,1.998631074606434,730.0,2016-08-15
fast,Fast Labs Inc.,2012-06-29,2014-06-29,3,2017-06-29,,0,no_known_event_plus_later_sub_1b_round_proxy,1.0,1.0,3700000.0,3700000.0,5.0,5.0,1.998631074606434,730.0,2012-06-29
sciaps,"SciAps, Inc.",2014-05-18,2016-05-17,3,2019-05-18,,0,no_known_event_plus_later_sub_1b_round_proxy,2.0,2.0,13110000.0,8810000.0,6.0,5.0,1.998631074606434,263.0,2015-08-28
phylosbioscience,"Phylos Bioscience, Inc.",2015-02-03,2017-02-02,3,2020-02-03,,0,no_known_event_plus_later_sub_1b_round_proxy,1.0,1.0,250000.0,250000.0,0.0,0.0,1.998631074606434,730.0,2015-02-03
zenysis,Zenysis Technologies Inc.,2016-03-22,2018-03-22,3,2021-03-22,,0,no_known_event_plus_later_sub_1b_round_proxy,1.0,1.0,120000.0,120000.0,1.0,1.0,1.998631074606434,730.0,2016-03-22
dcfrontierspte,DC Frontiers Pte. Ltd.,2015-03-16,2017-03-15,3,2020-03-15,,0,no_known_event_plus_later_sub_1b_round_proxy,1.0,1.0,1440000.0,1440000.0,1.0,1.0,1.998631074606434,730.0,2015-03-16
urbanmassage,Urban Massage Ltd.,2015-05-19,2017-05-18,3,2020-05-18,,0,no_known_event_plus_later_sub_1b_round_proxy,1.0,0.0,0.0,0.0,4.0,4.0,1.998631074606434,730.0,2015-05-19
tonalsystems,"Tonal Systems, Inc.",2017-12-31,2019-12-31,3,2022-12-31,2021-03-19,1,first_ge_1b_event_within_horizon,1.0,1.0,10470000.0,10470000.0,1.0,1.0,1.998631074606434,730.0,2017-12-31
stilt,Stilt Inc.,2016-03-22,2018-03-22,3,2021-03-22,,0,no_known_event_plus_later_sub_1b_round_proxy,1.0,1.0,120000.0,120000.0,1.0,1.0,1.998631074606434,730.0,2016-03-22
cre8tech,Cre8tech Labs Inc.,2018-04-13,2020-04-12,3,2023-04-13,,0,no_known_event_plus_later_sub_1b_round_proxy,1.0,1.0,10000000.0,10000000.0,1.0,1.0,1.998631074606434,730.0,2018-04-13
koiosmedical,"Koios Medical, Inc.",2019-01-11,2021-01-10,3,2024-01-11,,0,no_known_event_plus_later_sub_1b_round_proxy,1.0,1.0,5000000.0,5000000.0,0.0,0.0,1.998631074606434,730.0,2019-01-11
valencell,"Valencell, Inc.",2011-06-20,2013-06-19,3,2016-06-19,,0,no_known_event_plus_later_sub_1b_round_proxy,1.0,1.0,5520000.0,5520000.0,3.0,3.0,1.998631074606434,730.0,2011-06-20
clypd,"clypd, Inc.",2013-03-05,2015-03-05,3,2018-03-05,,0,no_known_event_plus_later_sub_1b_round_proxy,2.0,2.0,11690000.0,8320000.0,6.0,6.0,1.998631074606434,471.0,2013-11-19
andros,Andros Technologies Inc.,2016-07-01,2018-07-01,3,2021-07-01,,0,no_known_event_plus_later_sub_1b_round_proxy,1.0,1.0,2890000.0,2890000.0,3.0,3.0,1.998631074606434,730.0,2016-07-01
hectareagritech,Hectare Agritech Limited,2015-11-20,2017-11-19,3,2020-11-19,,0,no_known_event_plus_later_sub_1b_round_proxy,1.0,1.0,319000.0,319000.0,0.0,0.0,1.998631074606434,730.0,2015-11-20
pulsivsolar,PulsiV Solar Limited,2015-10-27,2017-10-26,3,2020-10-26,,0,no_known_event_plus_later_sub_1b_round_proxy,1.0,1.0,765000.0,765000.0,1.0,1.0,1.998631074606434,730.0,2015-10-27
aurishealth,"Auris Health, Inc.",2014-03-31,2016-03-30,3,2019-03-31,2017-08-04,1,first_ge_1b_event_within_horizon,1.0,1.0,33000000.0,33000000.0,4.0,4.0,1.998631074606434,730.0,2014-03-31
clinicient,"Clinicient, Inc.",2010-11-19,2012-11-18,3,2015-11-19,,0,no_known_event_plus_later_sub_1b_round_proxy,1.0,1.0,2800000.0,2800000.0,1.0,1.0,1.998631074606434,730.0,2010-11-19
chartbeat,"Chartbeat, Inc.",2010-08-31,2012-08-30,3,2015-08-31,,0,no_known_event_plus_later_sub_1b_round_proxy,1.0,1.0,3000000.0,3000000.0,9.0,9.0,1.998631074606434,730.0,2010-08-31
tivorsanpharmaceuticals,"Tivorsan Pharmaceuticals, Inc",2012-02-23,2014-02-22,3,2017-02-22,,0,no_known_event_plus_later_sub_1b_round_proxy,2.0,2.0,3890000.0,2770000.0,0.0,0.0,1.998631074606434,10.0,2014-02-12
neurala,"Neurala, Inc.",2014-12-10,2016-12-09,3,2019-12-10,,0,no_known_event_plus_later_sub_1b_round_proxy,1.0,1.0,926000.0,926000.0,1.0,1.0,1.998631074606434,730.0,2014-12-10
focusip,"Focus IP, Inc.",2017-04-18,2019-04-18,3,2022-04-18,,0,no_known_event_plus_later_sub_1b_round_proxy,2.0,2.0,15500000.0,10000000.0,3.0,3.0,1.998631074606434,29.0,2019-03-20
seqwell,"seqWell, Inc.",2016-07-15,2018-07-15,3,2021-07-15,,0,no_known_event_plus_later_sub_1b_round_proxy,2.0,2.0,2060000.0,1320000.0,0.0,0.0,1.998631074606434,437.0,2017-05-04
seamachinesrobotics,"Sea Machines Robotics, Inc.",2017-05-03,2019-05-03,3,2022-05-03,,0,no_known_event_plus_later_sub_1b_round_proxy,3.0,3.0,11760000.0,10110000.0,11.0,9.0,1.998631074606434,137.0,2018-12-17
powertechwater,"PowerTech Water, Inc.",2019-09-14,2021-09-13,3,2024-09-13,,0,no_known_event_plus_later_sub_1b_round_proxy,1.0,1.0,1500000.0,1500000.0,4.0,4.0,1.998631074606434,730.0,2019-09-14
auxmoneygmbh,auxmoney GmbH,2013-03-12,2015-03-12,3,2018-03-12,2016-02-29,1,first_ge_1b_event_within_horizon,1.0,1.0,12000000.0,12000000.0,2.0,2.0,1.998631074606434,730.0,2013-03-12
stord,"Stord, Inc.",2018-04-18,2020-04-17,3,2023-04-18,2022-05-10,1,first_ge_1b_event_within_horizon,2.0,2.0,15040000.0,12410000.0,4.0,4.0,1.998631074606434,378.0,2019-04-05
spire,"Spire, Inc.",2015-03-24,2017-03-23,3,2020-03-23,,0,no_known_event_plus_later_sub_1b_round_proxy,1.0,1.0,120000.0,120000.0,1.0,1.0,1.998631074606434,730.0,2015-03-24
knock,"Knock, Inc.",2015-04-03,2017-04-02,3,2020-04-02,,0,no_known_event_plus_later_sub_1b_round_proxy,2.0,2.0,2840000.0,1650000.0,0.0,0.0,1.998631074606434,219.0,2016-08-26
montycloud,"MontyCloud, Inc.",2019-11-21,2021-11-20,3,2024-11-20,,0,no_known_event_plus_later_sub_1b_round_proxy,1.0,1.0,2850000.0,2850000.0,2.0,2.0,1.998631074606434,730.0,2019-11-21
cirkul,"Cirkul, Inc.",2019-03-27,2021-03-26,3,2024-03-26,2022-06-13,1,first_ge_1b_event_within_horizon,1.0,1.0,4870000.0,4870000.0,0.0,0.0,1.998631074606434,730.0,2019-03-27
wisealpha,WiseAlpha Technologies Limited,2016-05-24,2018-05-24,3,2021-05-24,,0,no_known_event_plus_later_sub_1b_round_proxy,2.0,2.0,2490000.0,1620000.0,0.0,0.0,1.998631074606434,374.0,2017-05-15
artaxbiopharma,"Artax Biopharma, Inc.",2015-09-22,2017-09-21,3,2020-09-21,,0,no_known_event_plus_later_sub_1b_round_proxy,1.0,1.0,10000000.0,10000000.0,2.0,2.0,1.998631074606434,730.0,2015-09-22
beautylish,"Beautylish, Inc.",2010-07-31,2012-07-30,3,2015-07-31,,0,no_known_event_plus_later_sub_1b_round_proxy,1.0,1.0,1100000.0,1100000.0,1.0,1.0,1.998631074606434,730.0,2010-07-31
ketos,"Ketos, Inc.",2019-02-05,2021-02-04,3,2024-02-05,,0,no_known_event_plus_later_sub_1b_round_proxy,2.0,2.0,24000000.0,15000000.0,9.0,8.0,1.998631074606434,101.0,2020-10-26
crowdproperty,CrowdProperty Ltd,2017-11-19,2019-11-19,3,2022-11-19,,0,no_known_event_plus_later_sub_1b_round_proxy,2.0,2.0,2380000.0,1200000.0,0.0,0.0,1.998631074606434,223.0,2019-04-10
checkpointsurgical,"Checkpoint Surgical, Inc.",2018-09-19,2020-09-18,3,2023-09-19,,0,no_known_event_plus_later_sub_1b_round_proxy,1.0,0.0,0.0,0.0,4.0,4.0,1.998631074606434,730.0,2018-09-19
cardiacinsight,Cardiac Insight Inc.,2013-08-08,2015-08-08,3,2018-08-08,,0,no_known_event_plus_later_sub_1b_round_proxy,1.0,1.0,4059999.9999999995,4059999.9999999995,0.0,0.0,1.998631074606434,730.0,2013-08-08
hellojoy,"HelloJoy, Inc.",2019-03-07,2021-03-06,3,2024-03-06,,0,no_known_event_plus_later_sub_1b_round_proxy,2.0,2.0,4720000.0,3420000.0,3.0,2.0,1.998631074606434,162.0,2020-09-25
movencorp,Movencorp Inc.,2012-08-10,2014-08-10,3,2017-08-10,,0,no_known_event_plus_later_sub_1b_round_proxy,3.0,3.0,12490000.0,8000000.0,5.0,3.0,1.998631074606434,40.0,2014-07-01
bitvore,Bitvore Corporation,2014-03-18,2016-03-17,3,2019-03-18,,0,no_known_event_plus_later_sub_1b_round_proxy,1.0,1.0,7770000.0,7770000.0,2.0,2.0,1.998631074606434,730.0,2014-03-18
dwolla,"Dwolla, Inc.",2010-11-17,2012-11-16,3,2015-11-17,,0,no_known_event_plus_later_sub_1b_round_proxy,2.0,2.0,6000000.0,5000000.0,7.0,5.0,1.998631074606434,283.0,2012-02-07
nimbusengineering,Nimbus Engineering Inc.,2017-04-25,2019-04-25,3,2022-04-25,,0,no_known_event_plus_later_sub_1b_round_proxy,1.0,1.0,275000.0,275000.0,0.0,0.0,1.998631074606434,730.0,2017-04-25
stratifyd,"Stratifyd, Inc.",2015-02-28,2017-02-27,3,2020-02-28,,0,no_known_event_plus_later_sub_1b_round_proxy,1.0,1.0,1000000.0,1000000.0,4.0,4.0,1.998631074606434,730.0,2015-02-28
seattlefoodtech,"Seattle Food Tech, Inc.",2018-08-20,2020-08-19,3,2023-08-20,,0,no_known_event_plus_later_sub_1b_round_proxy,2.0,2.0,8990000.0,8870000.0,6.0,5.0,1.998631074606434,111.0,2020-04-30
tactus,"Tactus Technology, Inc.",2018-01-24,2020-01-24,3,2023-01-24,2021-08-18,1,first_ge_1b_event_within_horizon,1.0,1.0,6220000.0,6220000.0,0.0,0.0,1.998631074606434,730.0,2018-01-24
chroniccaremanagement,"Chronic Care Management, Inc.",2019-12-20,2021-12-19,3,2024-12-19,,0,no_known_event_plus_later_sub_1b_round_proxy,1.0,1.0,2550000.0,2550000.0,0.0,0.0,1.998631074606434,730.0,2019-12-20
catalystorthoscience,Catalyst OrthoScience Inc.,2016-09-06,2018-09-06,3,2021-09-06,,0,no_known_event_plus_later_sub_1b_round_proxy,2.0,2.0,6900000.0,3600000.0,1.0,1.0,1.998631074606434,281.0,2017-11-29
reactivebiosciences,Reactive Biosciences Inc.,2017-03-02,2019-03-02,3,2022-03-02,,0,no_known_event_plus_later_sub_1b_round_proxy,1.0,1.0,10530000.0,10530000.0,11.0,11.0,1.998631074606434,730.0,2017-03-02
bostongene,BostonGene Corporation,2019-04-24,2021-04-23,3,2024-04-23,2022-04-06,1,first_ge_1b_event_within_horizon,1.0,1.0,50000000.0,50000000.0,1.0,1.0,1.998631074606434,730.0,2019-04-24
kolide,"Kolide, Inc.",2016-06-27,2018-06-27,3,2021-06-27,,0,no_known_event_plus_later_sub_1b_round_proxy,2.0,2.0,9600000.0,8000000.0,1.0,1.0,1.998631074606434,72.0,2018-04-16
410medical,"410 Medical, Inc.",2015-01-13,2017-01-12,3,2020-01-13,,0,no_known_event_plus_later_sub_1b_round_proxy,1.0,1.0,1200000.0,1200000.0,0.0,0.0,1.998631074606434,730.0,2015-01-13
windesco,"WindESCo, Inc.",2016-09-26,2018-09-26,3,2021-09-26,,0,no_known_event_plus_later_sub_1b_round_proxy,1.0,1.0,2120000.0,2120000.0,2.0,2.0,1.998631074606434,730.0,2016-09-26
cedarcares,"Cedar Cares, Inc.",2017-12-06,2019-12-06,3,2022-12-06,2021-03-09,1,first_ge_1b_event_within_horizon,1.0,1.0,13000000.0,13000000.0,4.0,4.0,1.998631074606434,730.0,2017-12-06
linnaeustherapeutics,"Linnaeus Therapeutics, Inc.",2019-02-08,2021-02-07,3,2024-02-08,,0,no_known_event_plus_later_sub_1b_round_proxy,2.0,2.0,15030000.0,10710000.0,1.0,1.0,1.998631074606434,509.0,2019-09-17
reconstruct,"Reconstruct, Inc.",2019-05-14,2021-05-13,3,2024-05-13,,0,no_known_event_plus_later_sub_1b_round_proxy,1.0,1.0,7700000.0,7700000.0,3.0,3.0,1.998631074606434,730.0,2019-05-14
lionsemiconductor,Lion Semiconductor Inc.,2013-10-15,2015-10-15,3,2018-10-15,,0,no_known_event_plus_later_sub_1b_round_proxy,1.0,1.0,2000000.0,2000000.0,0.0,0.0,1.998631074606434,730.0,2013-10-15
poseidonmedical,"Poseidon Medical, Inc.",2010-09-14,2012-09-13,3,2015-09-14,,0,no_known_event_plus_later_sub_1b_round_proxy,1.0,1.0,22950000.0,22950000.0,4.0,4.0,1.998631074606434,730.0,2010-09-14
glean,"Glean Technologies, Inc.",2019-12-31,2021-12-30,3,2024-12-30,2024-09-10,1,first_ge_1b_event_within_horizon,1.0,1.0,15300000.0,15300000.0,3.0,3.0,1.998631074606434,730.0,2019-12-31
daupler,"Daupler, Inc.",2019-08-21,2021-08-20,3,2024-08-20,,0,no_known_event_plus_later_sub_1b_round_proxy,1.0,1.0,3970000.0,3970000.0,1.0,1.0,1.998631074606434,730.0,2019-08-21
caringo,"Caringo, Inc.",2010-07-26,2012-07-25,3,2015-07-26,,0,no_known_event_plus_later_sub_1b_round_proxy,1.0,1.0,4470000.0,4470000.0,0.0,0.0,1.998631074606434,730.0,2010-07-26
pharmajet,"PharmaJet, Inc.",2010-03-30,2012-03-29,3,2015-03-30,,0,no_known_event_plus_later_sub_1b_round_proxy,1.0,1.0,9140000.0,9140000.0,0.0,0.0,1.998631074606434,730.0,2010-03-30
aventri,"Aventri, Inc.",2010-06-07,2012-06-06,3,2015-06-07,,0,no_known_event_plus_later_sub_1b_round_proxy,1.0,1.0,2590000.0,2590000.0,3.0,3.0,1.998631074606434,730.0,2010-06-07
hylete,"HYLETE, Inc.",2016-08-24,2018-08-24,3,2021-08-24,,0,no_known_event_plus_later_sub_1b_round_proxy,1.0,1.0,899000.0,899000.0,1.0,1.0,1.998631074606434,730.0,2016-08-24
laminar,"Laminar, Inc.",2019-11-15,2021-11-14,3,2024-11-14,,0,no_known_event_plus_later_sub_1b_round_proxy,1.0,1.0,7160000.0,7160000.0,1.0,1.0,1.998631074606434,730.0,2019-11-15
bouldincreek,"Bouldin Creek Holdings, Inc.",2014-11-25,2016-11-24,3,2019-11-25,,0,no_known_event_plus_later_sub_1b_round_proxy,1.0,1.0,1600000.0,1600000.0,0.0,0.0,1.998631074606434,730.0,2014-11-25
carterra,"Carterra, Inc.",2014-06-30,2016-06-29,3,2019-06-30,,0,no_known_event_plus_later_sub_1b_round_proxy,1.0,1.0,2000000.0,2000000.0,0.0,0.0,1.998631074606434,730.0,2014-06-30
t3dtherapeutics,"T3D Therapeutics, Inc.",2013-08-05,2015-08-05,3,2018-08-05,,0,no_known_event_plus_later_sub_1b_round_proxy,2.0,2.0,1160000.0,723000.0,0.0,0.0,1.998631074606434,509.0,2014-03-14
auth0,"Auth0, Inc.",2016-08-24,2018-08-24,3,2021-08-24,2020-07-14,1,first_ge_1b_event_within_horizon,1.0,1.0,14570000.0,14570000.0,4.0,4.0,1.998631074606434,730.0,2016-08-24
angazadesign,Angaza Design Inc.,2015-07-28,2017-07-27,3,2020-07-27,,0,no_known_event_plus_later_sub_1b_round_proxy,1.0,1.0,4460000.0,4460000.0,2.0,2.0,1.998631074606434,730.0,2015-07-28
meacor,MeaCor Inc.,2015-12-09,2017-12-08,3,2020-12-08,,0,no_known_event_plus_later_sub_1b_round_proxy,1.0,1.0,806000.0,806000.0,3.0,3.0,1.998631074606434,730.0,2015-12-09
sonomotion,SonoMotion Inc.,2017-04-07,2019-04-07,3,2022-04-07,,0,no_known_event_plus_later_sub_1b_round_proxy,1.0,1.0,4620000.0,4620000.0,2.0,2.0,1.998631074606434,730.0,2017-04-07
feedmedia,Feed Media Inc.,2014-09-03,2016-09-02,3,2019-09-03,,0,no_known_event_plus_later_sub_1b_round_proxy,1.0,1.0,1200000.0,1200000.0,5.0,5.0,1.998631074606434,730.0,2014-09-03
farmshelf,Farmshelf Corporation,2016-06-07,2018-06-07,3,2021-06-07,,0,no_known_event_plus_later_sub_1b_round_proxy,1.0,1.0,60000.0,60000.0,1.0,1.0,1.998631074606434,730.0,2016-06-07
kuvasystems,Kuva Systems,2017-10-10,2019-10-10,3,2022-10-10,,0,no_known_event_plus_later_sub_1b_round_proxy,2.0,2.0,5020000.0,3520000.0,1.0,1.0,1.998631074606434,331.0,2018-11-13
ziftsolutions,"Zift Solutions, Inc.",2010-08-31,2012-08-30,3,2015-08-31,,0,no_known_event_plus_later_sub_1b_round_proxy,1.0,1.0,2720000.0,2720000.0,2.0,2.0,1.998631074606434,730.0,2010-08-31
earthrenewable,"Earth Renewable Technologies, Inc.",2012-08-28,2014-08-28,3,2017-08-28,,0,no_known_event_plus_later_sub_1b_round_proxy,1.0,1.0,388000.0,388000.0,0.0,0.0,1.998631074606434,730.0,2012-08-28
fuze,"Fuze, Inc.",2012-10-03,2014-10-03,3,2017-10-03,,0,no_known_event_plus_later_sub_1b_round_proxy,2.0,2.0,26500000.0,16500000.0,2.0,2.0,1.998631074606434,353.0,2013-10-15
lightbend,"Lightbend, Inc.",2016-05-26,2018-05-26,3,2021-05-26,,0,no_known_event_plus_later_sub_1b_round_proxy,1.0,1.0,20000000.0,20000000.0,4.0,4.0,1.998631074606434,730.0,2016-05-26
matchabar,"MatchaBar, Inc.",2018-06-05,2020-06-04,3,2023-06-05,,0,no_known_event_plus_later_sub_1b_round_proxy,1.0,1.0,8090000.0,8090000.0,1.0,1.0,1.998631074606434,730.0,2018-06-05
brainyak,"Brainyak, Inc.",2010-10-12,2012-10-11,3,2015-10-12,,0,no_known_event_plus_later_sub_1b_round_proxy,1.0,1.0,2049999.9999999998,2049999.9999999998,4.0,4.0,1.998631074606434,730.0,2010-10-12
placer,"Placer Labs, Inc.",2020-01-13,2022-01-12,3,2025-01-12,2024-08-05,1,first_ge_1b_event_within_horizon,1.0,1.0,12200000.0,12200000.0,4.0,4.0,1.998631074606434,730.0,2020-01-13
corvium,"Corvium, Inc.",2014-11-13,2016-11-12,3,2019-11-13,,0,no_known_event_plus_later_sub_1b_round_proxy,1.0,1.0,12020000.0,12020000.0,4.0,4.0,1.998631074606434,730.0,2014-11-13
naraorganics,"Nara Organics, Inc.",2019-03-13,2021-03-12,3,2024-03-12,,0,no_known_event_plus_later_sub_1b_round_proxy,1.0,1.0,1850000.0,1850000.0,0.0,0.0,1.998631074606434,730.0,2019-03-13
flock,"Flock Group, Inc.",2017-08-21,2019-08-21,3,2022-08-21,2022-02-15,1,first_ge_1b_event_within_horizon,2.0,2.0,9710000.0,9590000.0,1.0,1.0,1.998631074606434,357.0,2018-08-29
qnovo,Qnovo Incorporated,2010-03-26,2012-03-25,3,2015-03-26,,0,no_known_event_plus_later_sub_1b_round_proxy,1.0,1.0,1100000.0,1100000.0,2.0,2.0,1.998631074606434,730.0,2010-03-26
applepiecapital,"ApplePie Capital, Inc.",2015-04-09,2017-04-08,3,2020-04-08,,0,no_known_event_plus_later_sub_1b_round_proxy,1.0,1.0,6090000.0,6090000.0,3.0,3.0,1.998631074606434,730.0,2015-04-09
voatz,"Voatz, Inc.",2017-05-06,2019-05-06,3,2022-05-06,,0,no_known_event_plus_later_sub_1b_round_proxy,1.0,1.0,120000.0,120000.0,1.0,1.0,1.998631074606434,730.0,2017-05-06
smartvidio,"Smartvid.io, Inc.",2015-08-03,2017-08-02,3,2020-08-02,,0,no_known_event_plus_later_sub_1b_round_proxy,1.0,1.0,3440000.0,3440000.0,2.0,2.0,1.998631074606434,730.0,2015-08-03
trilliumrenewablechemicals,"Trillium Renewable Chemicals, Inc.",2021-02-18,2023-02-18,3,2026-02-18,,0,no_known_event_plus_later_sub_1b_round_proxy,1.0,1.0,1500000.0,1500000.0,1.0,1.0,1.998631074606434,730.0,2021-02-18
public,"Public Holdings, Inc.",2018-09-18,2020-09-17,3,2023-09-18,2021-02-17,1,first_ge_1b_event_within_horizon,2.0,2.0,16200000.0,15000000.0,4.0,4.0,1.998631074606434,202.0,2020-02-28
hireku,"Hireku, Inc.",2011-04-29,2013-04-28,3,2016-04-28,,0,no_known_event_plus_later_sub_1b_round_proxy,2.0,2.0,3043000.0,2160000.0,5.0,5.0,1.998631074606434,185.0,2012-10-25
tongal,"Tongal, Inc.",2013-01-10,2015-01-10,3,2018-01-10,,0,no_known_event_plus_later_sub_1b_round_proxy,1.0,1.0,13950000.0,13950000.0,2.0,2.0,1.998631074606434,730.0,2013-01-10
wonderworkshop,"Wonder Workshop, Inc.",2014-03-04,2016-03-03,3,2019-03-04,,0,no_known_event_plus_later_sub_1b_round_proxy,1.0,1.0,8000000.0,8000000.0,2.0,2.0,1.998631074606434,730.0,2014-03-04
airbnbnasdaqgsabnb,"Airbnb, Inc. (NasdaqGS:ABNB)",2010-11-10,2012-11-09,3,2015-11-10,2014-04-18,1,first_ge_1b_event_within_horizon,1.0,1.0,7200000.0,7200000.0,4.0,4.0,1.998631074606434,730.0,2010-11-10
emmahealth,"EMMA Health Technologies, Inc.",2010-06-01,2012-05-31,3,2015-06-01,,0,no_known_event_plus_later_sub_1b_round_proxy,1.0,1.0,9000000.0,9000000.0,2.0,2.0,1.998631074606434,730.0,2010-06-01
qmpower,"QM Power, Inc.",2012-11-26,2014-11-26,3,2017-11-26,,0,no_known_event_plus_later_sub_1b_round_proxy,1.0,1.0,5990000.0,5990000.0,1.0,1.0,1.998631074606434,730.0,2012-11-26
cloverfastfood,"Clover Fast Food, Inc.",2012-02-10,2014-02-09,3,2017-02-09,,0,no_known_event_plus_later_sub_1b_round_proxy,1.0,1.0,3010000.0,3010000.0,0.0,0.0,1.998631074606434,730.0,2012-02-10
onecause,"OneCause, Inc.",2011-09-29,2013-09-28,3,2016-09-28,,0,no_known_event_plus_later_sub_1b_round_proxy,1.0,1.0,5600000.0,5600000.0,2.0,2.0,1.998631074606434,730.0,2011-09-29
montagetalent,"Montage Talent, Inc.",2011-12-12,2013-12-11,3,2016-12-11,,0,no_known_event_plus_later_sub_1b_round_proxy,2.0,2.0,7030000.0,4030000.0000000005,4.0,4.0,1.998631074606434,331.0,2013-01-14
edeniq,EdeniQ Inc.,2010-04-28,2012-04-27,3,2015-04-28,,0,no_known_event_plus_later_sub_1b_round_proxy,1.0,1.0,12400000.0,12400000.0,8.0,8.0,1.998631074606434,730.0,2010-04-28
loverly,"Loverly, Inc.",2014-04-28,2016-04-27,3,2019-04-28,,0,no_known_event_plus_later_sub_1b_round_proxy,1.0,1.0,2500000.0,2500000.0,0.0,0.0,1.998631074606434,730.0,2014-04-28
coherentpath,Coherent Path Inc.,2014-06-25,2016-06-24,3,2019-06-25,,0,no_known_event_plus_later_sub_1b_round_proxy,1.0,1.0,6250000.0,6250000.0,5.0,5.0,1.998631074606434,730.0,2014-06-25
hashicorp,"HashiCorp, Inc.",2014-12-09,2016-12-08,3,2019-12-09,2018-11-01,1,first_ge_1b_event_within_horizon,1.0,1.0,10200000.0,10200000.0,3.0,3.0,1.998631074606434,730.0,2014-12-09
giddyapps,Giddy Apps LLC,2014-07-07,2016-07-06,3,2019-07-07,,0,no_known_event_plus_later_sub_1b_round_proxy,1.0,1.0,4730000.0,4730000.0,0.0,0.0,1.998631074606434,730.0,2014-07-07
ohanacompanies,Ohana Companies Inc.,2011-05-13,2013-05-12,3,2016-05-12,,0,no_known_event_plus_later_sub_1b_round_proxy,1.0,1.0,12000000.0,12000000.0,0.0,0.0,1.998631074606434,730.0,2011-05-13
perpetuapowersource,"Perpetua Power Source Technologies, Inc.",2011-05-10,2013-05-09,3,2016-05-09,,0,no_known_event_plus_later_sub_1b_round_proxy,1.0,1.0,2610000.0,2610000.0,1.0,1.0,1.998631074606434,730.0,2011-05-10
pincsolutions,PINC Solutions Corp.,2010-05-26,2012-05-25,3,2015-05-26,,0,no_known_event_plus_later_sub_1b_round_proxy,1.0,1.0,5800000.0,5800000.0,2.0,2.0,1.998631074606434,730.0,2010-05-26
mobilewalla,"Mobilewalla, Inc.",2013-02-12,2015-02-12,3,2018-02-12,,0,no_known_event_plus_later_sub_1b_round_proxy,1.0,1.0,4000000.0,4000000.0,2.0,2.0,1.998631074606434,730.0,2013-02-12
barnana,"Barnana, PBC",2014-03-05,2016-03-04,3,2019-03-05,,0,no_known_event_plus_later_sub_1b_round_proxy,2.0,2.0,1975000.0,1000000.0,1.0,1.0,1.998631074606434,472.0,2014-11-18
gamesalad,GameSalad Inc.,2011-03-31,2013-03-30,3,2016-03-30,,0,no_known_event_plus_later_sub_1b_round_proxy,1.0,1.0,6130000.0,6130000.0,5.0,5.0,1.998631074606434,730.0,2011-03-31
comprehendsystems,"Comprehend Systems, Inc.",2013-07-11,2015-07-11,3,2018-07-11,,0,no_known_event_plus_later_sub_1b_round_proxy,1.0,1.0,9040000.0,9040000.0,1.0,1.0,1.998631074606434,730.0,2013-07-11
opensignal,"Opensignal, Inc.",2012-09-18,2014-09-18,3,2017-09-18,,0,no_known_event_plus_later_sub_1b_round_proxy,2.0,2.0,5270000.0,4000000.0,3.0,3.0,1.998631074606434,44.0,2014-08-05
creativemarket,"Creative Market Labs, Inc.",2010-12-31,2012-12-30,3,2015-12-31,,0,no_known_event_plus_later_sub_1b_round_proxy,2.0,2.0,1120000.0,1000000.0,9.0,8.0,1.998631074606434,607.0,2011-05-03
converus,"Converus, Inc.",2013-03-31,2015-03-31,3,2018-03-31,,0,no_known_event_plus_later_sub_1b_round_proxy,1.0,1.0,6060000.0,6060000.0,1.0,1.0,1.998631074606434,730.0,2013-03-31
streamlinksoftware,StreamLink Software Inc.,2014-03-05,2016-03-04,3,2019-03-05,,0,no_known_event_plus_later_sub_1b_round_proxy,1.0,1.0,3530000.0,3530000.0,4.0,4.0,1.998631074606434,730.0,2014-03-05
postbidship,"Post.Bid.Ship., Inc.",2013-10-15,2015-10-15,3,2018-10-15,,0,no_known_event_plus_later_sub_1b_round_proxy,1.0,1.0,664000.0,664000.0,0.0,0.0,1.998631074606434,730.0,2013-10-15
presagebiosciences,"Presage Biosciences, Inc.",2010-06-23,2012-06-22,3,2015-06-23,,0,no_known_event_plus_later_sub_1b_round_proxy,1.0,1.0,4000000.0,4000000.0,0.0,0.0,1.998631074606434,730.0,2010-06-23
plink,"Plink, Inc.",2012-04-02,2014-04-02,3,2017-04-02,,0,no_known_event_plus_later_sub_1b_round_proxy,1.0,1.0,630000.0,630000.0,2.0,2.0,1.998631074606434,730.0,2012-04-02
healionics,Healionics Corporation,2011-05-06,2013-05-05,3,2016-05-05,,0,no_known_event_plus_later_sub_1b_round_proxy,1.0,1.0,146000.0,146000.0,0.0,0.0,1.998631074606434,730.0,2011-05-06
serendipity,"Serendipity Labs, Inc.",2012-08-23,2014-08-23,3,2017-08-23,,0,no_known_event_plus_later_sub_1b_round_proxy,1.0,1.0,5250000.0,5250000.0,1.0,1.0,1.998631074606434,730.0,2012-08-23
mediahound,"MediaHound, Inc.",2014-10-20,2016-10-19,3,2019-10-20,,0,no_known_event_plus_later_sub_1b_round_proxy,1.0,1.0,4510000.0,4510000.0,0.0,0.0,1.998631074606434,730.0,2014-10-20
thuzio,"Thuzio, Inc.",2012-12-31,2014-12-31,3,2017-12-31,,0,no_known_event_plus_later_sub_1b_round_proxy,2.0,2.0,4470000.0,3770000.0,1.0,1.0,1.998631074606434,713.0,2013-01-17
adaptivesurface,"Adaptive Surface Technologies, Inc.",2014-10-29,2016-10-28,3,2019-10-29,,0,no_known_event_plus_later_sub_1b_round_proxy,1.0,1.0,3000000.0,3000000.0,1.0,1.0,1.998631074606434,730.0,2014-10-29
contentraven,"Content Raven, Inc.",2013-07-24,2015-07-24,3,2018-07-24,,0,no_known_event_plus_later_sub_1b_round_proxy,1.0,1.0,2110000.0,2110000.0,3.0,3.0,1.998631074606434,730.0,2013-07-24
15five,"15Five, Inc.",2013-01-15,2015-01-15,3,2018-01-15,,0,no_known_event_plus_later_sub_1b_round_proxy,1.0,1.0,1000000.0,1000000.0,2.0,2.0,1.998631074606434,730.0,2013-01-15
obviyo,"Obviyo, Inc.",2010-12-03,2012-12-02,3,2015-12-03,,0,no_known_event_plus_later_sub_1b_round_proxy,2.0,2.0,3150000.0,1760000.0,1.0,1.0,1.998631074606434,118.0,2012-08-06
iquartic,"iQuartic, Inc.",2012-08-13,2014-08-13,3,2017-08-13,,0,no_known_event_plus_later_sub_1b_round_proxy,1.0,1.0,810000.0,810000.0,1.0,1.0,1.998631074606434,730.0,2012-08-13
terviva,"Terviva, Inc.",2012-03-01,2014-03-01,3,2017-03-01,,0,no_known_event_plus_later_sub_1b_round_proxy,1.0,1.0,4150000.0000000005,4150000.0000000005,0.0,0.0,1.998631074606434,730.0,2012-03-01
medmindersystems,"MedMinder Systems, Inc.",2010-04-08,2012-04-07,3,2015-04-08,,0,no_known_event_plus_later_sub_1b_round_proxy,1.0,1.0,1270000.0,1270000.0,0.0,0.0,1.998631074606434,730.0,2010-04-08
latidomitu,"Latido Mitu Holdings, LLC",2012-12-12,2014-12-12,3,2017-12-12,,0,no_known_event_plus_later_sub_1b_round_proxy,1.0,1.0,3530000.0,3530000.0,3.0,3.0,1.998631074606434,730.0,2012-12-12
ekotrope,"Ekotrope, Inc.",2013-08-05,2015-08-05,3,2018-08-05,,0,no_known_event_plus_later_sub_1b_round_proxy,1.0,1.0,1700000.0,1700000.0,1.0,1.0,1.998631074606434,730.0,2013-08-05
umbel,Umbel Corp.,2012-04-17,2014-04-17,3,2017-04-17,,0,no_known_event_plus_later_sub_1b_round_proxy,1.0,1.0,3420000.0,3420000.0,2.0,2.0,1.998631074606434,730.0,2012-04-17
courbanize,"coUrbanize, Inc.",2013-10-23,2015-10-23,3,2018-10-23,,0,no_known_event_plus_later_sub_1b_round_proxy,1.0,1.0,538000.0,538000.0,0.0,0.0,1.998631074606434,730.0,2013-10-23
actv8,"ACTV8, INC.",2011-06-30,2013-06-29,3,2016-06-29,,0,no_known_event_plus_later_sub_1b_round_proxy,1.0,1.0,2000000.0,2000000.0,0.0,0.0,1.998631074606434,730.0,2011-06-30
arthromeda,"ArthroMeda, Inc.",2013-01-14,2015-01-14,3,2018-01-14,,0,no_known_event_plus_later_sub_1b_round_proxy,1.0,1.0,775000.0,775000.0,0.0,0.0,1.998631074606434,730.0,2013-01-14
smartlunches,"Smart Lunches, Inc.",2012-08-23,2014-08-23,3,2017-08-23,,0,no_known_event_plus_later_sub_1b_round_proxy,1.0,1.0,1120000.0,1120000.0,1.0,1.0,1.998631074606434,730.0,2012-08-23
promptio,Prompt.io Inc.,2014-12-29,2016-12-28,3,2019-12-29,,0,no_known_event_plus_later_sub_1b_round_proxy,1.0,1.0,2790000.0,2790000.0,0.0,0.0,1.998631074606434,730.0,2014-12-29
naehas,"Naehas, Inc.",2010-02-05,2012-02-05,3,2015-02-05,,0,no_known_event_plus_later_sub_1b_round_proxy,2.0,2.0,1165000.0,821000.0,0.0,0.0,1.998631074606434,539.0,2010-08-15
lainahealth,LainaHealth Inc,2013-11-06,2015-11-06,3,2018-11-06,,0,no_known_event_plus_later_sub_1b_round_proxy,1.0,1.0,1290000.0,1290000.0,0.0,0.0,1.998631074606434,730.0,2013-11-06
nimbix,"Nimbix, Inc.",2011-05-26,2013-05-25,3,2016-05-25,,0,no_known_event_plus_later_sub_1b_round_proxy,1.0,1.0,250000.0,250000.0,1.0,1.0,1.998631074606434,730.0,2011-05-26
lucata,Lucata Corporation,2014-04-10,2016-04-09,3,2019-04-10,,0,no_known_event_plus_later_sub_1b_round_proxy,1.0,1.0,2500000.0,2500000.0,0.0,0.0,1.998631074606434,730.0,2014-04-10
caremerge,"Caremerge, Inc.",2013-07-11,2015-07-11,3,2018-07-11,,0,no_known_event_plus_later_sub_1b_round_proxy,2.0,2.0,6450000.0,4000000.0,6.0,6.0,1.998631074606434,186.0,2015-01-06
adar,"Adar, Inc.",2014-02-04,2016-02-04,3,2019-02-04,,0,no_known_event_plus_later_sub_1b_round_proxy,1.0,1.0,2400000.0,2400000.0,1.0,1.0,1.998631074606434,730.0,2014-02-04
powerlytics,"Powerlytics, Inc.",2014-05-27,2016-05-26,3,2019-05-27,,0,no_known_event_plus_later_sub_1b_round_proxy,1.0,1.0,1700000.0,1700000.0,0.0,0.0,1.998631074606434,730.0,2014-05-27
vigilantbiosciences,"Vigilant Biosciences, Inc.",2014-03-25,2016-03-24,3,2019-03-25,,0,no_known_event_plus_later_sub_1b_round_proxy,1.0,1.0,2000000.0,2000000.0,1.0,1.0,1.998631074606434,730.0,2014-03-25
liquidxprintedmetals,"Liquid X Printed Metals, Inc.",2013-07-03,2015-07-03,3,2018-07-03,,0,no_known_event_plus_later_sub_1b_round_proxy,1.0,1.0,1820000.0,1820000.0,2.0,2.0,1.998631074606434,730.0,2013-07-03
lendahandfinancebv,Lendahand Finance B.V.,2014-09-23,2016-09-22,3,2019-09-23,,0,no_known_event_plus_later_sub_1b_round_proxy,1.0,1.0,80000.0,80000.0,0.0,0.0,1.998631074606434,730.0,2014-09-23
mindclick,"MindClick Group, Inc.",2013-12-19,2015-12-19,3,2018-12-19,,0,no_known_event_plus_later_sub_1b_round_proxy,1.0,1.0,800000.0,800000.0,0.0,0.0,1.998631074606434,730.0,2013-12-19
dormify,"Dormify, Inc.",2013-07-02,2015-07-02,3,2018-07-02,,0,no_known_event_plus_later_sub_1b_round_proxy,1.0,1.0,1130000.0,1130000.0,0.0,0.0,1.998631074606434,730.0,2013-07-02
genbenlifesciences,Genben Lifesciences Corporation,2012-10-24,2014-10-24,3,2017-10-24,,0,no_known_event_plus_later_sub_1b_round_proxy,1.0,1.0,1100000.0,1100000.0,0.0,0.0,1.998631074606434,730.0,2012-10-24
hancockmedical,"Hancock Medical, Inc.",2012-08-07,2014-08-07,3,2017-08-07,,0,no_known_event_plus_later_sub_1b_round_proxy,1.0,1.0,1010000.0,1010000.0,0.0,0.0,1.998631074606434,730.0,2012-08-07
proximdiagnostics,Proxim Diagnostics Corp.,2010-11-12,2012-11-11,3,2015-11-12,,0,no_known_event_plus_later_sub_1b_round_proxy,1.0,1.0,923000.0,923000.0,0.0,0.0,1.998631074606434,730.0,2010-11-12
vumediaduplication,VU Media Duplication Inc.,2012-08-28,2014-08-28,3,2017-08-28,,0,no_known_event_plus_later_sub_1b_round_proxy,1.0,1.0,834000.0,834000.0,0.0,0.0,1.998631074606434,730.0,2012-08-28
expend,Expend Limited,2014-12-23,2016-12-22,3,2019-12-23,,0,no_known_event_plus_later_sub_1b_round_proxy,2.0,2.0,582000.0,466000.0,1.0,1.0,1.998631074606434,10.0,2016-12-12
nav,"Nav Technologies, Inc.",2013-06-21,2015-06-21,3,2018-06-21,,0,no_known_event_plus_later_sub_1b_round_proxy,1.0,1.0,800000.0,800000.0,1.0,1.0,1.998631074606434,730.0,2013-06-21
larky,"Larky, Inc.",2012-07-09,2014-07-09,3,2017-07-09,,0,no_known_event_plus_later_sub_1b_round_proxy,1.0,1.0,700000.0,700000.0,3.0,3.0,1.998631074606434,730.0,2012-07-09
cerebrotechmedicalsystems,"Cerebrotech Medical Systems, Inc.",2011-07-22,2013-07-21,3,2016-07-21,,0,no_known_event_plus_later_sub_1b_round_proxy,1.0,1.0,680000.0,680000.0,1.0,1.0,1.998631074606434,730.0,2011-07-22
leeo,"Leeo, Inc.",2013-05-10,2015-05-10,3,2018-05-10,,0,no_known_event_plus_later_sub_1b_round_proxy,1.0,1.0,625000.0,625000.0,0.0,0.0,1.998631074606434,730.0,2013-05-10
skillshare,"Skillshare, Inc.",2011-01-31,2013-01-30,3,2016-01-31,,0,no_known_event_plus_later_sub_1b_round_proxy,1.0,1.0,550000.0,550000.0,3.0,3.0,1.998631074606434,730.0,2011-01-31
covey,Covey LLC,2014-11-30,2016-11-29,3,2019-11-30,,0,no_known_event_plus_later_sub_1b_round_proxy,1.0,1.0,25000.0,25000.0,1.0,1.0,1.998631074606434,730.0,2014-11-30
alliedpaymentnetwork,Allied Payment Network Inc.,2013-02-11,2015-02-11,3,2018-02-11,,0,no_known_event_plus_later_sub_1b_round_proxy,1.0,1.0,500000.0,500000.0,0.0,0.0,1.998631074606434,730.0,2013-02-11
eventfarm,"Event Farm, Inc.",2012-05-08,2014-05-08,3,2017-05-08,,0,no_known_event_plus_later_sub_1b_round_proxy,1.0,1.0,500000.0,500000.0,0.0,0.0,1.998631074606434,730.0,2012-05-08
cariloop,"Cariloop, Inc.",2014-06-04,2016-06-03,3,2019-06-04,,0,no_known_event_plus_later_sub_1b_round_proxy,1.0,1.0,350000.0,350000.0,4.0,4.0,1.998631074606434,730.0,2014-06-04
chromaprotocol,Chroma Protocol Corporation,2013-03-18,2015-03-18,3,2018-03-18,,0,no_known_event_plus_later_sub_1b_round_proxy,1.0,1.0,20000.0,20000.0,1.0,1.0,1.998631074606434,730.0,2013-03-18
helpscout,Help Scout Inc.,2011-06-15,2013-06-14,3,2016-06-14,,0,no_known_event_plus_later_sub_1b_round_proxy,1.0,1.0,18000.0,18000.0,1.0,1.0,1.998631074606434,730.0,2011-06-15
genecentrictherapeutics,"GeneCentric Therapeutics, Inc.",2011-09-16,2013-09-15,3,2016-09-15,,0,no_known_event_plus_later_sub_1b_round_proxy,1.0,1.0,250000.0,250000.0,0.0,0.0,1.998631074606434,730.0,2011-09-16
gemma,Gemma,2014-11-20,2016-11-19,3,2019-11-20,,0,no_known_event_plus_later_sub_1b_round_proxy,1.0,1.0,19000.0,19000.0,1.0,1.0,1.998631074606434,730.0,2014-11-20
pagestitch,PageStitch Inc.,2014-08-07,2016-08-06,3,2019-08-07,,0,no_known_event_plus_later_sub_1b_round_proxy,1.0,1.0,138000.0,138000.0,0.0,0.0,1.998631074606434,730.0,2014-08-07
fullmeasureeducation,"Full Measure Education, Inc.",2016-05-03,2018-05-03,3,2021-05-03,,0,no_known_event_plus_later_sub_1b_round_proxy,2.0,2.0,9420000.0,6010000.0,2.0,2.0,1.998631074606434,449.0,2017-02-08
fove,"FOVE, Inc.",2016-03-23,2018-03-23,3,2021-03-23,,0,no_known_event_plus_later_sub_1b_round_proxy,1.0,1.0,11000000.0,11000000.0,5.0,5.0,1.998631074606434,730.0,2016-03-23
betterup,"BetterUp, Inc.",2016-11-16,2018-11-16,3,2021-11-16,2021-10-08,1,first_ge_1b_event_within_horizon,1.0,1.0,13250000.0,13250000.0,6.0,6.0,1.998631074606434,730.0,2016-11-16
bitsosapidecv,Bitso SAPI de CV,2016-09-23,2018-09-23,3,2021-09-23,2021-05-05,1,first_ge_1b_event_within_horizon,1.0,1.0,2500000.0,2500000.0,6.0,6.0,1.998631074606434,730.0,2016-09-23
idealinsurancebrokerspvt,Ideal Insurance Brokers PVT Ltd,2016-11-25,2018-11-25,3,2021-11-25,,0,no_known_event_plus_later_sub_1b_round_proxy,1.0,0.0,0.0,0.0,1.0,1.0,1.998631074606434,730.0,2016-11-25
oro,"Oro, Inc.",2016-03-03,2018-03-03,3,2021-03-03,,0,no_known_event_plus_later_sub_1b_round_proxy,1.0,1.0,14000000.0,14000000.0,1.0,1.0,1.998631074606434,730.0,2016-03-03
formagrid,"Formagrid, Inc.",2015-06-29,2017-06-28,3,2020-06-28,2018-10-31,1,first_ge_1b_event_within_horizon,1.0,1.0,7640000.0,7640000.0,6.0,6.0,1.998631074606434,730.0,2015-06-29
gobiquity,"Gobiquity, Inc.",2015-06-29,2017-06-28,3,2020-06-28,,0,no_known_event_plus_later_sub_1b_round_proxy,1.0,1.0,8740000.0,8740000.0,1.0,1.0,1.998631074606434,730.0,2015-06-29
jump,"Jump Technologies, Inc.",2016-10-03,2018-10-03,3,2021-10-03,,0,no_known_event_plus_later_sub_1b_round_proxy,2.0,2.0,6270000.0,3500000.0,1.0,1.0,1.998631074606434,525.0,2017-04-26
caulirice,Cauli Rice Ltd.,2015-11-17,2017-11-16,3,2020-11-16,,0,no_known_event_plus_later_sub_1b_round_proxy,2.0,2.0,3400000.0,1800000.0,0.0,0.0,1.998631074606434,286.0,2017-02-03
advancedbiocatalytics,Advanced BioCatalytics Corporation,2016-07-12,2018-07-12,3,2021-07-12,,0,no_known_event_plus_later_sub_1b_round_proxy,1.0,1.0,4000000.0,4000000.0,1.0,1.0,1.998631074606434,730.0,2016-07-12
cured,"CURED Co., Ltd.",2016-05-11,2018-05-11,3,2021-05-11,,0,no_known_event_plus_later_sub_1b_round_proxy,1.0,1.0,1470000.0,1470000.0,2.0,2.0,1.998631074606434,730.0,2016-05-11
peoplepower,People Power Company,2015-09-30,2017-09-29,3,2020-09-29,,0,no_known_event_plus_later_sub_1b_round_proxy,1.0,1.0,4400000.0,4400000.0,1.0,1.0,1.998631074606434,730.0,2015-09-30
tradewindmarkets,"TradeWind Markets, Inc.",2016-06-29,2018-06-29,3,2021-06-29,,0,no_known_event_plus_later_sub_1b_round_proxy,3.0,3.0,22220000.0,10600000.0,7.0,6.0,1.998631074606434,65.0,2018-04-25
svtool,SV TOOL Corporation,2016-07-08,2018-07-08,3,2021-07-08,,0,no_known_event_plus_later_sub_1b_round_proxy,1.0,1.0,2290000.0,2290000.0,0.0,0.0,1.998631074606434,730.0,2016-07-08
mighty,Mighty Group Inc.,2015-02-05,2017-02-04,3,2020-02-05,,0,no_known_event_plus_later_sub_1b_round_proxy,1.0,1.0,5250000.0,5250000.0,5.0,5.0,1.998631074606434,730.0,2015-02-05
smartbirdnasdaqgsbird,"Smartbird, Inc (NasdaqGS:BIRD)",2016-03-01,2018-03-01,3,2021-03-01,2018-10-11,1,first_ge_1b_event_within_horizon,1.0,1.0,2320000.0,2320000.0,3.0,3.0,1.998631074606434,730.0,2016-03-01
gitlabnasdaqgsgtlb,GitLab Inc. (NasdaqGS:GTLB),2015-03-23,2017-03-22,3,2020-03-22,2018-12-04,1,first_ge_1b_event_within_horizon,2.0,2.0,4620000.0,4500000.0,2.0,1.0,1.998631074606434,545.0,2015-09-24
postman,"Postman, Inc.",2016-10-13,2018-10-13,3,2021-10-13,2020-06-11,1,first_ge_1b_event_within_horizon,1.0,1.0,7000000.0,7000000.0,1.0,1.0,1.998631074606434,730.0,2016-10-13
ixcela,"Ixcela, Inc.",2015-07-15,2017-07-14,3,2020-07-14,,0,no_known_event_plus_later_sub_1b_round_proxy,1.0,1.0,2350000.0,2350000.0,0.0,0.0,1.998631074606434,730.0,2015-07-15
joylux,"Joylux, Inc.",2015-09-22,2017-09-21,3,2020-09-21,,0,no_known_event_plus_later_sub_1b_round_proxy,1.0,1.0,4510000.0,4510000.0,0.0,0.0,1.998631074606434,730.0,2015-09-22
terbium,"Terbium Labs, Inc.",2015-07-22,2017-07-21,3,2020-07-21,,0,no_known_event_plus_later_sub_1b_round_proxy,1.0,1.0,3280000.0,3280000.0,0.0,0.0,1.998631074606434,730.0,2015-07-22
eightfoldai,Eightfold AI Inc.,2016-12-31,2018-12-31,3,2021-12-31,2021-06-10,1,first_ge_1b_event_within_horizon,1.0,1.0,5720000.0,5720000.0,1.0,1.0,1.998631074606434,730.0,2016-12-31
healthgorilla,"Health Gorilla, Inc.",2015-10-13,2017-10-12,3,2020-10-12,,0,no_known_event_plus_later_sub_1b_round_proxy,1.0,1.0,4810000.0,4810000.0,4.0,4.0,1.998631074606434,730.0,2015-10-13
tentrr,"Tentrr, Inc.",2016-03-16,2018-03-16,3,2021-03-16,,0,no_known_event_plus_later_sub_1b_round_proxy,1.0,1.0,2150000.0,2150000.0,0.0,0.0,1.998631074606434,730.0,2016-03-16
beeline,BeeLine,2016-05-31,2018-05-31,3,2021-05-31,,0,no_known_event_plus_later_sub_1b_round_proxy,1.0,1.0,749000.0,749000.0,0.0,0.0,1.998631074606434,730.0,2016-05-31
3clogic,3CLogic Inc.,2016-03-04,2018-03-04,3,2021-03-04,,0,no_known_event_plus_later_sub_1b_round_proxy,1.0,1.0,1210000.0,1210000.0,0.0,0.0,1.998631074606434,730.0,2016-03-04
markable,"Markable, Inc.",2016-07-27,2018-07-27,3,2021-07-27,,0,no_known_event_plus_later_sub_1b_round_proxy,1.0,1.0,1940000.0,1940000.0,0.0,0.0,1.998631074606434,730.0,2016-07-27
invenioimaging,"Invenio Imaging, Inc.",2015-12-29,2017-12-28,3,2020-12-28,,0,no_known_event_plus_later_sub_1b_round_proxy,1.0,1.0,1000000.0,1000000.0,0.0,0.0,1.998631074606434,730.0,2015-12-29
tearsolutions,"TearSolutions, Inc.",2015-10-24,2017-10-23,3,2020-10-23,,0,no_known_event_plus_later_sub_1b_round_proxy,1.0,1.0,3210000.0,3210000.0,3.0,3.0,1.998631074606434,730.0,2015-10-24
isothrive,ISOThrive Inc.,2015-03-31,2017-03-30,3,2020-03-30,,0,no_known_event_plus_later_sub_1b_round_proxy,1.0,1.0,2400000.0,2400000.0,1.0,1.0,1.998631074606434,730.0,2015-03-31
moveworks,"Moveworks, Inc.",2016-12-31,2018-12-31,3,2021-12-31,2021-06-30,1,first_ge_1b_event_within_horizon,1.0,1.0,3160000.0,3160000.0,1.0,1.0,1.998631074606434,730.0,2016-12-31
canceriq,Cancer IQ Inc.,2016-08-01,2018-08-01,3,2021-08-01,,0,no_known_event_plus_later_sub_1b_round_proxy,1.0,1.0,2650000.0,2650000.0,0.0,0.0,1.998631074606434,730.0,2016-08-01
bento,"Bento Technologies, Inc.",2015-02-11,2017-02-10,3,2020-02-11,,0,no_known_event_plus_later_sub_1b_round_proxy,1.0,1.0,2500000.0,2500000.0,4.0,4.0,1.998631074606434,730.0,2015-02-11
carsonlife,"Carson Life, Inc.",2015-05-15,2017-05-14,3,2020-05-14,,0,no_known_event_plus_later_sub_1b_round_proxy,2.0,2.0,1556000.0,805000.0,1.0,1.0,1.998631074606434,240.0,2016-09-16
frenchfounders,FrenchFounders Inc.,2016-09-30,2018-09-30,3,2021-09-30,,0,no_known_event_plus_later_sub_1b_round_proxy,1.0,1.0,1220000.0,1220000.0,0.0,0.0,1.998631074606434,730.0,2016-09-30
furcifer,Furcifer Inc.,2015-11-09,2017-11-08,3,2020-11-08,,0,no_known_event_plus_later_sub_1b_round_proxy,1.0,1.0,2000000.0,2000000.0,0.0,0.0,1.998631074606434,730.0,2015-11-09
grubblyfarms,Grubbly Farms Inc.,2016-09-29,2018-09-29,3,2021-09-29,,0,no_known_event_plus_later_sub_1b_round_proxy,1.0,1.0,120000.0,120000.0,1.0,1.0,1.998631074606434,730.0,2016-09-29
mycroftai,"Mycroft AI, Inc.",2016-05-24,2018-05-24,3,2021-05-24,,0,no_known_event_plus_later_sub_1b_round_proxy,1.0,1.0,120000.0,120000.0,1.0,1.0,1.998631074606434,730.0,2016-05-24
matcherino,"Matcherino, Inc.",2015-10-27,2017-10-26,3,2020-10-26,,0,no_known_event_plus_later_sub_1b_round_proxy,1.0,1.0,120000.0,120000.0,1.0,1.0,1.998631074606434,730.0,2015-10-27
tokenize,Tokenize Inc.,2015-09-10,2017-09-09,3,2020-09-09,,0,no_known_event_plus_later_sub_1b_round_proxy,1.0,1.0,2000000.0,2000000.0,4.0,4.0,1.998631074606434,730.0,2015-09-10
dashbot,"Dashbot, Inc.",2016-12-01,2018-12-01,3,2021-12-01,,0,no_known_event_plus_later_sub_1b_round_proxy,1.0,1.0,2000000.0,2000000.0,6.0,6.0,1.998631074606434,730.0,2016-12-01
sensydia,Sensydia Corp,2016-08-01,2018-08-01,3,2021-08-01,,0,no_known_event_plus_later_sub_1b_round_proxy,1.0,1.0,1950000.0,1950000.0,0.0,0.0,1.998631074606434,730.0,2016-08-01
ascellushealth,"Ascellus Health, Inc.",2015-05-14,2017-05-13,3,2020-05-13,,0,no_known_event_plus_later_sub_1b_round_proxy,1.0,1.0,1860000.0,1860000.0,0.0,0.0,1.998631074606434,730.0,2015-05-14
meeshonseimeesho,Meesho Limited (NSEI:MEESHO),2016-08-23,2018-08-23,3,2021-08-23,2021-04-04,1,first_ge_1b_event_within_horizon,1.0,1.0,120000.0,120000.0,1.0,1.0,1.998631074606434,730.0,2016-08-23
birdbv,Bird B.V.,2016-08-22,2018-08-22,3,2021-08-22,2021-04-28,1,first_ge_1b_event_within_horizon,1.0,1.0,120000.0,120000.0,1.0,1.0,1.998631074606434,730.0,2016-08-22
elemenohealth,"Elemeno Health, Inc.",2016-08-23,2018-08-23,3,2021-08-23,,0,no_known_event_plus_later_sub_1b_round_proxy,2.0,2.0,1420000.0,1300000.0,2.0,1.0,1.998631074606434,327.0,2017-09-30
petcube,"Petcube, Inc.",2015-03-17,2017-03-16,3,2020-03-16,,0,no_known_event_plus_later_sub_1b_round_proxy,2.0,2.0,1290000.0,1170000.0,4.0,3.0,1.998631074606434,359.0,2016-03-22
200,"200 Labs, Inc",2016-03-22,2018-03-22,3,2021-03-22,,0,no_known_event_plus_later_sub_1b_round_proxy,1.0,1.0,120000.0,120000.0,1.0,1.0,1.998631074606434,730.0,2016-03-22
podium,"Podium, Inc.",2016-03-23,2018-03-23,3,2021-03-23,2020-04-07,1,first_ge_1b_event_within_horizon,1.0,1.0,120000.0,120000.0,1.0,1.0,1.998631074606434,730.0,2016-03-23
isonohealth,"iSono Health, Inc.",2016-03-23,2018-03-23,3,2021-03-23,,0,no_known_event_plus_later_sub_1b_round_proxy,1.0,1.0,120000.0,120000.0,1.0,1.0,1.998631074606434,730.0,2016-03-23
soundboks,"SOUNDBOKS, Inc.",2016-03-22,2018-03-22,3,2021-03-22,,0,no_known_event_plus_later_sub_1b_round_proxy,1.0,1.0,120000.0,120000.0,1.0,1.0,1.998631074606434,730.0,2016-03-22
cofactorgenomics,"Cofactor Genomics, Inc.",2015-08-18,2017-08-17,3,2020-08-17,,0,no_known_event_plus_later_sub_1b_round_proxy,1.0,1.0,120000.0,120000.0,1.0,1.0,1.998631074606434,730.0,2015-08-18
tetrascience,"TetraScience, Inc.",2015-08-18,2017-08-17,3,2020-08-17,,0,no_known_event_plus_later_sub_1b_round_proxy,1.0,1.0,120000.0,120000.0,1.0,1.0,1.998631074606434,730.0,2015-08-18
magic,"Magic, Inc.",2015-03-24,2017-03-23,3,2020-03-23,,0,no_known_event_plus_later_sub_1b_round_proxy,1.0,1.0,120000.0,120000.0,1.0,1.0,1.998631074606434,730.0,2015-03-24
industrialmicrobes,"Industrial Microbes, Inc.",2015-03-23,2017-03-22,3,2020-03-22,,0,no_known_event_plus_later_sub_1b_round_proxy,1.0,1.0,120000.0,120000.0,1.0,1.0,1.998631074606434,730.0,2015-03-23
paperspace,Paperspace Co.,2015-03-23,2017-03-22,3,2020-03-22,,0,no_known_event_plus_later_sub_1b_round_proxy,1.0,1.0,120000.0,120000.0,1.0,1.0,1.998631074606434,730.0,2015-03-23
sowntogrow,"Sown to Grow, Inc.",2016-01-17,2018-01-16,3,2021-01-16,,0,no_known_event_plus_later_sub_1b_round_proxy,1.0,1.0,100000.0,100000.0,1.0,1.0,1.998631074606434,730.0,2016-01-17
okamimedical,"Okami Medical, Inc.",2016-05-25,2018-05-25,3,2021-05-25,,0,no_known_event_plus_later_sub_1b_round_proxy,2.0,2.0,6150000.0,4500000.0,0.0,0.0,1.998631074606434,273.0,2017-08-25
frame,"Frame Technology, Inc.",2016-10-19,2018-10-19,3,2021-10-19,,0,no_known_event_plus_later_sub_1b_round_proxy,1.0,1.0,1540000.0,1540000.0,0.0,0.0,1.998631074606434,730.0,2016-10-19
nirvanasciences,"Nirvana Sciences, Inc.",2015-09-01,2017-08-31,3,2020-08-31,,0,no_known_event_plus_later_sub_1b_round_proxy,1.0,1.0,1530000.0,1530000.0,0.0,0.0,1.998631074606434,730.0,2015-09-01
zoomph,"Zoomph, Inc.",2016-02-22,2018-02-21,3,2021-02-21,,0,no_known_event_plus_later_sub_1b_round_proxy,1.0,1.0,233000.0,233000.0,0.0,0.0,1.998631074606434,730.0,2016-02-22
feedbackloop,"Feedback Loop, Inc.",2015-10-30,2017-10-29,3,2020-10-29,,0,no_known_event_plus_later_sub_1b_round_proxy,1.0,1.0,1460000.0,1460000.0,0.0,0.0,1.998631074606434,730.0,2015-10-30
hive,"Hive Technology, Inc.",2016-03-24,2018-03-24,3,2021-03-24,,0,no_known_event_plus_later_sub_1b_round_proxy,2.0,2.0,5370000.0,4000000.0,3.0,3.0,1.998631074606434,165.0,2017-10-10
learnlux,LearnLux Inc.,2016-05-07,2018-05-07,3,2021-05-07,,0,no_known_event_plus_later_sub_1b_round_proxy,2.0,2.0,2100000.0,2000000.0,3.0,2.0,1.998631074606434,37.0,2018-03-31
visiblevc,"Visible.vc, Inc.",2016-02-09,2018-02-08,3,2021-02-08,,0,no_known_event_plus_later_sub_1b_round_proxy,1.0,1.0,360000.0,360000.0,0.0,0.0,1.998631074606434,730.0,2016-02-09
dgraph,"Dgraph Labs, Inc.",2016-05-17,2018-05-17,3,2021-05-17,,0,no_known_event_plus_later_sub_1b_round_proxy,2.0,2.0,2910000.0,1850000.0,2.0,2.0,1.998631074606434,190.0,2017-11-08
grabr,"Grabr, Inc.",2016-08-25,2018-08-25,3,2021-08-25,,0,no_known_event_plus_later_sub_1b_round_proxy,3.0,3.0,12600000.0,8000000.0,1.0,1.0,1.998631074606434,172.0,2018-03-06
solargaps,Solargaps Inc.,2016-06-10,2018-06-10,3,2021-06-10,,0,no_known_event_plus_later_sub_1b_round_proxy,1.0,1.0,200000.0,200000.0,1.0,1.0,1.998631074606434,730.0,2016-06-10
campusknot,"Campusknot, Inc.",2015-07-27,2017-07-26,3,2020-07-26,,0,no_known_event_plus_later_sub_1b_round_proxy,1.0,1.0,100000.0,100000.0,0.0,0.0,1.998631074606434,730.0,2015-07-27
sitesaver,"Site Saver, Inc.",2015-08-13,2017-08-12,3,2020-08-12,,0,no_known_event_plus_later_sub_1b_round_proxy,2.0,2.0,1038000.0,988000.0,3.0,3.0,1.998631074606434,606.0,2015-12-15
artashipping,"ARTA Shipping, Inc.",2016-06-16,2018-06-16,3,2021-06-16,,0,no_known_event_plus_later_sub_1b_round_proxy,2.0,2.0,4000000.0,3000000.0,3.0,3.0,1.998631074606434,276.0,2017-09-13
abode,"Abode Technologies, Inc.",2015-10-06,2017-10-05,3,2020-10-05,,0,no_known_event_plus_later_sub_1b_round_proxy,2.0,2.0,80000.0,60000.0,2.0,1.0,1.998631074606434,485.0,2016-06-07
swivel,"Swivel, Inc.",2016-11-23,2018-11-23,3,2021-11-23,,0,no_known_event_plus_later_sub_1b_round_proxy,2.0,2.0,1850000.0,1000000.0,0.0,0.0,1.998631074606434,539.0,2017-06-02
synthex,"SyntheX, Inc.",2016-07-14,2018-07-14,3,2021-07-14,,0,no_known_event_plus_later_sub_1b_round_proxy,2.0,2.0,4990000.0,4940000.0,1.0,1.0,1.998631074606434,500.0,2017-03-01
418intelligence,418 Intelligence Corp.,2015-12-08,2017-12-07,3,2020-12-07,,0,no_known_event_plus_later_sub_1b_round_proxy,1.0,1.0,50000.0,50000.0,1.0,1.0,1.998631074606434,730.0,2015-12-08
seer,Seer Technologies Inc.,2015-06-25,2017-06-24,3,2020-06-24,,0,no_known_event_plus_later_sub_1b_round_proxy,1.0,1.0,399000.0,399000.0,1.0,1.0,1.998631074606434,730.0,2015-06-25
foodmaven,FoodMaven Corporation,2016-01-12,2018-01-11,3,2021-01-11,,0,no_known_event_plus_later_sub_1b_round_proxy,2.0,2.0,10460000.0,9960000.0,0.0,0.0,1.998631074606434,11.0,2017-12-31
gridwise,"Gridwise, Inc.",2016-10-25,2018-10-25,3,2021-10-25,,0,no_known_event_plus_later_sub_1b_round_proxy,2.0,2.0,145000.0,120000.0,2.0,1.0,1.998631074606434,372.0,2017-10-18
fourmine,"Four Mine, Inc.",2015-10-06,2017-10-05,3,2020-10-05,,0,no_known_event_plus_later_sub_1b_round_proxy,1.0,1.0,40000.0,40000.0,1.0,1.0,1.998631074606434,730.0,2015-10-06
forecastr,Forecastr,2015-04-20,2017-04-19,3,2020-04-19,,0,no_known_event_plus_later_sub_1b_round_proxy,1.0,1.0,30000.0,30000.0,1.0,1.0,1.998631074606434,730.0,2015-04-20
vutility,"Vutility, Inc.",2016-07-14,2018-07-14,3,2021-07-14,,0,no_known_event_plus_later_sub_1b_round_proxy,1.0,1.0,20000.0,20000.0,1.0,1.0,1.998631074606434,730.0,2016-07-14
materialimpact,"Material Impact, Inc.",2016-05-25,2018-05-25,3,2021-05-25,,0,no_known_event_plus_later_sub_1b_round_proxy,1.0,1.0,20000.0,20000.0,1.0,1.0,1.998631074606434,730.0,2016-05-25
keepeup,"Keepe Up, Inc.",2016-05-18,2018-05-18,3,2021-05-18,,0,no_known_event_plus_later_sub_1b_round_proxy,1.0,1.0,20000.0,20000.0,1.0,1.0,1.998631074606434,730.0,2016-05-18
socialfabriq,"Social Fabriq, Inc.",2016-05-18,2018-05-18,3,2021-05-18,,0,no_known_event_plus_later_sub_1b_round_proxy,1.0,1.0,20000.0,20000.0,1.0,1.0,1.998631074606434,730.0,2016-05-18
storyfit,StoryFit Inc.,2016-05-19,2018-05-19,3,2021-05-19,,0,no_known_event_plus_later_sub_1b_round_proxy,1.0,1.0,20000.0,20000.0,1.0,1.0,1.998631074606434,730.0,2016-05-19
agathos,"Agathos, Inc.",2016-04-13,2018-04-13,3,2021-04-13,,0,no_known_event_plus_later_sub_1b_round_proxy,1.0,1.0,20000.0,20000.0,1.0,1.0,1.998631074606434,730.0,2016-04-13
mona,Mona Labs Inc.,2015-12-17,2017-12-16,3,2020-12-16,,0,no_known_event_plus_later_sub_1b_round_proxy,1.0,1.0,20000.0,20000.0,1.0,1.0,1.998631074606434,730.0,2015-12-17
backflip,"Backflip Technologies, Inc.",2015-11-03,2017-11-02,3,2020-11-02,,0,no_known_event_plus_later_sub_1b_round_proxy,1.0,1.0,20000.0,20000.0,1.0,1.0,1.998631074606434,730.0,2015-11-03
cleverpet,"CleverPet, Inc.",2015-09-10,2017-09-09,3,2020-09-09,,0,no_known_event_plus_later_sub_1b_round_proxy,1.0,1.0,20000.0,20000.0,1.0,1.0,1.998631074606434,730.0,2015-09-10
hidratesmart,HidrateSmart LLC,2015-06-04,2017-06-03,3,2020-06-03,,0,no_known_event_plus_later_sub_1b_round_proxy,1.0,1.0,20000.0,20000.0,1.0,1.0,1.998631074606434,730.0,2015-06-04
awair,"Awair, Inc.",2015-02-12,2017-02-11,3,2020-02-12,,0,no_known_event_plus_later_sub_1b_round_proxy,1.0,1.0,20000.0,20000.0,1.0,1.0,1.998631074606434,730.0,2015-02-12
onemillionmetrics,One Million Metrics Corp.,2015-02-12,2017-02-11,3,2020-02-12,,0,no_known_event_plus_later_sub_1b_round_proxy,1.0,1.0,20000.0,20000.0,1.0,1.0,1.998631074606434,730.0,2015-02-12
petitpot,"Petit Pot, Inc.",2015-11-23,2017-11-22,3,2020-11-22,,0,no_known_event_plus_later_sub_1b_round_proxy,1.0,1.0,300000.0,300000.0,0.0,0.0,1.998631074606434,730.0,2015-11-23
blitz,Blitz,2016-01-13,2018-01-12,3,2021-01-12,,0,no_known_event_plus_later_sub_1b_round_proxy,1.0,1.0,30000.0,30000.0,1.0,1.0,1.998631074606434,730.0,2016-01-13
kaloindustries,Kalo Industries Inc.,2015-02-20,2017-02-19,3,2020-02-20,,0,no_known_event_plus_later_sub_1b_round_proxy,1.0,1.0,18000.0,18000.0,1.0,1.0,1.998631074606434,730.0,2015-02-20
datapane,Datapane Inc.,2015-09-09,2017-09-08,3,2020-09-08,,0,no_known_event_plus_later_sub_1b_round_proxy,1.0,1.0,15000.0,15000.0,1.0,1.0,1.998631074606434,730.0,2015-09-09
patientdiscoverysolutions,"Patient Discovery Solutions, Inc.",2017-12-22,2019-12-22,3,2022-12-22,,0,no_known_event_plus_later_sub_1b_round_proxy,1.0,1.0,2590000.0,2590000.0,0.0,0.0,1.998631074606434,730.0,2017-12-22
mavenclinic,Maven Clinic Co.,2017-06-13,2019-06-13,3,2022-06-13,2021-08-17,1,first_ge_1b_event_within_horizon,1.0,1.0,9870000.0,9870000.0,7.0,7.0,1.998631074606434,730.0,2017-06-13
shanghaiyinheindustrial,"Shanghai Yinhe Industrial Co., Ltd.",2018-10-19,2020-10-18,3,2023-10-19,2020-12-24,1,first_ge_1b_event_within_horizon,1.0,1.0,11550000.0,11550000.0,1.0,1.0,1.998631074606434,730.0,2018-10-19
independa,"Independa, Inc.",2018-08-03,2020-08-02,3,2023-08-03,,0,no_known_event_plus_later_sub_1b_round_proxy,1.0,1.0,2320000.0,2320000.0,0.0,0.0,1.998631074606434,730.0,2018-08-03
bestfoodtrucks,"Best Food Trucks, Inc.",2017-12-28,2019-12-28,3,2022-12-28,,0,no_known_event_plus_later_sub_1b_round_proxy,2.0,2.0,170000.0,120000.0,1.0,1.0,1.998631074606434,440.0,2018-10-14
fetchrewards,"Fetch Rewards, LLC",2018-11-30,2020-11-29,3,2023-11-30,2022-04-07,1,first_ge_1b_event_within_horizon,1.0,1.0,8000000.0,8000000.0,0.0,0.0,1.998631074606434,730.0,2018-11-30
scroll,Scroll Labs Inc.,2018-10-25,2020-10-24,3,2023-10-25,2023-03-06,1,first_ge_1b_event_within_horizon,1.0,1.0,7000000.0,7000000.0,9.0,9.0,1.998631074606434,730.0,2018-10-25
theucan,The UCAN Company,2018-05-10,2020-05-09,3,2023-05-10,,0,no_known_event_plus_later_sub_1b_round_proxy,1.0,1.0,5750000.0,5750000.0,0.0,0.0,1.998631074606434,730.0,2018-05-10
fixerservices,Fixer Services PBC,2017-06-26,2019-06-26,3,2022-06-26,,0,no_known_event_plus_later_sub_1b_round_proxy,2.0,2.0,5020000.0,4019999.9999999995,4.0,4.0,1.998631074606434,413.0,2018-05-09
stackshare,"StackShare, Inc.",2018-01-09,2020-01-09,3,2023-01-09,,0,no_known_event_plus_later_sub_1b_round_proxy,1.0,1.0,5200000.0,5200000.0,2.0,2.0,1.998631074606434,730.0,2018-01-09
braavocapital,"Braavo Capital, Inc.",2018-08-21,2020-08-20,3,2023-08-21,,0,no_known_event_plus_later_sub_1b_round_proxy,1.0,1.0,6000000.0,6000000.0,2.0,2.0,1.998631074606434,730.0,2018-08-21
blip,"Blip Technologies, Inc.",2018-06-26,2020-06-25,3,2023-06-26,,0,no_known_event_plus_later_sub_1b_round_proxy,1.0,1.0,2000000.0,2000000.0,2.0,2.0,1.998631074606434,730.0,2018-06-26
calledhigherstudios,"Called Higher Studios, Inc.",2018-07-25,2020-07-24,3,2023-07-25,,0,no_known_event_plus_later_sub_1b_round_proxy,2.0,2.0,1199000.0,1070000.0,0.0,0.0,1.998631074606434,109.0,2020-04-06
springcare,"Spring Care, Inc.",2018-09-07,2020-09-06,3,2023-09-07,2021-09-16,1,first_ge_1b_event_within_horizon,1.0,1.0,6220000.0,6220000.0,6.0,6.0,1.998631074606434,730.0,2018-09-07
everydayadventures,Everyday Adventures Ltd,2017-06-01,2019-06-01,3,2022-06-01,,0,no_known_event_plus_later_sub_1b_round_proxy,1.0,1.0,2260000.0,2260000.0,0.0,0.0,1.998631074606434,730.0,2017-06-01
lendable,"Lendable, Inc.",2017-09-29,2019-09-29,3,2022-09-29,2022-03-10,1,first_ge_1b_event_within_horizon,1.0,1.0,6500000.0,6500000.0,3.0,3.0,1.998631074606434,730.0,2017-09-29
commure,"Commure, Inc.",2017-09-28,2019-09-28,3,2022-09-28,2021-09-16,1,first_ge_1b_event_within_horizon,1.0,1.0,2000000.0,2000000.0,0.0,0.0,1.998631074606434,730.0,2017-09-28
exokinetics,"Exokinetics, Inc.",2017-02-28,2019-02-28,3,2022-02-28,,0,no_known_event_plus_later_sub_1b_round_proxy,2.0,2.0,7950000.0,6000000.0,0.0,0.0,1.998631074606434,22.0,2019-02-06
deliverr,"Deliverr, Inc.",2018-10-05,2020-10-04,3,2023-10-05,2021-11-22,1,first_ge_1b_event_within_horizon,1.0,1.0,7500000.0,7500000.0,1.0,1.0,1.998631074606434,730.0,2018-10-05
mercury,"Mercury Technologies, Inc.",2017-10-18,2019-10-18,3,2022-10-18,2021-07-29,1,first_ge_1b_event_within_horizon,1.0,1.0,4930000.0,4930000.0,0.0,0.0,1.998631074606434,730.0,2017-10-18
lorisystems,Lori Systems Corp.,2018-01-19,2020-01-19,3,2023-01-19,,0,no_known_event_plus_later_sub_1b_round_proxy,1.0,1.0,6170000.0,6170000.0,1.0,1.0,1.998631074606434,730.0,2018-01-19
ketonaturalpetfoods,"KetoNatural Pet Foods, Inc.",2018-09-03,2020-09-02,3,2023-09-03,,0,no_known_event_plus_later_sub_1b_round_proxy,1.0,1.0,72000.0,72000.0,0.0,0.0,1.998631074606434,730.0,2018-09-03
bloomcredit,"Bloom Credit, Inc.",2018-09-13,2020-09-12,3,2023-09-13,,0,no_known_event_plus_later_sub_1b_round_proxy,2.0,2.0,6870000.0,3870000.0,4.0,4.0,1.998631074606434,303.0,2019-11-14
zenbusiness,"ZenBusiness, Inc.",2018-02-28,2020-02-28,3,2023-02-28,2021-11-09,1,first_ge_1b_event_within_horizon,2.0,2.0,17060000.0,15000000.0,6.0,6.0,1.998631074606434,156.0,2019-09-25
jacobi,"Jacobi, Inc.",2017-03-07,2019-03-07,3,2022-03-07,,0,no_known_event_plus_later_sub_1b_round_proxy,1.0,1.0,3960000.0,3960000.0,0.0,0.0,1.998631074606434,730.0,2017-03-07
gostudentgmbh,GoStudent GmbH,2018-07-11,2020-07-10,3,2023-07-11,2021-06-21,1,first_ge_1b_event_within_horizon,1.0,1.0,1760000.0,1760000.0,1.0,1.0,1.998631074606434,730.0,2018-07-11
inkindcards,"inKind Cards, Inc.",2018-04-27,2020-04-26,3,2023-04-27,,0,no_known_event_plus_later_sub_1b_round_proxy,1.0,1.0,4320000.0,4320000.0,0.0,0.0,1.998631074606434,730.0,2018-04-27
redwoodmaterials,"Redwood Materials, Inc.",2017-05-01,2019-05-01,3,2022-05-01,2021-09-23,1,first_ge_1b_event_within_horizon,1.0,1.0,2000000.0,2000000.0,0.0,0.0,1.998631074606434,730.0,2017-05-01
ezraai,"Ezra AI, Inc.",2018-11-15,2020-11-14,3,2023-11-15,,0,no_known_event_plus_later_sub_1b_round_proxy,1.0,1.0,3990000.0,3990000.0,5.0,5.0,1.998631074606434,730.0,2018-11-15
claravine,"Claravine, Inc.",2018-05-16,2020-05-15,3,2023-05-16,,0,no_known_event_plus_later_sub_1b_round_proxy,1.0,1.0,4000000.0,4000000.0,2.0,2.0,1.998631074606434,730.0,2018-05-16
elixirgentherapeutics,"Elixirgen Therapeutics, Inc.",2018-06-25,2020-06-24,3,2023-06-25,,0,no_known_event_plus_later_sub_1b_round_proxy,1.0,1.0,4000000.0,4000000.0,0.0,0.0,1.998631074606434,730.0,2018-06-25
theclothesdoctor,The Clothes Doctor Limited,2018-11-29,2020-11-28,3,2023-11-29,,0,no_known_event_plus_later_sub_1b_round_proxy,1.0,1.0,310000.0,310000.0,0.0,0.0,1.998631074606434,730.0,2018-11-29
notco,NotCo Ltd,2017-09-14,2019-09-14,3,2022-09-14,2021-07-26,1,first_ge_1b_event_within_horizon,1.0,1.0,250000.0,250000.0,1.0,1.0,1.998631074606434,730.0,2017-09-14
freefallaerospace,"Freefall Aerospace, Inc.",2018-12-03,2020-12-02,3,2023-12-03,,0,no_known_event_plus_later_sub_1b_round_proxy,1.0,0.0,0.0,0.0,1.0,1.0,1.998631074606434,730.0,2018-12-03
lolli,"Lolli, Inc.",2018-11-14,2020-11-13,3,2023-11-14,,0,no_known_event_plus_later_sub_1b_round_proxy,1.0,1.0,2500000.0,2500000.0,8.0,8.0,1.998631074606434,730.0,2018-11-14
amper,"Amper Technologies, Inc.",2017-01-10,2019-01-10,3,2022-01-10,,0,no_known_event_plus_later_sub_1b_round_proxy,2.0,2.0,2000000.0,1900000.0,1.0,1.0,1.998631074606434,436.0,2017-10-31
realtimeboard,"RealtimeBoard, Inc.",2018-02-28,2020-02-28,3,2023-02-28,2022-01-05,1,first_ge_1b_event_within_horizon,1.0,1.0,1930000.0,1930000.0,1.0,1.0,1.998631074606434,730.0,2018-02-28
courierplus,Courier Plus Inc.,2018-09-24,2020-09-23,3,2023-09-24,2021-10-14,1,first_ge_1b_event_within_horizon,2.0,2.0,18000000.0,16000000.0,5.0,4.0,1.998631074606434,379.0,2019-09-10
docketsoftware,Docket Software Corp.,2018-07-30,2020-07-29,3,2023-07-30,,0,no_known_event_plus_later_sub_1b_round_proxy,1.0,1.0,2000000.0,2000000.0,5.0,5.0,1.998631074606434,730.0,2018-07-30
conservation,"Conservation Labs, Inc.",2018-10-09,2020-10-08,3,2023-10-09,,0,no_known_event_plus_later_sub_1b_round_proxy,1.0,1.0,120000.0,120000.0,1.0,1.0,1.998631074606434,730.0,2018-10-09
allstacks,"Allstacks, Inc.",2018-04-20,2020-04-19,3,2023-04-20,,0,no_known_event_plus_later_sub_1b_round_proxy,1.0,1.0,120000.0,120000.0,1.0,1.0,1.998631074606434,730.0,2018-04-20
docstation,DocStation Inc.,2018-04-20,2020-04-19,3,2023-04-20,,0,no_known_event_plus_later_sub_1b_round_proxy,1.0,1.0,120000.0,120000.0,1.0,1.0,1.998631074606434,730.0,2018-04-20
skipperpets,"Skipper Pets, Inc.",2018-04-20,2020-04-19,3,2023-04-20,,0,no_known_event_plus_later_sub_1b_round_proxy,1.0,1.0,120000.0,120000.0,1.0,1.0,1.998631074606434,730.0,2018-04-20
vartega,Vartega Inc.,2017-10-18,2019-10-18,3,2022-10-18,,0,no_known_event_plus_later_sub_1b_round_proxy,1.0,1.0,120000.0,120000.0,1.0,1.0,1.998631074606434,730.0,2017-10-18
stateless,"Stateless, Inc.",2017-06-07,2019-06-07,3,2022-06-07,,0,no_known_event_plus_later_sub_1b_round_proxy,1.0,1.0,120000.0,120000.0,1.0,1.0,1.998631074606434,730.0,2017-06-07
valid8financial,"Valid8 Financial, Inc.",2017-04-19,2019-04-19,3,2022-04-19,,0,no_known_event_plus_later_sub_1b_round_proxy,1.0,1.0,120000.0,120000.0,1.0,1.0,1.998631074606434,730.0,2017-04-19
kingscrowd,"KingsCrowd, Inc.",2018-08-16,2020-08-15,3,2023-08-16,,0,no_known_event_plus_later_sub_1b_round_proxy,2.0,2.0,153000.0,107000.0,0.0,0.0,1.998631074606434,481.0,2019-04-22
snarkai,"Snark AI, Inc.",2018-08-21,2020-08-20,3,2023-08-21,,0,no_known_event_plus_later_sub_1b_round_proxy,1.0,1.0,120000.0,120000.0,1.0,1.0,1.998631074606434,730.0,2018-08-21
corvusrobotics,"Corvus Robotics, Inc.",2018-08-20,2020-08-19,3,2023-08-20,,0,no_known_event_plus_later_sub_1b_round_proxy,1.0,1.0,120000.0,120000.0,1.0,1.0,1.998631074606434,730.0,2018-08-20
darmiyan,"Darmiyan, Inc.",2017-08-21,2019-08-21,3,2022-08-21,,0,no_known_event_plus_later_sub_1b_round_proxy,1.0,1.0,120000.0,120000.0,1.0,1.0,1.998631074606434,730.0,2017-08-21
upcodes,"UpCodes, Inc.",2017-08-21,2019-08-21,3,2022-08-21,,0,no_known_event_plus_later_sub_1b_round_proxy,1.0,1.0,120000.0,120000.0,1.0,1.0,1.998631074606434,730.0,2017-08-21
peoplecenter,"People Center, Inc.",2017-03-20,2019-03-20,3,2022-03-20,2023-03-17,0,no_known_event_plus_later_sub_1b_round_proxy,1.0,1.0,120000.0,120000.0,1.0,1.0,1.998631074606434,730.0,2017-03-20
returnalyze,"Returnalyze, Inc.",2018-12-12,2020-12-11,3,2023-12-12,,0,no_known_event_plus_later_sub_1b_round_proxy,1.0,1.0,500000.0,500000.0,0.0,0.0,1.998631074606434,730.0,2018-12-12
dandy,Dandy,2018-12-08,2020-12-07,3,2023-12-08,,0,no_known_event_plus_later_sub_1b_round_proxy,1.0,1.0,111000.0,111000.0,0.0,0.0,1.998631074606434,730.0,2018-12-08
factal,"Factal, Inc.",2018-08-06,2020-08-05,3,2023-08-06,,0,no_known_event_plus_later_sub_1b_round_proxy,1.0,1.0,880000.0,880000.0,4.0,4.0,1.998631074606434,730.0,2018-08-06
fero,Fero Labs Inc.,2017-06-10,2019-06-10,3,2022-06-10,,0,no_known_event_plus_later_sub_1b_round_proxy,1.0,1.0,1600000.0,1600000.0,0.0,0.0,1.998631074606434,730.0,2017-06-10
waterharvesting,Water Harvesting Inc.,2018-11-19,2020-11-18,3,2023-11-19,,0,no_known_event_plus_later_sub_1b_round_proxy,2.0,2.0,2600000.0,2000000.0,0.0,0.0,1.998631074606434,464.0,2019-08-12
kidztopros,"KidzToPros, Inc.",2017-10-03,2019-10-03,3,2022-10-03,,0,no_known_event_plus_later_sub_1b_round_proxy,1.0,1.0,100000.0,100000.0,1.0,1.0,1.998631074606434,730.0,2017-10-03
biospatial,"Biospatial, Inc.",2018-06-18,2020-06-17,3,2023-06-18,,0,no_known_event_plus_later_sub_1b_round_proxy,2.0,2.0,1610000.0,1110000.0,0.0,0.0,1.998631074606434,427.0,2019-04-17
amopportunities,"AMOpportunities, Inc.",2017-10-26,2019-10-26,3,2022-10-26,,0,no_known_event_plus_later_sub_1b_round_proxy,1.0,1.0,1100000.0,1100000.0,6.0,6.0,1.998631074606434,730.0,2017-10-26
cloverleafme,"Cloverleaf.me, Inc.",2018-03-07,2020-03-06,3,2023-03-07,,0,no_known_event_plus_later_sub_1b_round_proxy,1.0,1.0,1050000.0,1050000.0,1.0,1.0,1.998631074606434,730.0,2018-03-07
tractorzoom,"Tractor Zoom, Inc.",2018-09-04,2020-09-03,3,2023-09-04,,0,no_known_event_plus_later_sub_1b_round_proxy,1.0,1.0,1000000.0,1000000.0,1.0,1.0,1.998631074606434,730.0,2018-09-04
hitchpin,"HitchPin, Inc.",2018-05-07,2020-05-06,3,2023-05-07,,0,no_known_event_plus_later_sub_1b_round_proxy,2.0,2.0,2350000.0,1350000.0,0.0,0.0,1.998631074606434,176.0,2019-11-12
agrospheres,"AgroSpheres, Inc.",2017-08-21,2019-08-21,3,2022-08-21,,0,no_known_event_plus_later_sub_1b_round_proxy,1.0,1.0,750000.0,750000.0,0.0,0.0,1.998631074606434,730.0,2017-08-21
datanomix,"Datanomix, Inc.",2018-04-17,2020-04-16,3,2023-04-17,,0,no_known_event_plus_later_sub_1b_round_proxy,1.0,1.0,713000.0,713000.0,4.0,4.0,1.998631074606434,730.0,2018-04-17
winsometruth,"Winsome Truth, Inc.",2018-11-30,2020-11-29,3,2023-11-30,,0,no_known_event_plus_later_sub_1b_round_proxy,1.0,1.0,430000.0,430000.0,0.0,0.0,1.998631074606434,730.0,2018-11-30
skycom,Skycom Corporation,2017-04-28,2019-04-28,3,2022-04-28,,0,no_known_event_plus_later_sub_1b_round_proxy,1.0,1.0,315000.0,315000.0,0.0,0.0,1.998631074606434,730.0,2017-04-28
venostent,"VenoStent, LLC",2017-11-08,2019-11-08,3,2022-11-08,,0,no_known_event_plus_later_sub_1b_round_proxy,1.0,1.0,30000.0,30000.0,1.0,1.0,1.998631074606434,730.0,2017-11-08
buddy,"Buddy Technology, Inc.",2018-10-11,2020-10-10,3,2023-10-11,,0,no_known_event_plus_later_sub_1b_round_proxy,1.0,1.0,20000.0,20000.0,1.0,1.0,1.998631074606434,730.0,2018-10-11
oneelevenfinancialwellness,"OneEleven Financial Wellness, Inc.",2017-12-29,2019-12-29,3,2022-12-29,,0,no_known_event_plus_later_sub_1b_round_proxy,1.0,1.0,20000.0,20000.0,1.0,1.0,1.998631074606434,730.0,2017-12-29
schola,"Schola, Inc.",2017-09-25,2019-09-25,3,2022-09-25,,0,no_known_event_plus_later_sub_1b_round_proxy,1.0,1.0,20000.0,20000.0,1.0,1.0,1.998631074606434,730.0,2017-09-25
mapmycustomers,"Map My Customers, Inc.",2017-03-28,2019-03-28,3,2022-03-28,,0,no_known_event_plus_later_sub_1b_round_proxy,1.0,1.0,275000.0,275000.0,0.0,0.0,1.998631074606434,730.0,2017-03-28
knack,"Knack, Inc.",2018-10-02,2020-10-01,3,2023-10-02,,0,no_known_event_plus_later_sub_1b_round_proxy,2.0,2.0,903000.0,653000.0,0.0,0.0,1.998631074606434,392.0,2019-09-05
teamatical,"Teamatical, Inc.",2017-03-07,2019-03-07,3,2022-03-07,,0,no_known_event_plus_later_sub_1b_round_proxy,1.0,1.0,250000.0,250000.0,0.0,0.0,1.998631074606434,730.0,2017-03-07
strozziinstitute,Strozzi Institute,2018-01-08,2020-01-08,3,2023-01-08,,0,no_known_event_plus_later_sub_1b_round_proxy,1.0,1.0,150000.0,150000.0,0.0,0.0,1.998631074606434,730.0,2018-01-08
hit,"Hit Labs, Inc.",2019-12-17,2021-12-16,3,2024-12-16,,0,no_known_event_plus_later_sub_1b_round_proxy,1.0,1.0,7500000.0,7500000.0,2.0,2.0,1.998631074606434,730.0,2019-12-17
artistswritersartisans,"Artists Writers & Artisans, Inc.",2019-04-19,2021-04-18,3,2024-04-18,,0,no_known_event_plus_later_sub_1b_round_proxy,1.0,1.0,12500000.0,12500000.0,0.0,0.0,1.998631074606434,730.0,2019-04-19
rightwayhealthcare,"Rightway Healthcare, Inc.",2019-02-27,2021-02-26,3,2024-02-27,2021-03-30,1,first_ge_1b_event_within_horizon,1.0,1.0,8000000.0,8000000.0,0.0,0.0,1.998631074606434,730.0,2019-02-27
accessibly,"Accessibly, Inc.",2019-09-16,2021-09-15,3,2024-09-15,,0,no_known_event_plus_later_sub_1b_round_proxy,1.0,1.0,9310000.0,9310000.0,0.0,0.0,1.998631074606434,730.0,2019-09-16
saltbox,"Saltbox, Inc.",2019-09-03,2021-09-02,3,2024-09-02,,0,no_known_event_plus_later_sub_1b_round_proxy,1.0,1.0,4650000.0,4650000.0,4.0,4.0,1.998631074606434,730.0,2019-09-03
mablewholesale,"Mable Wholesale, Inc.",2019-06-14,2021-06-13,3,2024-06-13,,0,no_known_event_plus_later_sub_1b_round_proxy,2.0,2.0,11600000.0,8500000.0,5.0,4.0,1.998631074606434,219.0,2020-11-06
kromatid,"KromaTiD, Inc.",2019-08-13,2021-08-12,3,2024-08-12,,0,no_known_event_plus_later_sub_1b_round_proxy,1.0,1.0,5230000.0,5230000.0,1.0,1.0,1.998631074606434,730.0,2019-08-13
crusoe,Crusoe Technologies LLC,2019-03-15,2021-03-14,3,2024-03-14,2022-04-21,1,first_ge_1b_event_within_horizon,1.0,1.0,4500000.0,4500000.0,5.0,5.0,1.998631074606434,730.0,2019-03-15
haloenergy,"Halo Energy, Inc.",2019-05-20,2021-05-19,3,2024-05-19,,0,no_known_event_plus_later_sub_1b_round_proxy,1.0,1.0,202000.0,202000.0,0.0,0.0,1.998631074606434,730.0,2019-05-20
wealthhubsolutions,"WealthHub Solutions, Inc.",2019-11-27,2021-11-26,3,2024-11-26,,0,no_known_event_plus_later_sub_1b_round_proxy,1.0,1.0,5600000.0,5600000.0,0.0,0.0,1.998631074606434,730.0,2019-11-27
mffire,"Mf Fire, Inc.",2019-03-01,2021-02-28,3,2024-02-29,,0,no_known_event_plus_later_sub_1b_round_proxy,1.0,1.0,172000.0,172000.0,0.0,0.0,1.998631074606434,730.0,2019-03-01
engagemobilize,"Engage Mobilize, Inc.",2019-09-05,2021-09-04,3,2024-09-04,,0,no_known_event_plus_later_sub_1b_round_proxy,1.0,1.0,5520000.0,5520000.0,1.0,1.0,1.998631074606434,730.0,2019-09-05
ava,"Ava Labs, Inc.",2019-02-28,2021-02-27,3,2024-02-28,2022-04-14,1,first_ge_1b_event_within_horizon,1.0,1.0,6000000.0,6000000.0,4.0,4.0,1.998631074606434,730.0,2019-02-28
skylarktravel,"Skylark Travel Group, Inc.",2019-04-30,2021-04-29,3,2024-04-29,,0,no_known_event_plus_later_sub_1b_round_proxy,1.0,1.0,4000000.0,4000000.0,6.0,6.0,1.998631074606434,730.0,2019-04-30
quantumsimulation,"Quantum Simulation Technologies, Inc.",2019-09-10,2021-09-09,3,2024-09-09,,0,no_known_event_plus_later_sub_1b_round_proxy,2.0,2.0,6580000.0,5830000.0,1.0,1.0,1.998631074606434,154.0,2021-04-08
humans,"Humans, Inc.",2019-10-23,2021-10-22,3,2024-10-22,2024-04-02,1,first_ge_1b_event_within_horizon,1.0,1.0,3770000.0,3770000.0,2.0,2.0,1.998631074606434,730.0,2019-10-23
garageskins,"GarageSkins, Inc.",2019-01-03,2021-01-02,3,2024-01-03,,0,no_known_event_plus_later_sub_1b_round_proxy,1.0,1.0,145000.0,145000.0,0.0,0.0,1.998631074606434,730.0,2019-01-03
leadr,"Leadr Technologies, Inc.",2019-08-15,2021-08-14,3,2024-08-14,,0,no_known_event_plus_later_sub_1b_round_proxy,2.0,2.0,4660000.0,3630000.0,0.0,0.0,1.998631074606434,316.0,2020-10-02
courtscribes,"CourtScribes, Inc.",2019-12-31,2021-12-30,3,2024-12-30,,0,no_known_event_plus_later_sub_1b_round_proxy,1.0,1.0,501000.0,501000.0,0.0,0.0,1.998631074606434,730.0,2019-12-31
exuminstruments,"Exum Instruments, Inc.",2019-12-12,2021-12-11,3,2024-12-11,,0,no_known_event_plus_later_sub_1b_round_proxy,1.0,1.0,600000.0,600000.0,0.0,0.0,1.998631074606434,730.0,2019-12-12
puzzl,Puzzl Group Inc.,2019-08-19,2021-08-18,3,2024-08-18,,0,no_known_event_plus_later_sub_1b_round_proxy,1.0,1.0,150000.0,150000.0,1.0,1.0,1.998631074606434,730.0,2019-08-19
phitherapeutics,"Phi Therapeutics, Inc.",2019-06-04,2021-06-03,3,2024-06-03,,0,no_known_event_plus_later_sub_1b_round_proxy,1.0,1.0,575000.0,575000.0,0.0,0.0,1.998631074606434,730.0,2019-06-04
greenzie,"Greenzie, Inc.",2019-06-06,2021-06-05,3,2024-06-05,,0,no_known_event_plus_later_sub_1b_round_proxy,3.0,3.0,2750000.0,1500000.0,3.0,3.0,1.998631074606434,181.0,2020-12-06
moon,"Moon Technologies, Inc.",2019-04-25,2021-04-24,3,2024-04-24,,0,no_known_event_plus_later_sub_1b_round_proxy,1.0,1.0,100000.0,100000.0,1.0,1.0,1.998631074606434,730.0,2019-04-25
amaros,"Amaros, Inc.",2019-07-23,2021-07-22,3,2024-07-22,,0,no_known_event_plus_later_sub_1b_round_proxy,1.0,1.0,125000.0,125000.0,0.0,0.0,1.998631074606434,730.0,2019-07-23
curate,Curate Inc.,2019-04-01,2021-03-31,3,2024-03-31,,0,no_known_event_plus_later_sub_1b_round_proxy,1.0,1.0,450000.0,450000.0,3.0,3.0,1.998631074606434,730.0,2019-04-01
alitheon,"Alitheon, Inc.",2020-01-08,2022-01-07,3,2025-01-07,,0,no_known_event_plus_later_sub_1b_round_proxy,1.0,1.0,14900000.0,14900000.0,3.0,3.0,1.998631074606434,730.0,2020-01-08
lessen,"Lessen, LLC",2020-12-31,2022-12-31,3,2025-12-31,2023-01-12,1,first_ge_1b_event_within_horizon,1.0,1.0,5300000.0,5300000.0,3.0,3.0,1.998631074606434,730.0,2020-12-31
4dpath,"4D Path, Inc.",2020-07-28,2022-07-28,3,2025-07-28,,0,no_known_event_plus_later_sub_1b_round_proxy,1.0,1.0,4110000.0000000005,4110000.0000000005,0.0,0.0,1.998631074606434,730.0,2020-07-28
journeymeditation,"Journey Meditation, Inc.",2020-02-20,2022-02-19,3,2025-02-19,,0,no_known_event_plus_later_sub_1b_round_proxy,1.0,1.0,1610000.0,1610000.0,0.0,0.0,1.998631074606434,730.0,2020-02-20
celestialai,Celestial AI Inc.,2020-08-26,2022-08-26,3,2025-08-26,2025-08-13,1,first_ge_1b_event_within_horizon,2.0,2.0,7870000.0,5000000.0,0.0,0.0,1.998631074606434,598.0,2021-01-05
anodynenanotech,"Anodyne Nanotech, Inc.",2020-08-07,2022-08-07,3,2025-08-07,,0,no_known_event_plus_later_sub_1b_round_proxy,1.0,1.0,1470000.0,1470000.0,0.0,0.0,1.998631074606434,730.0,2020-08-07
turaco,Turaco Inc.,2020-12-01,2022-12-01,3,2025-12-01,,0,no_known_event_plus_later_sub_1b_round_proxy,2.0,2.0,13360000.0,10000000.0,9.0,9.0,1.998631074606434,77.0,2022-09-15
monad,"Monad, Inc.",2020-06-04,2022-06-04,3,2025-06-04,2024-04-09,1,first_ge_1b_event_within_horizon,1.0,1.0,2000000.0,2000000.0,0.0,0.0,1.998631074606434,730.0,2020-06-04
yourpoppy,"Your Poppy, Inc.",2020-10-19,2022-10-19,3,2025-10-19,,0,no_known_event_plus_later_sub_1b_round_proxy,1.0,1.0,120000.0,120000.0,1.0,1.0,1.998631074606434,730.0,2020-10-19
disaster,Disaster Technologies Incorporated,2020-05-06,2022-05-06,3,2025-05-06,,0,no_known_event_plus_later_sub_1b_round_proxy,2.0,2.0,1250000.0,1050000.0,0.0,0.0,1.998631074606434,374.0,2021-04-27
lambda,"Lambda, Inc.",2021-07-14,2023-07-14,3,2026-07-14,2024-02-15,1,first_ge_1b_event_within_horizon,1.0,1.0,15000000.0,15000000.0,4.0,4.0,1.998631074606434,730.0,2021-07-14
nscaleglobal,NScale Global Holdings Limited,2021-03-31,2023-03-31,3,2026-03-31,2026-03-09,1,first_ge_1b_event_within_horizon,1.0,1.0,4410000.0,4410000.0,2.0,2.0,1.998631074606434,730.0,2021-03-31
pomelocare,"Pomelo Care, Inc.",2021-08-25,2023-08-25,3,2026-08-25,2026-01-08,1,first_ge_1b_event_within_horizon,1.0,1.0,7960000.0,7960000.0,2.0,2.0,1.998631074606434,730.0,2021-08-25
lucemhealth,"Lucem Health, Inc.",2021-03-25,2023-03-25,3,2026-03-25,,0,no_known_event_plus_later_sub_1b_round_proxy,1.0,1.0,6000000.0,6000000.0,2.0,2.0,1.998631074606434,730.0,2021-03-25
swarmengineering,"SWARM Engineering, Inc.",2021-03-31,2023-03-31,3,2026-03-31,,0,no_known_event_plus_later_sub_1b_round_proxy,1.0,1.0,2740000.0,2740000.0,5.0,5.0,1.998631074606434,730.0,2021-03-31
baseten,"BaseTen Labs, Inc.",2022-04-26,2024-04-25,3,2027-04-26,2025-09-05,1,first_ge_1b_event_within_horizon,2.0,2.0,20830000.0,12000000.0,4.0,3.0,1.998631074606434,730.0,2022-04-26
spreeai,SpreeAI Corporation,2022-11-22,2024-11-21,3,2027-11-22,2025-05-07,1,first_ge_1b_event_within_horizon,1.0,1.0,7000000.0,7000000.0,0.0,0.0,1.998631074606434,730.0,2022-11-22
modal,"Modal Labs, Inc.",2022-01-01,2024-01-01,3,2027-01-01,2026-05-21,1,first_ge_1b_event_within_horizon,1.0,1.0,7200000.0,7200000.0,2.0,2.0,1.998631074606434,730.0,2022-01-01
apex,"Apex Technology, Inc.",2022-10-24,2024-10-23,3,2027-10-24,2026-06-05,1,first_ge_1b_event_within_horizon,1.0,1.0,7810000.0,7810000.0,6.0,6.0,1.998631074606434,730.0,2022-10-24
redotech,"Redo Tech, Inc.",2022-07-20,2024-07-19,3,2027-07-20,2026-06-23,1,first_ge_1b_event_within_horizon,1.0,1.0,2000000.0,2000000.0,0.0,0.0,1.998631074606434,730.0,2022-07-20
nourish,"Nourish, Inc.",2023-01-21,2025-01-20,3,2028-01-21,2025-04-23,1,first_ge_1b_event_within_horizon,1.0,1.0,8000000.0,8000000.0,5.0,5.0,1.998631074606434,730.0,2023-01-21
etchedai,"Etched.ai, Inc.",2023-05-16,2025-05-15,3,2028-05-15,2026-01-13,1,first_ge_1b_event_within_horizon,1.0,1.0,5360000.0,5360000.0,1.0,1.0,1.998631074606434,730.0,2023-05-16
beijingyanyu,"Beijing Yanyu Technology Co., Ltd.",2023-07-23,2025-07-22,3,2028-07-22,2026-06-18,1,first_ge_1b_event_within_horizon,1.0,1.0,3500000.0,3500000.0,4.0,4.0,1.998631074606434,730.0,2023-07-23
allencontrolsystems,Allen Control Systems Inc.,2024-04-18,2026-04-18,3,2029-04-18,2026-06-05,1,first_ge_1b_event_within_horizon,1.0,1.0,12000000.0,12000000.0,3.0,3.0,1.998631074606434,730.0,2024-04-18
