company,company_key,is_unicorn,label_source,index_date,outcome_date,matched_positive_company,match_method,match_gap_days,index_year,index_era,pre_round_count,has_pre_round,pre_rounds_with_amount,pre_funding_total_usd,ln_pre_funding,pre_funding_max_usd,ln_pre_funding_max,pre_last_post_money_usd,pre_max_post_money_usd,pre_unique_investor_count,pre_investor_count_max,years_of_history_pre,days_since_last_pre_round,max_feature_round_date,industry_group,continent,country,founded_year,has_founded_year,master_match_status,master_tier,probability,founding_year_cohort,funding_stage_proxy,total_funding_bucket,company_age_proxy,data_completeness,economic_period
"24M Technologies, Inc.",24m,1,capitaliq_post_money_ge_1b,2024-09-05,2024-09-05,"24M Technologies, Inc.",positive_self,0,2024,Post-2021,2,1,2,188500000.0,19.05460857015738,166670000.0,18.93152637351824,586740000.0,586740000.0,4,3,5.790554414784395,961,2022-01-18,Hardware & Industrials,North America,United States,-1,0,exact_unique,unicorn_current,0.9774976769100447,,2,Q4,3-7,round_history_only,2024
9fin Limited,9fin,1,capitaliq_post_money_ge_1b,2026-03-31,2026-03-31,9fin Limited,positive_self,0,2026,Post-2021,1,1,1,50000000.0,17.72753358339242,50000000.0,17.72753358339242,500000000.0,500000000.0,6,6,1.325119780971937,484,2024-12-02,Unknown,Unknown,,-1,0,ambiguous,unmatched,0.9662349019012303,,1,Q4,1-3,round_history_only,2025-2026
"Aalyria Technologies, Inc.",aalyria,1,capitaliq_post_money_ge_1b,2026-02-23,2026-02-23,"Aalyria Technologies, Inc.",positive_self,0,2026,Post-2021,0,0,0,0.0,0.0,0.0,0.0,0.0,0.0,0,0,0.0,-1,,Unknown,Unknown,,-1,0,unmatched,unmatched,0.9999091792132103,,0,Q1,0,limited_source_metadata,2025-2026
Abba Platforms Inc.,abbaplatforms,1,capitaliq_post_money_ge_1b,2024-10-10,2024-10-10,Abba Platforms Inc.,positive_self,0,2024,Post-2021,0,0,0,0.0,0.0,0.0,0.0,0.0,0.0,0,0,0.0,-1,,Fintech,North America,United States,-1,0,exact_unique,unicorn_current,0.9999655172413793,,0,Q1,0,limited_source_metadata,2024
"ABLY Corp., Inc.",ably,1,capitaliq_post_money_ge_1b,2024-12-02,2024-12-02,"ABLY Corp., Inc.",positive_self,0,2024,Post-2021,2,1,2,94940000.0,18.368755681620414,55820000.0,17.837642803987176,704180000.0,749760000.0,7,6,2.8281998631074607,620,2023-03-23,AI & Data,Asia,South Korea,-1,0,exact_unique,unicorn_current,0.9659734654946299,,2,Q4,1-3,round_history_only,2024
Abnormal Security Corporation,abnormalsecurity,1,capitaliq_post_money_ge_1b,2024-08-06,2024-08-06,Abnormal Security Corporation,positive_self,0,2024,Post-2021,1,1,1,24000000.0,16.993564429978885,24000000.0,16.993564429978885,139300000.0,139300000.0,1,1,4.714579055441479,1722,2019-11-19,Enterprise Software,North America,United States,-1,0,exact_unique,unicorn_current,0.429799980289512,,1,Q4,3-7,round_history_only,2024
Aditya Birla Housing Finance Limited,adityabirlahousingfinance,1,capitaliq_post_money_ge_1b,2026-04-17,2026-04-17,Aditya Birla Housing Finance Limited,positive_self,0,2026,Post-2021,0,0,0,0.0,0.0,0.0,0.0,0.0,0.0,0,0,0.0,-1,,Unknown,Unknown,,-1,0,unmatched,unmatched,0.9999091792132103,,0,Q1,0,limited_source_metadata,2025-2026
Advanced Machine Intelligence SAS,advancedmachineintelligencesas,1,capitaliq_post_money_ge_1b,2026-01-30,2026-01-30,Advanced Machine Intelligence SAS,positive_self,0,2026,Post-2021,0,0,0,0.0,0.0,0.0,0.0,0.0,0.0,0,0,0.0,-1,,Unknown,Unknown,,-1,0,unmatched,unmatched,0.9999091792132103,,0,Q1,0,limited_source_metadata,2025-2026
Advance Information Technology LLC,advanceinformation,1,capitaliq_post_money_ge_1b,2025-07-02,2025-07-02,Advance Information Technology LLC,positive_self,0,2025,Post-2021,0,0,0,0.0,0.0,0.0,0.0,0.0,0.0,0,0,0.0,-1,,Unknown,Unknown,,-1,0,unmatched,unmatched,0.9999091792132103,,0,Q1,0,limited_source_metadata,2025-2026
"Aerojet Rocketdyne Holdings, Inc.",aerojetrocketdyne,1,capitaliq_post_money_ge_1b,2026-04-17,2026-04-17,"Aerojet Rocketdyne Holdings, Inc.",positive_self,0,2026,Post-2021,0,0,0,0.0,0.0,0.0,0.0,0.0,0.0,0,0,0.0,-1,,Unknown,Unknown,,-1,0,unmatched,unmatched,0.9999091792132103,,0,Q1,0,limited_source_metadata,2025-2026
"AEW Technology Group Co., Ltd.",aew,1,capitaliq_post_money_ge_1b,2026-05-21,2026-05-21,"AEW Technology Group Co., Ltd.",positive_self,0,2026,Post-2021,0,0,0,0.0,0.0,0.0,0.0,0.0,0.0,0,0,0.0,-1,,Unknown,Unknown,,-1,0,unmatched,unmatched,0.9999091792132103,,0,Q1,0,limited_source_metadata,2025-2026
"Agility Robotics, Inc.",agilityrobotics,1,capitaliq_post_money_ge_1b,2025-03-31,2025-03-31,"Agility Robotics, Inc.",positive_self,0,2025,Post-2021,0,0,0,0.0,0.0,0.0,0.0,0.0,0.0,0,0,0.0,-1,,Unknown,Unknown,,-1,0,unmatched,unmatched,0.9999091792132103,,0,Q1,0,limited_source_metadata,2025-2026
"Airwallex (Shenzhen) Network Technology Co., Ltd.",airwallexshenzhennetwork,1,capitaliq_post_money_ge_1b,2025-05-31,2025-05-31,"Airwallex (Shenzhen) Network Technology Co., Ltd.",positive_self,0,2025,Post-2021,0,0,0,0.0,0.0,0.0,0.0,0.0,0.0,0,0,0.0,-1,,Unknown,Unknown,,-1,0,unmatched,unmatched,0.9999091792132103,,0,Q1,0,limited_source_metadata,2025-2026
Allen Control Systems Inc.,allencontrolsystems,1,capitaliq_post_money_ge_1b,2026-06-05,2026-06-05,Allen Control Systems Inc.,positive_self,0,2026,Post-2021,1,1,1,12000000.0,16.300417291085605,12000000.0,16.300417291085605,16320000.0,16320000.0,3,3,2.130047912388775,778,2024-04-18,Hardware & Industrials,North America,United States,-1,0,exact_unique,unicorn_current,0.3101805139903948,,1,Q3,1-3,round_history_only,2025-2026
Allica Bank Limited,allicabank,1,capitaliq_post_money_ge_1b,2026-02-24,2026-02-24,Allica Bank Limited,positive_self,0,2026,Post-2021,0,0,0,0.0,0.0,0.0,0.0,0.0,0.0,0,0,0.0,-1,,Fintech,Europe,United Kingdom,-1,0,exact_unique,unicorn_current,0.9999655172413793,,0,Q1,0,limited_source_metadata,2025-2026
"Alloy Therapeutics, Inc.",alloytherapeutics,1,capitaliq_post_money_ge_1b,2026-04-15,2026-04-15,"Alloy Therapeutics, Inc.",positive_self,0,2026,Post-2021,1,1,1,75000000.0,18.13299868483392,75000000.0,18.13299868483392,511890000.0,511890000.0,8,8,5.034907597535934,1839,2021-04-02,Unknown,Unknown,,-1,0,unmatched,unmatched,0.9477141137231386,,1,Q4,3-7,round_history_only,2025-2026
"AlpacaDB, Inc.",alpacadb,1,capitaliq_post_money_ge_1b,2026-01-14,2026-01-14,"AlpacaDB, Inc.",positive_self,0,2026,Post-2021,1,1,1,10000000.0,16.118095750958314,10000000.0,16.118095750958314,17930000.0,17930000.0,5,5,5.248459958932238,1917,2020-10-15,Unknown,Unknown,,-1,0,unmatched,unmatched,0.37890682739446196,,1,Q3,3-7,round_history_only,2025-2026
Altruist LLC,altruist,1,capitaliq_post_money_ge_1b,2024-04-16,2024-04-16,Altruist LLC,positive_self,0,2024,Post-2021,0,0,0,0.0,0.0,0.0,0.0,0.0,0.0,0,0,0.0,-1,,Fintech,North America,United States,-1,0,exact_unique,unicorn_current,0.9999655172413793,,0,Q1,0,limited_source_metadata,2024
"Ambience Healthcare, Inc.",ambiencehealthcare,1,capitaliq_post_money_ge_1b,2025-07-29,2025-07-29,"Ambience Healthcare, Inc.",positive_self,0,2025,Post-2021,0,0,0,0.0,0.0,0.0,0.0,0.0,0.0,0,0,0.0,-1,,Health & Bio,Other,,-1,0,exact_unique,control_accelerator,0.9999655172413793,,0,Q1,0,limited_source_metadata,2025-2026
"Anaconda, Inc.",anaconda,1,capitaliq_post_money_ge_1b,2025-07-31,2025-07-31,"Anaconda, Inc.",positive_self,0,2025,Post-2021,1,1,1,2600000.0,14.77102238760702,2600000.0,14.77102238760702,342060000.0,342060000.0,0,0,4.139630390143737,1512,2021-06-10,Enterprise Software,North America,United States,-1,0,exact_unique,unicorn_current,0.7427385587899639,,1,Q2,3-7,round_history_only,2025-2026
"Anchor Labs, Inc.",anchor,1,capitaliq_post_money_ge_1b,2026-02-05,2026-02-05,"Anchor Labs, Inc.",positive_self,0,2026,Post-2021,1,1,1,17000000.0,16.648723960844016,17000000.0,16.648723960844016,69860000.0,69860000.0,3,3,8.098562628336756,2958,2017-12-31,Fintech,Unknown,,-1,0,exact_unique,control_accelerator,0.4890176610675651,,1,Q4,7+,round_history_only,2025-2026
Andromeda AI Inc.,andromedaai,1,capitaliq_post_money_ge_1b,2026-03-18,2026-03-18,Andromeda AI Inc.,positive_self,0,2026,Post-2021,0,0,0,0.0,0.0,0.0,0.0,0.0,0.0,0,0,0.0,-1,,Unknown,Unknown,,-1,0,unmatched,unmatched,0.9999091792132103,,0,Q1,0,limited_source_metadata,2025-2026
"Anhui Shenji Technology Co., Ltd.",anhuishenji,1,capitaliq_post_money_ge_1b,2026-03-05,2026-03-05,"Anhui Shenji Technology Co., Ltd.",positive_self,0,2026,Post-2021,0,0,0,0.0,0.0,0.0,0.0,0.0,0.0,0,0,0.0,-1,,Unknown,Unknown,,-1,0,unmatched,unmatched,0.9999091792132103,,0,Q1,0,limited_source_metadata,2025-2026
"Anysphere, Inc.",anysphere,1,capitaliq_post_money_ge_1b,2025-05-05,2025-05-05,"Anysphere, Inc.",positive_self,0,2025,Post-2021,1,1,1,8000000.0,15.894952224644102,8000000.0,15.894952224644102,11820000.0,11820000.0,1,1,1.566050650239562,572,2023-10-11,Enterprise Software,North America,United States,-1,0,exact_unique,unicorn_current,0.1899250217889799,,1,Q3,1-3,round_history_only,2025-2026
"Apex Technology, Inc.",apex,1,capitaliq_post_money_ge_1b,2026-06-05,2026-06-05,"Apex Technology, Inc.",positive_self,0,2026,Post-2021,1,1,1,7810000.0,15.870915649856832,7810000.0,15.870915649856832,8130000.000000001,8130000.000000001,6,6,3.6139630390143735,1320,2022-10-24,Hardware & Industrials,North America,United States,-1,0,exact_unique,unicorn_current,0.34017423045060385,,1,Q3,3-7,round_history_only,2025-2026
Apollo Healthco Limited,apollohealthco,1,capitaliq_post_money_ge_1b,2024-09-27,2024-09-27,Apollo Healthco Limited,positive_self,0,2024,Post-2021,0,0,0,0.0,0.0,0.0,0.0,0.0,0.0,0,0,0.0,-1,,Unknown,Unknown,,-1,0,unmatched,unmatched,0.9999091792132103,,0,Q1,0,limited_source_metadata,2024
"Applied Compute, Inc.",appliedcompute,1,capitaliq_post_money_ge_1b,2026-04-08,2026-04-08,"Applied Compute, Inc.",positive_self,0,2026,Post-2021,0,0,0,0.0,0.0,0.0,0.0,0.0,0.0,0,0,0.0,-1,,Enterprise Software,North America,United States,-1,0,exact_unique,unicorn_current,0.9999655172413793,,0,Q1,0,limited_source_metadata,2025-2026
"Applied Intuition, Inc.",appliedintuition,1,capitaliq_post_money_ge_1b,2024-03-12,2024-03-12,"Applied Intuition, Inc.",positive_self,0,2024,Post-2021,1,1,1,11500000.0,16.257857680289998,11500000.0,16.257857680289998,11500000.0,11500000.0,5,5,5.494866529774128,2007,2018-09-13,Hardware & Industrials,North America,United States,2017,1,exact_unique,unicorn_current,0.8710279256402741,2015-18,1,Q3,3-7,round+founding+master,2024
Appsflyer Ltd.,appsflyer,1,capitaliq_post_money_ge_1b,2026-06-22,2026-06-22,Appsflyer Ltd.,positive_self,0,2026,Post-2021,0,0,0,0.0,0.0,0.0,0.0,0.0,0.0,0,0,0.0,-1,,Enterprise Software,North America,United States,2011,1,exact_unique,unicorn_current,0.9999655172413793,2010-14,0,Q1,0,limited_source_metadata,2025-2026
"Apptronik, Inc.",apptronik,1,capitaliq_post_money_ge_1b,2026-02-11,2026-02-11,"Apptronik, Inc.",positive_self,0,2026,Post-2021,0,0,0,0.0,0.0,0.0,0.0,0.0,0.0,0,0,0.0,-1,,Unknown,Unknown,,-1,0,unmatched,unmatched,0.9999091792132103,,0,Q1,0,limited_source_metadata,2025-2026
Aragen Life Sciences Limited,aragenlifesciences,1,capitaliq_post_money_ge_1b,2025-01-13,2025-01-13,Aragen Life Sciences Limited,positive_self,0,2025,Post-2021,0,0,0,0.0,0.0,0.0,0.0,0.0,0.0,0,0,0.0,-1,,Unknown,Unknown,,-1,0,unmatched,unmatched,0.9999091792132103,,0,Q1,0,limited_source_metadata,2025-2026
Ardonagh Group Holdings Limited,ardonagh,1,capitaliq_post_money_ge_1b,2025-06-30,2025-06-30,Ardonagh Group Holdings Limited,positive_self,0,2025,Post-2021,0,0,0,0.0,0.0,0.0,0.0,0.0,0.0,0,0,0.0,-1,,Unknown,Unknown,,-1,0,unmatched,unmatched,0.9999091792132103,,0,Q1,0,limited_source_metadata,2025-2026
"Arena Intelligence, Inc.",arenaintelligence,1,capitaliq_post_money_ge_1b,2026-01-06,2026-01-06,"Arena Intelligence, Inc.",positive_self,0,2026,Post-2021,1,1,1,100000000.0,18.420680753952364,100000000.0,18.420680753952364,600000000.0,600000000.0,7,7,0.6297056810403833,230,2025-05-21,Unknown,Unknown,,-1,0,unmatched,unmatched,0.9600966237732511,,1,Q4,0-1,round_history_only,2025-2026
"Armada Systems, Inc.",armadasystems,1,capitaliq_post_money_ge_1b,2026-05-19,2026-05-19,"Armada Systems, Inc.",positive_self,0,2026,Post-2021,0,0,0,0.0,0.0,0.0,0.0,0.0,0.0,0,0,0.0,-1,,Unknown,Unknown,,-1,0,unmatched,unmatched,0.9999091792132103,,0,Q1,0,limited_source_metadata,2025-2026
"Arsenal Biosciences, Inc.",arsenalbiosciences,1,capitaliq_post_money_ge_1b,2024-09-04,2024-09-04,"Arsenal Biosciences, Inc.",positive_self,0,2024,Post-2021,0,0,0,0.0,0.0,0.0,0.0,0.0,0.0,0,0,0.0,-1,,Unknown,Unknown,,-1,0,unmatched,unmatched,0.9999091792132103,,0,Q1,0,limited_source_metadata,2024
"Ascend Elements, Inc.",ascendelements,1,capitaliq_post_money_ge_1b,2024-02-20,2024-02-20,"Ascend Elements, Inc.",positive_self,0,2024,Post-2021,0,0,0,0.0,0.0,0.0,0.0,0.0,0.0,0,0,0.0,-1,,Hardware & Industrials,North America,United States,-1,0,exact_unique,unicorn_current,0.9999655172413793,,0,Q1,0,limited_source_metadata,2024
"Assort Health, Inc.",assorthealth,1,capitaliq_post_money_ge_1b,2026-06-24,2026-06-24,"Assort Health, Inc.",positive_self,0,2026,Post-2021,0,0,0,0.0,0.0,0.0,0.0,0.0,0.0,0,0,0.0,-1,,Enterprise Software,North America,United States,-1,0,exact_unique,unicorn_current,0.9999655172413793,,0,Q1,0,limited_source_metadata,2025-2026
"Astribot (Shenzhen) Co., Ltd.",astribotshenzhen,1,capitaliq_post_money_ge_1b,2026-06-03,2026-06-03,"Astribot (Shenzhen) Co., Ltd.",positive_self,0,2026,Post-2021,0,0,0,0.0,0.0,0.0,0.0,0.0,0.0,0,0,0.0,-1,,Unknown,Unknown,,-1,0,unmatched,unmatched,0.9999091792132103,,0,Q1,0,limited_source_metadata,2025-2026
Ather Energy Limited (NSEI:ATHERENERG),atherenergynseiatherenerg,1,capitaliq_post_money_ge_1b,2024-08-13,2024-08-13,Ather Energy Limited (NSEI:ATHERENERG),positive_self,0,2024,Post-2021,0,0,0,0.0,0.0,0.0,0.0,0.0,0.0,0,0,0.0,-1,,Unknown,Unknown,,-1,0,unmatched,unmatched,0.9999091792132103,,0,Q1,0,limited_source_metadata,2024
AUTODOC SE,autodocse,1,capitaliq_post_money_ge_1b,2024-04-24,2024-04-24,AUTODOC SE,positive_self,0,2024,Post-2021,0,0,0,0.0,0.0,0.0,0.0,0.0,0.0,0,0,0.0,-1,,Unknown,Unknown,,-1,0,unmatched,unmatched,0.9999091792132103,,0,Q1,0,limited_source_metadata,2024
Avalyn Pharma Inc. (NasdaqGS:AVLN),avalynpharmanasdaqgsavln,1,capitaliq_post_money_ge_1b,2025-07-22,2025-07-22,Avalyn Pharma Inc. (NasdaqGS:AVLN),positive_self,0,2025,Post-2021,0,0,0,0.0,0.0,0.0,0.0,0.0,0.0,0,0,0.0,-1,,Unknown,Unknown,,-1,0,unmatched,unmatched,0.9999091792132103,,0,Q1,0,limited_source_metadata,2025-2026
Avanse Financial Services Limited,avansefinancialservices,1,capitaliq_post_money_ge_1b,2024-03-22,2024-03-22,Avanse Financial Services Limited,positive_self,0,2024,Post-2021,1,1,1,48770000.0,17.702625948190644,48770000.0,17.702625948190644,181330000.0,181330000.0,2,2,1.5003422313483916,548,2022-09-21,Education,Asia,India,2012,1,exact_unique,control_funded,0.6984623659269182,2010-14,1,Q4,1-3,round+founding+master,2024
"Aven Financial, Inc.",avenfinancial,1,capitaliq_post_money_ge_1b,2025-09-09,2025-09-09,"Aven Financial, Inc.",positive_self,0,2025,Post-2021,0,0,0,0.0,0.0,0.0,0.0,0.0,0.0,0,0,0.0,-1,,Unknown,Unknown,,-1,0,unmatched,unmatched,0.9999091792132103,,0,Q1,0,limited_source_metadata,2025-2026
"Aww Holdings, Inc.",aww,1,capitaliq_post_money_ge_1b,2024-11-21,2024-11-21,"Aww Holdings, Inc.",positive_self,0,2024,Post-2021,0,0,0,0.0,0.0,0.0,0.0,0.0,0.0,0,0,0.0,-1,,Unknown,Unknown,,-1,0,unmatched,unmatched,0.9999091792132103,,0,Q1,0,limited_source_metadata,2024
"Axiom Quant, Inc.",axiomquant,1,capitaliq_post_money_ge_1b,2026-03-12,2026-03-12,"Axiom Quant, Inc.",positive_self,0,2026,Post-2021,1,1,1,64000000.0,17.974393656948944,64000000.0,17.974393656948944,300000000.0,300000000.0,4,4,0.432580424366872,158,2025-10-05,Unknown,Unknown,,-1,0,unmatched,unmatched,0.8568026019418249,,1,Q4,0-1,round_history_only,2025-2026
Axis Finance Limited,axisfinance,1,capitaliq_post_money_ge_1b,2026-04-25,2026-04-25,Axis Finance Limited,positive_self,0,2026,Post-2021,0,0,0,0.0,0.0,0.0,0.0,0.0,0.0,0,0,0.0,-1,,Unknown,Unknown,,-1,0,unmatched,unmatched,0.9999091792132103,,0,Q1,0,limited_source_metadata,2025-2026
"Ayar Labs, Inc.",ayar,1,capitaliq_post_money_ge_1b,2026-03-02,2026-03-02,"Ayar Labs, Inc.",positive_self,0,2026,Post-2021,2,1,2,27430000.0,17.127147899370218,24900000.0,17.030378401595577,429940000.0,429940000.0,13,11,9.541409993155373,1037,2023-04-30,Hardware & Industrials,North America,United States,-1,0,exact_unique,unicorn_current,0.8448586877501226,,2,Q4,7+,round_history_only,2025-2026
Balaji Wafers Pvt. Ltd.,balajiwaferspvt,1,capitaliq_post_money_ge_1b,2026-01-23,2026-01-23,Balaji Wafers Pvt. Ltd.,positive_self,0,2026,Post-2021,0,0,0,0.0,0.0,0.0,0.0,0.0,0.0,0,0,0.0,-1,,Unknown,Unknown,,-1,0,unmatched,unmatched,0.9999091792132103,,0,Q1,0,limited_source_metadata,2025-2026
Banco Agibank S.A.,bancoagibanksa,1,capitaliq_post_money_ge_1b,2024-12-24,2024-12-24,Banco Agibank S.A.,positive_self,0,2024,Post-2021,0,0,0,0.0,0.0,0.0,0.0,0.0,0.0,0,0,0.0,-1,,Unknown,Unknown,,-1,0,unmatched,unmatched,0.9999091792132103,,0,Q1,0,limited_source_metadata,2024
"Banco Plata S.A., Institucion De Banca Multiple",bancoplatasainstituciondebancamultiple,1,capitaliq_post_money_ge_1b,2025-03-11,2025-03-11,"Banco Plata S.A., Institucion De Banca Multiple",positive_self,0,2025,Post-2021,0,0,0,0.0,0.0,0.0,0.0,0.0,0.0,0,0,0.0,-1,,Unknown,Unknown,,-1,0,unmatched,unmatched,0.9999091792132103,,0,Q1,0,limited_source_metadata,2025-2026
"Base Power, Inc.",basepower,1,capitaliq_post_money_ge_1b,2025-10-08,2025-10-08,"Base Power, Inc.",positive_self,0,2025,Post-2021,0,0,0,0.0,0.0,0.0,0.0,0.0,0.0,0,0,0.0,-1,,Hardware & Industrials,North America,United States,-1,0,exact_unique,unicorn_current,0.9999655172413793,,0,Q1,0,limited_source_metadata,2025-2026
"BaseTen Labs, Inc.",baseten,1,capitaliq_post_money_ge_1b,2025-09-05,2025-09-05,"BaseTen Labs, Inc.",positive_self,0,2025,Post-2021,2,1,2,20830000.0,16.851904861244837,12000000.0,16.300417291085605,13370000.0,31030000.0,4,3,3.36208076659822,1228,2022-04-26,Enterprise Software,North America,United States,-1,0,exact_unique,unicorn_current,0.3560352349436985,,2,Q4,3-7,round_history_only,2025-2026
Bedrock Robotics Inc.,bedrockrobotics,1,capitaliq_post_money_ge_1b,2026-02-04,2026-02-04,Bedrock Robotics Inc.,positive_self,0,2026,Post-2021,0,0,0,0.0,0.0,0.0,0.0,0.0,0.0,0,0,0.0,-1,,Hardware & Industrials,North America,United States,-1,0,exact_unique,unicorn_current,0.9999655172413793,,0,Q1,0,limited_source_metadata,2025-2026
"Beijing Aerospace Satelliteherd Science and Technology Co., Ltd.",beijingaerospacesatelliteherdscienceand,1,capitaliq_post_money_ge_1b,2026-06-16,2026-06-16,"Beijing Aerospace Satelliteherd Science and Technology Co., Ltd.",positive_self,0,2026,Post-2021,0,0,0,0.0,0.0,0.0,0.0,0.0,0.0,0,0,0.0,-1,,Unknown,Unknown,,-1,0,unmatched,unmatched,0.9999091792132103,,0,Q1,0,limited_source_metadata,2025-2026
"Beijing Aishi Technology Co., Ltd.",beijingaishi,1,capitaliq_post_money_ge_1b,2026-07-13,2026-07-13,"Beijing Aishi Technology Co., Ltd.",positive_self,0,2026,Post-2021,0,0,0,0.0,0.0,0.0,0.0,0.0,0.0,0,0,0.0,-1,,Unknown,Unknown,,-1,0,unmatched,unmatched,0.9999091792132103,,0,Q1,0,limited_source_metadata,2025-2026
"Beijing Baichuan AI Co., Ltd.",beijingbaichuanai,1,capitaliq_post_money_ge_1b,2024-07-25,2024-07-25,"Beijing Baichuan AI Co., Ltd.",positive_self,0,2024,Post-2021,0,0,0,0.0,0.0,0.0,0.0,0.0,0.0,0,0,0.0,-1,,Unknown,Unknown,,-1,0,unmatched,unmatched,0.9999091792132103,,0,Q1,0,limited_source_metadata,2024
"Beijing Dongchedi Technology Co., Ltd.",beijingdongchedi,1,capitaliq_post_money_ge_1b,2024-12-31,2024-12-31,"Beijing Dongchedi Technology Co., Ltd.",positive_self,0,2024,Post-2021,0,0,0,0.0,0.0,0.0,0.0,0.0,0.0,0,0,0.0,-1,,Unknown,Unknown,,-1,0,unmatched,unmatched,0.9999091792132103,,0,Q1,0,limited_source_metadata,2024
"Beijing Galaxy Bot Co., Ltd.",beijinggalaxybot,1,capitaliq_post_money_ge_1b,2025-06-23,2025-06-23,"Beijing Galaxy Bot Co., Ltd.",positive_self,0,2025,Post-2021,1,1,1,96410000.0,18.38412049901293,96410000.0,18.38412049901293,482030000.0,482030000.0,10,10,1.0047912388774811,367,2024-06-21,Unknown,Unknown,,-1,0,unmatched,unmatched,0.974636502886376,,1,Q4,1-3,round_history_only,2025-2026
"Beijing Infrawaves Technology Co., Ltd.",beijinginfrawaves,1,capitaliq_post_money_ge_1b,2026-04-21,2026-04-21,"Beijing Infrawaves Technology Co., Ltd.",positive_self,0,2026,Post-2021,1,1,1,20870000.0,16.85382332696905,20870000.0,16.85382332696905,375440000.0,375440000.0,9,9,0.3039014373716632,111,2025-12-31,Unknown,Unknown,,-1,0,unmatched,unmatched,0.659558666898239,,1,Q4,0-1,round_history_only,2025-2026
"Beijing Jijia Vision Technology Co., Ltd.",beijingjijiavision,1,capitaliq_post_money_ge_1b,2026-06-15,2026-06-15,"Beijing Jijia Vision Technology Co., Ltd.",positive_self,0,2026,Post-2021,1,1,1,6880000.0,15.744129355258352,6880000.0,15.744129355258352,19260000.0,19260000.0,4,4,1.949349760438056,712,2024-07-03,Unknown,Unknown,,-1,0,unmatched,unmatched,0.28203770180512033,,1,Q3,1-3,round_history_only,2025-2026
"Beijing MinoSpace Technology Co.,Ltd.",beijingminospace,1,capitaliq_post_money_ge_1b,2024-06-24,2024-06-24,"Beijing MinoSpace Technology Co.,Ltd.",positive_self,0,2024,Post-2021,0,0,0,0.0,0.0,0.0,0.0,0.0,0.0,0,0,0.0,-1,,Unknown,Unknown,,-1,0,unmatched,unmatched,0.9999091792132103,,0,Q1,0,limited_source_metadata,2024
"Beijing ModelBest Intelligent Technology Co., Ltd.",beijingmodelbestintelligent,1,capitaliq_post_money_ge_1b,2026-07-15,2026-07-15,"Beijing ModelBest Intelligent Technology Co., Ltd.",positive_self,0,2026,Post-2021,0,0,0,0.0,0.0,0.0,0.0,0.0,0.0,0,0,0.0,-1,,Unknown,Unknown,,-1,0,unmatched,unmatched,0.9999091792132103,,0,Q1,0,limited_source_metadata,2025-2026
"Beijing Moonshot AI Technology Co., Ltd.",beijingmoonshotai,1,capitaliq_post_money_ge_1b,2024-02-19,2024-02-19,"Beijing Moonshot AI Technology Co., Ltd.",positive_self,0,2024,Post-2021,0,0,0,0.0,0.0,0.0,0.0,0.0,0.0,0,0,0.0,-1,,Unknown,Unknown,,-1,0,unmatched,unmatched,0.9999091792132103,,0,Q1,0,limited_source_metadata,2024
"Beijing Robot Era Technology Co., Ltd.",beijingrobotera,1,capitaliq_post_money_ge_1b,2026-03-05,2026-03-05,"Beijing Robot Era Technology Co., Ltd.",positive_self,0,2026,Post-2021,0,0,0,0.0,0.0,0.0,0.0,0.0,0.0,0,0,0.0,-1,,Unknown,Unknown,,-1,0,unmatched,unmatched,0.9999091792132103,,0,Q1,0,limited_source_metadata,2025-2026
Beijing SemiDrive Technology Corporation,beijingsemidrive,1,capitaliq_post_money_ge_1b,2026-05-13,2026-05-13,Beijing SemiDrive Technology Corporation,positive_self,0,2026,Post-2021,0,0,0,0.0,0.0,0.0,0.0,0.0,0.0,0,0,0.0,-1,,Unknown,Unknown,,-1,0,unmatched,unmatched,0.9999091792132103,,0,Q1,0,limited_source_metadata,2025-2026
"Beijing Shengshu Technology Co., Ltd.",beijingshengshu,1,capitaliq_post_money_ge_1b,2026-04-10,2026-04-10,"Beijing Shengshu Technology Co., Ltd.",positive_self,0,2026,Post-2021,0,0,0,0.0,0.0,0.0,0.0,0.0,0.0,0,0,0.0,-1,,Unknown,Unknown,,-1,0,unmatched,unmatched,0.9999091792132103,,0,Q1,0,limited_source_metadata,2025-2026
"Beijing SiliconFlow Technology Co., Ltd.",beijingsiliconflow,1,capitaliq_post_money_ge_1b,2026-06-16,2026-06-16,"Beijing SiliconFlow Technology Co., Ltd.",positive_self,0,2026,Post-2021,3,1,3,115760000.0,18.567029648926063,76760000.0,18.15619424213139,741060000.0,741060000.0,18,13,2.458590006844627,11,2026-06-05,Unknown,Unknown,,-1,0,unmatched,unmatched,0.8285569619895112,,3+,Q4,1-3,round_history_only,2025-2026
"Beijing WeLion New Energy Technology Co., Ltd.",beijingwelionnewenergy,1,capitaliq_post_money_ge_1b,2025-09-30,2025-09-30,"Beijing WeLion New Energy Technology Co., Ltd.",positive_self,0,2025,Post-2021,1,1,1,78220000.0,18.175035940076096,78220000.0,18.175035940076096,782240000.0,782240000.0,6,6,3.8439425051334704,1404,2021-11-26,Unknown,Unknown,,-1,0,unmatched,unmatched,0.9296087613068719,,1,Q4,3-7,round_history_only,2025-2026
"Beijing Yanyu Technology Co., Ltd.",beijingyanyu,1,capitaliq_post_money_ge_1b,2026-06-18,2026-06-18,"Beijing Yanyu Technology Co., Ltd.",positive_self,0,2026,Post-2021,1,1,1,3500000.0,15.068273812173889,3500000.0,15.068273812173889,15000000.0,15000000.0,4,4,2.9048596851471595,1061,2023-07-23,Unknown,Unknown,,-1,0,unmatched,unmatched,0.2037349809591731,,1,Q3,1-3,round_history_only,2025-2026
Bending Spoons S.p.A. (NasdaqGS:BSP),bendingspoonsspanasdaqgsbsp,1,capitaliq_post_money_ge_1b,2024-02-15,2024-02-15,Bending Spoons S.p.A. (NasdaqGS:BSP),positive_self,0,2024,Post-2021,0,0,0,0.0,0.0,0.0,0.0,0.0,0.0,0,0,0.0,-1,,Unknown,Unknown,,-1,0,unmatched,unmatched,0.9999091792132103,,0,Q1,0,limited_source_metadata,2024
"BETA Technologies, Inc. (NYSE:BETA)",betanysebeta,1,capitaliq_post_money_ge_1b,2025-08-27,2025-08-27,"BETA Technologies, Inc. (NYSE:BETA)",positive_self,0,2025,Post-2021,1,1,1,425620000.0,19.869057489718312,425620000.0,19.869057489718312,644100000.0,644100000.0,2,2,4.26009582477755,1556,2021-05-24,Unknown,Unknown,,-1,0,unmatched,unmatched,0.9299035582954295,,1,Q4,3-7,round_history_only,2025-2026
"BillionToOne, Inc. (NasdaqGS:BLLN)",billiontoonenasdaqgsblln,1,capitaliq_post_money_ge_1b,2024-06-21,2024-06-21,"BillionToOne, Inc. (NasdaqGS:BLLN)",positive_self,0,2024,Post-2021,2,1,2,86020000.0,18.27009039694507,71020000.0,18.07847209955976,288540000.0,288540000.0,10,7,5.234770704996578,1103,2021-06-14,Unknown,Unknown,,-1,0,unmatched,unmatched,0.9519668053461467,,2,Q4,3-7,round_history_only,2024
"Bilt Technologies, Inc.",bilt,1,capitaliq_post_money_ge_1b,2025-07-10,2025-07-10,"Bilt Technologies, Inc.",positive_self,0,2025,Post-2021,2,1,2,69000000.0,18.04961707705429,60000000.0,17.909855136853043,350000000.0,350000000.0,16,15,3.9479808350444894,1388,2021-09-21,Unknown,Unknown,,-1,0,unmatched,unmatched,0.8942592054528515,,2,Q4,3-7,round_history_only,2025-2026
"Blitzy, Inc.",blitzy,1,capitaliq_post_money_ge_1b,2026-05-05,2026-05-05,"Blitzy, Inc.",positive_self,0,2026,Post-2021,0,0,0,0.0,0.0,0.0,0.0,0.0,0.0,0,0,0.0,-1,,Enterprise Software,North America,United States,-1,0,exact_unique,unicorn_current,0.9999655172413793,,0,Q1,0,limited_source_metadata,2025-2026
"Blockratize, Inc.",blockratize,1,capitaliq_post_money_ge_1b,2025-08-26,2025-08-26,"Blockratize, Inc.",positive_self,0,2025,Post-2021,0,0,0,0.0,0.0,0.0,0.0,0.0,0.0,0,0,0.0,-1,,Unknown,Unknown,,-1,0,unmatched,unmatched,0.9999091792132103,,0,Q1,0,limited_source_metadata,2025-2026
"Boom Technology, Inc.",boom,1,capitaliq_post_money_ge_1b,2025-12-09,2025-12-09,"Boom Technology, Inc.",positive_self,0,2025,Post-2021,2,1,2,3250000.0,14.99416586199818,3130000.0,14.956543882005104,328750000.0,328750000.0,1,1,9.713894592744696,2049,2020-04-30,Hardware & Industrials,North America,United States,-1,0,exact_unique,unicorn_current,0.7360557289014491,,2,Q3,7+,round_history_only,2025-2026
Brevo SAS,brevosas,1,capitaliq_post_money_ge_1b,2025-12-03,2025-12-03,Brevo SAS,positive_self,0,2025,Post-2021,0,0,0,0.0,0.0,0.0,0.0,0.0,0.0,0,0,0.0,-1,,Unknown,Unknown,,-1,0,unmatched,unmatched,0.9999091792132103,,0,Q1,0,limited_source_metadata,2025-2026
"BrightInsight, Inc.",brightinsight,1,capitaliq_post_money_ge_1b,2026-01-20,2026-01-20,"BrightInsight, Inc.",positive_self,0,2026,Post-2021,0,0,0,0.0,0.0,0.0,0.0,0.0,0.0,0,0,0.0,-1,,Unknown,Unknown,,-1,0,unmatched,unmatched,0.9999091792132103,,0,Q1,0,limited_source_metadata,2025-2026
Brinc Drones Inc.,brincdrones,1,capitaliq_post_money_ge_1b,2026-07-14,2026-07-14,Brinc Drones Inc.,positive_self,0,2026,Post-2021,1,1,1,75000000.0,18.13299868483392,75000000.0,18.13299868483392,614430000.0,614430000.0,2,2,1.264887063655031,462,2025-04-08,Unknown,Unknown,,-1,0,unmatched,unmatched,0.9784112942514777,,1,Q4,1-3,round_history_only,2025-2026
"Calterah Semiconductor Technology (Shanghai) Co., Ltd.",calterahsemiconductorshanghai,1,capitaliq_post_money_ge_1b,2026-03-06,2026-03-06,"Calterah Semiconductor Technology (Shanghai) Co., Ltd.",positive_self,0,2026,Post-2021,0,0,0,0.0,0.0,0.0,0.0,0.0,0.0,0,0,0.0,-1,,Unknown,Unknown,,-1,0,unmatched,unmatched,0.9999091792132103,,0,Q1,0,limited_source_metadata,2025-2026
"Capital Rx, Inc.",capitalrx,1,capitaliq_post_money_ge_1b,2024-03-22,2024-03-22,"Capital Rx, Inc.",positive_self,0,2024,Post-2021,3,1,3,206000000.0,19.143386731608224,106000000.0,18.478949661510303,887970000.0,887970000.0,15,12,3.132101300479124,163,2023-10-11,Unknown,Unknown,,-1,0,unmatched,unmatched,0.954205106636607,,3+,Q4,3-7,round_history_only,2024
"Cart.com, Inc.",cartcom,1,capitaliq_post_money_ge_1b,2024-07-17,2024-07-17,"Cart.com, Inc.",positive_self,0,2024,Post-2021,1,1,1,25330000.0,17.047500061456734,25330000.0,17.047500061456734,95700000.0,95700000.0,4,4,3.2553045859000687,1189,2021-04-15,AI & Data,North America,United States,-1,0,exact_unique,unicorn_current,0.49525340655341826,,1,Q4,3-7,round_history_only,2024
"CAS Space Technology Co., Ltd",casspace,1,capitaliq_post_money_ge_1b,2024-04-12,2024-04-12,"CAS Space Technology Co., Ltd",positive_self,0,2024,Post-2021,0,0,0,0.0,0.0,0.0,0.0,0.0,0.0,0,0,0.0,-1,,Unknown,Unknown,,-1,0,unmatched,unmatched,0.9999091792132103,,0,Q1,0,limited_source_metadata,2024
Castelion Corporation,castelion,1,capitaliq_post_money_ge_1b,2025-11-20,2025-11-20,Castelion Corporation,positive_self,0,2025,Post-2021,0,0,0,0.0,0.0,0.0,0.0,0.0,0.0,0,0,0.0,-1,,Unknown,Unknown,,-1,0,unmatched,unmatched,0.9999091792132103,,0,Q1,0,limited_source_metadata,2025-2026
Cathedral,cathedral,1,capitaliq_post_money_ge_1b,2026-07-23,2026-07-23,Cathedral,positive_self,0,2026,Post-2021,0,0,0,0.0,0.0,0.0,0.0,0.0,0.0,0,0,0.0,-1,,Unknown,Unknown,,-1,0,unmatched,unmatched,0.9999091792132103,,0,Q1,0,limited_source_metadata,2025-2026
"CATL (Shanghai) Intelligent Technology Co., Ltd.",catlshanghaiintelligent,1,capitaliq_post_money_ge_1b,2025-07-28,2025-07-28,"CATL (Shanghai) Intelligent Technology Co., Ltd.",positive_self,0,2025,Post-2021,0,0,0,0.0,0.0,0.0,0.0,0.0,0.0,0,0,0.0,-1,,Unknown,Unknown,,-1,0,unmatched,unmatched,0.9999091792132103,,0,Q1,0,limited_source_metadata,2025-2026
Celestial AI Inc.,celestialai,1,capitaliq_post_money_ge_1b,2025-08-13,2025-08-13,Celestial AI Inc.,positive_self,0,2025,Post-2021,2,1,2,7870000.0,15.87856874745838,5000000.0,15.424948670398354,16030000.000000002,16030000.000000002,0,0,4.963723477070499,1681,2021-01-05,Enterprise Software,North America,United States,-1,0,exact_unique,unicorn_current,0.2243355380415461,,2,Q3,3-7,round_history_only,2025-2026
Cera Care Limited,ceracare,1,capitaliq_post_money_ge_1b,2025-01-12,2025-01-12,Cera Care Limited,positive_self,0,2025,Post-2021,0,0,0,0.0,0.0,0.0,0.0,0.0,0.0,0,0,0.0,-1,,Unknown,Unknown,,-1,0,unmatched,unmatched,0.9999091792132103,,0,Q1,0,limited_source_metadata,2025-2026
Ceva Sante Animale,cevasanteanimale,1,capitaliq_post_money_ge_1b,2025-03-29,2025-03-29,Ceva Sante Animale,positive_self,0,2025,Post-2021,1,1,1,213350000.0,19.178444572285414,213350000.0,19.178444572285414,701010000.0,701010000.0,4,4,14.819986310746064,5413,2010-06-03,Unknown,Unknown,,-1,0,unmatched,unmatched,0.6547919321326878,,1,Q4,7+,round_history_only,2025-2026
"Chai Discovery, Inc.",chaidiscovery,1,capitaliq_post_money_ge_1b,2025-12-15,2025-12-15,"Chai Discovery, Inc.",positive_self,0,2025,Post-2021,2,1,2,100000000.0,18.420680753952364,70000000.0,18.064005814299342,550000000.0,550000000.0,14,11,1.264887063655031,131,2025-08-06,Enterprise Software,North America,United States,-1,0,exact_unique,unicorn_current,0.9563012181729258,,2,Q4,1-3,round_history_only,2025-2026
"Chainguard, Inc.",chainguard,1,capitaliq_post_money_ge_1b,2024-07-25,2024-07-25,"Chainguard, Inc.",positive_self,0,2024,Post-2021,2,1,2,66000000.0,18.005165315142214,61000000.0,17.926384438531027,333460000.0,333460000.0,5,5,2.628336755646817,267,2023-11-01,Enterprise Software,North America,United States,-1,0,exact_unique,unicorn_current,0.9748016064349098,,2,Q4,1-3,round_history_only,2024
"CHAOS Industries, Inc.",chaosindustries,1,capitaliq_post_money_ge_1b,2025-04-30,2025-04-30,"CHAOS Industries, Inc.",positive_self,0,2025,Post-2021,0,0,0,0.0,0.0,0.0,0.0,0.0,0.0,0,0,0.0,-1,,Hardware & Industrials,North America,United States,-1,0,exact_unique,unicorn_current,0.9999655172413793,,0,Q1,0,limited_source_metadata,2025-2026
"Chengdu Antejin Biotechnology Co., Ltd.",chengduantejinbiotechnology,1,capitaliq_post_money_ge_1b,2026-06-16,2026-06-16,"Chengdu Antejin Biotechnology Co., Ltd.",positive_self,0,2026,Post-2021,0,0,0,0.0,0.0,0.0,0.0,0.0,0.0,0,0,0.0,-1,,Unknown,Unknown,,-1,0,unmatched,unmatched,0.9999091792132103,,0,Q1,0,limited_source_metadata,2025-2026
"Chengdu Guoxing Aerospace Technology Co., Ltd.",chengduguoxingaerospace,1,capitaliq_post_money_ge_1b,2026-04-17,2026-04-17,"Chengdu Guoxing Aerospace Technology Co., Ltd.",positive_self,0,2026,Post-2021,4,1,4,181490000.0,19.01671111924253,73640000.0,18.114698927908726,895660000.0,895660000.0,12,6,7.208761122518823,472,2024-12-31,Unknown,Unknown,,-1,0,unmatched,unmatched,0.9742040363743706,,3+,Q4,7+,round_history_only,2025-2026
"Chobani, LLC",chobani,1,capitaliq_post_money_ge_1b,2025-10-16,2025-10-16,"Chobani, LLC",positive_self,0,2025,Post-2021,0,0,0,0.0,0.0,0.0,0.0,0.0,0.0,0,0,0.0,-1,,AI & Data,North America,United States,-1,0,exact_unique,unicorn_current,0.9999655172413793,,0,Q1,0,limited_source_metadata,2025-2026
CiDi Inc. (SEHK:3881),cidisehk3881,1,capitaliq_post_money_ge_1b,2024-02-28,2024-02-28,CiDi Inc. (SEHK:3881),positive_self,0,2024,Post-2021,0,0,0,0.0,0.0,0.0,0.0,0.0,0.0,0,0,0.0,-1,,Unknown,Unknown,,-1,0,unmatched,unmatched,0.9999091792132103,,0,Q1,0,limited_source_metadata,2024
Clay Labs Inc.,clay,1,capitaliq_post_money_ge_1b,2025-06-13,2025-06-13,Clay Labs Inc.,positive_self,0,2025,Post-2021,3,1,2,14910000.0,16.51754275381,12300000.0,16.325109901643454,616000.0,329380000.0,6,5,7.994524298425736,1459,2021-06-15,Enterprise Software,North America,United States,-1,0,exact_unique,unicorn_current,0.6184028940200078,,3+,Q4,7+,round_history_only,2025-2026
"Code Metal, Inc.",codemetal,1,capitaliq_post_money_ge_1b,2026-02-19,2026-02-19,"Code Metal, Inc.",positive_self,0,2026,Post-2021,1,1,1,36500000.0,17.41282284594998,36500000.0,17.41282284594998,216900000.0,216900000.0,6,6,0.271047227926078,99,2025-11-12,Unknown,Unknown,,-1,0,unmatched,unmatched,0.5622473650247635,,1,Q4,0-1,round_history_only,2025-2026
"COFCO Futures Co., Ltd.",cofcofutures,1,capitaliq_post_money_ge_1b,2025-01-02,2025-01-02,"COFCO Futures Co., Ltd.",positive_self,0,2025,Post-2021,0,0,0,0.0,0.0,0.0,0.0,0.0,0.0,0,0,0.0,-1,,Unknown,Unknown,,-1,0,unmatched,unmatched,0.9999091792132103,,0,Q1,0,limited_source_metadata,2025-2026
"Cognition AI, Inc.",cognitionai,1,capitaliq_post_money_ge_1b,2025-08-14,2025-08-14,"Cognition AI, Inc.",positive_self,0,2025,Post-2021,0,0,0,0.0,0.0,0.0,0.0,0.0,0.0,0,0,0.0,-1,,Unknown,Unknown,,-1,0,unmatched,unmatched,0.9999091792132103,,0,Q1,0,limited_source_metadata,2025-2026
"Colony Labs, Inc.",colony,1,capitaliq_post_money_ge_1b,2025-11-10,2025-11-10,"Colony Labs, Inc.",positive_self,0,2025,Post-2021,0,0,0,0.0,0.0,0.0,0.0,0.0,0.0,0,0,0.0,-1,,Unknown,Unknown,,-1,0,unmatched,unmatched,0.9999091792132103,,0,Q1,0,limited_source_metadata,2025-2026
Colossal Biosciences Inc.,colossalbiosciences,1,capitaliq_post_money_ge_1b,2025-09-17,2025-09-17,Colossal Biosciences Inc.,positive_self,0,2025,Post-2021,2,1,2,83470000.0,18.23999785580727,65430000.00000001,17.99649144212943,146850000.0,146850000.0,17,12,4.010951403148528,1104,2022-09-09,Unknown,Unknown,,-1,0,unmatched,unmatched,0.649169675275629,,2,Q4,3-7,round_history_only,2025-2026
"Labs Companies, Inc.",companies,1,capitaliq_post_money_ge_1b,2025-04-18,2025-04-18,"Labs Companies, Inc.",positive_self,0,2025,Post-2021,0,0,0,0.0,0.0,0.0,0.0,0.0,0.0,0,0,0.0,-1,,Unknown,Unknown,,-1,0,unmatched,unmatched,0.9999091792132103,,0,Q1,0,limited_source_metadata,2025-2026
"CompanyCam, Inc.",companycam,1,capitaliq_post_money_ge_1b,2025-08-21,2025-08-21,"CompanyCam, Inc.",positive_self,0,2025,Post-2021,1,1,1,6000000.0,15.607270193858982,6000000.0,15.607270193858982,39720000.0,39720000.0,1,1,5.144421629021219,1879,2020-06-29,Unknown,Unknown,,-1,0,unmatched,unmatched,0.3280478737560408,,1,Q3,3-7,round_history_only,2025-2026
Concordance Inc.,concordance,1,capitaliq_post_money_ge_1b,2025-11-25,2025-11-25,Concordance Inc.,positive_self,0,2025,Post-2021,1,1,1,100000000.0,18.420680753952364,100000000.0,18.420680753952364,900000000.0,900000000.0,6,6,0.3805612594113621,139,2025-07-09,Unknown,Unknown,,-1,0,unmatched,unmatched,0.9407428567331125,,1,Q4,0-1,round_history_only,2025-2026
Coralogix inc.,coralogix,1,capitaliq_post_money_ge_1b,2026-06-03,2026-06-03,Coralogix inc.,positive_self,0,2026,Post-2021,0,0,0,0.0,0.0,0.0,0.0,0.0,0.0,0,0,0.0,-1,,Enterprise Software,Asia,Israel,-1,0,exact_unique,unicorn_current,0.9999655172413793,,0,Q1,0,limited_source_metadata,2025-2026
"CoreWeave, Inc. (NasdaqGS:CRWV)",coreweavenasdaqgscrwv,1,capitaliq_post_money_ge_1b,2024-05-30,2024-05-30,"CoreWeave, Inc. (NasdaqGS:CRWV)",positive_self,0,2024,Post-2021,0,0,0,0.0,0.0,0.0,0.0,0.0,0.0,0,0,0.0,-1,,Unknown,Unknown,,-1,0,unmatched,unmatched,0.9999091792132103,,0,Q1,0,limited_source_metadata,2024
"Corgi Insurance Services, Inc.",corgiinsuranceservices,1,capitaliq_post_money_ge_1b,2026-05-28,2026-05-28,"Corgi Insurance Services, Inc.",positive_self,0,2026,Post-2021,1,1,1,108560000.0,18.502813582702384,108560000.0,18.502813582702384,630000000.0,630000000.0,13,13,0.1505817932922655,55,2026-04-03,Unknown,Unknown,,-1,0,unmatched,unmatched,0.20729283496061565,,1,Q4,0-1,round_history_only,2025-2026
Cover Genius Pty Ltd,covergeniuspty,1,capitaliq_post_money_ge_1b,2026-07-14,2026-07-14,Cover Genius Pty Ltd,positive_self,0,2026,Post-2021,0,0,0,0.0,0.0,0.0,0.0,0.0,0.0,0,0,0.0,-1,,Unknown,Unknown,,-1,0,unmatched,unmatched,0.9999091792132103,,0,Q1,0,limited_source_metadata,2025-2026
Cowboy Space Corporation,cowboyspace,1,capitaliq_post_money_ge_1b,2026-05-21,2026-05-21,Cowboy Space Corporation,positive_self,0,2026,Post-2021,1,1,1,10000000.0,16.118095750958314,10000000.0,16.118095750958314,10000000.0,10000000.0,0,0,1.6125941136208075,589,2024-10-09,Hardware & Industrials,North America,United States,-1,0,exact_unique,unicorn_current,0.18976549657411132,,1,Q3,1-3,round_history_only,2025-2026
Creatio Inc.,creatio,1,capitaliq_post_money_ge_1b,2024-06-26,2024-06-26,Creatio Inc.,positive_self,0,2024,Post-2021,0,0,0,0.0,0.0,0.0,0.0,0.0,0.0,0,0,0.0,-1,,Enterprise Software,North America,United States,-1,0,exact_unique,unicorn_current,0.9999655172413793,,0,Q1,0,limited_source_metadata,2024
Credila Financial Services Limited,credilafinancialservices,1,capitaliq_post_money_ge_1b,2024-06-30,2024-06-30,Credila Financial Services Limited,positive_self,0,2024,Post-2021,0,0,0,0.0,0.0,0.0,0.0,0.0,0.0,0,0,0.0,-1,,Unknown,Unknown,,-1,0,unmatched,unmatched,0.9999091792132103,,0,Q1,0,limited_source_metadata,2024
"Crypto.Com, Inc.",cryptocom,1,capitaliq_post_money_ge_1b,2026-07-16,2026-07-16,"Crypto.Com, Inc.",positive_self,0,2026,Post-2021,0,0,0,0.0,0.0,0.0,0.0,0.0,0.0,0,0,0.0,-1,,Unknown,Unknown,,-1,0,unmatched,unmatched,0.9999091792132103,,0,Q1,0,limited_source_metadata,2025-2026
Cusp AI Limited,cuspai,1,capitaliq_post_money_ge_1b,2026-07-20,2026-07-20,Cusp AI Limited,positive_self,0,2026,Post-2021,1,1,1,99220000.0,18.41285017491579,99220000.0,18.41285017491579,697260000.0,697260000.0,13,13,0.9390828199863108,343,2025-08-11,Unknown,Unknown,,-1,0,unmatched,unmatched,0.9411071833854685,,1,Q4,0-1,round_history_only,2025-2026
Cyera Inc.,cyera,1,capitaliq_post_money_ge_1b,2024-04-09,2024-04-09,Cyera Inc.,positive_self,0,2024,Post-2021,1,1,1,100000000.0,18.420680753952364,100000000.0,18.420680753952364,500000000.0,500000000.0,4,4,0.785763175906913,287,2023-06-27,Enterprise Software,North America,United States,-1,0,exact_unique,unicorn_current,0.9663839296692557,,1,Q4,0-1,round_history_only,2024
"DailyPay, LLC",dailypay,1,capitaliq_post_money_ge_1b,2024-01-18,2024-01-18,"DailyPay, LLC",positive_self,0,2024,Post-2021,3,1,3,15110000.0,16.530867400430257,9090000.0,16.02268557616466,23180000.0,23180000.0,4,4,7.425051334702259,2163,2018-02-15,Fintech,North America,United States,2016,1,exact_unique,unicorn_current,0.8721644265273288,2015-18,3+,Q4,7+,round+founding+master,2024
Dangote Petroleum Refinery & Petrochemicals Fze,dangotepetroleumrefinerypetrochemicalsfze,1,capitaliq_post_money_ge_1b,2026-07-23,2026-07-23,Dangote Petroleum Refinery & Petrochemicals Fze,positive_self,0,2026,Post-2021,0,0,0,0.0,0.0,0.0,0.0,0.0,0.0,0,0,0.0,-1,,Unknown,Unknown,,-1,0,unmatched,unmatched,0.9999091792132103,,0,Q1,0,limited_source_metadata,2025-2026
"DataDirect Networks, Inc.",datadirectnetworks,1,capitaliq_post_money_ge_1b,2025-01-06,2025-01-06,"DataDirect Networks, Inc.",positive_self,0,2025,Post-2021,0,0,0,0.0,0.0,0.0,0.0,0.0,0.0,0,0,0.0,-1,,Unknown,Unknown,,-1,0,unmatched,unmatched,0.9999091792132103,,0,Q1,0,limited_source_metadata,2025-2026
"DaZheng (Jiangsu) Micro Nano Technology Co., Ltd.",dazhengjiangsumicronano,1,capitaliq_post_money_ge_1b,2026-07-04,2026-07-04,"DaZheng (Jiangsu) Micro Nano Technology Co., Ltd.",positive_self,0,2026,Post-2021,0,0,0,0.0,0.0,0.0,0.0,0.0,0.0,0,0,0.0,-1,,Unknown,Unknown,,-1,0,unmatched,unmatched,0.9999091792132103,,0,Q1,0,limited_source_metadata,2025-2026
"Decagon AI, Inc.",decagonai,1,capitaliq_post_money_ge_1b,2026-01-28,2026-01-28,"Decagon AI, Inc.",positive_self,0,2026,Post-2021,0,0,0,0.0,0.0,0.0,0.0,0.0,0.0,0,0,0.0,-1,,Unknown,Unknown,,-1,0,unmatched,unmatched,0.9999091792132103,,0,Q1,0,limited_source_metadata,2025-2026
Decart AI Ltd,decartai,1,capitaliq_post_money_ge_1b,2025-08-07,2025-08-07,Decart AI Ltd,positive_self,0,2025,Post-2021,2,1,2,53000000.0,17.78580249038432,32000000.0,17.281246492014,500000000.0,500000000.0,3,3,0.7665982203969883,231,2024-12-19,Unknown,Unknown,,-1,0,unmatched,unmatched,0.9668759913099115,,2,Q4,0-1,round_history_only,2025-2026
"Deepal Automobile Technology Co., Ltd.",deepalautomobile,1,capitaliq_post_money_ge_1b,2025-12-25,2025-12-25,"Deepal Automobile Technology Co., Ltd.",positive_self,0,2025,Post-2021,0,0,0,0.0,0.0,0.0,0.0,0.0,0.0,0,0,0.0,-1,,Unknown,Unknown,,-1,0,unmatched,unmatched,0.9999091792132103,,0,Q1,0,limited_source_metadata,2025-2026
"Deepgram, Inc.",deepgram,1,capitaliq_post_money_ge_1b,2026-01-13,2026-01-13,"Deepgram, Inc.",positive_self,0,2026,Post-2021,3,1,3,119560000.0,18.599328903744013,72000000.0,18.09217669086922,263020000.0,263020000.0,7,6,9.80971937029432,1134,2022-12-06,AI & Data,North America,United States,-1,0,exact_unique,unicorn_current,0.8016610807499893,,3+,Q4,7+,round_history_only,2025-2026
DeepL SE,deeplse,1,capitaliq_post_money_ge_1b,2024-05-22,2024-05-22,DeepL SE,positive_self,0,2024,Post-2021,1,1,0,0.0,0.0,0.0,0.0,991120000.0,991120000.0,3,3,1.51129363449692,552,2022-11-17,Unknown,Unknown,,-1,0,unmatched,unmatched,0.9289521995674133,,1,Q1,1-3,round_history_only,2024
DevRev Inc.,devrev,1,capitaliq_post_money_ge_1b,2024-07-25,2024-07-25,DevRev Inc.,positive_self,0,2024,Post-2021,0,0,0,0.0,0.0,0.0,0.0,0.0,0.0,0,0,0.0,-1,,Enterprise Software,North America,United States,-1,0,exact_unique,unicorn_current,0.9999655172413793,,0,Q1,0,limited_source_metadata,2024
"DexForce Technology Co., Ltd.",dexforce,1,capitaliq_post_money_ge_1b,2026-06-30,2026-06-30,"DexForce Technology Co., Ltd.",positive_self,0,2026,Post-2021,0,0,0,0.0,0.0,0.0,0.0,0.0,0.0,0,0,0.0,-1,,Unknown,Unknown,,-1,0,unmatched,unmatched,0.9999091792132103,,0,Q1,0,limited_source_metadata,2025-2026
"Dexterity, Inc.",dexterity,1,capitaliq_post_money_ge_1b,2025-03-11,2025-03-11,"Dexterity, Inc.",positive_self,0,2025,Post-2021,1,1,1,8150000.0,15.913528607916424,8150000.0,15.913528607916424,9150000.0,9150000.0,1,1,7.19233401779603,2627,2017-12-31,Hardware & Industrials,North America,United States,-1,0,exact_unique,unicorn_current,0.35184222303370055,,1,Q3,7+,round_history_only,2025-2026
DigitalLand Holdings Limited,digitalland,1,capitaliq_post_money_ge_1b,2024-12-31,2024-12-31,DigitalLand Holdings Limited,positive_self,0,2024,Post-2021,0,0,0,0.0,0.0,0.0,0.0,0.0,0.0,0,0,0.0,-1,,Unknown,Unknown,,-1,0,unmatched,unmatched,0.9999091792132103,,0,Q1,0,limited_source_metadata,2024
"Distyl AI, Inc.",distylai,1,capitaliq_post_money_ge_1b,2025-09-22,2025-09-22,"Distyl AI, Inc.",positive_self,0,2025,Post-2021,0,0,0,0.0,0.0,0.0,0.0,0.0,0.0,0,0,0.0,-1,,Enterprise Software,North America,United States,-1,0,exact_unique,unicorn_current,0.9999655172413793,,0,Q1,0,limited_source_metadata,2025-2026
Divergent Technologies Inc.,divergent,1,capitaliq_post_money_ge_1b,2025-09-15,2025-09-15,Divergent Technologies Inc.,positive_self,0,2025,Post-2021,1,1,1,22500000.0,16.929025911619092,22500000.0,16.929025911619092,270650000.0,270650000.0,2,2,8.706365503080082,3180,2016-12-31,Unknown,Unknown,,-1,0,unmatched,unmatched,0.6887207773599948,,1,Q4,7+,round_history_only,2025-2026
"d-Matrix, Inc.",dmatrix,1,capitaliq_post_money_ge_1b,2025-11-12,2025-11-12,"d-Matrix, Inc.",positive_self,0,2025,Post-2021,0,0,0,0.0,0.0,0.0,0.0,0.0,0.0,0,0,0.0,-1,,Enterprise Software,North America,United States,-1,0,exact_unique,unicorn_current,0.9999655172413793,,0,Q1,0,limited_source_metadata,2025-2026
DMI Finance Private Limited,dmifinanceprivate,1,capitaliq_post_money_ge_1b,2024-08-22,2024-08-22,DMI Finance Private Limited,positive_self,0,2024,Post-2021,0,0,0,0.0,0.0,0.0,0.0,0.0,0.0,0,0,0.0,-1,,Unknown,Unknown,,-1,0,unmatched,unmatched,0.9999091792132103,,0,Q1,0,limited_source_metadata,2024
DNEG S.à r.l.,dnegsarl,1,capitaliq_post_money_ge_1b,2025-03-31,2025-03-31,DNEG S.à r.l.,positive_self,0,2025,Post-2021,0,0,0,0.0,0.0,0.0,0.0,0.0,0.0,0,0,0.0,-1,,Unknown,Unknown,,-1,0,unmatched,unmatched,0.9999091792132103,,0,Q1,0,limited_source_metadata,2025-2026
Dream Security Ltd.,dreamsecurity,1,capitaliq_post_money_ge_1b,2025-02-17,2025-02-17,Dream Security Ltd.,positive_self,0,2025,Post-2021,1,1,1,35000000.0,17.370858648025116,35000000.0,17.370858648025116,200000000.0,200000000.0,2,2,1.242984257357974,454,2023-11-21,Enterprise Software,Asia,Israel,-1,0,exact_unique,unicorn_current,0.7620379969823369,,1,Q4,1-3,round_history_only,2025-2026
DriveNets Ltd.,drivenets,1,capitaliq_post_money_ge_1b,2026-06-01,2026-06-01,DriveNets Ltd.,positive_self,0,2026,Post-2021,0,0,0,0.0,0.0,0.0,0.0,0.0,0.0,0,0,0.0,-1,,Enterprise Software,Asia,Israel,2015,1,exact_unique,unicorn_current,0.9999655172413793,2015-18,0,Q1,0,limited_source_metadata,2025-2026
eGym GmbH,egymgmbh,1,capitaliq_post_money_ge_1b,2024-09-24,2024-09-24,eGym GmbH,positive_self,0,2024,Post-2021,0,0,0,0.0,0.0,0.0,0.0,0.0,0.0,0,0,0.0,-1,,Unknown,Unknown,,-1,0,unmatched,unmatched,0.9999091792132103,,0,Q1,0,limited_source_metadata,2024
"Eight Sleep, Inc.",eightsleep,1,capitaliq_post_money_ge_1b,2026-03-04,2026-03-04,"Eight Sleep, Inc.",positive_self,0,2026,Post-2021,3,1,3,51400000.0,17.755148749880647,40830000.0,17.524927687787553,169930000.0,169930000.0,6,5,10.543463381245722,2340,2019-10-07,Other / Unknown,Unknown,,-1,0,exact_unique,control_accelerator,0.5993787997361527,,3+,Q4,7+,round_history_only,2025-2026
Einride AB (NasdaqGM:ENRD),einrideabnasdaqgmenrd,1,capitaliq_post_money_ge_1b,2026-02-26,2026-02-26,Einride AB (NasdaqGM:ENRD),positive_self,0,2026,Post-2021,0,0,0,0.0,0.0,0.0,0.0,0.0,0.0,0,0,0.0,-1,,Unknown,Unknown,,-1,0,unmatched,unmatched,0.9999091792132103,,0,Q1,0,limited_source_metadata,2025-2026
Element Labs Ltd.,element,1,capitaliq_post_money_ge_1b,2026-06-29,2026-06-29,Element Labs Ltd.,positive_self,0,2026,Post-2021,1,1,1,50000000.0,17.72753358339242,50000000.0,17.72753358339242,500000000.0,500000000.0,2,2,1.2073921971252566,441,2025-04-14,Enterprise Software,Asia,Israel,-1,0,exact_unique,unicorn_current,0.9288654781906655,,1,Q4,1-3,round_history_only,2025-2026
"Element Biosciences, Inc.",elementbiosciences,1,capitaliq_post_money_ge_1b,2024-07-11,2024-07-11,"Element Biosciences, Inc.",positive_self,0,2024,Post-2021,2,1,2,125300000.0,18.64622142784714,110300000.0,18.518714493289917,239720000.0,239720000.0,4,4,5.065023956194388,1645,2020-01-09,Unknown,Unknown,,-1,0,unmatched,unmatched,0.8225734245897931,,2,Q4,3-7,round_history_only,2024
Eleven Labs Inc.,eleven,1,capitaliq_post_money_ge_1b,2026-02-04,2026-02-04,Eleven Labs Inc.,positive_self,0,2026,Post-2021,1,1,1,23340000.0,16.965679227667586,23340000.0,16.965679227667586,44350000.0,44350000.0,1,1,7.679671457905544,2805,2018-06-01,Unknown,Unknown,,-1,0,unmatched,unmatched,0.4786959916675825,,1,Q4,7+,round_history_only,2025-2026
Elise A.I. Technologies Corp.,eliseai,1,capitaliq_post_money_ge_1b,2025-08-20,2025-08-20,Elise A.I. Technologies Corp.,positive_self,0,2025,Post-2021,2,1,2,8460000.0,15.950859849785708,6530000.0,15.69191765439196,20220000.0,20220000.0,7,7,6.414784394250513,1938,2020-04-30,Enterprise Software,North America,United States,-1,0,exact_unique,unicorn_current,0.34580207685239694,,2,Q3,3-7,round_history_only,2025-2026
"Elliot Technologies, Inc.",elliot,1,capitaliq_post_money_ge_1b,2025-11-11,2025-11-11,"Elliot Technologies, Inc.",positive_self,0,2025,Post-2021,1,1,1,895000.0,13.704580114574805,895000.0,13.704580114574805,895000.0,895000.0,0,0,8.375085557837098,3059,2017-06-27,Unknown,Unknown,,-1,0,unmatched,unmatched,0.18920191670344558,,1,Q2,7+,round_history_only,2025-2026
"eMed, LLC",emed,1,capitaliq_post_money_ge_1b,2026-03-26,2026-03-26,"eMed, LLC",positive_self,0,2026,Post-2021,0,0,0,0.0,0.0,0.0,0.0,0.0,0.0,0,0,0.0,-1,,Health & Bio,North America,United States,-1,0,exact_unique,unicorn_current,0.9999655172413793,,0,Q1,0,limited_source_metadata,2025-2026
Emergent Labs Inc.,emergent,1,capitaliq_post_money_ge_1b,2026-07-15,2026-07-15,Emergent Labs Inc.,positive_self,0,2026,Post-2021,1,1,1,70000000.0,18.064005814299342,70000000.0,18.064005814299342,300000000.0,300000000.0,7,7,0.4818617385352498,176,2026-01-20,Media & Entertainment,North America,United States,-1,0,exact_unique,control_funded,0.8601391670931476,,1,Q4,0-1,round_history_only,2025-2026
Eni Plenitude S.P.A. Societa' Benefit,eniplenitudespasocietabenefit,1,capitaliq_post_money_ge_1b,2024-03-08,2024-03-08,Eni Plenitude S.P.A. Societa' Benefit,positive_self,0,2024,Post-2021,0,0,0,0.0,0.0,0.0,0.0,0.0,0.0,0,0,0.0,-1,,Unknown,Unknown,,-1,0,unmatched,unmatched,0.9999091792132103,,0,Q1,0,limited_source_metadata,2024
"ENN Fusion Energy Technology Co., Ltd.",ennfusionenergy,1,capitaliq_post_money_ge_1b,2026-07-10,2026-07-10,"ENN Fusion Energy Technology Co., Ltd.",positive_self,0,2026,Post-2021,0,0,0,0.0,0.0,0.0,0.0,0.0,0.0,0,0,0.0,-1,,Unknown,Unknown,,-1,0,unmatched,unmatched,0.9999091792132103,,0,Q1,0,limited_source_metadata,2025-2026
"Entrata, Inc.",entrata,1,capitaliq_post_money_ge_1b,2025-05-15,2025-05-15,"Entrata, Inc.",positive_self,0,2025,Post-2021,0,0,0,0.0,0.0,0.0,0.0,0.0,0.0,0,0,0.0,-1,,Unknown,Unknown,,-1,0,unmatched,unmatched,0.9999091792132103,,0,Q1,0,limited_source_metadata,2025-2026
Entrepreneur First Operations Limited,entrepreneurfirstoperations,1,capitaliq_post_money_ge_1b,2026-03-11,2026-03-11,Entrepreneur First Operations Limited,positive_self,0,2026,Post-2021,1,1,1,158000000.0,18.87810559732036,158000000.0,18.87810559732036,560000000.0,560000000.0,4,4,3.701574264202601,1352,2022-06-28,Unknown,Unknown,,-1,0,unmatched,unmatched,0.9525005636444802,,1,Q4,3-7,round_history_only,2025-2026
"Eon.io, Inc.",eonio,1,capitaliq_post_money_ge_1b,2024-11-26,2024-11-26,"Eon.io, Inc.",positive_self,0,2024,Post-2021,1,1,1,77000000.0,18.15931599280497,77000000.0,18.15931599280497,750000000.0,750000000.0,2,2,0.1533196440793976,56,2024-10-01,Unknown,Unknown,,-1,0,unmatched,unmatched,0.16440425995274754,,1,Q4,0-1,round_history_only,2024
"Epiworld International Co., Ltd. (SEHK:2726)",epiworldinternationalsehk2726,1,capitaliq_post_money_ge_1b,2024-12-31,2024-12-31,"Epiworld International Co., Ltd. (SEHK:2726)",positive_self,0,2024,Post-2021,0,0,0,0.0,0.0,0.0,0.0,0.0,0.0,0,0,0.0,-1,,Unknown,Unknown,,-1,0,unmatched,unmatched,0.9999091792132103,,0,Q1,0,limited_source_metadata,2024
"Erebor Bank, National Association",ereborbanknationalassociation,1,capitaliq_post_money_ge_1b,2025-12-22,2025-12-22,"Erebor Bank, National Association",positive_self,0,2025,Post-2021,0,0,0,0.0,0.0,0.0,0.0,0.0,0.0,0,0,0.0,-1,,Unknown,Unknown,,-1,0,unmatched,unmatched,0.9999091792132103,,0,Q1,0,limited_source_metadata,2025-2026
Eros Innovation Technologies Ltd,erosinnovation,1,capitaliq_post_money_ge_1b,2025-11-20,2025-11-20,Eros Innovation Technologies Ltd,positive_self,0,2025,Post-2021,0,0,0,0.0,0.0,0.0,0.0,0.0,0.0,0,0,0.0,-1,,Unknown,Unknown,,-1,0,unmatched,unmatched,0.9999091792132103,,0,Q1,0,limited_source_metadata,2025-2026
"Essex Labs, Inc.",essex,1,capitaliq_post_money_ge_1b,2026-02-24,2026-02-24,"Essex Labs, Inc.",positive_self,0,2026,Post-2021,0,0,0,0.0,0.0,0.0,0.0,0.0,0.0,0,0,0.0,-1,,Unknown,Unknown,,-1,0,unmatched,unmatched,0.9999091792132103,,0,Q1,0,limited_source_metadata,2025-2026
"Esusu, Inc.",esusu,1,capitaliq_post_money_ge_1b,2025-12-11,2025-12-11,"Esusu, Inc.",positive_self,0,2025,Post-2021,0,0,0,0.0,0.0,0.0,0.0,0.0,0.0,0,0,0.0,-1,,Fintech,North America,United States,2015,1,exact_unique,unicorn_current,0.9999655172413793,2015-18,0,Q1,0,limited_source_metadata,2025-2026
"Etched.ai, Inc.",etchedai,1,capitaliq_post_money_ge_1b,2026-01-13,2026-01-13,"Etched.ai, Inc.",positive_self,0,2026,Post-2021,1,1,1,5360000.0,15.494474719614132,5360000.0,15.494474719614132,34000000.0,34000000.0,1,1,2.6639288158795345,973,2023-05-16,Unknown,Unknown,,-1,0,unmatched,unmatched,0.25614682372162484,,1,Q3,1-3,round_history_only,2025-2026
European Energy A/S,europeanenergyas,1,capitaliq_post_money_ge_1b,2024-04-16,2024-04-16,European Energy A/S,positive_self,0,2024,Post-2021,0,0,0,0.0,0.0,0.0,0.0,0.0,0.0,0,0,0.0,-1,,Unknown,Unknown,,-1,0,unmatched,unmatched,0.9999091792132103,,0,Q1,0,limited_source_metadata,2024
EvenUp Inc.,evenup,1,capitaliq_post_money_ge_1b,2025-10-07,2025-10-07,EvenUp Inc.,positive_self,0,2025,Post-2021,0,0,0,0.0,0.0,0.0,0.0,0.0,0.0,0,0,0.0,-1,,Enterprise Software,North America,United States,-1,0,exact_unique,unicorn_current,0.9999655172413793,,0,Q1,0,limited_source_metadata,2025-2026
"Everyday Software, S.L.",everydaysoftwaresl,1,capitaliq_post_money_ge_1b,2026-06-03,2026-06-03,"Everyday Software, S.L.",positive_self,0,2026,Post-2021,2,1,2,199800000.0,19.11282742918373,119590000.0,18.59957979230689,972290000.0,972290000.0,10,7,4.741957563312799,1331,2022-10-11,Unknown,Unknown,,-1,0,unmatched,unmatched,0.9606362401345421,,2,Q4,3-7,round_history_only,2025-2026
"Exa Labs, Inc.",exa,1,capitaliq_post_money_ge_1b,2026-05-20,2026-05-20,"Exa Labs, Inc.",positive_self,0,2026,Post-2021,1,1,1,85000000.0,18.258161826219297,85000000.0,18.258161826219297,700000000.0,700000000.0,4,4,0.7091033538672142,259,2025-09-03,Enterprise Software,North America,United States,-1,0,exact_unique,unicorn_current,0.9586275106133757,,1,Q4,0-1,round_history_only,2025-2026
"Exafunction, Inc.",exafunction,1,capitaliq_post_money_ge_1b,2024-08-29,2024-08-29,"Exafunction, Inc.",positive_self,0,2024,Post-2021,1,1,1,65000000.0,17.989897843244528,65000000.0,17.989897843244528,500000000.0,500000000.0,3,3,0.5804243668720055,212,2024-01-30,Unknown,Unknown,,-1,0,unmatched,unmatched,0.9357860666765616,,1,Q4,0-1,round_history_only,2024
Exohood Labs Limited,exohood,1,capitaliq_post_money_ge_1b,2024-02-21,2024-02-21,Exohood Labs Limited,positive_self,0,2024,Post-2021,0,0,0,0.0,0.0,0.0,0.0,0.0,0.0,0,0,0.0,-1,,Unknown,Unknown,,-1,0,unmatched,unmatched,0.9999091792132103,,0,Q1,0,limited_source_metadata,2024
"fal - Features & Labels, Inc.",falfeatureslabels,1,capitaliq_post_money_ge_1b,2025-07-31,2025-07-31,"fal - Features & Labels, Inc.",positive_self,0,2025,Post-2021,2,1,2,23000000.0,16.951004817371683,14000000.0,16.454567959008102,9550000.0,29820000.0,3,2,0.865160848733744,316,2024-09-18,Unknown,Unknown,,-1,0,unmatched,unmatched,0.1489441701670681,,2,Q4,0-1,round_history_only,2025-2026
"FAW Bestune Automobile Co., Ltd.",fawbestuneautomobile,1,capitaliq_post_money_ge_1b,2025-09-06,2025-09-06,"FAW Bestune Automobile Co., Ltd.",positive_self,0,2025,Post-2021,0,0,0,0.0,0.0,0.0,0.0,0.0,0.0,0,0,0.0,-1,,Unknown,Unknown,,-1,0,unmatched,unmatched,0.9999091792132103,,0,Q1,0,limited_source_metadata,2025-2026
Fervo Energy Company (NasdaqGS:FRVO),fervoenergynasdaqgsfrvo,1,capitaliq_post_money_ge_1b,2024-12-19,2024-12-19,Fervo Energy Company (NasdaqGS:FRVO),positive_self,0,2024,Post-2021,3,1,3,410630000.0,19.83320312612442,244000000.0,19.31267878735584,531430000.0,531430000.0,18,12,3.6386036960985626,294,2024-02-29,Unknown,Unknown,,-1,0,unmatched,unmatched,0.9492215211541521,,3+,Q4,3-7,round_history_only,2024
"Field AI, Inc.",fieldai,1,capitaliq_post_money_ge_1b,2025-08-20,2025-08-20,"Field AI, Inc.",positive_self,0,2025,Post-2021,1,1,1,91000000.0,18.32637007547013,91000000.0,18.32637007547013,491000000.0,491000000.0,11,11,0.6351813826146475,232,2024-12-31,Enterprise Software,North America,United States,-1,0,exact_unique,unicorn_current,0.9487670166818161,,1,Q4,0-1,round_history_only,2025-2026
FIGURE AI INC.,figureai,1,capitaliq_post_money_ge_1b,2024-02-25,2024-02-25,FIGURE AI INC.,positive_self,0,2024,Post-2021,0,0,0,0.0,0.0,0.0,0.0,0.0,0.0,0,0,0.0,-1,,Unknown,Unknown,,-1,0,unmatched,unmatched,0.9999091792132103,,0,Q1,0,limited_source_metadata,2024
FINN GmbH,finngmbh,1,capitaliq_post_money_ge_1b,2026-06-09,2026-06-09,FINN GmbH,positive_self,0,2026,Post-2021,2,1,2,219480000.0,19.206771674711277,110000000.0,18.5159909328476,608040000.0,608040000.0,13,12,4.041067761806982,880,2024-01-11,Unknown,Unknown,,-1,0,unmatched,unmatched,0.9563354794587479,,2,Q4,3-7,round_history_only,2025-2026
Finnovation Tech Solutions Private Limited,finnovationtechsolutionsprivate,1,capitaliq_post_money_ge_1b,2026-04-08,2026-04-08,Finnovation Tech Solutions Private Limited,positive_self,0,2026,Post-2021,0,0,0,0.0,0.0,0.0,0.0,0.0,0.0,0,0,0.0,-1,,Unknown,Unknown,,-1,0,unmatched,unmatched,0.9999091792132103,,0,Q1,0,limited_source_metadata,2025-2026
"Fireworks.ai, Inc.",fireworksai,1,capitaliq_post_money_ge_1b,2025-10-28,2025-10-28,"Fireworks.ai, Inc.",positive_self,0,2025,Post-2021,1,1,1,52000000.0,17.76675429577647,52000000.0,17.76675429577647,552000000.0,552000000.0,6,6,1.3059548254620124,477,2024-07-08,Unknown,Unknown,,-1,0,unmatched,unmatched,0.9676286987018226,,1,Q4,1-3,round_history_only,2025-2026
Firmus Grid Pty Ltd,firmusgridpty,1,capitaliq_post_money_ge_1b,2025-09-16,2025-09-16,Firmus Grid Pty Ltd,positive_self,0,2025,Post-2021,0,0,0,0.0,0.0,0.0,0.0,0.0,0.0,0,0,0.0,-1,,Unknown,Unknown,,-1,0,unmatched,unmatched,0.9999091792132103,,0,Q1,0,limited_source_metadata,2025-2026
Flatpay ApS,flatpayaps,1,capitaliq_post_money_ge_1b,2025-11-16,2025-11-16,Flatpay ApS,positive_self,0,2025,Post-2021,1,1,1,47830000.0,17.683163636563858,47830000.0,17.683163636563858,100000000.0,100000000.0,2,2,1.5852156057494866,579,2024-04-16,Unknown,Unknown,,-1,0,unmatched,unmatched,0.6297497097879775,,1,Q4,1-3,round_history_only,2025-2026
"Flexbase Technologies, Inc.",flexbase,1,capitaliq_post_money_ge_1b,2026-07-14,2026-07-14,"Flexbase Technologies, Inc.",positive_self,0,2026,Post-2021,2,1,2,285000000.0,19.467999741741696,225000000.0,19.23161096461314,500000000.0,500000000.0,12,11,1.3579739904175223,222,2025-12-04,Unknown,Unknown,,-1,0,unmatched,unmatched,0.966892009425625,,2,Q4,1-3,round_history_only,2025-2026
"Flexjet, LLC",flexjet,1,capitaliq_post_money_ge_1b,2025-07-21,2025-07-21,"Flexjet, LLC",positive_self,0,2025,Post-2021,0,0,0,0.0,0.0,0.0,0.0,0.0,0.0,0,0,0.0,-1,,Unknown,Unknown,,-1,0,unmatched,unmatched,0.9999091792132103,,0,Q1,0,limited_source_metadata,2025-2026
Flourish Inc.,flourish,1,capitaliq_post_money_ge_1b,2026-06-04,2026-06-04,Flourish Inc.,positive_self,0,2026,Post-2021,0,0,0,0.0,0.0,0.0,0.0,0.0,0.0,0,0,0.0,-1,,Other / Unknown,North America,United States,-1,0,exact_unique,control_accelerator,0.9999655172413793,,0,Q1,0,limited_source_metadata,2025-2026
Flow,flow,1,capitaliq_post_money_ge_1b,2025-04-24,2025-04-24,Flow,positive_self,0,2025,Post-2021,1,1,1,5000000.0,15.424948670398354,5000000.0,15.424948670398354,11700000.0,11700000.0,4,4,6.535249828884326,2387,2018-10-11,Fintech,North America,United States,-1,0,exact_unique,unicorn_current,0.33487139116620546,,1,Q3,3-7,round_history_only,2025-2026
FLUIDSTACK LTD,fluidstack,1,capitaliq_post_money_ge_1b,2026-05-12,2026-05-12,FLUIDSTACK LTD,positive_self,0,2026,Post-2021,0,0,0,0.0,0.0,0.0,0.0,0.0,0.0,0,0,0.0,-1,,Unknown,Unknown,,-1,0,unmatched,unmatched,0.9999091792132103,,0,Q1,0,limited_source_metadata,2025-2026
Flutterwave Incorporated,flutterwave,1,capitaliq_post_money_ge_1b,2026-06-16,2026-06-16,Flutterwave Incorporated,positive_self,0,2026,Post-2021,2,1,2,40250000.0,17.510620586673568,40130000.0,17.507634767162113,198050000.0,198050000.0,8,7,9.81245722108145,1951,2021-02-11,Fintech,North America,United States,2016,1,exact_unique,unicorn_current,0.7194466596714825,2015-18,2,Q4,7+,round+founding+master,2025-2026
"Form Energy, Inc.",formenergy,1,capitaliq_post_money_ge_1b,2024-10-09,2024-10-09,"Form Energy, Inc.",positive_self,0,2024,Post-2021,1,1,1,2000000.0,14.508658238524095,2000000.0,14.508658238524095,16860000.0,16860000.0,0,0,7.055441478439425,2577,2017-09-19,Unknown,Unknown,,-1,0,unmatched,unmatched,0.2110116869463079,,1,Q2,7+,round_history_only,2024
"Framer, Inc.",framer,1,capitaliq_post_money_ge_1b,2025-08-27,2025-08-27,"Framer, Inc.",positive_self,0,2025,Post-2021,1,1,1,1350000.0,14.11561589115508,1350000.0,14.11561589115508,1350000.0,1350000.0,0,0,9.678302532511978,3535,2015-12-23,Enterprise Software,Europe,Netherlands,-1,0,exact_unique,unicorn_current,0.16334090463812473,,1,Q2,7+,round_history_only,2025-2026
"Frore Systems, Inc.",froresystems,1,capitaliq_post_money_ge_1b,2026-03-16,2026-03-16,"Frore Systems, Inc.",positive_self,0,2026,Post-2021,1,1,1,10140000.0,16.131998654746635,10140000.0,16.131998654746635,12260000.0,12260000.0,1,1,7.20602327173169,2632,2018-12-31,Hardware & Industrials,North America,United States,-1,0,exact_unique,unicorn_current,0.3429302022727184,,1,Q3,7+,round_history_only,2025-2026
"Function Health, Inc.",functionhealth,1,capitaliq_post_money_ge_1b,2025-05-16,2025-05-16,"Function Health, Inc.",positive_self,0,2025,Post-2021,0,0,0,0.0,0.0,0.0,0.0,0.0,0.0,0,0,0.0,-1,,Unknown,Unknown,,-1,0,unmatched,unmatched,0.9999091792132103,,0,Q1,0,limited_source_metadata,2025-2026
"Galaxea (Beijing) Artificial Intelligence Technology Co., Ltd.",galaxeabeijingartificialintelligence,1,capitaliq_post_money_ge_1b,2026-02-11,2026-02-11,"Galaxea (Beijing) Artificial Intelligence Technology Co., Ltd.",positive_self,0,2026,Post-2021,0,0,0,0.0,0.0,0.0,0.0,0.0,0.0,0,0,0.0,-1,,Unknown,Unknown,,-1,0,unmatched,unmatched,0.9999091792132103,,0,Q1,0,limited_source_metadata,2025-2026
"Gamma Tech, Inc.",gammatech,1,capitaliq_post_money_ge_1b,2025-11-10,2025-11-10,"Gamma Tech, Inc.",positive_self,0,2025,Post-2021,0,0,0,0.0,0.0,0.0,0.0,0.0,0.0,0,0,0.0,-1,,Unknown,Unknown,,-1,0,unmatched,unmatched,0.9999091792132103,,0,Q1,0,limited_source_metadata,2025-2026
"Gansu Rural Commercial Bank Co., Ltd.",gansururalcommercialbank,1,capitaliq_post_money_ge_1b,2026-03-20,2026-03-20,"Gansu Rural Commercial Bank Co., Ltd.",positive_self,0,2026,Post-2021,0,0,0,0.0,0.0,0.0,0.0,0.0,0.0,0,0,0.0,-1,,Unknown,Unknown,,-1,0,unmatched,unmatched,0.9999091792132103,,0,Q1,0,limited_source_metadata,2025-2026
"Garner Health Technology, Inc.",garnerhealth,1,capitaliq_post_money_ge_1b,2026-02-10,2026-02-10,"Garner Health Technology, Inc.",positive_self,0,2026,Post-2021,1,1,1,12500000.0,16.341239282272525,12500000.0,16.341239282272525,46030000.0,46030000.0,3,3,5.018480492813142,1833,2021-02-03,Unknown,Unknown,,-1,0,unmatched,unmatched,0.46494831887047444,,1,Q3,3-7,round_history_only,2025-2026
General Intuition US Inc.,generalintuitionus,1,capitaliq_post_money_ge_1b,2026-01-31,2026-01-31,General Intuition US Inc.,positive_self,0,2026,Post-2021,0,0,0,0.0,0.0,0.0,0.0,0.0,0.0,0,0,0.0,-1,,Unknown,Unknown,,-1,0,unmatched,unmatched,0.9999091792132103,,0,Q1,0,limited_source_metadata,2025-2026
Georgian Partners Growth L.P.,georgianpartnersgrowthlp,1,capitaliq_post_money_ge_1b,2026-03-29,2026-03-29,Georgian Partners Growth L.P.,positive_self,0,2026,Post-2021,0,0,0,0.0,0.0,0.0,0.0,0.0,0.0,0,0,0.0,-1,,Unknown,Unknown,,-1,0,unmatched,unmatched,0.9999091792132103,,0,Q1,0,limited_source_metadata,2025-2026
GFCL EV Products Limited,gfclevproducts,1,capitaliq_post_money_ge_1b,2024-10-23,2024-10-23,GFCL EV Products Limited,positive_self,0,2024,Post-2021,0,0,0,0.0,0.0,0.0,0.0,0.0,0.0,0,0,0.0,-1,,Unknown,Unknown,,-1,0,unmatched,unmatched,0.9999091792132103,,0,Q1,0,limited_source_metadata,2024
"Glean Technologies, Inc.",glean,1,capitaliq_post_money_ge_1b,2024-09-10,2024-09-10,"Glean Technologies, Inc.",positive_self,0,2024,Post-2021,1,1,1,15300000.0,16.54336345172214,15300000.0,16.54336345172214,47440000.0,47440000.0,3,3,4.695414099931554,1715,2019-12-31,Enterprise Software,North America,United States,-1,0,exact_unique,unicorn_current,0.387789485370018,,1,Q4,3-7,round_history_only,2024
"GlossGenius, Inc.",glossgenius,1,capitaliq_post_money_ge_1b,2026-07-21,2026-07-21,"GlossGenius, Inc.",positive_self,0,2026,Post-2021,1,1,1,28000000.0,17.147715103853763,28000000.0,17.147715103853763,510000000.0,510000000.0,3,3,2.9842573579739904,1090,2023-07-27,Other / Unknown,North America,United States,2015,1,exact_unique,control_funded,0.931775467096957,2015-18,1,Q4,1-3,round+founding+master,2025-2026
"Glow Security, Inc.",glowsecurity,1,capitaliq_post_money_ge_1b,2026-07-22,2026-07-22,"Glow Security, Inc.",positive_self,0,2026,Post-2021,0,0,0,0.0,0.0,0.0,0.0,0.0,0.0,0,0,0.0,-1,,Unknown,Unknown,,-1,0,unmatched,unmatched,0.9999091792132103,,0,Q1,0,limited_source_metadata,2025-2026
"Goodfire AI, Inc.",goodfireai,1,capitaliq_post_money_ge_1b,2026-02-05,2026-02-05,"Goodfire AI, Inc.",positive_self,0,2026,Post-2021,0,0,0,0.0,0.0,0.0,0.0,0.0,0.0,0,0,0.0,-1,,Unknown,Unknown,,-1,0,unmatched,unmatched,0.9999091792132103,,0,Q1,0,limited_source_metadata,2025-2026
GoodLife Fitness Centres Inc.,goodlifefitnesscentres,1,capitaliq_post_money_ge_1b,2026-02-02,2026-02-02,GoodLife Fitness Centres Inc.,positive_self,0,2026,Post-2021,0,0,0,0.0,0.0,0.0,0.0,0.0,0.0,0,0,0.0,-1,,Unknown,Unknown,,-1,0,unmatched,unmatched,0.9999091792132103,,0,Q1,0,limited_source_metadata,2025-2026
Gradiant Corporation,gradiant,1,capitaliq_post_money_ge_1b,2026-05-18,2026-05-18,Gradiant Corporation,positive_self,0,2026,Post-2021,1,1,1,1400000.0,14.151983508870948,1400000.0,14.151983508870948,5270000.0,5270000.0,0,0,13.08145106091718,4778,2013-04-18,Hardware & Industrials,North America,United States,-1,0,exact_unique,unicorn_current,0.17640845514556663,,1,Q2,7+,round_history_only,2025-2026
"Granola, Inc.",granola,1,capitaliq_post_money_ge_1b,2026-03-25,2026-03-25,"Granola, Inc.",positive_self,0,2026,Post-2021,2,1,2,63000000.0,17.958645300228824,43000000.0,17.57671069691365,250000000.0,250000000.0,6,5,1.4182067077344285,315,2025-05-14,Unknown,Unknown,,-1,0,unmatched,unmatched,0.9453233656584518,,2,Q4,1-3,round_history_only,2025-2026
"Groq, Inc.",groq,1,capitaliq_post_money_ge_1b,2025-09-17,2025-09-17,"Groq, Inc.",positive_self,0,2025,Post-2021,1,1,1,10670000.0,16.182946716998643,10670000.0,16.182946716998643,10670000.0,10670000.0,1,1,8.383299110198495,3062,2017-04-30,AI & Data,North America,United States,2016,1,exact_unique,unicorn_delisted,0.8811168977556914,2015-18,1,Q3,7+,round+founding+master,2025-2026
"Grow Care, Inc.",growcare,1,capitaliq_post_money_ge_1b,2026-03-03,2026-03-03,"Grow Care, Inc.",positive_self,0,2026,Post-2021,0,0,0,0.0,0.0,0.0,0.0,0.0,0.0,0,0,0.0,-1,,Unknown,Unknown,,-1,0,unmatched,unmatched,0.9999091792132103,,0,Q1,0,limited_source_metadata,2025-2026
Gruppo Barletta S.p.a.,gruppobarlettaspa,1,capitaliq_post_money_ge_1b,2026-05-25,2026-05-25,Gruppo Barletta S.p.a.,positive_self,0,2026,Post-2021,0,0,0,0.0,0.0,0.0,0.0,0.0,0.0,0,0,0.0,-1,,Unknown,Unknown,,-1,0,unmatched,unmatched,0.9999091792132103,,0,Q1,0,limited_source_metadata,2025-2026
GSR International Limited,gsrinternational,1,capitaliq_post_money_ge_1b,2026-05-04,2026-05-04,GSR International Limited,positive_self,0,2026,Post-2021,0,0,0,0.0,0.0,0.0,0.0,0.0,0.0,0,0,0.0,-1,,Unknown,Unknown,,-1,0,unmatched,unmatched,0.9999091792132103,,0,Q1,0,limited_source_metadata,2025-2026
"Guangdong Huitian Aerospace Technology Co., Ltd",guangdonghuitianaerospace,1,capitaliq_post_money_ge_1b,2024-08-05,2024-08-05,"Guangdong Huitian Aerospace Technology Co., Ltd",positive_self,0,2024,Post-2021,0,0,0,0.0,0.0,0.0,0.0,0.0,0.0,0,0,0.0,-1,,Unknown,Unknown,,-1,0,unmatched,unmatched,0.9999091792132103,,0,Q1,0,limited_source_metadata,2024
"Guangdong Microcapacitor Electronics Technology Co., Ltd.",guangdongmicrocapacitorelectronics,1,capitaliq_post_money_ge_1b,2025-12-31,2025-12-31,"Guangdong Microcapacitor Electronics Technology Co., Ltd.",positive_self,0,2025,Post-2021,0,0,0,0.0,0.0,0.0,0.0,0.0,0.0,0,0,0.0,-1,,Unknown,Unknown,,-1,0,unmatched,unmatched,0.9999091792132103,,0,Q1,0,limited_source_metadata,2025-2026
"Guangdong Tianji Intelligent System Co., Ltd.",guangdongtianjiintelligentsystem,1,capitaliq_post_money_ge_1b,2026-05-25,2026-05-25,"Guangdong Tianji Intelligent System Co., Ltd.",positive_self,0,2026,Post-2021,0,0,0,0.0,0.0,0.0,0.0,0.0,0.0,0,0,0.0,-1,,Unknown,Unknown,,-1,0,unmatched,unmatched,0.9999091792132103,,0,Q1,0,limited_source_metadata,2025-2026
Guangzhou Luxvisions Innovation Technology Limited,guangzhouluxvisionsinnovation,1,capitaliq_post_money_ge_1b,2024-06-16,2024-06-16,Guangzhou Luxvisions Innovation Technology Limited,positive_self,0,2024,Post-2021,0,0,0,0.0,0.0,0.0,0.0,0.0,0.0,0,0,0.0,-1,,Unknown,Unknown,,-1,0,unmatched,unmatched,0.9999091792132103,,0,Q1,0,limited_source_metadata,2024
"Guangzhou Smartmore Information Technology Co, Ltd.",guangzhousmartmoreinformation,1,capitaliq_post_money_ge_1b,2024-08-01,2024-08-01,"Guangzhou Smartmore Information Technology Co, Ltd.",positive_self,0,2024,Post-2021,2,1,2,69000000.0,18.04961707705429,59000000.0,17.893048018819147,459000000.0,459000000.0,5,4,4.506502395619439,597,2022-12-13,Unknown,Unknown,,-1,0,unmatched,unmatched,0.9827073349531965,,2,Q4,3-7,round_history_only,2024
Guzman y Gomez Limited (ASX:GYG),guzmanygomezasxgyg,1,capitaliq_post_money_ge_1b,2024-04-09,2024-04-09,Guzman y Gomez Limited (ASX:GYG),positive_self,0,2024,Post-2021,0,0,0,0.0,0.0,0.0,0.0,0.0,0.0,0,0,0.0,-1,,Unknown,Unknown,,-1,0,unmatched,unmatched,0.9999091792132103,,0,Q1,0,limited_source_metadata,2024
Hailo Technologies Ltd.,hailo,1,capitaliq_post_money_ge_1b,2024-04-02,2024-04-02,Hailo Technologies Ltd.,positive_self,0,2024,Post-2021,0,0,0,0.0,0.0,0.0,0.0,0.0,0.0,0,0,0.0,-1,,Enterprise Software,Asia,Israel,2017,1,exact_unique,unicorn_current,0.9999655172413793,2015-18,0,Q1,0,limited_source_metadata,2024
Halter USA LLC,halterusa,1,capitaliq_post_money_ge_1b,2026-03-23,2026-03-23,Halter USA LLC,positive_self,0,2026,Post-2021,0,0,0,0.0,0.0,0.0,0.0,0.0,0.0,0,0,0.0,-1,,Unknown,Unknown,,-1,0,unmatched,unmatched,0.9999091792132103,,0,Q1,0,limited_source_metadata,2025-2026
"Hangzhou DeepSeek Artificial Intelligence Co., Ltd.",hangzhoudeepseekartificialintelligence,1,capitaliq_post_money_ge_1b,2026-07-01,2026-07-01,"Hangzhou DeepSeek Artificial Intelligence Co., Ltd.",positive_self,0,2026,Post-2021,1,1,1,731000.0,13.502170106720037,731000.0,13.502170106720037,2220000.0,2220000.0,0,0,0.1752224503764544,64,2026-04-28,Unknown,Unknown,,-1,0,unmatched,unmatched,6.674294431731502e-06,,1,Q2,0-1,round_history_only,2025-2026
"Hangzhou Sunrise Intelligent Technology Co., Ltd.",hangzhousunriseintelligent,1,capitaliq_post_money_ge_1b,2026-04-20,2026-04-20,"Hangzhou Sunrise Intelligent Technology Co., Ltd.",positive_self,0,2026,Post-2021,0,0,0,0.0,0.0,0.0,0.0,0.0,0.0,0,0,0.0,-1,,Unknown,Unknown,,-1,0,unmatched,unmatched,0.9999091792132103,,0,Q1,0,limited_source_metadata,2025-2026
"Hangzhou Yunshenchu Technology Co., Ltd.",hangzhouyunshenchu,1,capitaliq_post_money_ge_1b,2025-07-07,2025-07-07,"Hangzhou Yunshenchu Technology Co., Ltd.",positive_self,0,2025,Post-2021,1,1,0,0.0,0.0,0.0,0.0,698820000.0,698820000.0,8,8,0.914442162902122,334,2024-08-07,Unknown,Unknown,,-1,0,unmatched,unmatched,0.8953537443112791,,1,Q1,0-1,round_history_only,2025-2026
Hark Labs Inc.,hark,1,capitaliq_post_money_ge_1b,2026-05-21,2026-05-21,Hark Labs Inc.,positive_self,0,2026,Post-2021,1,1,1,3500000.0,15.068273812173889,3500000.0,15.068273812173889,5950000.0,5950000.0,9,9,1.9219712525667352,702,2024-06-18,Enterprise Software,North America,United States,-1,0,exact_unique,unicorn_current,0.16619879625642062,,1,Q3,1-3,round_history_only,2025-2026
Harmattan AI SAS,harmattanaisas,1,capitaliq_post_money_ge_1b,2026-01-12,2026-01-12,Harmattan AI SAS,positive_self,0,2026,Post-2021,0,0,0,0.0,0.0,0.0,0.0,0.0,0.0,0,0,0.0,-1,,Unknown,Unknown,,-1,0,unmatched,unmatched,0.9999091792132103,,0,Q1,0,limited_source_metadata,2025-2026
Harvey AI Corporation,harveyai,1,capitaliq_post_money_ge_1b,2025-02-12,2025-02-12,Harvey AI Corporation,positive_self,0,2025,Post-2021,2,1,2,105860000.0,18.477628033840556,80000000.0,18.197537205138158,715000000.0,715000000.0,3,3,1.8015058179329224,421,2023-12-19,Unknown,Unknown,,-1,0,unmatched,unmatched,0.9842622037296529,,2,Q4,1-3,round_history_only,2025-2026
HashKey Digital Asset Group Limited,hashkeydigitalasset,1,capitaliq_post_money_ge_1b,2024-01-15,2024-01-15,HashKey Digital Asset Group Limited,positive_self,0,2024,Post-2021,0,0,0,0.0,0.0,0.0,0.0,0.0,0.0,0,0,0.0,-1,,Unknown,Unknown,,-1,0,unmatched,unmatched,0.9999091792132103,,0,Q1,0,limited_source_metadata,2024
"Hefei Wanxin Integrated Circuit Co., Ltd",hefeiwanxinintegratedcircuit,1,capitaliq_post_money_ge_1b,2025-01-31,2025-01-31,"Hefei Wanxin Integrated Circuit Co., Ltd",positive_self,0,2025,Post-2021,0,0,0,0.0,0.0,0.0,0.0,0.0,0.0,0,0,0.0,-1,,Unknown,Unknown,,-1,0,unmatched,unmatched,0.9999091792132103,,0,Q1,0,limited_source_metadata,2025-2026
Higgsfield Inc.,higgsfield,1,capitaliq_post_money_ge_1b,2026-01-15,2026-01-15,Higgsfield Inc.,positive_self,0,2026,Post-2021,1,1,1,8160000.0,15.914754849489302,8160000.0,15.914754849489302,9310000.0,9310000.0,6,6,1.78507871321013,652,2024-04-03,Enterprise Software,North America,United States,-1,0,exact_unique,unicorn_current,0.24748584211188868,,1,Q3,1-3,round_history_only,2025-2026
"Hippocratic AI, Inc.",hippocraticai,1,capitaliq_post_money_ge_1b,2025-11-03,2025-11-03,"Hippocratic AI, Inc.",positive_self,0,2025,Post-2021,0,0,0,0.0,0.0,0.0,0.0,0.0,0.0,0,0,0.0,-1,,Health & Bio,North America,United States,-1,0,exact_unique,unicorn_current,0.9999655172413793,,0,Q1,0,limited_source_metadata,2025-2026
"HistoSonics, Inc.",histosonics,1,capitaliq_post_money_ge_1b,2025-10-16,2025-10-16,"HistoSonics, Inc.",positive_self,0,2025,Post-2021,0,0,0,0.0,0.0,0.0,0.0,0.0,0.0,0,0,0.0,-1,,Health & Bio,North America,United States,2009,1,exact_unique,control_funded,0.9999655172413793,≤2009,0,Q1,0,limited_source_metadata,2025-2026
HKC Overseas Limited,hkcoverseas,1,capitaliq_post_money_ge_1b,2024-12-31,2024-12-31,HKC Overseas Limited,positive_self,0,2024,Post-2021,0,0,0,0.0,0.0,0.0,0.0,0.0,0.0,0,0,0.0,-1,,Unknown,Unknown,,-1,0,unmatched,unmatched,0.9999091792132103,,0,Q1,0,limited_source_metadata,2024
HKC Corporation Limited (SZSE:001399),hkcszse001399,1,capitaliq_post_money_ge_1b,2024-12-31,2024-12-31,HKC Corporation Limited (SZSE:001399),positive_self,0,2024,Post-2021,0,0,0,0.0,0.0,0.0,0.0,0.0,0.0,0,0,0.0,-1,,Unknown,Unknown,,-1,0,unmatched,unmatched,0.9999091792132103,,0,Q1,0,limited_source_metadata,2024
"HomeLight, Inc.",homelight,1,capitaliq_post_money_ge_1b,2024-08-26,2024-08-26,"HomeLight, Inc.",positive_self,0,2024,Post-2021,4,1,4,56380000.0,17.847625061387028,40700000.0,17.52173867498285,8840000.0,130360000.0,11,6,8.355920602327172,1754,2019-11-07,Fintech,North America,United States,2012,1,exact_unique,unicorn_current,0.48509797315105496,2010-14,3+,Q4,7+,round+founding+master,2024
"HOSIN Global Electronics Co., Ltd.",hosinglobalelectronics,1,capitaliq_post_money_ge_1b,2025-03-31,2025-03-31,"HOSIN Global Electronics Co., Ltd.",positive_self,0,2025,Post-2021,0,0,0,0.0,0.0,0.0,0.0,0.0,0.0,0,0,0.0,-1,,Unknown,Unknown,,-1,0,unmatched,unmatched,0.9999091792132103,,0,Q1,0,limited_source_metadata,2025-2026
"Hubei Siengine Technology Co., Ltd.",hubeisiengine,1,capitaliq_post_money_ge_1b,2025-08-19,2025-08-19,"Hubei Siengine Technology Co., Ltd.",positive_self,0,2025,Post-2021,0,0,0,0.0,0.0,0.0,0.0,0.0,0.0,0,0,0.0,-1,,Unknown,Unknown,,-1,0,unmatched,unmatched,0.9999091792132103,,0,Q1,0,limited_source_metadata,2025-2026
"Human Interest, Inc.",humaninterest,1,capitaliq_post_money_ge_1b,2024-07-17,2024-07-17,"Human Interest, Inc.",positive_self,0,2024,Post-2021,3,1,3,215520000.0,19.18856427526627,200000000.0,19.11382792951231,817690000.0,817690000.0,11,10,8.91170431211499,1078,2021-08-04,Fintech,North America,United States,2015,1,exact_unique,unicorn_current,0.8935027697555943,2015-18,3+,Q4,7+,round+founding+master,2024
Humanity Protocol,humanityprotocol,1,capitaliq_post_money_ge_1b,2025-01-27,2025-01-27,Humanity Protocol,positive_self,0,2025,Post-2021,0,0,0,0.0,0.0,0.0,0.0,0.0,0.0,0,0,0.0,-1,,Fintech,Asia,Hong Kong,-1,0,exact_unique,unicorn_current,0.9999655172413793,,0,Q1,0,limited_source_metadata,2025-2026
"Humans, Inc.",humans,1,capitaliq_post_money_ge_1b,2024-04-02,2024-04-02,"Humans, Inc.",positive_self,0,2024,Post-2021,1,1,1,3770000.0,15.142585824676148,3770000.0,15.142585824676148,3980000.0,3980000.0,2,2,4.4435318275154,1623,2019-10-23,Unknown,Unknown,,-1,0,unmatched,unmatched,0.19215841836743866,,1,Q3,3-7,round_history_only,2024
"humans& ai, inc.",humansai,1,capitaliq_post_money_ge_1b,2026-01-20,2026-01-20,"humans& ai, inc.",positive_self,0,2026,Post-2021,0,0,0,0.0,0.0,0.0,0.0,0.0,0.0,0,0,0.0,-1,,Other / Unknown,Other,,-1,0,exact_unique,control_accelerator,0.9999655172413793,,0,Q1,0,limited_source_metadata,2025-2026
Huntress Labs Incorporated,huntress,1,capitaliq_post_money_ge_1b,2024-06-20,2024-06-20,Huntress Labs Incorporated,positive_self,0,2024,Post-2021,1,1,1,50000.0,10.819798284210286,50000.0,10.819798284210286,625000.0,625000.0,1,1,8.53388090349076,3117,2015-12-08,Enterprise Software,North America,United States,-1,0,exact_unique,unicorn_current,0.15209038451262277,,1,Q2,7+,round_history_only,2024
I-care SRL,icaresrl,1,capitaliq_post_money_ge_1b,2025-12-23,2025-12-23,I-care SRL,positive_self,0,2025,Post-2021,0,0,0,0.0,0.0,0.0,0.0,0.0,0.0,0,0,0.0,-1,,Unknown,Unknown,,-1,0,unmatched,unmatched,0.9999091792132103,,0,Q1,0,limited_source_metadata,2025-2026
ICEYE Oy,iceyeoy,1,capitaliq_post_money_ge_1b,2025-12-05,2025-12-05,ICEYE Oy,positive_self,0,2025,Post-2021,0,0,0,0.0,0.0,0.0,0.0,0.0,0.0,0,0,0.0,-1,,Unknown,Unknown,,-1,0,unmatched,unmatched,0.9999091792132103,,0,Q1,0,limited_source_metadata,2025-2026
"IMA Financial Group, Inc.",imafinancial,1,capitaliq_post_money_ge_1b,2026-05-12,2026-05-12,"IMA Financial Group, Inc.",positive_self,0,2026,Post-2021,0,0,0,0.0,0.0,0.0,0.0,0.0,0.0,0,0,0.0,-1,,Unknown,Unknown,,-1,0,unmatched,unmatched,0.9999091792132103,,0,Q1,0,limited_source_metadata,2025-2026
"Imprint Payments, Inc.",imprintpayments,1,capitaliq_post_money_ge_1b,2025-12-17,2025-12-17,"Imprint Payments, Inc.",positive_self,0,2025,Post-2021,1,1,1,75000000.0,18.13299868483392,75000000.0,18.13299868483392,600000000.0,600000000.0,4,4,1.1854893908281998,433,2024-10-10,Unknown,Unknown,,-1,0,unmatched,unmatched,0.9797779909563861,,1,Q4,1-3,round_history_only,2025-2026
"Impulse Space, Inc.",impulsespace,1,capitaliq_post_money_ge_1b,2026-06-02,2026-06-02,"Impulse Space, Inc.",positive_self,0,2026,Post-2021,0,0,0,0.0,0.0,0.0,0.0,0.0,0.0,0,0,0.0,-1,,Hardware & Industrials,North America,United States,-1,0,exact_unique,unicorn_current,0.9999655172413793,,0,Q1,0,limited_source_metadata,2025-2026
"Infinite Reality, Inc.",infinitereality,1,capitaliq_post_money_ge_1b,2024-07-09,2024-07-09,"Infinite Reality, Inc.",positive_self,0,2024,Post-2021,0,0,0,0.0,0.0,0.0,0.0,0.0,0.0,0,0,0.0,-1,,Unknown,Unknown,,-1,0,unmatched,unmatched,0.9999091792132103,,0,Q1,0,limited_source_metadata,2024
"InnoScience (Suzhou) Technology Holding Co., Ltd. (SEHK:2577)",innosciencesuzhouholdingsehk2577,1,capitaliq_post_money_ge_1b,2024-04-01,2024-04-01,"InnoScience (Suzhou) Technology Holding Co., Ltd. (SEHK:2577)",positive_self,0,2024,Post-2021,0,0,0,0.0,0.0,0.0,0.0,0.0,0.0,0,0,0.0,-1,,Unknown,Unknown,,-1,0,unmatched,unmatched,0.9999091792132103,,0,Q1,0,limited_source_metadata,2024
INOX Clean Energy Limited,inoxcleanenergy,1,capitaliq_post_money_ge_1b,2026-01-07,2026-01-07,INOX Clean Energy Limited,positive_self,0,2026,Post-2021,0,0,0,0.0,0.0,0.0,0.0,0.0,0.0,0,0,0.0,-1,,Unknown,Unknown,,-1,0,unmatched,unmatched,0.9999091792132103,,0,Q1,0,limited_source_metadata,2025-2026
"Insilico Medicine, Inc.",insilicomedicine,1,capitaliq_post_money_ge_1b,2025-06-16,2025-06-16,"Insilico Medicine, Inc.",positive_self,0,2025,Post-2021,1,1,1,6000000.0,15.607270193858982,6000000.0,15.607270193858982,6000000.0,6000000.0,4,4,7.014373716632443,2562,2018-06-11,Health & Bio,North America,United States,2014,1,exact_unique,control_funded,0.32803388567244063,2010-14,1,Q3,7+,round+founding+master,2025-2026
"Invisible Technologies, Inc.",invisible,1,capitaliq_post_money_ge_1b,2025-09-16,2025-09-16,"Invisible Technologies, Inc.",positive_self,0,2025,Post-2021,0,0,0,0.0,0.0,0.0,0.0,0.0,0.0,0,0,0.0,-1,,AI & Data,Europe,Russia,-1,0,exact_unique,control_funded,0.9999655172413793,,0,Q1,0,limited_source_metadata,2025-2026
Ionic Digital Inc. (NasdaqGS:IOND),ionicdigitalnasdaqgsiond,1,capitaliq_post_money_ge_1b,2026-06-26,2026-06-26,Ionic Digital Inc. (NasdaqGS:IOND),positive_self,0,2026,Post-2021,0,0,0,0.0,0.0,0.0,0.0,0.0,0.0,0,0,0.0,-1,,Unknown,Unknown,,-1,0,unmatched,unmatched,0.9999091792132103,,0,Q1,0,limited_source_metadata,2025-2026
IQM Quantum Computers Oyj (HLSE:IQMX),iqmquantumcomputersoyjhlseiqmx,1,capitaliq_post_money_ge_1b,2026-07-01,2026-07-01,IQM Quantum Computers Oyj (HLSE:IQMX),positive_self,0,2026,Post-2021,1,1,1,321150000.0,19.587418864781885,321150000.0,19.587418864781885,996260000.0,996260000.0,7,7,0.8240930869267625,301,2025-09-03,Unknown,Unknown,,-1,0,unmatched,unmatched,0.9571834608174535,,1,Q4,0-1,round_history_only,2025-2026
Isar Aerospace SE,isaraerospacese,1,capitaliq_post_money_ge_1b,2025-06-25,2025-06-25,Isar Aerospace SE,positive_self,0,2025,Post-2021,0,0,0,0.0,0.0,0.0,0.0,0.0,0.0,0,0,0.0,-1,,Unknown,Unknown,,-1,0,unmatched,unmatched,0.9999091792132103,,0,Q1,0,limited_source_metadata,2025-2026
"Iterative Scopes, Inc.",iterativescopes,1,capitaliq_post_money_ge_1b,2026-04-30,2026-04-30,"Iterative Scopes, Inc.",positive_self,0,2026,Post-2021,1,1,1,150000000.0,18.8261458587272,150000000.0,18.8261458587272,628890000.0,628890000.0,6,6,4.276522929500342,1562,2022-01-19,Unknown,Unknown,,-1,0,unmatched,unmatched,0.941432700852394,,1,Q4,3-7,round_history_only,2025-2026
"Jinan Financial Holding Group Co., Ltd.",jinanfinancialholding,1,capitaliq_post_money_ge_1b,2026-06-23,2026-06-23,"Jinan Financial Holding Group Co., Ltd.",positive_self,0,2026,Post-2021,0,0,0,0.0,0.0,0.0,0.0,0.0,0.0,0,0,0.0,-1,,Unknown,Unknown,,-1,0,unmatched,unmatched,0.9999091792132103,,0,Q1,0,limited_source_metadata,2025-2026
"JinkoSolar ( Haining ) Co., Ltd.",jinkosolarhaining,1,capitaliq_post_money_ge_1b,2026-07-22,2026-07-22,"JinkoSolar ( Haining ) Co., Ltd.",positive_self,0,2026,Post-2021,0,0,0,0.0,0.0,0.0,0.0,0.0,0.0,0,0,0.0,-1,,Unknown,Unknown,,-1,0,unmatched,unmatched,0.9999091792132103,,0,Q1,0,limited_source_metadata,2025-2026
Jio Payments Bank Limited,jiopaymentsbank,1,capitaliq_post_money_ge_1b,2025-03-27,2025-03-27,Jio Payments Bank Limited,positive_self,0,2025,Post-2021,0,0,0,0.0,0.0,0.0,0.0,0.0,0.0,0,0,0.0,-1,,Unknown,Unknown,,-1,0,unmatched,unmatched,0.9999091792132103,,0,Q1,0,limited_source_metadata,2025-2026
Jumbotail Technologies Private Limited,jumbotailprivate,1,capitaliq_post_money_ge_1b,2025-06-30,2025-06-30,Jumbotail Technologies Private Limited,positive_self,0,2025,Post-2021,0,0,0,0.0,0.0,0.0,0.0,0.0,0.0,0,0,0.0,-1,,Unknown,Unknown,,-1,0,unmatched,unmatched,0.9999091792132103,,0,Q1,0,limited_source_metadata,2025-2026
Juspay Technologies Private Limited,juspayprivate,1,capitaliq_post_money_ge_1b,2026-01-23,2026-01-23,Juspay Technologies Private Limited,positive_self,0,2026,Post-2021,2,1,2,65820000.0,18.002434316672417,60000000.0,17.909855136853043,460000000.0,460000000.0,4,3,9.911019849418206,1500,2021-12-15,Unknown,Unknown,,-1,0,unmatched,unmatched,0.8574382267445578,,2,Q4,7+,round_history_only,2025-2026
"Kailera Therapeutics, Inc. (NasdaqGS:KLRA)",kaileratherapeuticsnasdaqgsklra,1,capitaliq_post_money_ge_1b,2025-10-14,2025-10-14,"Kailera Therapeutics, Inc. (NasdaqGS:KLRA)",positive_self,0,2025,Post-2021,1,1,1,400000000.0,19.806975107572256,400000000.0,19.806975107572256,456780000.0,456780000.0,4,4,1.0349075975359343,378,2024-10-01,Unknown,Unknown,,-1,0,unmatched,unmatched,0.972003152072919,,1,Q4,1-3,round_history_only,2025-2026
Kalshi Inc.,kalshi,1,capitaliq_post_money_ge_1b,2025-06-25,2025-06-25,Kalshi Inc.,positive_self,0,2025,Post-2021,1,1,1,6090000.0,15.62215880388968,6090000.0,15.62215880388968,12080000.0,12080000.0,0,0,5.2676249144421625,1924,2020-03-19,Enterprise Software,North America,United States,-1,0,exact_unique,unicorn_current,0.25625565605657774,,1,Q3,3-7,round_history_only,2025-2026
"Kapital México Grupo Financiero, SA de CV",kapitalmexicogrupofinancierosadecv,1,capitaliq_post_money_ge_1b,2025-09-02,2025-09-02,"Kapital México Grupo Financiero, SA de CV",positive_self,0,2025,Post-2021,0,0,0,0.0,0.0,0.0,0.0,0.0,0.0,0,0,0.0,-1,,Unknown,Unknown,,-1,0,unmatched,unmatched,0.9999091792132103,,0,Q1,0,limited_source_metadata,2025-2026
Karamtara Engineering Limited,karamtaraengineering,1,capitaliq_post_money_ge_1b,2026-06-06,2026-06-06,Karamtara Engineering Limited,positive_self,0,2026,Post-2021,0,0,0,0.0,0.0,0.0,0.0,0.0,0.0,0,0,0.0,-1,,Unknown,Unknown,,-1,0,unmatched,unmatched,0.9999091792132103,,0,Q1,0,limited_source_metadata,2025-2026
Kee Safety Group Limited,keesafety,1,capitaliq_post_money_ge_1b,2025-04-01,2025-04-01,Kee Safety Group Limited,positive_self,0,2025,Post-2021,0,0,0,0.0,0.0,0.0,0.0,0.0,0.0,0,0,0.0,-1,,Unknown,Unknown,,-1,0,unmatched,unmatched,0.9999091792132103,,0,Q1,0,limited_source_metadata,2025-2026
"Kendra Scott Design, Inc.",kendrascottdesign,1,capitaliq_post_money_ge_1b,2024-09-13,2024-09-13,"Kendra Scott Design, Inc.",positive_self,0,2024,Post-2021,0,0,0,0.0,0.0,0.0,0.0,0.0,0.0,0,0,0.0,-1,,Unknown,Unknown,,-1,0,unmatched,unmatched,0.9999091792132103,,0,Q1,0,limited_source_metadata,2024
Keyrock BVBA,keyrockbvba,1,capitaliq_post_money_ge_1b,2026-03-31,2026-03-31,Keyrock BVBA,positive_self,0,2026,Post-2021,0,0,0,0.0,0.0,0.0,0.0,0.0,0.0,0,0,0.0,-1,,Unknown,Unknown,,-1,0,unmatched,unmatched,0.9999091792132103,,0,Q1,0,limited_source_metadata,2025-2026
Kinda Smart Inc.,kindasmart,1,capitaliq_post_money_ge_1b,2026-02-21,2026-02-21,Kinda Smart Inc.,positive_self,0,2026,Post-2021,0,0,0,0.0,0.0,0.0,0.0,0.0,0.0,0,0,0.0,-1,,Unknown,Unknown,,-1,0,unmatched,unmatched,0.9999091792132103,,0,Q1,0,limited_source_metadata,2025-2026
"Kin Insurance, Inc.",kininsurance,1,capitaliq_post_money_ge_1b,2025-09-08,2025-09-08,"Kin Insurance, Inc.",positive_self,0,2025,Post-2021,4,1,4,211780000.0,19.171058562688465,142000000.0,18.77133762260779,919090000.0,919090000.0,15,11,7.561943874058864,586,2024-01-31,Fintech,Other,,-1,0,exact_unique,control_accelerator,0.9468658801573424,,3+,Q4,7+,round_history_only,2025-2026
KoBold Metals Company,koboldmetals,1,capitaliq_post_money_ge_1b,2025-01-01,2025-01-01,KoBold Metals Company,positive_self,0,2025,Post-2021,2,1,2,218220000.0,19.20101429077376,195000000.0,19.088510121656228,995950000.0,995950000.0,10,10,5.831622176591376,561,2023-06-20,Hardware & Industrials,North America,United States,-1,0,exact_unique,unicorn_current,0.9786017011906828,,2,Q4,3-7,round_history_only,2025-2026
Kraken Technologies Limited,kraken,1,capitaliq_post_money_ge_1b,2025-12-29,2025-12-29,Kraken Technologies Limited,positive_self,0,2025,Post-2021,0,0,0,0.0,0.0,0.0,0.0,0.0,0.0,0,0,0.0,-1,,Fintech,North America,United States,2011,1,exact_unique,unicorn_current,0.9999655172413793,2010-14,0,Q1,0,limited_source_metadata,2025-2026
Kwaiwei Intelligence,kwaiweiintelligence,1,capitaliq_post_money_ge_1b,2026-06-30,2026-06-30,Kwaiwei Intelligence,positive_self,0,2026,Post-2021,0,0,0,0.0,0.0,0.0,0.0,0.0,0.0,0,0,0.0,-1,,Unknown,Unknown,,-1,0,unmatched,unmatched,0.9999091792132103,,0,Q1,0,limited_source_metadata,2025-2026
"Kylin Software Co., Ltd.",kylinsoftware,1,capitaliq_post_money_ge_1b,2025-06-05,2025-06-05,"Kylin Software Co., Ltd.",positive_self,0,2025,Post-2021,0,0,0,0.0,0.0,0.0,0.0,0.0,0.0,0,0,0.0,-1,,Unknown,Unknown,,-1,0,unmatched,unmatched,0.9999091792132103,,0,Q1,0,limited_source_metadata,2025-2026
"Lambda, Inc.",lambda,1,capitaliq_post_money_ge_1b,2024-02-15,2024-02-15,"Lambda, Inc.",positive_self,0,2024,Post-2021,1,1,1,15000000.0,16.52356082573315,15000000.0,16.52356082573315,35000000.0,35000000.0,4,4,2.590006844626968,946,2021-07-14,Enterprise Software,North America,United States,-1,0,exact_unique,unicorn_current,0.3807007441041072,,1,Q4,1-3,round_history_only,2024
"LangChain, Inc.",langchain,1,capitaliq_post_money_ge_1b,2025-10-20,2025-10-20,"LangChain, Inc.",positive_self,0,2025,Post-2021,2,1,2,35000000.0,17.370858648025116,25000000.0,17.034386422832473,200000000.0,200000000.0,2,1,2.5571526351813825,616,2024-02-12,Enterprise Software,North America,United States,-1,0,exact_unique,unicorn_current,0.7714536750931434,,2,Q4,1-3,round_history_only,2025-2026
"Last Brand, Inc.",lastbrand,1,capitaliq_post_money_ge_1b,2025-07-29,2025-07-29,"Last Brand, Inc.",positive_self,0,2025,Post-2021,0,0,0,0.0,0.0,0.0,0.0,0.0,0.0,0,0,0.0,-1,,Unknown,Unknown,,-1,0,unmatched,unmatched,0.9999091792132103,,0,Q1,0,limited_source_metadata,2025-2026
Lead Bank,leadbank,1,capitaliq_post_money_ge_1b,2025-09-04,2025-09-04,Lead Bank,positive_self,0,2025,Post-2021,0,0,0,0.0,0.0,0.0,0.0,0.0,0.0,0,0,0.0,-1,,Unknown,Unknown,,-1,0,unmatched,unmatched,0.9999091792132103,,0,Q1,0,limited_source_metadata,2025-2026
"Legora, Inc.",legora,1,capitaliq_post_money_ge_1b,2026-04-30,2026-04-30,"Legora, Inc.",positive_self,0,2026,Post-2021,1,1,1,80000000.0,18.197537205138158,80000000.0,18.197537205138158,675000000.0,675000000.0,5,5,0.9418206707734428,344,2025-05-21,Enterprise Software,Europe,Sweden,-1,0,exact_unique,unicorn_current,0.9415438777769961,,1,Q4,0-1,round_history_only,2025-2026
"Ligent Tech, Inc.",ligenttech,1,capitaliq_post_money_ge_1b,2025-07-24,2025-07-24,"Ligent Tech, Inc.",positive_self,0,2025,Post-2021,0,0,0,0.0,0.0,0.0,0.0,0.0,0.0,0,0,0.0,-1,,Unknown,Unknown,,-1,0,unmatched,unmatched,0.9999091792132103,,0,Q1,0,limited_source_metadata,2025-2026
Lighthouse Intelligence Ltd.,lighthouseintelligence,1,capitaliq_post_money_ge_1b,2024-11-21,2024-11-21,Lighthouse Intelligence Ltd.,positive_self,0,2024,Post-2021,0,0,0,0.0,0.0,0.0,0.0,0.0,0.0,0,0,0.0,-1,,Unknown,Unknown,,-1,0,unmatched,unmatched,0.9999091792132103,,0,Q1,0,limited_source_metadata,2024
"Lightmatter, Inc.",lightmatter,1,capitaliq_post_money_ge_1b,2024-10-16,2024-10-16,"Lightmatter, Inc.",positive_self,0,2024,Post-2021,3,1,3,186670000.0,19.044852915365823,153280000.0,18.84777687871083,537130000.0,537130000.0,8,6,6.694045174537988,504,2023-05-31,Enterprise Software,North America,United States,-1,0,exact_unique,unicorn_current,0.9827679807125617,,3+,Q4,3-7,round_history_only,2024
"Light Wheel Intelligence (Beijing) Technology Co., Ltd.",lightwheelintelligencebeijing,1,capitaliq_post_money_ge_1b,2026-05-24,2026-05-24,"Light Wheel Intelligence (Beijing) Technology Co., Ltd.",positive_self,0,2026,Post-2021,0,0,0,0.0,0.0,0.0,0.0,0.0,0.0,0,0,0.0,-1,,Unknown,Unknown,,-1,0,unmatched,unmatched,0.9999091792132103,,0,Q1,0,limited_source_metadata,2025-2026
"Lila Sciences, Inc.",lilasciences,1,capitaliq_post_money_ge_1b,2025-10-14,2025-10-14,"Lila Sciences, Inc.",positive_self,0,2025,Post-2021,0,0,0,0.0,0.0,0.0,0.0,0.0,0.0,0,0,0.0,-1,,Health & Bio,North America,United States,-1,0,exact_unique,unicorn_current,0.9999655172413793,,0,Q1,0,limited_source_metadata,2025-2026
"LimX Dynamics Technology Co., Ltd.",limxdynamics,1,capitaliq_post_money_ge_1b,2026-07-13,2026-07-13,"LimX Dynamics Technology Co., Ltd.",positive_self,0,2026,Post-2021,0,0,0,0.0,0.0,0.0,0.0,0.0,0.0,0,0,0.0,-1,,Unknown,Unknown,,-1,0,unmatched,unmatched,0.9999091792132103,,0,Q1,0,limited_source_metadata,2025-2026
"Linear Orbit, Inc.",linearorbit,1,capitaliq_post_money_ge_1b,2025-06-10,2025-06-10,"Linear Orbit, Inc.",positive_self,0,2025,Post-2021,1,1,1,35000000.0,17.370858648025116,35000000.0,17.370858648025116,400000000.0,400000000.0,3,3,1.7385352498288844,635,2023-09-14,Unknown,Unknown,,-1,0,unmatched,unmatched,0.968773478327171,,1,Q4,1-3,round_history_only,2025-2026
"Lingchu Intelligent Technology Co., Ltd.",lingchuintelligent,1,capitaliq_post_money_ge_1b,2026-07-23,2026-07-23,"Lingchu Intelligent Technology Co., Ltd.",positive_self,0,2026,Post-2021,0,0,0,0.0,0.0,0.0,0.0,0.0,0.0,0,0,0.0,-1,,Unknown,Unknown,,-1,0,unmatched,unmatched,0.9999091792132103,,0,Q1,0,limited_source_metadata,2025-2026
"Linkerbot (Beijing) Technology Co., Ltd.",linkerbotbeijing,1,capitaliq_post_money_ge_1b,2026-02-12,2026-02-12,"Linkerbot (Beijing) Technology Co., Ltd.",positive_self,0,2026,Post-2021,1,1,0,0.0,0.0,0.0,0.0,428230000.0,428230000.0,4,4,0.1232032854209445,45,2025-12-29,Unknown,Unknown,,-1,0,unmatched,unmatched,0.10709736668815,,1,Q1,0-1,round_history_only,2025-2026
Loop AI Labs Inc.,loopai,1,capitaliq_post_money_ge_1b,2025-12-12,2025-12-12,Loop AI Labs Inc.,positive_self,0,2025,Post-2021,0,0,0,0.0,0.0,0.0,0.0,0.0,0.0,0,0,0.0,-1,,Unknown,Unknown,,-1,0,unmatched,unmatched,0.9999091792132103,,0,Q1,0,limited_source_metadata,2025-2026
Lovable Labs Incorporated,lovable,1,capitaliq_post_money_ge_1b,2025-07-17,2025-07-17,Lovable Labs Incorporated,positive_self,0,2025,Post-2021,0,0,0,0.0,0.0,0.0,0.0,0.0,0.0,0,0,0.0,-1,,Enterprise Software,Europe,Sweden,-1,0,exact_unique,unicorn_current,0.9999655172413793,,0,Q1,0,limited_source_metadata,2025-2026
"Lumin Digital, Inc.",lumindigital,1,capitaliq_post_money_ge_1b,2026-07-14,2026-07-14,"Lumin Digital, Inc.",positive_self,0,2026,Post-2021,0,0,0,0.0,0.0,0.0,0.0,0.0,0.0,0,0,0.0,-1,,Unknown,Unknown,,-1,0,unmatched,unmatched,0.9999091792132103,,0,Q1,0,limited_source_metadata,2025-2026
MainFunc Inc.,mainfunc,1,capitaliq_post_money_ge_1b,2026-06-11,2026-06-11,MainFunc Inc.,positive_self,0,2026,Post-2021,2,1,2,160000000.0,18.8906843794481,100000000.0,18.420680753952364,530000000.0,530000000.0,1,1,1.9794661190965093,475,2025-02-21,Enterprise Software,North America,United States,-1,0,exact_unique,unicorn_current,0.946211066757759,,2,Q4,1-3,round_history_only,2025-2026
"MaintainX, Inc.",maintainx,1,capitaliq_post_money_ge_1b,2025-07-09,2025-07-09,"MaintainX, Inc.",positive_self,0,2025,Post-2021,2,1,2,14770000.0,16.508108722212366,11000000.0,16.213405921671733,23820000.0,23820000.0,4,3,6.288843258042436,2017,2019-12-31,Enterprise Software,North America,United States,-1,0,exact_unique,unicorn_current,0.35323790660799687,,2,Q4,3-7,round_history_only,2025-2026
"Mammoth Biosciences, Inc.",mammothbiosciences,1,capitaliq_post_money_ge_1b,2024-04-25,2024-04-25,"Mammoth Biosciences, Inc.",positive_self,0,2024,Post-2021,3,1,3,52530000.0,17.776895011966886,45000000.0,17.622173069956816,119760000.0,119760000.0,7,7,6.614647501711157,1547,2020-01-30,Health & Bio,North America,United States,2017,1,exact_unique,unicorn_current,0.8742952736271639,2015-18,3+,Q4,3-7,round+founding+master,2024
Mckesson Medical-Surgical Top Holdings Inc.,mckessonmedicalsurgicaltop,1,capitaliq_post_money_ge_1b,2026-06-01,2026-06-01,Mckesson Medical-Surgical Top Holdings Inc.,positive_self,0,2026,Post-2021,0,0,0,0.0,0.0,0.0,0.0,0.0,0.0,0,0,0.0,-1,,Unknown,Unknown,,-1,0,unmatched,unmatched,0.9999091792132103,,0,Q1,0,limited_source_metadata,2025-2026
"Memoir, Inc.",memoir,1,capitaliq_post_money_ge_1b,2025-04-16,2025-04-16,"Memoir, Inc.",positive_self,0,2025,Post-2021,3,1,3,109000000.0,18.50685844936773,50000000.0,17.72753358339242,507690000.0,507690000.0,7,7,3.567419575633128,337,2024-05-14,Media & Entertainment,North America,United States,2012,1,exact_unique,control_funded,0.9822190304719176,2010-14,3+,Q4,3-7,round+founding+master,2025-2026
Mercor.io Corporation,mercorio,1,capitaliq_post_money_ge_1b,2025-10-27,2025-10-27,Mercor.io Corporation,positive_self,0,2025,Post-2021,1,1,1,32000000.0,17.281246492014,32000000.0,17.281246492014,250000000.0,250000000.0,2,2,1.103353867214237,403,2024-09-19,Unknown,Unknown,,-1,0,unmatched,unmatched,0.9025564551184847,,1,Q4,1-3,round_history_only,2025-2026
MESHY LLC,meshy,1,capitaliq_post_money_ge_1b,2026-07-21,2026-07-21,MESHY LLC,positive_self,0,2026,Post-2021,0,0,0,0.0,0.0,0.0,0.0,0.0,0.0,0,0,0.0,-1,,Unknown,Unknown,,-1,0,unmatched,unmatched,0.9999091792132103,,0,Q1,0,limited_source_metadata,2025-2026
"MetaX Integrated Circuits (Shanghai) Co., Ltd. (SHSE:688802)",metaxintegratedcircuitsshanghaishse688802,1,capitaliq_post_money_ge_1b,2025-02-28,2025-02-28,"MetaX Integrated Circuits (Shanghai) Co., Ltd. (SHSE:688802)",positive_self,0,2025,Post-2021,1,1,1,10720000.0,16.18762180689051,10720000.0,16.18762180689051,73520000.0,73520000.0,3,3,4.161533196440794,1520,2020-12-31,Unknown,Unknown,,-1,0,unmatched,unmatched,0.45147333556231406,,1,Q3,3-7,round_history_only,2025-2026
"Metropolis Technologies, Inc.",metropolis,1,capitaliq_post_money_ge_1b,2025-11-06,2025-11-06,"Metropolis Technologies, Inc.",positive_self,0,2025,Post-2021,0,0,0,0.0,0.0,0.0,0.0,0.0,0.0,0,0,0.0,-1,,AI & Data,North America,United States,-1,0,exact_unique,unicorn_current,0.9999655172413793,,0,Q1,0,limited_source_metadata,2025-2026
Mews Systems B.V.,mewssystemsbv,1,capitaliq_post_money_ge_1b,2024-03-04,2024-03-04,Mews Systems B.V.,positive_self,0,2024,Post-2021,1,1,1,185000000.0,19.035866388448003,185000000.0,19.035866388448003,865000000.0,865000000.0,11,11,1.218343600273785,445,2022-12-15,Unknown,Unknown,,-1,0,unmatched,unmatched,0.9736110657745097,,1,Q4,1-3,round_history_only,2024
"MGT Impact Solutions, LLC",mgtimpactsolutions,1,capitaliq_post_money_ge_1b,2025-12-03,2025-12-03,"MGT Impact Solutions, LLC",positive_self,0,2025,Post-2021,0,0,0,0.0,0.0,0.0,0.0,0.0,0.0,0,0,0.0,-1,,Unknown,Unknown,,-1,0,unmatched,unmatched,0.9999091792132103,,0,Q1,0,limited_source_metadata,2025-2026
"Mind Robotics, Inc.",mindrobotics,1,capitaliq_post_money_ge_1b,2026-03-11,2026-03-11,"Mind Robotics, Inc.",positive_self,0,2026,Post-2021,0,0,0,0.0,0.0,0.0,0.0,0.0,0.0,0,0,0.0,-1,,Unknown,Unknown,,-1,0,unmatched,unmatched,0.9999091792132103,,0,Q1,0,limited_source_metadata,2025-2026
Mistral AI SAS,mistralaisas,1,capitaliq_post_money_ge_1b,2024-06-11,2024-06-11,Mistral AI SAS,positive_self,0,2024,Post-2021,1,1,1,113400000.0,18.54643195807627,113400000.0,18.54643195807627,259210000.0,259210000.0,12,12,0.9965776865160848,364,2023-06-13,Unknown,Unknown,,-1,0,unmatched,unmatched,0.8661364055406118,,1,Q4,0-1,round_history_only,2024
"Modal Labs, Inc.",modal,1,capitaliq_post_money_ge_1b,2026-05-21,2026-05-21,"Modal Labs, Inc.",positive_self,0,2026,Post-2021,1,1,1,7200000.0,15.789591722875162,7200000.0,15.789591722875162,8500000.0,8500000.0,2,2,4.383299110198494,1601,2022-01-01,Enterprise Software,North America,United States,-1,0,exact_unique,unicorn_current,0.3050938565807769,,1,Q3,3-7,round_history_only,2025-2026
"Monad Labs, Inc.",monad,1,capitaliq_post_money_ge_1b,2024-04-09,2024-04-09,"Monad Labs, Inc.",positive_self,0,2024,Post-2021,1,1,1,2000000.0,14.508658238524095,2000000.0,14.508658238524095,3400000.0,3400000.0,0,0,3.8466803559206015,1405,2020-06-04,Fintech,North America,United States,-1,0,exact_unique,unicorn_current,0.09789000612388102,,1,Q2,3-7,round_history_only,2024
Moneyview Limited,moneyview,1,capitaliq_post_money_ge_1b,2024-09-12,2024-09-12,Moneyview Limited,positive_self,0,2024,Post-2021,3,1,3,164340000.0,18.91744801655226,75440000.0,18.13884820954504,900650000.0,900650000.0,12,7,5.746748802190281,626,2022-12-26,Fintech,Asia,India,-1,0,exact_unique,unicorn_current,0.9569217466082587,,3+,Q4,3-7,round_history_only,2024
Morpho Labs,morpho,1,capitaliq_post_money_ge_1b,2026-06-09,2026-06-09,Morpho Labs,positive_self,0,2026,Post-2021,0,0,0,0.0,0.0,0.0,0.0,0.0,0.0,0,0,0.0,-1,,Hardware & Industrials,North America,United States,2000,1,exact_unique,control_funded,0.9999655172413793,≤2009,0,Q1,0,limited_source_metadata,2025-2026
Motional AD LLC,motionalad,1,capitaliq_post_money_ge_1b,2024-05-02,2024-05-02,Motional AD LLC,positive_self,0,2024,Post-2021,0,0,0,0.0,0.0,0.0,0.0,0.0,0.0,0,0,0.0,-1,,Unknown,Unknown,,-1,0,unmatched,unmatched,0.9999091792132103,,0,Q1,0,limited_source_metadata,2024
Multiverse Computing,multiversecomputing,1,capitaliq_post_money_ge_1b,2026-07-27,2026-07-27,Multiverse Computing,positive_self,0,2026,Post-2021,1,1,1,27170000.0,17.11762401820783,27170000.0,17.11762401820783,108670000.0,108670000.0,6,6,2.3928815879534566,874,2024-03-05,Unknown,Unknown,,-1,0,unmatched,unmatched,0.5575522746236627,,1,Q4,1-3,round_history_only,2025-2026
n8n GmbH,n8ngmbh,1,capitaliq_post_money_ge_1b,2025-10-09,2025-10-09,n8n GmbH,positive_self,0,2025,Post-2021,1,1,1,59430000.0,17.90030972416936,59430000.0,17.90030972416936,270120000.0,270120000.0,5,5,0.5448323066392882,199,2025-03-24,Unknown,Unknown,,-1,0,unmatched,unmatched,0.8187616835500992,,1,Q4,0-1,round_history_only,2025-2026
Nanjing Lingxing Technology Company Limited,nanjinglingxing,1,capitaliq_post_money_ge_1b,2024-12-18,2024-12-18,Nanjing Lingxing Technology Company Limited,positive_self,0,2024,Post-2021,0,0,0,0.0,0.0,0.0,0.0,0.0,0.0,0,0,0.0,-1,,Unknown,Unknown,,-1,0,unmatched,unmatched,0.9999091792132103,,0,Q1,0,limited_source_metadata,2024
"Narwal Intelligence Technology (Dongguan) Co., Ltd.",narwalintelligencedongguan,1,capitaliq_post_money_ge_1b,2025-04-14,2025-04-14,"Narwal Intelligence Technology (Dongguan) Co., Ltd.",positive_self,0,2025,Post-2021,0,0,0,0.0,0.0,0.0,0.0,0.0,0.0,0,0,0.0,-1,,Unknown,Unknown,,-1,0,unmatched,unmatched,0.9999091792132103,,0,Q1,0,limited_source_metadata,2025-2026
Nasuni Corporation,nasuni,1,capitaliq_post_money_ge_1b,2024-07-09,2024-07-09,Nasuni Corporation,positive_self,0,2024,Post-2021,7,1,7,210740000.0,19.16613570888084,60000000.0,17.909855136853043,333120000.0,333120000.0,7,5,13.5523613963039,838,2022-03-24,Enterprise Software,North America,United States,2009,1,exact_unique,control_funded,0.8469880405725262,≤2009,3+,Q4,7+,round+founding+master,2024
Nearfield Instruments B.V.,nearfieldinstrumentsbv,1,capitaliq_post_money_ge_1b,2026-06-22,2026-06-22,Nearfield Instruments B.V.,positive_self,0,2026,Post-2021,0,0,0,0.0,0.0,0.0,0.0,0.0,0.0,0,0,0.0,-1,,Unknown,Unknown,,-1,0,unmatched,unmatched,0.9999091792132103,,0,Q1,0,limited_source_metadata,2025-2026
Neko Health AB,nekohealthab,1,capitaliq_post_money_ge_1b,2025-01-22,2025-01-22,Neko Health AB,positive_self,0,2025,Post-2021,0,0,0,0.0,0.0,0.0,0.0,0.0,0.0,0,0,0.0,-1,,Unknown,Unknown,,-1,0,unmatched,unmatched,0.9999091792132103,,0,Q1,0,limited_source_metadata,2025-2026
Neo Investment Value Advisors Private Limited,neoinvestmentvalueadvisorsprivate,1,capitaliq_post_money_ge_1b,2026-03-20,2026-03-20,Neo Investment Value Advisors Private Limited,positive_self,0,2026,Post-2021,1,1,1,24810000.0,17.02675739597431,24810000.0,17.02675739597431,701550000.0,701550000.0,2,2,0.3148528405201916,115,2025-11-25,Unknown,Unknown,,-1,0,unmatched,unmatched,0.7933652564346648,,1,Q4,0-1,round_history_only,2025-2026
nesto Inc.,nesto,1,capitaliq_post_money_ge_1b,2026-06-10,2026-06-10,nesto Inc.,positive_self,0,2026,Post-2021,0,0,0,0.0,0.0,0.0,0.0,0.0,0.0,0,0,0.0,-1,,Enterprise Software,North America,Canada,-1,0,exact_unique,unicorn_current,0.9999655172413793,,0,Q1,0,limited_source_metadata,2025-2026
"Netradyne, Inc.",netradyne,1,capitaliq_post_money_ge_1b,2025-01-16,2025-01-16,"Netradyne, Inc.",positive_self,0,2025,Post-2021,2,1,2,171000000.0,18.95717412031489,150000000.0,18.8261458587272,817050000.0,817050000.0,4,3,6.30527036276523,1281,2021-07-15,Hardware & Industrials,North America,United States,-1,0,exact_unique,unicorn_current,0.9630175299608956,,2,Q4,3-7,round_history_only,2025-2026
Neura Robotics GmbH,neuraroboticsgmbh,1,capitaliq_post_money_ge_1b,2026-03-05,2026-03-05,Neura Robotics GmbH,positive_self,0,2026,Post-2021,1,1,1,123510000.0,18.63183269051071,123510000.0,18.63183269051071,801030000.0,801030000.0,10,10,1.160848733744011,424,2025-01-05,Unknown,Unknown,,-1,0,unmatched,unmatched,0.9754638326550862,,1,Q4,1-3,round_history_only,2025-2026
"NeuroVigil, Inc.",neurovigil,1,capitaliq_post_money_ge_1b,2024-04-04,2024-04-04,"NeuroVigil, Inc.",positive_self,0,2024,Post-2021,0,0,0,0.0,0.0,0.0,0.0,0.0,0.0,0,0,0.0,-1,,Health & Bio,Other,,2007,1,exact_unique,control_funded,0.9999655172413793,≤2009,0,Q1,0,limited_source_metadata,2024
"NewLimit, Inc.",newlimit,1,capitaliq_post_money_ge_1b,2025-10-20,2025-10-20,"NewLimit, Inc.",positive_self,0,2025,Post-2021,1,1,1,130000000.0,18.683045016112164,130000000.0,18.683045016112164,810000000.0,810000000.0,6,6,0.4572210814510609,167,2025-05-06,Health & Bio,North America,United States,-1,0,exact_unique,unicorn_current,0.937452980108156,,1,Q4,0-1,round_history_only,2025-2026
Nexthop Systems Inc.,nexthopsystems,1,capitaliq_post_money_ge_1b,2026-03-10,2026-03-10,Nexthop Systems Inc.,positive_self,0,2026,Post-2021,0,0,0,0.0,0.0,0.0,0.0,0.0,0.0,0,0,0.0,-1,,Unknown,Unknown,,-1,0,unmatched,unmatched,0.9999091792132103,,0,Q1,0,limited_source_metadata,2025-2026
"NinjaOne, LLC",ninjaone,1,capitaliq_post_money_ge_1b,2025-02-24,2025-02-24,"NinjaOne, LLC",positive_self,0,2025,Post-2021,0,0,0,0.0,0.0,0.0,0.0,0.0,0.0,0,0,0.0,-1,,Enterprise Software,North America,United States,-1,0,exact_unique,unicorn_current,0.9999655172413793,,0,Q1,0,limited_source_metadata,2025-2026
"Nirvana Tech, Inc.",nirvanatech,1,capitaliq_post_money_ge_1b,2025-12-18,2025-12-18,"Nirvana Tech, Inc.",positive_self,0,2025,Post-2021,3,1,3,140170000.0,18.758366536773437,80000000.0,18.197537205138158,850000000.0,850000000.0,3,3,4.963723477070499,283,2025-03-10,Unknown,Unknown,,-1,0,unmatched,unmatched,0.9846575382386741,,3+,Q4,3-7,round_history_only,2025-2026
"Nomos AI, Inc.",nomosai,1,capitaliq_post_money_ge_1b,2026-06-24,2026-06-24,"Nomos AI, Inc.",positive_self,0,2026,Post-2021,0,0,0,0.0,0.0,0.0,0.0,0.0,0.0,0,0,0.0,-1,,Unknown,Unknown,,-1,0,unmatched,unmatched,0.9999091792132103,,0,Q1,0,limited_source_metadata,2025-2026
Nordic Knots AB,nordicknotsab,1,capitaliq_post_money_ge_1b,2026-03-27,2026-03-27,Nordic Knots AB,positive_self,0,2026,Post-2021,0,0,0,0.0,0.0,0.0,0.0,0.0,0.0,0,0,0.0,-1,,Unknown,Unknown,,-1,0,unmatched,unmatched,0.9999091792132103,,0,Q1,0,limited_source_metadata,2025-2026
Nord Quantique Inc.,nordquantique,1,capitaliq_post_money_ge_1b,2026-05-15,2026-05-15,Nord Quantique Inc.,positive_self,0,2026,Post-2021,0,0,0,0.0,0.0,0.0,0.0,0.0,0.0,0,0,0.0,-1,,Unknown,Unknown,,-1,0,unmatched,unmatched,0.9999091792132103,,0,Q1,0,limited_source_metadata,2025-2026
Nothing Technology Limited,nothing,1,capitaliq_post_money_ge_1b,2025-09-15,2025-09-15,Nothing Technology Limited,positive_self,0,2025,Post-2021,0,0,0,0.0,0.0,0.0,0.0,0.0,0.0,0,0,0.0,-1,,AI & Data,Europe,United Kingdom,-1,0,exact_unique,unicorn_current,0.9999655172413793,,0,Q1,0,limited_source_metadata,2025-2026
"Nourish, Inc.",nourish,1,capitaliq_post_money_ge_1b,2025-04-23,2025-04-23,"Nourish, Inc.",positive_self,0,2025,Post-2021,1,1,1,8000000.0,15.894952224644102,8000000.0,15.894952224644102,40250000.0,40250000.0,5,5,2.2532511978097194,823,2023-01-21,Health & Bio,North America,United States,-1,0,exact_unique,unicorn_current,0.3314072791002547,,1,Q3,1-3,round_history_only,2025-2026
NScale Global Holdings Limited,nscaleglobal,1,capitaliq_post_money_ge_1b,2026-03-09,2026-03-09,NScale Global Holdings Limited,positive_self,0,2026,Post-2021,1,1,1,4410000.0,15.299385474180372,4410000.0,15.299385474180372,22040000.0,22040000.0,2,2,4.939082819986311,1804,2021-03-31,Unknown,Unknown,,-1,0,unmatched,unmatched,0.24702713386675618,,1,Q3,3-7,round_history_only,2025-2026
"Octane Lending, Inc.",octanelending,1,capitaliq_post_money_ge_1b,2025-11-12,2025-11-12,"Octane Lending, Inc.",positive_self,0,2025,Post-2021,5,1,5,43025000.0,17.577291923304177,15080000.0,16.528879986857078,141000000.0,141000000.0,7,7,11.331964407939768,2415,2019-04-03,Fintech,North America,United States,2013,1,exact_unique,control_funded,0.3600451175477898,2010-14,3+,Q4,7+,round+founding+master,2025-2026
"Odyssey Systems, Inc.",odysseysystems,1,capitaliq_post_money_ge_1b,2026-06-17,2026-06-17,"Odyssey Systems, Inc.",positive_self,0,2026,Post-2021,0,0,0,0.0,0.0,0.0,0.0,0.0,0.0,0,0,0.0,-1,,Unknown,Unknown,,-1,0,unmatched,unmatched,0.9999091792132103,,0,Q1,0,limited_source_metadata,2025-2026
OKX Technology Inc.,okx,1,capitaliq_post_money_ge_1b,2026-03-05,2026-03-05,OKX Technology Inc.,positive_self,0,2026,Post-2021,0,0,0,0.0,0.0,0.0,0.0,0.0,0.0,0,0,0.0,-1,,Fintech,Africa,Seychelles,-1,0,exact_unique,unicorn_current,0.9999655172413793,,0,Q1,0,limited_source_metadata,2025-2026
"Olipop, Inc.",olipop,1,capitaliq_post_money_ge_1b,2025-03-03,2025-03-03,"Olipop, Inc.",positive_self,0,2025,Post-2021,3,1,3,55320000.0,17.828645082837475,39780000.0,17.49887485652836,200000000.0,200000000.0,5,5,6.140999315537303,1117,2022-02-10,AI & Data,North America,United States,-1,0,exact_unique,unicorn_current,0.8554747090791244,,3+,Q4,3-7,round_history_only,2025-2026
Ominimo Insurance Kft.,ominimoinsurancekft,1,capitaliq_post_money_ge_1b,2026-07-27,2026-07-27,Ominimo Insurance Kft.,positive_self,0,2026,Post-2021,1,1,1,11180000.0,16.22963711513666,11180000.0,16.22963711513666,223690000.0,223690000.0,1,1,1.295003422313484,473,2025-04-10,Unknown,Unknown,,-1,0,unmatched,unmatched,0.6894031241418778,,1,Q3,1-3,round_history_only,2025-2026
"Omni Analytics, Inc.",omnianalytics,1,capitaliq_post_money_ge_1b,2026-04-23,2026-04-23,"Omni Analytics, Inc.",positive_self,0,2026,Post-2021,2,1,2,78400000.0,18.177334498075737,69000000.0,18.04961707705429,650000000.0,650000000.0,9,6,3.685147159479808,406,2025-03-13,Unknown,Unknown,,-1,0,unmatched,unmatched,0.9842665241459401,,2,Q4,3-7,round_history_only,2025-2026
"Onebrief, Inc.",onebrief,1,capitaliq_post_money_ge_1b,2025-06-16,2025-06-16,"Onebrief, Inc.",positive_self,0,2025,Post-2021,2,1,2,22130000.0,16.91244475721476,16000000.0,16.588099342704055,244550000.0,244550000.0,3,3,2.6776180698151952,299,2024-08-21,Enterprise Software,North America,United States,-1,0,exact_unique,unicorn_current,0.7575495719042054,,2,Q4,1-3,round_history_only,2025-2026
OneSource Specialty Pharma Limited (NSEI:ONESOURCE),onesourcespecialtypharmanseionesource,1,capitaliq_post_money_ge_1b,2025-01-10,2025-01-10,OneSource Specialty Pharma Limited (NSEI:ONESOURCE),positive_self,0,2025,Post-2021,2,1,2,155060000.0,18.859322703204203,85060000.0,18.25886745954617,225000000.0,350120000.0,4,3,3.813826146475017,1393,2021-03-19,Unknown,Unknown,,-1,0,unmatched,unmatched,0.9232417979778245,,2,Q4,3-7,round_history_only,2025-2026
OpenEvidence Inc.,openevidence,1,capitaliq_post_money_ge_1b,2025-07-15,2025-07-15,OpenEvidence Inc.,positive_self,0,2025,Post-2021,0,0,0,0.0,0.0,0.0,0.0,0.0,0.0,0,0,0.0,-1,,Health & Bio,North America,United States,-1,0,exact_unique,unicorn_current,0.9999655172413793,,0,Q1,0,limited_source_metadata,2025-2026
"Origin Quantum Computing Technology Co., Ltd.",originquantumcomputing,1,capitaliq_post_money_ge_1b,2026-06-08,2026-06-08,"Origin Quantum Computing Technology Co., Ltd.",positive_self,0,2026,Post-2021,0,0,0,0.0,0.0,0.0,0.0,0.0,0.0,0,0,0.0,-1,,Unknown,Unknown,,-1,0,unmatched,unmatched,0.9999091792132103,,0,Q1,0,limited_source_metadata,2025-2026
osapiens Services GmbH,osapiensservicesgmbh,1,capitaliq_post_money_ge_1b,2026-01-14,2026-01-14,osapiens Services GmbH,positive_self,0,2026,Post-2021,0,0,0,0.0,0.0,0.0,0.0,0.0,0.0,0,0,0.0,-1,,Unknown,Unknown,,-1,0,unmatched,unmatched,0.9999091792132103,,0,Q1,0,limited_source_metadata,2025-2026
"oxylabs, UAB",oxylabsuab,1,capitaliq_post_money_ge_1b,2026-07-09,2026-07-09,"oxylabs, UAB",positive_self,0,2026,Post-2021,0,0,0,0.0,0.0,0.0,0.0,0.0,0.0,0,0,0.0,-1,,Unknown,Unknown,,-1,0,unmatched,unmatched,0.9999091792132103,,0,Q1,0,limited_source_metadata,2025-2026
"Oyster HR, Inc.",oysterhr,1,capitaliq_post_money_ge_1b,2024-09-04,2024-09-04,"Oyster HR, Inc.",positive_self,0,2024,Post-2021,4,1,4,226920000.0,19.24010809482948,150000000.0,18.8261458587272,926260000.0,926260000.0,17,13,4.372347707049966,868,2022-04-20,Unknown,Unknown,,-1,0,unmatched,unmatched,0.9450949677476305,,3+,Q4,3-7,round_history_only,2024
Parallel Web Systems Inc.,parallelwebsystems,1,capitaliq_post_money_ge_1b,2026-04-28,2026-04-28,Parallel Web Systems Inc.,positive_self,0,2026,Post-2021,0,0,0,0.0,0.0,0.0,0.0,0.0,0.0,0,0,0.0,-1,,Unknown,Unknown,,-1,0,unmatched,unmatched,0.9999091792132103,,0,Q1,0,limited_source_metadata,2025-2026
Parloa GmbH,parloagmbh,1,capitaliq_post_money_ge_1b,2026-01-15,2026-01-15,Parloa GmbH,positive_self,0,2026,Post-2021,1,1,1,120290000.0,18.6054160602835,120290000.0,18.6054160602835,999770000.0,999770000.0,7,7,0.6954140999315537,254,2025-05-06,Unknown,Unknown,,-1,0,unmatched,unmatched,0.9588127976622562,,1,Q4,0-1,round_history_only,2025-2026
Pasqal SAS,pasqalsas,1,capitaliq_post_money_ge_1b,2026-03-04,2026-03-04,Pasqal SAS,positive_self,0,2026,Post-2021,0,0,0,0.0,0.0,0.0,0.0,0.0,0.0,0,0,0.0,-1,,Unknown,Unknown,,-1,0,unmatched,unmatched,0.9999091792132103,,0,Q1,0,limited_source_metadata,2025-2026
"Pathos AI, Inc.",pathosai,1,capitaliq_post_money_ge_1b,2025-05-15,2025-05-15,"Pathos AI, Inc.",positive_self,0,2025,Post-2021,1,1,1,62000000.0,17.9426449591384,62000000.0,17.9426449591384,600000000.0,600000000.0,4,4,0.5420944558521561,198,2024-10-29,Unknown,Unknown,,-1,0,unmatched,unmatched,0.9391153152028557,,1,Q4,0-1,round_history_only,2025-2026
"PaXini Technology (Shenzhen) Co., Ltd.",paxinishenzhen,1,capitaliq_post_money_ge_1b,2026-03-06,2026-03-06,"PaXini Technology (Shenzhen) Co., Ltd.",positive_self,0,2026,Post-2021,0,0,0,0.0,0.0,0.0,0.0,0.0,0.0,0,0,0.0,-1,,Unknown,Unknown,,-1,0,unmatched,unmatched,0.9999091792132103,,0,Q1,0,limited_source_metadata,2025-2026
"PDW Holdings, Inc.",pdw,1,capitaliq_post_money_ge_1b,2026-03-25,2026-03-25,"PDW Holdings, Inc.",positive_self,0,2026,Post-2021,0,0,0,0.0,0.0,0.0,0.0,0.0,0.0,0,0,0.0,-1,,Unknown,Unknown,,-1,0,unmatched,unmatched,0.9999091792132103,,0,Q1,0,limited_source_metadata,2025-2026
Pennylane SAS,pennylanesas,1,capitaliq_post_money_ge_1b,2024-02-07,2024-02-07,Pennylane SAS,positive_self,0,2024,Post-2021,0,0,0,0.0,0.0,0.0,0.0,0.0,0.0,0,0,0.0,-1,,Unknown,Unknown,,-1,0,unmatched,unmatched,0.9999091792132103,,0,Q1,0,limited_source_metadata,2024
"Peregrine Technologies, Inc.",peregrine,1,capitaliq_post_money_ge_1b,2025-03-04,2025-03-04,"Peregrine Technologies, Inc.",positive_self,0,2025,Post-2021,1,1,1,30000000.0,17.216707972959764,30000000.0,17.216707972959764,309500000.0,309500000.0,5,5,0.840520191649555,307,2024-05-01,Enterprise Software,North America,United States,-1,0,exact_unique,unicorn_current,0.9192367998170791,,1,Q4,0-1,round_history_only,2025-2026
Perfios Software Solutions Private Limited,perfiossoftwaresolutionsprivate,1,capitaliq_post_money_ge_1b,2024-03-13,2024-03-13,Perfios Software Solutions Private Limited,positive_self,0,2024,Post-2021,0,0,0,0.0,0.0,0.0,0.0,0.0,0.0,0,0,0.0,-1,,Unknown,Unknown,,-1,0,unmatched,unmatched,0.9999091792132103,,0,Q1,0,limited_source_metadata,2024
"Periodic Labs, Inc.",periodic,1,capitaliq_post_money_ge_1b,2025-09-30,2025-09-30,"Periodic Labs, Inc.",positive_self,0,2025,Post-2021,0,0,0,0.0,0.0,0.0,0.0,0.0,0.0,0,0,0.0,-1,,Hardware & Industrials,North America,United States,-1,0,exact_unique,unicorn_current,0.9999655172413793,,0,Q1,0,limited_source_metadata,2025-2026
"Perplexity AI, Inc.",perplexityai,1,capitaliq_post_money_ge_1b,2024-04-23,2024-04-23,"Perplexity AI, Inc.",positive_self,0,2024,Post-2021,2,1,2,124860000.0,18.64270367560684,74860000.0,18.131130273798824,540000000.0,540000000.0,10,10,0.4982888432580424,114,2023-12-31,Unknown,Unknown,,-1,0,unmatched,unmatched,0.9466037215505885,,2,Q4,0-1,round_history_only,2024
Photonic Inc.,photonic,1,capitaliq_post_money_ge_1b,2026-05-12,2026-05-12,Photonic Inc.,positive_self,0,2026,Post-2021,0,0,0,0.0,0.0,0.0,0.0,0.0,0.0,0,0,0.0,-1,,Enterprise Software,North America,Canada,-1,0,exact_unique,unicorn_current,0.9999655172413793,,0,Q1,0,limited_source_metadata,2025-2026
"Physical Intelligence (PI), Inc.",physicalintelligencepi,1,capitaliq_post_money_ge_1b,2024-11-04,2024-11-04,"Physical Intelligence (PI), Inc.",positive_self,0,2024,Post-2021,1,1,1,69650000.0,18.05899327254759,69650000.0,18.05899327254759,400000000.0,400000000.0,5,5,0.648870636550308,237,2024-03-12,Unknown,Unknown,,-1,0,unmatched,unmatched,0.9534251387850995,,1,Q4,0-1,round_history_only,2024
PhysicsX Ltd,physicsx,1,capitaliq_post_money_ge_1b,2026-06-08,2026-06-08,PhysicsX Ltd,positive_self,0,2026,Post-2021,0,0,0,0.0,0.0,0.0,0.0,0.0,0.0,0,0,0.0,-1,,Enterprise Software,Europe,United Kingdom,-1,0,exact_unique,unicorn_current,0.9999655172413793,,0,Q1,0,limited_source_metadata,2025-2026
"Placer Labs, Inc.",placer,1,capitaliq_post_money_ge_1b,2024-08-05,2024-08-05,"Placer Labs, Inc.",positive_self,0,2024,Post-2021,1,1,1,12200000.0,16.316946591670696,12200000.0,16.316946591670696,42840000.0,42840000.0,4,4,4.561259411362081,1666,2020-01-13,Other / Unknown,Other,,-1,0,exact_unique,control_accelerator,0.4184728301884947,,1,Q3,3-7,round_history_only,2024
"Point Wild Holdings, Inc.",pointwild,1,capitaliq_post_money_ge_1b,2025-03-24,2025-03-24,"Point Wild Holdings, Inc.",positive_self,0,2025,Post-2021,0,0,0,0.0,0.0,0.0,0.0,0.0,0.0,0,0,0.0,-1,,Unknown,Unknown,,-1,0,unmatched,unmatched,0.9999091792132103,,0,Q1,0,limited_source_metadata,2025-2026
"Pomelo Care, Inc.",pomelocare,1,capitaliq_post_money_ge_1b,2026-01-08,2026-01-08,"Pomelo Care, Inc.",positive_self,0,2026,Post-2021,1,1,1,7960000.0,15.8899396834487,7960000.0,15.8899396834487,13220000.0,13220000.0,2,2,4.372347707049966,1597,2021-08-25,Enterprise Software,North America,United States,-1,0,exact_unique,unicorn_current,0.2928083725932221,,1,Q3,3-7,round_history_only,2025-2026
"Poolside, Inc.",poolside,1,capitaliq_post_money_ge_1b,2024-10-02,2024-10-02,"Poolside, Inc.",positive_self,0,2024,Post-2021,0,0,0,0.0,0.0,0.0,0.0,0.0,0.0,0,0,0.0,-1,,Enterprise Software,North America,United States,-1,0,exact_unique,unicorn_current,0.9999655172413793,,0,Q1,0,limited_source_metadata,2024
PostHog Inc.,posthog,1,capitaliq_post_money_ge_1b,2025-09-29,2025-09-29,PostHog Inc.,positive_self,0,2025,Post-2021,2,1,2,80000000.0,18.197537205138158,70000000.0,18.064005814299342,164770000.0,920000000.0,4,4,0.3066392881587953,112,2025-06-09,Other / Unknown,Unknown,,-1,0,exact_unique,control_accelerator,0.769226965670397,,2,Q4,0-1,round_history_only,2025-2026
"Preferred Networks, Inc.",preferrednetworks,1,capitaliq_post_money_ge_1b,2024-12-23,2024-12-23,"Preferred Networks, Inc.",positive_self,0,2024,Post-2021,2,1,2,15810000.0,16.57615327243676,8289999.999999999,15.930560647738732,276150000.0,276150000.0,2,1,9.232032854209445,3281,2015-12-30,Hardware & Industrials,Asia,Japan,2014,1,exact_unique,unicorn_current,0.6144555547026264,2010-14,2,Q4,7+,round+founding+master,2024
"Preply, Inc.",preply,1,capitaliq_post_money_ge_1b,2026-01-21,2026-01-21,"Preply, Inc.",positive_self,0,2026,Post-2021,5,1,5,136000000.0,18.72816545105327,120000000.0,18.603002309079653,337860000.0,337860000.0,20,11,10.365503080082137,917,2023-07-19,Enterprise Software,North America,United States,-1,0,exact_unique,unicorn_current,0.8086117639067302,,3+,Q4,7+,round_history_only,2025-2026
Project Prometheus,projectprometheus,1,capitaliq_post_money_ge_1b,2026-06-11,2026-06-11,Project Prometheus,positive_self,0,2026,Post-2021,0,0,0,0.0,0.0,0.0,0.0,0.0,0.0,0,0,0.0,-1,,Enterprise Software,North America,United States,-1,0,exact_unique,unicorn_current,0.9999655172413793,,0,Q1,0,limited_source_metadata,2025-2026
Propertyfinder FZ-LLC,propertyfinderfz,1,capitaliq_post_money_ge_1b,2025-09-09,2025-09-09,Propertyfinder FZ-LLC,positive_self,0,2025,Post-2021,2,1,2,140000000.0,18.757152987716434,120000000.0,18.603002309079653,500000000.0,500000000.0,3,3,9.661875427789186,2479,2018-11-26,Unknown,Unknown,,-1,0,unmatched,unmatched,0.6587868899738214,,2,Q4,7+,round_history_only,2025-2026
Proxima Fusion GmbH,proximafusiongmbh,1,capitaliq_post_money_ge_1b,2026-07-07,2026-07-07,Proxima Fusion GmbH,positive_self,0,2026,Post-2021,0,0,0,0.0,0.0,0.0,0.0,0.0,0.0,0,0,0.0,-1,,Unknown,Unknown,,-1,0,unmatched,unmatched,0.9999091792132103,,0,Q1,0,limited_source_metadata,2025-2026
"Qianxun Intelligent (Hangzhou) Technology Co., Ltd.",qianxunintelligenthangzhou,1,capitaliq_post_money_ge_1b,2026-02-22,2026-02-22,"Qianxun Intelligent (Hangzhou) Technology Co., Ltd.",positive_self,0,2026,Post-2021,0,0,0,0.0,0.0,0.0,0.0,0.0,0.0,0,0,0.0,-1,,Unknown,Unknown,,-1,0,unmatched,unmatched,0.9999091792132103,,0,Q1,0,limited_source_metadata,2025-2026
"Qingtao (Kunshan) Energy Development Co., Ltd.",qingtaokunshanenergydevelopment,1,capitaliq_post_money_ge_1b,2026-02-28,2026-02-28,"Qingtao (Kunshan) Energy Development Co., Ltd.",positive_self,0,2026,Post-2021,0,0,0,0.0,0.0,0.0,0.0,0.0,0.0,0,0,0.0,-1,,Unknown,Unknown,,-1,0,unmatched,unmatched,0.9999091792132103,,0,Q1,0,limited_source_metadata,2025-2026
"Qingtianzu (Shanghai) Technology Co., Ltd.",qingtianzushanghai,1,capitaliq_post_money_ge_1b,2026-05-20,2026-05-20,"Qingtianzu (Shanghai) Technology Co., Ltd.",positive_self,0,2026,Post-2021,1,1,1,14360000.0,16.479957191222233,14360000.0,16.479957191222233,430660000.0,430660000.0,15,15,0.3422313483915126,125,2026-01-15,Unknown,Unknown,,-1,0,unmatched,unmatched,0.6784046113887919,,1,Q4,0-1,round_history_only,2025-2026
Quantinuum LLC,quantinuum,1,capitaliq_post_money_ge_1b,2024-01-16,2024-01-16,Quantinuum LLC,positive_self,0,2024,Post-2021,0,0,0,0.0,0.0,0.0,0.0,0.0,0.0,0,0,0.0,-1,,Unknown,Unknown,,-1,0,unmatched,unmatched,0.9999091792132103,,0,Q1,0,limited_source_metadata,2024
Quantum-Systems GmbH,quantumsystemsgmbh,1,capitaliq_post_money_ge_1b,2025-11-27,2025-11-27,Quantum-Systems GmbH,positive_self,0,2025,Post-2021,0,0,0,0.0,0.0,0.0,0.0,0.0,0.0,0,0,0.0,-1,,Unknown,Unknown,,-1,0,unmatched,unmatched,0.9999091792132103,,0,Q1,0,limited_source_metadata,2025-2026
"Radiant Industries, Inc.",radiantindustries,1,capitaliq_post_money_ge_1b,2025-12-17,2025-12-17,"Radiant Industries, Inc.",positive_self,0,2025,Post-2021,0,0,0,0.0,0.0,0.0,0.0,0.0,0.0,0,0,0.0,-1,,Unknown,Unknown,,-1,0,unmatched,unmatched,0.9999091792132103,,0,Q1,0,limited_source_metadata,2025-2026
Raise Fintech Ventures Private Limited,raisefintechventuresprivate,1,capitaliq_post_money_ge_1b,2025-10-06,2025-10-06,Raise Fintech Ventures Private Limited,positive_self,0,2025,Post-2021,1,1,1,21990000.0,16.90609840800616,21990000.0,16.90609840800616,116320000.0,116320000.0,4,4,3.696098562628337,1350,2022-01-25,Unknown,Unknown,,-1,0,unmatched,unmatched,0.5428355330215567,,1,Q4,3-7,round_history_only,2025-2026
Raise Securities Private Limited,raisesecuritiesprivate,1,capitaliq_post_money_ge_1b,2025-05-28,2025-05-28,Raise Securities Private Limited,positive_self,0,2025,Post-2021,0,0,0,0.0,0.0,0.0,0.0,0.0,0.0,0,0,0.0,-1,,Unknown,Unknown,,-1,0,unmatched,unmatched,0.9999091792132103,,0,Q1,0,limited_source_metadata,2025-2026
"Rarestep, Inc.",rarestep,1,capitaliq_post_money_ge_1b,2025-04-14,2025-04-14,"Rarestep, Inc.",positive_self,0,2025,Post-2021,1,1,1,3500000.0,15.068273812173889,3500000.0,15.068273812173889,37830000.0,37830000.0,0,0,6.064339493497604,2215,2019-03-22,Unknown,Unknown,,-1,0,unmatched,unmatched,0.24137766961579105,,1,Q3,3-7,round_history_only,2025-2026
Rebellions Inc.,rebellions,1,capitaliq_post_money_ge_1b,2025-09-30,2025-09-30,Rebellions Inc.,positive_self,0,2025,Post-2021,1,1,1,133560000.0,18.710061380527,133560000.0,18.710061380527,649760000.0,649760000.0,8,8,1.188227241615332,434,2024-07-23,Hardware & Industrials,Asia,South Korea,-1,0,exact_unique,unicorn_current,0.9564548912389792,,1,Q4,1-3,round_history_only,2025-2026
Recursive Superintelligence Ltd.,recursivesuperintelligence,1,capitaliq_post_money_ge_1b,2026-05-13,2026-05-13,Recursive Superintelligence Ltd.,positive_self,0,2026,Post-2021,0,0,0,0.0,0.0,0.0,0.0,0.0,0.0,0,0,0.0,-1,,Enterprise Software,Europe,United Kingdom,-1,0,exact_unique,unicorn_current,0.9999655172413793,,0,Q1,0,limited_source_metadata,2025-2026
"Redo Tech, Inc.",redotech,1,capitaliq_post_money_ge_1b,2026-06-23,2026-06-23,"Redo Tech, Inc.",positive_self,0,2026,Post-2021,1,1,1,2000000.0,14.508658238524095,2000000.0,14.508658238524095,2000000.0,2000000.0,0,0,3.926078028747433,1434,2022-07-20,Unknown,Unknown,,-1,0,unmatched,unmatched,0.10770357141251001,,1,Q2,3-7,round_history_only,2025-2026
"Redwood Services, LLC",redwoodservices,1,capitaliq_post_money_ge_1b,2025-06-06,2025-06-06,"Redwood Services, LLC",positive_self,0,2025,Post-2021,0,0,0,0.0,0.0,0.0,0.0,0.0,0.0,0,0,0.0,-1,,Unknown,Unknown,,-1,0,unmatched,unmatched,0.9999091792132103,,0,Q1,0,limited_source_metadata,2025-2026
"Reflection AI, Inc.",reflectionai,1,capitaliq_post_money_ge_1b,2025-10-09,2025-10-09,"Reflection AI, Inc.",positive_self,0,2025,Post-2021,2,1,2,130000000.0,18.683045016112164,105000000.0,18.46947091764561,555000000.0,555000000.0,5,4,1.1690622861054072,216,2025-03-07,Enterprise Software,North America,United States,-1,0,exact_unique,unicorn_current,0.9820202681630743,,2,Q4,1-3,round_history_only,2025-2026
"ReliaQuest, LLC",reliaquest,1,capitaliq_post_money_ge_1b,2025-03-31,2025-03-31,"ReliaQuest, LLC",positive_self,0,2025,Post-2021,0,0,0,0.0,0.0,0.0,0.0,0.0,0.0,0,0,0.0,-1,,Enterprise Software,North America,United States,2007,1,exact_unique,unicorn_current,0.9999655172413793,≤2009,0,Q1,0,limited_source_metadata,2025-2026
"Render Services, Inc.",renderservices,1,capitaliq_post_money_ge_1b,2026-02-17,2026-02-17,"Render Services, Inc.",positive_self,0,2026,Post-2021,0,0,0,0.0,0.0,0.0,0.0,0.0,0.0,0,0,0.0,-1,,Unknown,Unknown,,-1,0,unmatched,unmatched,0.9999091792132103,,0,Q1,0,limited_source_metadata,2025-2026
"Replit, Inc.",replit,1,capitaliq_post_money_ge_1b,2025-09-10,2025-09-10,"Replit, Inc.",positive_self,0,2025,Post-2021,1,1,1,20830000.0,16.851904861244837,20830000.0,16.851904861244837,128790000.0,128790000.0,5,5,4.558521560574949,1665,2021-02-18,Enterprise Software,North America,United States,-1,0,exact_unique,unicorn_current,0.43130111291679096,,1,Q4,3-7,round_history_only,2025-2026
"Resolve AI, Inc.",resolveai,1,capitaliq_post_money_ge_1b,2026-04-16,2026-04-16,"Resolve AI, Inc.",positive_self,0,2026,Post-2021,0,0,0,0.0,0.0,0.0,0.0,0.0,0.0,0,0,0.0,-1,,Enterprise Software,North America,United States,-1,0,exact_unique,unicorn_current,0.9999655172413793,,0,Q1,0,limited_source_metadata,2025-2026
Rhoda AI Corporation,rhodaai,1,capitaliq_post_money_ge_1b,2026-03-10,2026-03-10,Rhoda AI Corporation,positive_self,0,2026,Post-2021,0,0,0,0.0,0.0,0.0,0.0,0.0,0.0,0,0,0.0,-1,,Hardware & Industrials,North America,United States,-1,0,exact_unique,unicorn_current,0.9999655172413793,,0,Q1,0,limited_source_metadata,2025-2026
"Ricursive Intelligence, Inc.",ricursiveintelligence,1,capitaliq_post_money_ge_1b,2026-01-26,2026-01-26,"Ricursive Intelligence, Inc.",positive_self,0,2026,Post-2021,1,1,1,35000000.0,17.370858648025116,35000000.0,17.370858648025116,750000000.0,750000000.0,4,4,0.1505817932922655,55,2025-12-02,Hardware & Industrials,North America,United States,-1,0,exact_unique,unicorn_current,0.14843198642321012,,1,Q4,0-1,round_history_only,2025-2026
"Rogo Technologies, Inc.",rogo,1,capitaliq_post_money_ge_1b,2026-04-29,2026-04-29,"Rogo Technologies, Inc.",positive_self,0,2026,Post-2021,2,1,2,125000000.0,18.643824303266577,75000000.0,18.13299868483392,750000000.0,750000000.0,13,12,0.9965776865160848,91,2026-01-28,Enterprise Software,North America,United States,-1,0,exact_unique,unicorn_current,0.9155407017446889,,2,Q4,0-1,round_history_only,2025-2026
Roppen Transportation Services Private Limited,roppentransportationservicesprivate,1,capitaliq_post_money_ge_1b,2025-06-09,2025-06-09,Roppen Transportation Services Private Limited,positive_self,0,2025,Post-2021,2,1,2,234650000.0,19.27360560446637,180000000.0,19.00846741441004,830000000.0,830000000.0,10,7,5.7850787132101305,1151,2022-04-15,Unknown,Unknown,,-1,0,unmatched,unmatched,0.9682149426343318,,2,Q4,3-7,round_history_only,2025-2026
"Route App, Inc.",routeapp,1,capitaliq_post_money_ge_1b,2024-06-25,2024-06-25,"Route App, Inc.",positive_self,0,2024,Post-2021,1,1,1,1530000.0,14.240778946963175,1530000.0,14.240778946963175,1830000.0,1830000.0,0,0,5.327857631759069,1946,2019-02-26,Unknown,Unknown,,-1,0,unmatched,unmatched,0.11784658353163303,,1,Q2,3-7,round_history_only,2024
"Runway AI, Inc.",runwayai,1,capitaliq_post_money_ge_1b,2025-04-03,2025-04-03,"Runway AI, Inc.",positive_self,0,2025,Post-2021,1,1,1,50200000.0,17.731525604582277,50200000.0,17.731525604582277,500000000.0,500000000.0,6,6,2.327173169062286,850,2022-12-05,Unknown,Unknown,,-1,0,unmatched,unmatched,0.9627436632041236,,1,Q4,1-3,round_history_only,2025-2026
Safe Superintelligence Inc.,safesuperintelligence,1,capitaliq_post_money_ge_1b,2024-09-04,2024-09-04,Safe Superintelligence Inc.,positive_self,0,2024,Post-2021,0,0,0,0.0,0.0,0.0,0.0,0.0,0.0,0,0,0.0,-1,,Enterprise Software,North America,United States,-1,0,exact_unique,unicorn_current,0.9999655172413793,,0,Q1,0,limited_source_metadata,2024
"Sakana AI Co., Ltd.",sakanaai,1,capitaliq_post_money_ge_1b,2024-09-17,2024-09-17,"Sakana AI Co., Ltd.",positive_self,0,2024,Post-2021,0,0,0,0.0,0.0,0.0,0.0,0.0,0.0,0,0,0.0,-1,,Enterprise Software,Asia,Japan,-1,0,exact_unique,unicorn_current,0.9999655172413793,,0,Q1,0,limited_source_metadata,2024
"Saronic Technologies, Inc.",saronic,1,capitaliq_post_money_ge_1b,2026-03-31,2026-03-31,"Saronic Technologies, Inc.",positive_self,0,2026,Post-2021,0,0,0,0.0,0.0,0.0,0.0,0.0,0.0,0,0,0.0,-1,,Hardware & Industrials,North America,United States,-1,0,exact_unique,unicorn_current,0.9999655172413793,,0,Q1,0,limited_source_metadata,2025-2026
Science Corporation,science,1,capitaliq_post_money_ge_1b,2026-03-05,2026-03-05,Science Corporation,positive_self,0,2026,Post-2021,0,0,0,0.0,0.0,0.0,0.0,0.0,0.0,0,0,0.0,-1,,Health & Bio,North America,United States,-1,0,exact_unique,unicorn_current,0.9999655172413793,,0,Q1,0,limited_source_metadata,2025-2026
"Sedgwick Claims Management Services, Inc.",sedgwickclaimsmanagementservices,1,capitaliq_post_money_ge_1b,2024-11-12,2024-11-12,"Sedgwick Claims Management Services, Inc.",positive_self,0,2024,Post-2021,0,0,0,0.0,0.0,0.0,0.0,0.0,0.0,0,0,0.0,-1,,Unknown,Unknown,,-1,0,unmatched,unmatched,0.9999091792132103,,0,Q1,0,limited_source_metadata,2024
Seekr Technologies Inc.,seekr,1,capitaliq_post_money_ge_1b,2025-06-30,2025-06-30,Seekr Technologies Inc.,positive_self,0,2025,Post-2021,0,0,0,0.0,0.0,0.0,0.0,0.0,0.0,0,0,0.0,-1,,Enterprise Software,North America,United States,-1,0,exact_unique,unicorn_current,0.9999655172413793,,0,Q1,0,limited_source_metadata,2025-2026
Selected Society Group Entertainment,selectedsocietyentertainment,1,capitaliq_post_money_ge_1b,2024-09-09,2024-09-09,Selected Society Group Entertainment,positive_self,0,2024,Post-2021,1,1,1,10000000.0,16.118095750958314,10000000.0,16.118095750958314,800000000.0,800000000.0,1,1,0.2053388090349076,75,2024-06-26,Unknown,Unknown,,-1,0,unmatched,unmatched,0.35036394150970823,,1,Q3,0-1,round_history_only,2024
Semi-tech,semitech,1,capitaliq_post_money_ge_1b,2025-12-31,2025-12-31,Semi-tech,positive_self,0,2025,Post-2021,3,1,3,151450000.0,18.83576610204036,72350000.0,18.097026024863467,792970000.0,900170000.0,16,10,2.6584531143052703,31,2025-11-30,Unknown,Unknown,,-1,0,unmatched,unmatched,0.8946779159921847,,3+,Q4,1-3,round_history_only,2025-2026
"Send Cut Send, Inc.",sendcutsend,1,capitaliq_post_money_ge_1b,2026-05-19,2026-05-19,"Send Cut Send, Inc.",positive_self,0,2026,Post-2021,0,0,0,0.0,0.0,0.0,0.0,0.0,0.0,0,0,0.0,-1,,Unknown,Unknown,,-1,0,unmatched,unmatched,0.9999091792132103,,0,Q1,0,limited_source_metadata,2025-2026
"Shandong Aiko Solar Technology Co., Ltd",shandongaikosolar,1,capitaliq_post_money_ge_1b,2026-03-31,2026-03-31,"Shandong Aiko Solar Technology Co., Ltd",positive_self,0,2026,Post-2021,0,0,0,0.0,0.0,0.0,0.0,0.0,0.0,0,0,0.0,-1,,Unknown,Unknown,,-1,0,unmatched,unmatched,0.9999091792132103,,0,Q1,0,limited_source_metadata,2025-2026
"Shanghai Agilink Innovation Intelligent Technology Co., Ltd.",shanghaiagilinkinnovationintelligent,1,capitaliq_post_money_ge_1b,2026-05-19,2026-05-19,"Shanghai Agilink Innovation Intelligent Technology Co., Ltd.",positive_self,0,2026,Post-2021,0,0,0,0.0,0.0,0.0,0.0,0.0,0.0,0,0,0.0,-1,,Unknown,Unknown,,-1,0,unmatched,unmatched,0.9999091792132103,,0,Q1,0,limited_source_metadata,2025-2026
"Shanghai Biren Technology Co., Ltd. (SEHK:6082)",shanghaibirensehk6082,1,capitaliq_post_money_ge_1b,2025-06-26,2025-06-26,"Shanghai Biren Technology Co., Ltd. (SEHK:6082)",positive_self,0,2025,Post-2021,0,0,0,0.0,0.0,0.0,0.0,0.0,0.0,0,0,0.0,-1,,Unknown,Unknown,,-1,0,unmatched,unmatched,0.9999091792132103,,0,Q1,0,limited_source_metadata,2025-2026
"Shanghai Fourier Intelligence Co., Ltd.",shanghaifourierintelligence,1,capitaliq_post_money_ge_1b,2025-08-01,2025-08-01,"Shanghai Fourier Intelligence Co., Ltd.",positive_self,0,2025,Post-2021,0,0,0,0.0,0.0,0.0,0.0,0.0,0.0,0,0,0.0,-1,,Unknown,Unknown,,-1,0,unmatched,unmatched,0.9999091792132103,,0,Q1,0,limited_source_metadata,2025-2026
"Shanghai Heihu Network Technology Co., Ltd.",shanghaiheihunetwork,1,capitaliq_post_money_ge_1b,2026-04-23,2026-04-23,"Shanghai Heihu Network Technology Co., Ltd.",positive_self,0,2026,Post-2021,0,0,0,0.0,0.0,0.0,0.0,0.0,0.0,0,0,0.0,-1,,Unknown,Unknown,,-1,0,unmatched,unmatched,0.9999091792132103,,0,Q1,0,limited_source_metadata,2025-2026
"Shanghai Oriental Computing Technology Co., Ltd.",shanghaiorientalcomputing,1,capitaliq_post_money_ge_1b,2026-04-30,2026-04-30,"Shanghai Oriental Computing Technology Co., Ltd.",positive_self,0,2026,Post-2021,0,0,0,0.0,0.0,0.0,0.0,0.0,0.0,0,0,0.0,-1,,Unknown,Unknown,,-1,0,unmatched,unmatched,0.9999091792132103,,0,Q1,0,limited_source_metadata,2025-2026
"Shanghai Pragmatics Technology Co., Ltd.",shanghaipragmatics,1,capitaliq_post_money_ge_1b,2026-06-15,2026-06-15,"Shanghai Pragmatics Technology Co., Ltd.",positive_self,0,2026,Post-2021,0,0,0,0.0,0.0,0.0,0.0,0.0,0.0,0,0,0.0,-1,,Unknown,Unknown,,-1,0,unmatched,unmatched,0.9999091792132103,,0,Q1,0,limited_source_metadata,2025-2026
"Shanghai SenseTime Shancui Medical Technology Co., Ltd.",shanghaisensetimeshancuimedical,1,capitaliq_post_money_ge_1b,2026-07-28,2026-07-28,"Shanghai SenseTime Shancui Medical Technology Co., Ltd.",positive_self,0,2026,Post-2021,0,0,0,0.0,0.0,0.0,0.0,0.0,0.0,0,0,0.0,-1,,Unknown,Unknown,,-1,0,unmatched,unmatched,0.9999091792132103,,0,Q1,0,limited_source_metadata,2025-2026
"Shanghai Smart Logic Technology Co., Ltd.",shanghaismartlogic,1,capitaliq_post_money_ge_1b,2026-05-31,2026-05-31,"Shanghai Smart Logic Technology Co., Ltd.",positive_self,0,2026,Post-2021,0,0,0,0.0,0.0,0.0,0.0,0.0,0.0,0,0,0.0,-1,,Unknown,Unknown,,-1,0,unmatched,unmatched,0.9999091792132103,,0,Q1,0,limited_source_metadata,2025-2026
"Shanghai Sudu Technology Co., Ltd.",shanghaisudu,1,capitaliq_post_money_ge_1b,2025-11-30,2025-11-30,"Shanghai Sudu Technology Co., Ltd.",positive_self,0,2025,Post-2021,0,0,0,0.0,0.0,0.0,0.0,0.0,0.0,0,0,0.0,-1,,Unknown,Unknown,,-1,0,unmatched,unmatched,0.9999091792132103,,0,Q1,0,limited_source_metadata,2025-2026
"Shanghai Tashi Zhihang Technology Co., Ltd.",shanghaitashizhihang,1,capitaliq_post_money_ge_1b,2026-04-15,2026-04-15,"Shanghai Tashi Zhihang Technology Co., Ltd.",positive_self,0,2026,Post-2021,1,1,1,122000000.0,18.619531610894253,122000000.0,18.619531610894253,552710000.0,552710000.0,12,12,0.7693360711841205,281,2025-07-08,Unknown,Unknown,,-1,0,unmatched,unmatched,0.9457686383838637,,1,Q4,0-1,round_history_only,2025-2026
"Shanghai United Imaging Intelligent Medical Technology Co., Ltd.",shanghaiunitedimagingintelligentmedical,1,capitaliq_post_money_ge_1b,2025-06-20,2025-06-20,"Shanghai United Imaging Intelligent Medical Technology Co., Ltd.",positive_self,0,2025,Post-2021,0,0,0,0.0,0.0,0.0,0.0,0.0,0.0,0,0,0.0,-1,,Unknown,Unknown,,-1,0,unmatched,unmatched,0.9999091792132103,,0,Q1,0,limited_source_metadata,2025-2026
"Shanghai Xiyu Jizhi Technology Co., Ltd.",shanghaixiyujizhi,1,capitaliq_post_money_ge_1b,2024-03-03,2024-03-03,"Shanghai Xiyu Jizhi Technology Co., Ltd.",positive_self,0,2024,Post-2021,0,0,0,0.0,0.0,0.0,0.0,0.0,0.0,0,0,0.0,-1,,Unknown,Unknown,,-1,0,unmatched,unmatched,0.9999091792132103,,0,Q1,0,limited_source_metadata,2024
"Shanghai Xizhi Technology Co., Ltd. (SEHK:1879)",shanghaixizhisehk1879,1,capitaliq_post_money_ge_1b,2025-04-30,2025-04-30,"Shanghai Xizhi Technology Co., Ltd. (SEHK:1879)",positive_self,0,2025,Post-2021,2,1,2,211470000.0,19.169593707146973,173310000.0,18.970592462195565,860240000.0,860240000.0,0,0,4.7967145790554415,120,2024-12-31,Unknown,Unknown,,-1,0,unmatched,unmatched,0.9282445236012364,,2,Q4,3-7,round_history_only,2025-2026
"Shanghai Yuyuan Jewelry Fashion Group Co., Ltd.",shanghaiyuyuanjewelryfashion,1,capitaliq_post_money_ge_1b,2024-11-28,2024-11-28,"Shanghai Yuyuan Jewelry Fashion Group Co., Ltd.",positive_self,0,2024,Post-2021,0,0,0,0.0,0.0,0.0,0.0,0.0,0.0,0,0,0.0,-1,,Unknown,Unknown,,-1,0,unmatched,unmatched,0.9999091792132103,,0,Q1,0,limited_source_metadata,2024
SheMed Limited,shemed,1,capitaliq_post_money_ge_1b,2025-10-23,2025-10-23,SheMed Limited,positive_self,0,2025,Post-2021,0,0,0,0.0,0.0,0.0,0.0,0.0,0.0,0,0,0.0,-1,,Health & Bio,Europe,United Kingdom,-1,0,exact_unique,unicorn_current,0.9999655172413793,,0,Q1,0,limited_source_metadata,2025-2026
"Shenzhen EngineAI Robotics Technology Co., Ltd.",shenzhenengineairobotics,1,capitaliq_post_money_ge_1b,2026-04-09,2026-04-09,"Shenzhen EngineAI Robotics Technology Co., Ltd.",positive_self,0,2026,Post-2021,1,1,1,139350000.0,18.75249931906841,139350000.0,18.75249931906841,627060000.0,627060000.0,17,17,0.7173169062286106,262,2025-07-21,Unknown,Unknown,,-1,0,unmatched,unmatched,0.9125451675918378,,1,Q4,0-1,round_history_only,2025-2026
"Shenzhen Moqi Intelligent Technology Co., Ltd.",shenzhenmoqiintelligent,1,capitaliq_post_money_ge_1b,2026-07-06,2026-07-06,"Shenzhen Moqi Intelligent Technology Co., Ltd.",positive_self,0,2026,Post-2021,0,0,0,0.0,0.0,0.0,0.0,0.0,0.0,0,0,0.0,-1,,Unknown,Unknown,,-1,0,unmatched,unmatched,0.9999091792132103,,0,Q1,0,limited_source_metadata,2025-2026
"Shenzhen Pudu Technology Co., Ltd.",shenzhenpudu,1,capitaliq_post_money_ge_1b,2026-04-23,2026-04-23,"Shenzhen Pudu Technology Co., Ltd.",positive_self,0,2026,Post-2021,0,0,0,0.0,0.0,0.0,0.0,0.0,0.0,0,0,0.0,-1,,Unknown,Unknown,,-1,0,unmatched,unmatched,0.9999091792132103,,0,Q1,0,limited_source_metadata,2025-2026
"Shenzhen Yimu Technology Co., Ltd.",shenzhenyimu,1,capitaliq_post_money_ge_1b,2026-07-18,2026-07-18,"Shenzhen Yimu Technology Co., Ltd.",positive_self,0,2026,Post-2021,0,0,0,0.0,0.0,0.0,0.0,0.0,0.0,0,0,0.0,-1,,Unknown,Unknown,,-1,0,unmatched,unmatched,0.9999091792132103,,0,Q1,0,limited_source_metadata,2025-2026
"Shenzhen Zhuoyu Technology Co., Ltd.",shenzhenzhuoyu,1,capitaliq_post_money_ge_1b,2025-11-21,2025-11-21,"Shenzhen Zhuoyu Technology Co., Ltd.",positive_self,0,2025,Post-2021,0,0,0,0.0,0.0,0.0,0.0,0.0,0.0,0,0,0.0,-1,,Unknown,Unknown,,-1,0,unmatched,unmatched,0.9999091792132103,,0,Q1,0,limited_source_metadata,2025-2026
"Shop My Shelf, Inc.",shopmyshelf,1,capitaliq_post_money_ge_1b,2025-10-22,2025-10-22,"Shop My Shelf, Inc.",positive_self,0,2025,Post-2021,1,1,1,77500000.0,18.1657885072268,77500000.0,18.1657885072268,207820000.0,207820000.0,5,5,0.7419575633127995,271,2025-01-24,Unknown,Unknown,,-1,0,unmatched,unmatched,0.764236347115153,,1,Q4,0-1,round_history_only,2025-2026
"Sichuan Shudao Clean Energy Group Co., Ltd.",sichuanshudaocleanenergy,1,capitaliq_post_money_ge_1b,2024-12-20,2024-12-20,"Sichuan Shudao Clean Energy Group Co., Ltd.",positive_self,0,2024,Post-2021,0,0,0,0.0,0.0,0.0,0.0,0.0,0.0,0,0,0.0,-1,,Unknown,Unknown,,-1,0,unmatched,unmatched,0.9999091792132103,,0,Q1,0,limited_source_metadata,2024
"Sierra Technologies, Inc.",sierra,1,capitaliq_post_money_ge_1b,2024-10-28,2024-10-28,"Sierra Technologies, Inc.",positive_self,0,2024,Post-2021,0,0,0,0.0,0.0,0.0,0.0,0.0,0.0,0,0,0.0,-1,,Unknown,Unknown,,-1,0,ambiguous,unmatched,0.9999091792132103,,0,Q1,0,limited_source_metadata,2024
"Sigma Computing, Inc.",sigmacomputing,1,capitaliq_post_money_ge_1b,2026-05-18,2026-05-18,"Sigma Computing, Inc.",positive_self,0,2026,Post-2021,2,1,2,28000000.0,17.147715103853763,20000000.0,16.811242881518265,56390000.0,56390000.0,2,1,12.06570841889117,3057,2018-01-03,Enterprise Software,North America,United States,-1,0,exact_unique,unicorn_current,0.466972316821947,,2,Q4,7+,round_history_only,2025-2026
"Signify Holdings, Inc.",signify,1,capitaliq_post_money_ge_1b,2026-01-09,2026-01-09,"Signify Holdings, Inc.",positive_self,0,2026,Post-2021,0,0,0,0.0,0.0,0.0,0.0,0.0,0.0,0,0,0.0,-1,,Unknown,Unknown,,-1,0,unmatched,unmatched,0.9999091792132103,,0,Q1,0,limited_source_metadata,2025-2026
Silicon Box Pte Ltd,siliconboxpte,1,capitaliq_post_money_ge_1b,2024-01-08,2024-01-08,Silicon Box Pte Ltd,positive_self,0,2024,Post-2021,0,0,0,0.0,0.0,0.0,0.0,0.0,0.0,0,0,0.0,-1,,Unknown,Unknown,,-1,0,unmatched,unmatched,0.9999091792132103,,0,Q1,0,limited_source_metadata,2024
"Simcere Zaiming Pharmaceutical Co., Ltd.",simcerezaimingpharmaceutical,1,capitaliq_post_money_ge_1b,2024-02-24,2024-02-24,"Simcere Zaiming Pharmaceutical Co., Ltd.",positive_self,0,2024,Post-2021,0,0,0,0.0,0.0,0.0,0.0,0.0,0.0,0,0,0.0,-1,,Unknown,Unknown,,-1,0,unmatched,unmatched,0.9999091792132103,,0,Q1,0,limited_source_metadata,2024
SKD SE,skdse,1,capitaliq_post_money_ge_1b,2026-02-13,2026-02-13,SKD SE,positive_self,0,2026,Post-2021,1,1,1,62000000.0,17.9426449591384,62000000.0,17.9426449591384,500000000.0,500000000.0,7,7,0.4845995893223819,177,2025-08-20,Unknown,Unknown,,-1,0,unmatched,unmatched,0.9312675491832573,,1,Q4,0-1,round_history_only,2025-2026
"Skild AI, Inc.",skildai,1,capitaliq_post_money_ge_1b,2026-01-14,2026-01-14,"Skild AI, Inc.",positive_self,0,2026,Post-2021,0,0,0,0.0,0.0,0.0,0.0,0.0,0.0,0,0,0.0,-1,,Hardware & Industrials,North America,United States,-1,0,exact_unique,unicorn_current,0.9999655172413793,,0,Q1,0,limited_source_metadata,2025-2026
"Skims Body, Inc.",skimsbody,1,capitaliq_post_money_ge_1b,2025-12-19,2025-12-19,"Skims Body, Inc.",positive_self,0,2025,Post-2021,0,0,0,0.0,0.0,0.0,0.0,0.0,0.0,0,0,0.0,-1,,Unknown,Unknown,,-1,0,unmatched,unmatched,0.9999091792132103,,0,Q1,0,limited_source_metadata,2025-2026
SKL Robotics LTD,sklrobotics,1,capitaliq_post_money_ge_1b,2026-07-21,2026-07-21,SKL Robotics LTD,positive_self,0,2026,Post-2021,0,0,0,0.0,0.0,0.0,0.0,0.0,0.0,0,0,0.0,-1,,Unknown,Unknown,,-1,0,unmatched,unmatched,0.9999091792132103,,0,Q1,0,limited_source_metadata,2025-2026
"Skydio, Inc.",skydio,1,capitaliq_post_money_ge_1b,2026-04-23,2026-04-23,"Skydio, Inc.",positive_self,0,2026,Post-2021,3,1,3,69930000.0,18.063005313980064,42000000.0,17.553180200057167,570480000.0,570480000.0,6,6,11.268993839835728,2991,2018-02-13,Hardware & Industrials,North America,United States,2014,1,exact_unique,unicorn_current,0.6432410637504166,2010-14,3+,Q4,7+,round+founding+master,2025-2026
Skyroot Aerospace Pvt. Ltd.,skyrootaerospacepvt,1,capitaliq_post_money_ge_1b,2026-05-07,2026-05-07,Skyroot Aerospace Pvt. Ltd.,positive_self,0,2026,Post-2021,0,0,0,0.0,0.0,0.0,0.0,0.0,0.0,0,0,0.0,-1,,Unknown,Unknown,,-1,0,unmatched,unmatched,0.9999091792132103,,0,Q1,0,limited_source_metadata,2025-2026
"Skyryse, Inc.",skyryse,1,capitaliq_post_money_ge_1b,2026-02-03,2026-02-03,"Skyryse, Inc.",positive_self,0,2026,Post-2021,0,0,0,0.0,0.0,0.0,0.0,0.0,0.0,0,0,0.0,-1,,Unknown,Unknown,,-1,0,unmatched,unmatched,0.9999091792132103,,0,Q1,0,limited_source_metadata,2025-2026
"Slash Financial, Inc.",slashfinancial,1,capitaliq_post_money_ge_1b,2026-04-16,2026-04-16,"Slash Financial, Inc.",positive_self,0,2026,Post-2021,1,1,1,41000000.0,17.529082649058825,41000000.0,17.529082649058825,370000000.0,370000000.0,4,4,0.9062286105407256,331,2025-05-20,Unknown,Unknown,,-1,0,unmatched,unmatched,0.9594833909331608,,1,Q4,0-1,round_history_only,2025-2026
SmartShift Logistics Solutions Pvt. Ltd.,smartshiftlogisticssolutionspvt,1,capitaliq_post_money_ge_1b,2025-05-08,2025-05-08,SmartShift Logistics Solutions Pvt. Ltd.,positive_self,0,2025,Post-2021,1,1,1,99950000.0,18.420180628915684,99950000.0,18.420180628915684,499770000.0,499770000.0,4,4,3.5345653661875427,1291,2021-10-25,Unknown,Unknown,,-1,0,unmatched,unmatched,0.9540091641762988,,1,Q4,3-7,round_history_only,2025-2026
"Snapcommerce Holdings, Inc.",snapcommerce,1,capitaliq_post_money_ge_1b,2026-07-07,2026-07-07,"Snapcommerce Holdings, Inc.",positive_self,0,2026,Post-2021,0,0,0,0.0,0.0,0.0,0.0,0.0,0.0,0,0,0.0,-1,,Unknown,Unknown,,-1,0,unmatched,unmatched,0.9999091792132103,,0,Q1,0,limited_source_metadata,2025-2026
"Snorkel AI, Inc.",snorkelai,1,capitaliq_post_money_ge_1b,2025-05-29,2025-05-29,"Snorkel AI, Inc.",positive_self,0,2025,Post-2021,1,1,1,35000000.0,17.370858648025116,35000000.0,17.370858648025116,245700000.0,245700000.0,6,6,4.142368240930869,1513,2021-04-07,Enterprise Software,North America,United States,2019,1,exact_unique,unicorn_current,0.8201513202930736,2019-21,1,Q4,3-7,round+founding+master,2025-2026
SpreeAI Corporation,spreeai,1,capitaliq_post_money_ge_1b,2025-05-07,2025-05-07,SpreeAI Corporation,positive_self,0,2025,Post-2021,1,1,1,7000000.0,15.76142084987672,7000000.0,15.76142084987672,25500000.0,25500000.0,0,0,2.455852156057495,897,2022-11-22,AI & Data,North America,United States,-1,0,exact_unique,unicorn_current,0.2443355628225641,,1,Q3,1-3,round_history_only,2025-2026
Square Yards Technology Pvt. Ltd.,squareyardspvt,1,capitaliq_post_money_ge_1b,2026-06-23,2026-06-23,Square Yards Technology Pvt. Ltd.,positive_self,0,2026,Post-2021,1,1,1,34920000.0,17.36857031757256,34920000.0,17.36857031757256,934900000.0,934900000.0,1,1,0.5694729637234771,208,2025-11-27,Unknown,Unknown,,-1,0,unmatched,unmatched,0.8658635237416986,,1,Q4,0-1,round_history_only,2025-2026
StackAdapt Inc.,stackadapt,1,capitaliq_post_money_ge_1b,2025-02-04,2025-02-04,StackAdapt Inc.,positive_self,0,2025,Post-2021,0,0,0,0.0,0.0,0.0,0.0,0.0,0.0,0,0,0.0,-1,,HR & Work,North America,Canada,2013,1,exact_unique,control_funded,0.9999655172413793,2010-14,0,Q1,0,limited_source_metadata,2025-2026
"Starcloud, Inc.",starcloud,1,capitaliq_post_money_ge_1b,2026-03-30,2026-03-30,"Starcloud, Inc.",positive_self,0,2026,Post-2021,0,0,0,0.0,0.0,0.0,0.0,0.0,0.0,0,0,0.0,-1,,Hardware & Industrials,North America,United States,-1,0,exact_unique,unicorn_current,0.9999655172413793,,0,Q1,0,limited_source_metadata,2025-2026
"Statsig, Inc.",statsig,1,capitaliq_post_money_ge_1b,2025-05-06,2025-05-06,"Statsig, Inc.",positive_self,0,2025,Post-2021,2,1,2,53460000.0,17.79444428738062,43000000.0,17.57671069691365,420000000.0,420000000.0,2,2,3.7508555783709783,1112,2022-04-20,Unknown,Unknown,,-1,0,unmatched,unmatched,0.9457566126101786,,2,Q4,3-7,round_history_only,2025-2026
StoicLane Inc.,stoiclane,1,capitaliq_post_money_ge_1b,2024-01-25,2024-01-25,StoicLane Inc.,positive_self,0,2024,Post-2021,0,0,0,0.0,0.0,0.0,0.0,0.0,0.0,0,0,0.0,-1,,Unknown,Unknown,,-1,0,unmatched,unmatched,0.9999091792132103,,0,Q1,0,limited_source_metadata,2024
"Stoke Space Technologies, Inc.",stokespace,1,capitaliq_post_money_ge_1b,2026-02-10,2026-02-10,"Stoke Space Technologies, Inc.",positive_self,0,2026,Post-2021,2,1,2,269140000.0,19.41074225199321,260000000.0,19.376192192825958,944000000.0,944000000.0,12,9,4.75564681724846,391,2025-01-15,Hardware & Industrials,Unknown,,-1,0,exact_unique,control_accelerator,0.9698899897222737,,2,Q4,3-7,round_history_only,2025-2026
Story Protocol Inc.,storyprotocol,1,capitaliq_post_money_ge_1b,2024-08-21,2024-08-21,Story Protocol Inc.,positive_self,0,2024,Post-2021,0,0,0,0.0,0.0,0.0,0.0,0.0,0.0,0,0,0.0,-1,,AI & Data,North America,United States,-1,0,exact_unique,unicorn_current,0.9999655172413793,,0,Q1,0,limited_source_metadata,2024
Sunday Robotics Inc.,sundayrobotics,1,capitaliq_post_money_ge_1b,2026-03-12,2026-03-12,Sunday Robotics Inc.,positive_self,0,2026,Post-2021,0,0,0,0.0,0.0,0.0,0.0,0.0,0.0,0,0,0.0,-1,,Unknown,Unknown,,-1,0,unmatched,unmatched,0.9999091792132103,,0,Q1,0,limited_source_metadata,2025-2026
"Suno, Inc.",suno,1,capitaliq_post_money_ge_1b,2025-11-19,2025-11-19,"Suno, Inc.",positive_self,0,2025,Post-2021,2,1,2,127500000.0,18.663626930405893,125000000.0,18.643824303266577,12360000.0,500000000.0,3,3,1.497604380561259,155,2025-06-17,Enterprise Software,North America,United States,-1,0,exact_unique,unicorn_current,0.770001821290153,,2,Q4,1-3,round_history_only,2025-2026
"Sunshine New Energy Development Co., Ltd.",sunshinenewenergydevelopment,1,capitaliq_post_money_ge_1b,2024-03-25,2024-03-25,"Sunshine New Energy Development Co., Ltd.",positive_self,0,2024,Post-2021,0,0,0,0.0,0.0,0.0,0.0,0.0,0.0,0,0,0.0,-1,,Unknown,Unknown,,-1,0,unmatched,unmatched,0.9999091792132103,,0,Q1,0,limited_source_metadata,2024
"Sunup Fusion (Shanghai) Technology Co., Ltd.",sunupfusionshanghai,1,capitaliq_post_money_ge_1b,2026-04-30,2026-04-30,"Sunup Fusion (Shanghai) Technology Co., Ltd.",positive_self,0,2026,Post-2021,0,0,0,0.0,0.0,0.0,0.0,0.0,0.0,0,0,0.0,-1,,Unknown,Unknown,,-1,0,unmatched,unmatched,0.9999091792132103,,0,Q1,0,limited_source_metadata,2025-2026
"Sunwoda Mobility Energy Technology Co., Ltd.",sunwodamobilityenergy,1,capitaliq_post_money_ge_1b,2026-05-25,2026-05-25,"Sunwoda Mobility Energy Technology Co., Ltd.",positive_self,0,2026,Post-2021,0,0,0,0.0,0.0,0.0,0.0,0.0,0.0,0,0,0.0,-1,,Unknown,Unknown,,-1,0,unmatched,unmatched,0.9999091792132103,,0,Q1,0,limited_source_metadata,2025-2026
"Supabase, Inc.",supabase,1,capitaliq_post_money_ge_1b,2025-09-08,2025-09-08,"Supabase, Inc.",positive_self,0,2025,Post-2021,2,1,2,162700000.0,18.907418578335548,82700000.0,18.230730172085817,900000000.0,980710000.0,7,5,3.3319644079397674,340,2024-10-03,Enterprise Software,North America,United States,-1,0,exact_unique,unicorn_current,0.9820370768598822,,2,Q4,3-7,round_history_only,2025-2026
"Supplying Demand, Inc.",supplyingdemand,1,capitaliq_post_money_ge_1b,2024-03-11,2024-03-11,"Supplying Demand, Inc.",positive_self,0,2024,Post-2021,3,1,3,167950000.0,18.939176879976728,75000000.0,18.13299868483392,700000000.0,700000000.0,7,5,3.457905544147844,525,2022-10-03,Unknown,Unknown,,-1,0,unmatched,unmatched,0.9851796781529063,,3+,Q4,3-7,round_history_only,2024
"SuSea, Inc.",susea,1,capitaliq_post_money_ge_1b,2025-09-03,2025-09-03,"SuSea, Inc.",positive_self,0,2025,Post-2021,0,0,0,0.0,0.0,0.0,0.0,0.0,0.0,0,0,0.0,-1,,Unknown,Unknown,,-1,0,unmatched,unmatched,0.9999091792132103,,0,Q2,0,limited_source_metadata,2025-2026
Synthesia Limited,synthesia,1,capitaliq_post_money_ge_1b,2025-01-15,2025-01-15,Synthesia Limited,positive_self,0,2025,Post-2021,1,1,1,90030000.0,18.315653517192068,90030000.0,18.315653517192068,948950000.0,948950000.0,6,6,1.593429158110883,582,2023-06-13,Enterprise Software,Europe,United Kingdom,-1,0,exact_unique,unicorn_current,0.956704368817233,,1,Q4,1-3,round_history_only,2025-2026
"TAE Technologies, Inc.",tae,1,capitaliq_post_money_ge_1b,2025-06-02,2025-06-02,"TAE Technologies, Inc.",positive_self,0,2025,Post-2021,0,0,0,0.0,0.0,0.0,0.0,0.0,0.0,0,0,0.0,-1,,Unknown,Unknown,,-1,0,unmatched,unmatched,0.9999091792132103,,0,Q2,0,limited_source_metadata,2025-2026
"Taichi Graphics Technology, Inc.",taichigraphics,1,capitaliq_post_money_ge_1b,2026-07-20,2026-07-20,"Taichi Graphics Technology, Inc.",positive_self,0,2026,Post-2021,0,0,0,0.0,0.0,0.0,0.0,0.0,0.0,0,0,0.0,-1,,Unknown,Unknown,,-1,0,unmatched,unmatched,0.9999091792132103,,0,Q2,0,limited_source_metadata,2025-2026
"Tala Health, LLC",talahealth,1,capitaliq_post_money_ge_1b,2025-11-04,2025-11-04,"Tala Health, LLC",positive_self,0,2025,Post-2021,0,0,0,0.0,0.0,0.0,0.0,0.0,0.0,0,0,0.0,-1,,Health & Bio,North America,United States,-1,0,exact_unique,unicorn_current,0.9999655172413793,,0,Q2,0,limited_source_metadata,2025-2026
Talisman AI Ltda.,talismanailtda,1,capitaliq_post_money_ge_1b,2026-05-05,2026-05-05,Talisman AI Ltda.,positive_self,0,2026,Post-2021,1,1,1,35000000.0,17.370858648025116,35000000.0,17.370858648025116,350000000.0,350000000.0,4,4,0.6132785763175906,224,2025-09-23,Unknown,Unknown,,-1,0,unmatched,unmatched,0.9306726513900724,,1,Q4,0-1,round_history_only,2025-2026
"Talos Global, Inc.",talosglobal,1,capitaliq_post_money_ge_1b,2026-01-29,2026-01-29,"Talos Global, Inc.",positive_self,0,2026,Post-2021,0,0,0,0.0,0.0,0.0,0.0,0.0,0.0,0,0,0.0,-1,,Unknown,Unknown,,-1,0,unmatched,unmatched,0.9999091792132103,,0,Q2,0,limited_source_metadata,2025-2026
"TaxBit, Inc.",taxbit,1,capitaliq_post_money_ge_1b,2024-04-25,2024-04-25,"TaxBit, Inc.",positive_self,0,2024,Post-2021,3,1,3,105750000.0,18.476588385346925,100000000.0,18.420680753952364,435390000.0,435390000.0,13,12,5.292265571526352,1150,2021-03-02,Fintech,North America,United States,2018,1,exact_unique,unicorn_current,0.9255900971751806,2015-18,3+,Q4,3-7,round+founding+master,2024
"Teamworks Innovations, Inc.",teamworksinnovations,1,capitaliq_post_money_ge_1b,2025-06-17,2025-06-17,"Teamworks Innovations, Inc.",positive_self,0,2025,Post-2021,1,1,1,6250000.0,15.648092181712572,6250000.0,15.648092181712572,6250000.0,6250000.0,0,0,8.908966461327857,3254,2016-07-20,Unknown,Unknown,,-1,0,unmatched,unmatched,0.41908222360559017,,1,Q3,7+,round_history_only,2025-2026
"Tempo Labs Technologies, Inc.",tempo,1,capitaliq_post_money_ge_1b,2025-10-17,2025-10-17,"Tempo Labs Technologies, Inc.",positive_self,0,2025,Post-2021,0,0,0,0.0,0.0,0.0,0.0,0.0,0.0,0,0,0.0,-1,,Health & Bio,Unknown,,-1,0,exact_unique,control_accelerator,0.9999655172413793,,0,Q2,0,limited_source_metadata,2025-2026
Temporal Technologies Inc.,temporal,1,capitaliq_post_money_ge_1b,2025-03-31,2025-03-31,Temporal Technologies Inc.,positive_self,0,2025,Post-2021,3,1,3,25630000.0,17.05927413735703,18680000.0,16.74296404429816,3330000.0,75890000.0,5,4,5.415468856947296,327,2024-05-08,Enterprise Software,North America,United States,2019,1,exact_unique,unicorn_current,0.8332996228721578,2019-21,3+,Q4,3-7,round+founding+master,2025-2026
Teneo Global LLC,teneoglobal,1,capitaliq_post_money_ge_1b,2025-08-04,2025-08-04,Teneo Global LLC,positive_self,0,2025,Post-2021,0,0,0,0.0,0.0,0.0,0.0,0.0,0.0,0,0,0.0,-1,,Unknown,Unknown,,-1,0,unmatched,unmatched,0.9999091792132103,,0,Q2,0,limited_source_metadata,2025-2026
TenNor Therapeutics (Suzhou) Limited (SEHK:6872),tennortherapeuticssuzhousehk6872,1,capitaliq_post_money_ge_1b,2025-08-01,2025-08-01,TenNor Therapeutics (Suzhou) Limited (SEHK:6872),positive_self,0,2025,Post-2021,3,1,3,92580000.0,18.343583704368868,42130000.0,17.556270657691254,280840000.0,280840000.0,5,3,2.6119096509240247,7,2025-07-25,Unknown,Unknown,,-1,0,unmatched,unmatched,0.7638991733985429,,3+,Q4,1-3,round_history_only,2025-2026
TensorWave Inc.,tensorwave,1,capitaliq_post_money_ge_1b,2026-06-10,2026-06-10,TensorWave Inc.,positive_self,0,2026,Post-2021,0,0,0,0.0,0.0,0.0,0.0,0.0,0.0,0,0,0.0,-1,,Enterprise Software,North America,United States,-1,0,exact_unique,unicorn_current,0.9999655172413793,,0,Q2,0,limited_source_metadata,2025-2026
Tenstorrent Inc.,tenstorrent,1,capitaliq_post_money_ge_1b,2024-12-03,2024-12-03,Tenstorrent Inc.,positive_self,0,2024,Post-2021,0,0,0,0.0,0.0,0.0,0.0,0.0,0.0,0,0,0.0,-1,,Enterprise Software,North America,Canada,2016,1,exact_unique,unicorn_current,0.9999655172413793,2015-18,0,Q2,0,limited_source_metadata,2024
"Terminus Technologies Co., Ltd.",terminus,1,capitaliq_post_money_ge_1b,2024-08-30,2024-08-30,"Terminus Technologies Co., Ltd.",positive_self,0,2024,Post-2021,0,0,0,0.0,0.0,0.0,0.0,0.0,0.0,0,0,0.0,-1,,Hardware & Industrials,Asia,China,2015,1,exact_unique,unicorn_current,0.9999655172413793,2015-18,0,Q2,0,limited_source_metadata,2024
The Bot Company,thebot,1,capitaliq_post_money_ge_1b,2025-03-21,2025-03-21,The Bot Company,positive_self,0,2025,Post-2021,1,1,1,150000000.0,18.8261458587272,150000000.0,18.8261458587272,550000000.0,550000000.0,2,2,0.8542094455852156,312,2024-05-13,Hardware & Industrials,North America,United States,-1,0,exact_unique,unicorn_current,0.9568103391830706,,1,Q4,0-1,round_history_only,2025-2026
"The Constant Company, LLC",theconstant,1,capitaliq_post_money_ge_1b,2024-12-18,2024-12-18,"The Constant Company, LLC",positive_self,0,2024,Post-2021,0,0,0,0.0,0.0,0.0,0.0,0.0,0.0,0,0,0.0,-1,,Unknown,Unknown,,-1,0,unmatched,unmatched,0.9999091792132103,,0,Q2,0,limited_source_metadata,2024
"The OpenAI Deployment Company, LLC",theopenaideployment,1,capitaliq_post_money_ge_1b,2026-05-04,2026-05-04,"The OpenAI Deployment Company, LLC",positive_self,0,2026,Post-2021,0,0,0,0.0,0.0,0.0,0.0,0.0,0.0,0,0,0.0,-1,,Unknown,Unknown,,-1,0,unmatched,unmatched,0.9999091792132103,,0,Q2,0,limited_source_metadata,2025-2026
"Therapymatch, Inc.",therapymatch,1,capitaliq_post_money_ge_1b,2024-07-23,2024-07-23,"Therapymatch, Inc.",positive_self,0,2024,Post-2021,3,1,3,102290000.0,18.44332248420932,70000000.0,18.064005814299342,750000000.0,750000000.0,6,5,4.561259411362081,1176,2021-05-04,Unknown,Unknown,,-1,0,unmatched,unmatched,0.9693301058307281,,3+,Q4,3-7,round_history_only,2024
The Tomorrow Companies Inc.,thetomorrowcompanies,1,capitaliq_post_money_ge_1b,2026-05-18,2026-05-18,The Tomorrow Companies Inc.,positive_self,0,2026,Post-2021,3,1,3,67890000.0,18.03339932100754,50000000.0,17.72753358339242,127080000.0,127080000.0,8,7,8.5201916495551,2783,2018-10-04,Unknown,Unknown,,-1,0,unmatched,unmatched,0.6277761820440352,,3+,Q4,7+,round_history_only,2025-2026
"Tianjin Chunqing Ecological Technology Co., Ltd.",tianjinchunqingecological,1,capitaliq_post_money_ge_1b,2024-01-29,2024-01-29,"Tianjin Chunqing Ecological Technology Co., Ltd.",positive_self,0,2024,Post-2021,0,0,0,0.0,0.0,0.0,0.0,0.0,0.0,0,0,0.0,-1,,Unknown,Unknown,,-1,0,unmatched,unmatched,0.9999091792132103,,0,Q2,0,limited_source_metadata,2024
Tide Platform Limited,tideplatform,1,capitaliq_post_money_ge_1b,2025-09-22,2025-09-22,Tide Platform Limited,positive_self,0,2025,Post-2021,1,1,1,99980000.0,18.4204807339517,99980000.0,18.4204807339517,649880000.0,649880000.0,7,7,4.197125256673512,1533,2021-07-12,Unknown,Unknown,,-1,0,unmatched,unmatched,0.9412132794061907,,1,Q4,3-7,round_history_only,2025-2026
Tines Security Services Ltd.,tinessecurityservices,1,capitaliq_post_money_ge_1b,2025-02-11,2025-02-11,Tines Security Services Ltd.,positive_self,0,2025,Post-2021,1,1,1,131000000.0,18.69070788879901,131000000.0,18.69070788879901,405000000.0,405000000.0,7,7,0.8021902806297057,293,2024-04-24,Unknown,Unknown,,-1,0,unmatched,unmatched,0.9665673069604862,,1,Q4,0-1,round_history_only,2025-2026
"Together Computer, Inc.",togethercomputer,1,capitaliq_post_money_ge_1b,2024-03-13,2024-03-13,"Together Computer, Inc.",positive_self,0,2024,Post-2021,2,1,2,122550000.0,18.62402967609833,102550000.0,18.445861052234005,500000000.0,500000000.0,18,13,0.8295687885010267,105,2023-11-29,Unknown,Unknown,,-1,0,unmatched,unmatched,0.9179427626618086,,2,Q4,0-1,round_history_only,2024
"TOP TOY (Guangdong) Cultural Creativity Co., Ltd.",toptoyguangdongculturalcreativity,1,capitaliq_post_money_ge_1b,2025-07-31,2025-07-31,"TOP TOY (Guangdong) Cultural Creativity Co., Ltd.",positive_self,0,2025,Post-2021,0,0,0,0.0,0.0,0.0,0.0,0.0,0.0,0,0,0.0,-1,,Unknown,Unknown,,-1,0,unmatched,unmatched,0.9999091792132103,,0,Q2,0,limited_source_metadata,2025-2026
TOP TOY International Group Limited,toptoyinternational,1,capitaliq_post_money_ge_1b,2025-07-31,2025-07-31,TOP TOY International Group Limited,positive_self,0,2025,Post-2021,0,0,0,0.0,0.0,0.0,0.0,0.0,0.0,0,0,0.0,-1,,Unknown,Unknown,,-1,0,unmatched,unmatched,0.9999091792132103,,0,Q2,0,limited_source_metadata,2025-2026
Torq Technologies Ltd.,torq,1,capitaliq_post_money_ge_1b,2026-01-11,2026-01-11,Torq Technologies Ltd.,positive_self,0,2026,Post-2021,0,0,0,0.0,0.0,0.0,0.0,0.0,0.0,0,0,0.0,-1,,Enterprise Software,Asia,Israel,-1,0,exact_unique,unicorn_current,0.9999655172413793,,0,Q2,0,limited_source_metadata,2025-2026
"Transcarent, Inc.",transcarent,1,capitaliq_post_money_ge_1b,2024-05-02,2024-05-02,"Transcarent, Inc.",positive_self,0,2024,Post-2021,1,1,1,65379999.99999999,17.995726974555534,65379999.99999999,17.995726974555534,451820000.0,451820000.0,9,9,2.8939082819986317,1057,2021-06-10,Health & Bio,North America,United States,2020,1,exact_unique,unicorn_delisted,0.9444666146302991,2019-21,1,Q4,1-3,round+founding+master,2024
"Treeline Biosciences, Inc.",treelinebiosciences,1,capitaliq_post_money_ge_1b,2025-09-03,2025-09-03,"Treeline Biosciences, Inc.",positive_self,0,2025,Post-2021,0,0,0,0.0,0.0,0.0,0.0,0.0,0.0,0,0,0.0,-1,,Unknown,Unknown,,-1,0,unmatched,unmatched,0.9999091792132103,,0,Q2,0,limited_source_metadata,2025-2026
Tricentis GmbH,tricentisgmbh,1,capitaliq_post_money_ge_1b,2024-11-26,2024-11-26,Tricentis GmbH,positive_self,0,2024,Post-2021,0,0,0,0.0,0.0,0.0,0.0,0.0,0.0,0,0,0.0,-1,,Unknown,Unknown,,-1,0,unmatched,unmatched,0.9999091792132103,,0,Q2,0,limited_source_metadata,2024
"Triumvirate Environmental, LLC",triumvirateenvironmental,1,capitaliq_post_money_ge_1b,2025-02-04,2025-02-04,"Triumvirate Environmental, LLC",positive_self,0,2025,Post-2021,0,0,0,0.0,0.0,0.0,0.0,0.0,0.0,0,0,0.0,-1,,Unknown,Unknown,,-1,0,unmatched,unmatched,0.9999091792132103,,0,Q2,0,limited_source_metadata,2025-2026
"True Anomaly, Inc.",trueanomaly,1,capitaliq_post_money_ge_1b,2026-04-28,2026-04-28,"True Anomaly, Inc.",positive_self,0,2026,Post-2021,0,0,0,0.0,0.0,0.0,0.0,0.0,0.0,0,0,0.0,-1,,Unknown,Unknown,,-1,0,unmatched,unmatched,0.9999091792132103,,0,Q2,0,limited_source_metadata,2025-2026
"Tulip Interfaces, Inc.",tulipinterfaces,1,capitaliq_post_money_ge_1b,2025-12-22,2025-12-22,"Tulip Interfaces, Inc.",positive_self,0,2025,Post-2021,2,1,2,139900000.0,18.756438446783672,100000000.0,18.420680753952364,718530000.0,718530000.0,6,6,6.225872689938399,1595,2021-08-10,Unknown,Unknown,,-1,0,unmatched,unmatched,0.9621388371289039,,2,Q4,3-7,round_history_only,2025-2026
"Twenty Technologies, Inc.",twenty,1,capitaliq_post_money_ge_1b,2026-07-20,2026-07-20,"Twenty Technologies, Inc.",positive_self,0,2026,Post-2021,0,0,0,0.0,0.0,0.0,0.0,0.0,0.0,0,0,0.0,-1,,Other / Unknown,Unknown,,-1,0,exact_unique,control_accelerator,0.9999655172413793,,0,Q2,0,limited_source_metadata,2025-2026
Tyme Bank Limited,tymebank,1,capitaliq_post_money_ge_1b,2024-12-16,2024-12-16,Tyme Bank Limited,positive_self,0,2024,Post-2021,0,0,0,0.0,0.0,0.0,0.0,0.0,0.0,0,0,0.0,-1,,Unknown,Unknown,,-1,0,unmatched,unmatched,0.9999091792132103,,0,Q2,0,limited_source_metadata,2024
UltraGreen.ai Limited (SGX:ULG),ultragreenaisgxulg,1,capitaliq_post_money_ge_1b,2025-09-15,2025-09-15,UltraGreen.ai Limited (SGX:ULG),positive_self,0,2025,Post-2021,0,0,0,0.0,0.0,0.0,0.0,0.0,0.0,0,0,0.0,-1,,Unknown,Unknown,,-1,0,unmatched,unmatched,0.9999091792132103,,0,Q2,0,limited_source_metadata,2025-2026
"Unconventional, Inc.",unconventional,1,capitaliq_post_money_ge_1b,2025-12-08,2025-12-08,"Unconventional, Inc.",positive_self,0,2025,Post-2021,0,0,0,0.0,0.0,0.0,0.0,0.0,0.0,0,0,0.0,-1,,Unknown,Unknown,,-1,0,unmatched,unmatched,0.9999091792132103,,0,Q2,0,limited_source_metadata,2025-2026
"Underdog Sports Holdings, Inc.",underdogsports,1,capitaliq_post_money_ge_1b,2025-03-26,2025-03-26,"Underdog Sports Holdings, Inc.",positive_self,0,2025,Post-2021,0,0,0,0.0,0.0,0.0,0.0,0.0,0.0,0,0,0.0,-1,,Unknown,Unknown,,-1,0,unmatched,unmatched,0.9999091792132103,,0,Q2,0,limited_source_metadata,2025-2026
"Upscale AI, Inc.",upscaleai,1,capitaliq_post_money_ge_1b,2026-06-22,2026-06-22,"Upscale AI, Inc.",positive_self,0,2026,Post-2021,1,1,1,5550000.0,15.52930866590278,5550000.0,15.52930866590278,6930000.0,6930000.0,13,13,1.111567419575633,406,2025-05-12,Enterprise Software,North America,United States,-1,0,exact_unique,unicorn_current,0.18614277952932912,,1,Q3,1-3,round_history_only,2025-2026
"Upwind Security, Inc.",upwindsecurity,1,capitaliq_post_money_ge_1b,2026-01-26,2026-01-26,"Upwind Security, Inc.",positive_self,0,2026,Post-2021,1,1,1,100000000.0,18.420680753952364,100000000.0,18.420680753952364,900000000.0,900000000.0,9,9,1.1498973305954825,420,2024-12-02,Unknown,Unknown,,-1,0,unmatched,unmatched,0.9786525227425029,,1,Q4,1-3,round_history_only,2025-2026
Uzum Technologies LLC,uzum,1,capitaliq_post_money_ge_1b,2024-03-25,2024-03-25,Uzum Technologies LLC,positive_self,0,2024,Post-2021,0,0,0,0.0,0.0,0.0,0.0,0.0,0.0,0,0,0.0,-1,,Fintech,Other,Uzbekistan,-1,0,exact_unique,unicorn_current,0.9999655172413793,,0,Q2,0,limited_source_metadata,2024
Valar Atomics Inc.,valaratomics,1,capitaliq_post_money_ge_1b,2026-04-01,2026-04-01,Valar Atomics Inc.,positive_self,0,2026,Post-2021,0,0,0,0.0,0.0,0.0,0.0,0.0,0.0,0,0,0.0,-1,,Hardware & Industrials,North America,United States,-1,0,exact_unique,unicorn_current,0.9999655172413793,,0,Q2,0,limited_source_metadata,2025-2026
Valsoft Corporation Inc.,valsoft,1,capitaliq_post_money_ge_1b,2024-12-24,2024-12-24,Valsoft Corporation Inc.,positive_self,0,2024,Post-2021,0,0,0,0.0,0.0,0.0,0.0,0.0,0.0,0,0,0.0,-1,,Unknown,Unknown,,-1,0,unmatched,unmatched,0.9999091792132103,,0,Q2,0,limited_source_metadata,2024
Vanta Inc.,vanta,1,capitaliq_post_money_ge_1b,2024-07-24,2024-07-24,Vanta Inc.,positive_self,0,2024,Post-2021,0,0,0,0.0,0.0,0.0,0.0,0.0,0.0,0,0,0.0,-1,,Enterprise Software,North America,United States,-1,0,exact_unique,unicorn_current,0.9999655172413793,,0,Q2,0,limited_source_metadata,2024
"Vantaca, LLC",vantaca,1,capitaliq_post_money_ge_1b,2025-10-15,2025-10-15,"Vantaca, LLC",positive_self,0,2025,Post-2021,0,0,0,0.0,0.0,0.0,0.0,0.0,0.0,0,0,0.0,-1,,Enterprise Software,North America,United States,-1,0,exact_unique,unicorn_current,0.9999655172413793,,0,Q2,0,limited_source_metadata,2025-2026
Vedantu Innovations Private Limited,vedantuinnovationsprivate,1,capitaliq_post_money_ge_1b,2024-09-27,2024-09-27,Vedantu Innovations Private Limited,positive_self,0,2024,Post-2021,2,1,2,185890000.0,19.040665664262853,100100000.0,18.421680254275454,280000000.0,600350000.0,10,9,4.199863107460644,1435,2020-10-23,Unknown,Unknown,,-1,0,unmatched,unmatched,0.931268235412519,,2,Q4,3-7,round_history_only,2024
Veeam Software Holding Inc.,veeamsoftwareholding,1,capitaliq_post_money_ge_1b,2025-03-31,2025-03-31,Veeam Software Holding Inc.,positive_self,0,2025,Post-2021,0,0,0,0.0,0.0,0.0,0.0,0.0,0.0,0,0,0.0,-1,,Unknown,Unknown,,-1,0,unmatched,unmatched,0.9999091792132103,,0,Q2,0,limited_source_metadata,2025-2026
Veritas Finance Limited,veritasfinance,1,capitaliq_post_money_ge_1b,2024-09-06,2024-09-06,Veritas Finance Limited,positive_self,0,2024,Post-2021,0,0,0,0.0,0.0,0.0,0.0,0.0,0.0,0,0,0.0,-1,,Unknown,Unknown,,-1,0,unmatched,unmatched,0.9999091792132103,,0,Q2,0,limited_source_metadata,2024
Verkada Inc.,verkada,1,capitaliq_post_money_ge_1b,2025-02-19,2025-02-19,Verkada Inc.,positive_self,0,2025,Post-2021,2,1,2,18930000.0,16.756258576011707,14940000.0,16.519552804603347,166810000.0,166810000.0,2,2,7.41409993155373,2506,2018-04-11,Hardware & Industrials,North America,United States,2016,1,exact_unique,unicorn_current,0.7169295398776631,2015-18,2,Q4,7+,round+founding+master,2025-2026
"Vi Technologies, Inc.",vi,1,capitaliq_post_money_ge_1b,2026-05-19,2026-05-19,"Vi Technologies, Inc.",positive_self,0,2026,Post-2021,0,0,0,0.0,0.0,0.0,0.0,0.0,0.0,0,0,0.0,-1,,Unknown,Unknown,,-1,0,unmatched,unmatched,0.9999091792132103,,0,Q2,0,limited_source_metadata,2025-2026
"Vía Célere Desarrollos Inmobiliarios, S.A.U.",viaceleredesarrollosinmobiliariossau,1,capitaliq_post_money_ge_1b,2025-07-14,2025-07-14,"Vía Célere Desarrollos Inmobiliarios, S.A.U.",positive_self,0,2025,Post-2021,0,0,0,0.0,0.0,0.0,0.0,0.0,0.0,0,0,0.0,-1,,Unknown,Unknown,,-1,0,unmatched,unmatched,0.9999091792132103,,0,Q2,0,limited_source_metadata,2025-2026
"Viewtrix Technology Co., Ltd (SEHK:3310)",viewtrixsehk3310,1,capitaliq_post_money_ge_1b,2024-08-31,2024-08-31,"Viewtrix Technology Co., Ltd (SEHK:3310)",positive_self,0,2024,Post-2021,1,1,0,0.0,0.0,0.0,0.0,557130000.0,557130000.0,0,0,3.0855578370978782,1127,2021-07-31,Unknown,Unknown,,-1,0,unmatched,unmatched,0.8570054588092656,,1,Q2,3-7,round_history_only,2024
ViiV Healthcare Limited,viivhealthcare,1,capitaliq_post_money_ge_1b,2026-04-01,2026-04-01,ViiV Healthcare Limited,positive_self,0,2026,Post-2021,0,0,0,0.0,0.0,0.0,0.0,0.0,0.0,0,0,0.0,-1,,Unknown,Unknown,,-1,0,unmatched,unmatched,0.9999091792132103,,0,Q2,0,limited_source_metadata,2025-2026
Vivix.ai,vivixai,1,capitaliq_post_money_ge_1b,2025-12-31,2025-12-31,Vivix.ai,positive_self,0,2025,Post-2021,0,0,0,0.0,0.0,0.0,0.0,0.0,0.0,0,0,0.0,-1,,Unknown,Unknown,,-1,0,unmatched,unmatched,0.9999091792132103,,0,Q2,0,limited_source_metadata,2025-2026
Vulcan Energie Ressourcen GmbH,vulcanenergieressourcengmbh,1,capitaliq_post_money_ge_1b,2025-12-03,2025-12-03,Vulcan Energie Ressourcen GmbH,positive_self,0,2025,Post-2021,0,0,0,0.0,0.0,0.0,0.0,0.0,0.0,0,0,0.0,-1,,Unknown,Unknown,,-1,0,unmatched,unmatched,0.9999091792132103,,0,Q2,0,limited_source_metadata,2025-2026
Waabi Innovation Inc.,waabiinnovation,1,capitaliq_post_money_ge_1b,2026-01-28,2026-01-28,Waabi Innovation Inc.,positive_self,0,2026,Post-2021,0,0,0,0.0,0.0,0.0,0.0,0.0,0.0,0,0,0.0,-1,,Unknown,Unknown,,-1,0,unmatched,unmatched,0.9999091792132103,,0,Q2,0,limited_source_metadata,2025-2026
"Walden Robotics, Inc.",waldenrobotics,1,capitaliq_post_money_ge_1b,2026-07-15,2026-07-15,"Walden Robotics, Inc.",positive_self,0,2026,Post-2021,0,0,0,0.0,0.0,0.0,0.0,0.0,0.0,0,0,0.0,-1,,Unknown,Unknown,,-1,0,unmatched,unmatched,0.9999091792132103,,0,Q2,0,limited_source_metadata,2025-2026
"Wanlian Securities Co., Ltd.",wanliansecurities,1,capitaliq_post_money_ge_1b,2025-01-31,2025-01-31,"Wanlian Securities Co., Ltd.",positive_self,0,2025,Post-2021,0,0,0,0.0,0.0,0.0,0.0,0.0,0.0,0,0,0.0,-1,,Unknown,Unknown,,-1,0,unmatched,unmatched,0.9999091792132103,,0,Q2,0,limited_source_metadata,2025-2026
"Wasabi Holding, Inc.",wasabiholding,1,capitaliq_post_money_ge_1b,2026-01-13,2026-01-13,"Wasabi Holding, Inc.",positive_self,0,2026,Post-2021,0,0,0,0.0,0.0,0.0,0.0,0.0,0.0,0,0,0.0,-1,,Unknown,Unknown,,-1,0,unmatched,unmatched,0.9999091792132103,,0,Q2,0,limited_source_metadata,2025-2026
"Watershed Technology, Inc.",watershed,1,capitaliq_post_money_ge_1b,2024-02-01,2024-02-01,"Watershed Technology, Inc.",positive_self,0,2024,Post-2021,0,0,0,0.0,0.0,0.0,0.0,0.0,0.0,0,0,0.0,-1,,Enterprise Software,North America,United States,2019,1,exact_unique,unicorn_current,0.9999655172413793,2019-21,0,Q2,0,limited_source_metadata,2024
Waymo LLC,waymo,1,capitaliq_post_money_ge_1b,2024-10-25,2024-10-25,Waymo LLC,positive_self,0,2024,Post-2021,0,0,0,0.0,0.0,0.0,0.0,0.0,0.0,0,0,0.0,-1,,Unknown,Unknown,,-1,0,unmatched,unmatched,0.9999091792132103,,0,Q2,0,limited_source_metadata,2024
Wayve Technologies Ltd.,wayve,1,capitaliq_post_money_ge_1b,2024-08-29,2024-08-29,Wayve Technologies Ltd.,positive_self,0,2024,Post-2021,0,0,0,0.0,0.0,0.0,0.0,0.0,0.0,0,0,0.0,-1,,Enterprise Software,Europe,United Kingdom,-1,0,exact_unique,unicorn_current,0.9999655172413793,,0,Q2,0,limited_source_metadata,2024
"webAI, Inc.",webai,1,capitaliq_post_money_ge_1b,2026-01-14,2026-01-14,"webAI, Inc.",positive_self,0,2026,Post-2021,1,1,1,65500000.0,17.997560715872655,65500000.0,17.997560715872655,700000000.0,700000000.0,0,0,1.3442847364818618,491,2024-09-10,Unknown,Unknown,,-1,0,unmatched,unmatched,0.9338230726000931,,1,Q4,1-3,round_history_only,2025-2026
Weka.IO Ltd.,wekaio,1,capitaliq_post_money_ge_1b,2024-05-15,2024-05-15,Weka.IO Ltd.,positive_self,0,2024,Post-2021,0,0,0,0.0,0.0,0.0,0.0,0.0,0.0,0,0,0.0,-1,,Unknown,Unknown,,-1,0,unmatched,unmatched,0.9999091792132103,,0,Q2,0,limited_source_metadata,2024
"WHOOP, Inc.",whoop,1,capitaliq_post_money_ge_1b,2026-03-31,2026-03-31,"WHOOP, Inc.",positive_self,0,2026,Post-2021,4,1,4,155870000.0,18.86453289088084,100000000.0,18.420680753952364,936490000.0,936490000.0,18,12,11.7782340862423,1980,2020-10-28,Health & Bio,North America,United States,2012,1,exact_unique,unicorn_current,0.8177209430096521,2010-14,3+,Q4,7+,round+founding+master,2025-2026
"Whop, Inc.",whop,1,capitaliq_post_money_ge_1b,2026-02-25,2026-02-25,"Whop, Inc.",positive_self,0,2026,Post-2021,1,1,1,17040000.0,16.651074138050888,17040000.0,16.651074138050888,100000000.0,100000000.0,3,3,2.6036960985626285,951,2023-07-20,Enterprise Software,North America,United States,-1,0,exact_unique,unicorn_current,0.42682791493250116,,1,Q4,1-3,round_history_only,2025-2026
Wireless Logic Limited,wirelesslogic,1,capitaliq_post_money_ge_1b,2025-09-30,2025-09-30,Wireless Logic Limited,positive_self,0,2025,Post-2021,0,0,0,0.0,0.0,0.0,0.0,0.0,0.0,0,0,0.0,-1,,Unknown,Unknown,,-1,0,unmatched,unmatched,0.9999091792132103,,0,Q2,0,limited_source_metadata,2025-2026
Wonderful Systems Ltd.,wonderfulsystems,1,capitaliq_post_money_ge_1b,2026-03-12,2026-03-12,Wonderful Systems Ltd.,positive_self,0,2026,Post-2021,2,1,2,134500000.0,18.71707476444111,100000000.0,18.420680753952364,700000000.0,700000000.0,5,5,0.6926762491444216,121,2025-11-11,Unknown,Unknown,,-1,0,unmatched,unmatched,0.9632977084655941,,2,Q4,0-1,round_history_only,2025-2026
"WorkOS, Inc.",workos,1,capitaliq_post_money_ge_1b,2026-03-02,2026-03-02,"WorkOS, Inc.",positive_self,0,2026,Post-2021,1,1,1,81660000.0,18.2180748561016,81660000.0,18.2180748561016,457820000.0,457820000.0,3,3,3.249828884325804,1187,2022-12-01,Enterprise Software,North America,United States,-1,0,exact_unique,unicorn_current,0.9553115177804825,,1,Q4,3-7,round_history_only,2025-2026
"World Water Works, Inc.",worldwaterworks,1,capitaliq_post_money_ge_1b,2024-07-31,2024-07-31,"World Water Works, Inc.",positive_self,0,2024,Post-2021,0,0,0,0.0,0.0,0.0,0.0,0.0,0.0,0,0,0.0,-1,,Unknown,Unknown,,-1,0,unmatched,unmatched,0.9999091792132103,,0,Q2,0,limited_source_metadata,2024
"Writer, Inc.",writer,1,capitaliq_post_money_ge_1b,2024-11-12,2024-11-12,"Writer, Inc.",positive_self,0,2024,Post-2021,3,1,3,116600000.0,18.574259840457,100000000.0,18.420680753952364,500000000.0,500000000.0,10,7,7.512662559890486,421,2023-09-18,Enterprise Software,North America,United States,-1,0,exact_unique,unicorn_current,0.9827595418939963,,3+,Q4,7+,round_history_only,2024
X Corp.,x,1,capitaliq_post_money_ge_1b,2025-03-20,2025-03-20,X Corp.,positive_self,0,2025,Post-2021,0,0,0,0.0,0.0,0.0,0.0,0.0,0.0,0,0,0.0,-1,,Unknown,Unknown,,-1,0,unmatched,unmatched,0.9999091792132103,,0,Q2,0,limited_source_metadata,2025-2026
X.AI LLC,xai,1,capitaliq_post_money_ge_1b,2024-05-26,2024-05-26,X.AI LLC,positive_self,0,2024,Post-2021,1,1,1,9200000.0,16.034714150714915,9200000.0,16.034714150714915,40000000.0,40000000.0,5,5,9.388090349075975,3429,2015-01-05,Other / Unknown,North America,United States,2014,1,exact_unique,control_funded,0.2979271618547304,2010-14,1,Q3,7+,round+founding+master,2024
"Xaira Therapeutics, Inc.",xairatherapeutics,1,capitaliq_post_money_ge_1b,2024-04-23,2024-04-23,"Xaira Therapeutics, Inc.",positive_self,0,2024,Post-2021,0,0,0,0.0,0.0,0.0,0.0,0.0,0.0,0,0,0.0,-1,,Health & Bio,North America,United States,-1,0,exact_unique,unicorn_current,0.9999655172413793,,0,Q2,0,limited_source_metadata,2024
"Xiamen Hithium Energy Storage Technology Co., Ltd.",xiamenhithiumenergystorage,1,capitaliq_post_money_ge_1b,2025-03-31,2025-03-31,"Xiamen Hithium Energy Storage Technology Co., Ltd.",positive_self,0,2025,Post-2021,0,0,0,0.0,0.0,0.0,0.0,0.0,0.0,0,0,0.0,-1,,Unknown,Unknown,,-1,0,unmatched,unmatched,0.9999091792132103,,0,Q2,0,limited_source_metadata,2025-2026
"Xi'an Longi Hydrogen Energy Technology Co., Ltd.",xianlongihydrogenenergy,1,capitaliq_post_money_ge_1b,2024-06-12,2024-06-12,"Xi'an Longi Hydrogen Energy Technology Co., Ltd.",positive_self,0,2024,Post-2021,0,0,0,0.0,0.0,0.0,0.0,0.0,0.0,0,0,0.0,-1,,Unknown,Unknown,,-1,0,unmatched,unmatched,0.9999091792132103,,0,Q2,0,limited_source_metadata,2024
Xpanceo Research on Natural Science L.L.C.,xpanceoresearchonnaturalsciencellc,1,capitaliq_post_money_ge_1b,2025-07-08,2025-07-08,Xpanceo Research on Natural Science L.L.C.,positive_self,0,2025,Post-2021,0,0,0,0.0,0.0,0.0,0.0,0.0,0.0,0,0,0.0,-1,,Unknown,Unknown,,-1,0,unmatched,unmatched,0.9999091792132103,,0,Q2,0,limited_source_metadata,2025-2026
"X Square Robot Technology (Shenzhen) Co., Ltd.",xsquarerobotshenzhen,1,capitaliq_post_money_ge_1b,2026-06-29,2026-06-29,"X Square Robot Technology (Shenzhen) Co., Ltd.",positive_self,0,2026,Post-2021,1,1,0,0.0,0.0,0.0,0.0,41660000.0,41660000.0,4,4,1.1307323750855578,413,2025-05-12,Unknown,Unknown,,-1,0,unmatched,unmatched,0.18283467390370847,,1,Q2,1-3,round_history_only,2025-2026
XTransfer Limited,xtransfer,1,capitaliq_post_money_ge_1b,2026-02-28,2026-02-28,XTransfer Limited,positive_self,0,2026,Post-2021,1,1,1,2950000.0,14.897316067298997,2950000.0,14.897316067298997,12000000.0,12000000.0,2,2,8.161533196440795,2981,2017-12-31,Unknown,Unknown,,-1,0,unmatched,unmatched,0.2516991851144572,,1,Q2,7+,round_history_only,2025-2026
"Yangtze Memory Technologies Co., Ltd.",yangtzememory,1,capitaliq_post_money_ge_1b,2025-04-25,2025-04-25,"Yangtze Memory Technologies Co., Ltd.",positive_self,0,2025,Post-2021,0,0,0,0.0,0.0,0.0,0.0,0.0,0.0,0,0,0.0,-1,,Unknown,Unknown,,-1,0,unmatched,unmatched,0.9999091792132103,,0,Q2,0,limited_source_metadata,2025-2026
"Yi'an (Shanghai) Enterprise Management Co., Ltd.",yianshanghaienterprisemanagement,1,capitaliq_post_money_ge_1b,2024-03-04,2024-03-04,"Yi'an (Shanghai) Enterprise Management Co., Ltd.",positive_self,0,2024,Post-2021,0,0,0,0.0,0.0,0.0,0.0,0.0,0.0,0,0,0.0,-1,,Unknown,Unknown,,-1,0,unmatched,unmatched,0.9999091792132103,,0,Q2,0,limited_source_metadata,2024
Yotta Data Services Pvt Ltd.,yottadataservicespvt,1,capitaliq_post_money_ge_1b,2026-07-05,2026-07-05,Yotta Data Services Pvt Ltd.,positive_self,0,2026,Post-2021,0,0,0,0.0,0.0,0.0,0.0,0.0,0.0,0,0,0.0,-1,,Unknown,Unknown,,-1,0,unmatched,unmatched,0.9999091792132103,,0,Q2,0,limited_source_metadata,2025-2026
Yusheng Holdings Limited,yusheng,1,capitaliq_post_money_ge_1b,2026-02-28,2026-02-28,Yusheng Holdings Limited,positive_self,0,2026,Post-2021,1,1,1,153330000.0,18.848103025934453,153330000.0,18.848103025934453,606330000.0,606330000.0,3,3,7.520876112251882,2747,2018-08-22,Unknown,Unknown,,-1,0,unmatched,unmatched,0.7065262224850313,,1,Q4,7+,round_history_only,2025-2026
"Yushu Technology Co., Ltd.",yushu,1,capitaliq_post_money_ge_1b,2024-09-12,2024-09-12,"Yushu Technology Co., Ltd.",positive_self,0,2024,Post-2021,0,0,0,0.0,0.0,0.0,0.0,0.0,0.0,0,0,0.0,-1,,Unknown,Unknown,,-1,0,unmatched,unmatched,0.9999091792132103,,0,Q2,0,limited_source_metadata,2024
"Z.AI Co., Ltd. (SEHK:2513)",zaisehk2513,1,capitaliq_post_money_ge_1b,2024-01-24,2024-01-24,"Z.AI Co., Ltd. (SEHK:2513)",positive_self,0,2024,Post-2021,0,0,0,0.0,0.0,0.0,0.0,0.0,0.0,0,0,0.0,-1,,Unknown,Unknown,,-1,0,unmatched,unmatched,0.9999091792132103,,0,Q2,0,limited_source_metadata,2024
"Zelos (Suzhou) Intelligent Technology Co., Ltd.",zelossuzhouintelligent,1,capitaliq_post_money_ge_1b,2025-10-13,2025-10-13,"Zelos (Suzhou) Intelligent Technology Co., Ltd.",positive_self,0,2025,Post-2021,0,0,0,0.0,0.0,0.0,0.0,0.0,0.0,0,0,0.0,-1,,Unknown,Unknown,,-1,0,unmatched,unmatched,0.9999091792132103,,0,Q2,0,limited_source_metadata,2025-2026
"Zero Motorcycles, Inc.",zeromotorcycles,1,capitaliq_post_money_ge_1b,2024-10-24,2024-10-24,"Zero Motorcycles, Inc.",positive_self,0,2024,Post-2021,3,1,3,21510000.0,16.884028547733916,10000000.0,16.118095750958314,116330000.0,116330000.0,0,0,11.27173169062286,3865,2014-03-26,Transport & Logistics,North America,United States,2006,1,exact_unique,control_funded,0.25549575349661835,≤2009,3+,Q4,7+,round+founding+master,2024
"Zhejiang Alcohol Hydrogen Technology Co., Ltd.",zhejiangalcoholhydrogen,1,capitaliq_post_money_ge_1b,2024-01-29,2024-01-29,"Zhejiang Alcohol Hydrogen Technology Co., Ltd.",positive_self,0,2024,Post-2021,0,0,0,0.0,0.0,0.0,0.0,0.0,0.0,0,0,0.0,-1,,Unknown,Unknown,,-1,0,unmatched,unmatched,0.9999091792132103,,0,Q2,0,limited_source_metadata,2024
"Zhejiang Chunhydrogen Ecological Technology Co., Ltd.",zhejiangchunhydrogenecological,1,capitaliq_post_money_ge_1b,2024-12-31,2024-12-31,"Zhejiang Chunhydrogen Ecological Technology Co., Ltd.",positive_self,0,2024,Post-2021,0,0,0,0.0,0.0,0.0,0.0,0.0,0.0,0,0,0.0,-1,,Unknown,Unknown,,-1,0,unmatched,unmatched,0.9999091792132103,,0,Q2,0,limited_source_metadata,2024
"Zhejiang Qiangnao Technology Co., Ltd.",zhejiangqiangnao,1,capitaliq_post_money_ge_1b,2026-01-07,2026-01-07,"Zhejiang Qiangnao Technology Co., Ltd.",positive_self,0,2026,Post-2021,0,0,0,0.0,0.0,0.0,0.0,0.0,0.0,0,0,0.0,-1,,Unknown,Unknown,,-1,0,unmatched,unmatched,0.9999091792132103,,0,Q2,0,limited_source_metadata,2025-2026
"Zhipingfang (Shenzhen) Technology Co., Ltd.",zhipingfangshenzhen,1,capitaliq_post_money_ge_1b,2026-02-23,2026-02-23,"Zhipingfang (Shenzhen) Technology Co., Ltd.",positive_self,0,2026,Post-2021,0,0,0,0.0,0.0,0.0,0.0,0.0,0.0,0,0,0.0,-1,,Unknown,Unknown,,-1,0,unmatched,unmatched,0.9999091792132103,,0,Q2,0,limited_source_metadata,2025-2026
"Zhiyuan Innovation (Shanghai) Technology Co., Ltd.",zhiyuaninnovationshanghai,1,capitaliq_post_money_ge_1b,2025-03-24,2025-03-24,"Zhiyuan Innovation (Shanghai) Technology Co., Ltd.",positive_self,0,2025,Post-2021,2,1,1,84490000.0,18.25214375396475,84490000.0,18.25214375396475,982930000.0,982930000.0,14,10,1.2758384668035592,202,2024-09-03,Unknown,Unknown,,-1,0,unmatched,unmatched,0.963493752037272,,2,Q4,1-3,round_history_only,2025-2026
"Zum Services, Inc.",zumservices,1,capitaliq_post_money_ge_1b,2024-01-31,2024-01-31,"Zum Services, Inc.",positive_self,0,2024,Post-2021,1,1,1,5510000.0,15.522075362617285,5510000.0,15.522075362617285,22550000.0,22550000.0,1,1,6.422997946611909,2346,2017-08-29,Unknown,Unknown,,-1,0,unmatched,unmatched,0.3513744173467684,,1,Q3,3-7,round_history_only,2024
"530 AI, Inc",530ai,0,capitaliq_below_1b_matched_control,2024-01-08,,Silicon Box Pte Ltd,control_date_only,4,2024,Post-2021,1,1,1,2500000.0,14.731801689838347,2500000.0,14.731801689838347,2500000.0,2500000.0,1,1,0.0109514031485284,4,2024-01-04,Unknown,Unknown,,-1,0,unmatched,unmatched,1.004129779873487e-05,,1,Q2,0-1,round_history_only,2024
Active Genomes Expressed Diagnostics Corp,activegenomesexpresseddiagnostics,0,capitaliq_below_1b_matched_control,2024-01-15,,HashKey Digital Asset Group Limited,control_date_only,15,2024,Post-2021,1,1,1,1750000.0,14.375126917328105,1750000.0,14.375126917328105,1750000.0,1750000.0,1,1,0.0410677618069815,15,2023-12-31,Unknown,Unknown,,-1,0,unmatched,unmatched,1.004129779873487e-05,,1,Q2,0-1,round_history_only,2024
Alby Inc.,alby,0,capitaliq_below_1b_matched_control,2024-01-16,,Quantinuum LLC,control_date_only,11,2024,Post-2021,1,1,1,2730000.0,14.81981253346144,2730000.0,14.81981253346144,5170000.0,5170000.0,0,0,0.0301163586584531,11,2024-01-05,Unknown,Unknown,,-1,0,unmatched,unmatched,6.674294431731502e-06,,1,Q2,0-1,round_history_only,2024
Help Scout Inc.,helpscout,0,capitaliq_below_1b_matched_control,2024-01-18,,"DailyPay, LLC",control_industry_continent,4600,2024,Post-2021,3,1,3,12338000.0,16.328194569802132,6180000.0,15.636828991246158,35770000.0,35770000.0,3,2,12.594113620807668,2536,2017-02-07,Fintech,North America,United States,2011,1,exact_unique,control_funded,0.2540043819500576,2010-14,3+,Q3,7+,round+founding+master,2024
Alchemy GPS Europe UAB,alchemygpseuropeuab,0,capitaliq_below_1b_matched_control,2024-01-24,,"Z.AI Co., Ltd. (SEHK:2513)",control_date_only,296,2024,Post-2021,1,1,1,10000000.0,16.118095750958314,10000000.0,16.118095750958314,400000000.0,400000000.0,1,1,0.810403832991102,296,2023-04-03,Unknown,Unknown,,-1,0,unmatched,unmatched,0.7491610339672318,,1,Q3,0-1,round_history_only,2024
"Alcion, Inc.",alcion,0,capitaliq_below_1b_matched_control,2024-01-25,,StoicLane Inc.,control_date_only,239,2024,Post-2021,1,1,1,8000000.0,15.894952224644102,8000000.0,15.894952224644102,8000000.0,8000000.0,0,0,0.6543463381245722,239,2023-05-31,Unknown,Unknown,,-1,0,unmatched,unmatched,0.0052275274779355375,,1,Q3,0-1,round_history_only,2024
"3Aware, Inc.",3aware,0,capitaliq_below_1b_matched_control,2024-01-29,,"Tianjin Chunqing Ecological Technology Co., Ltd.",control_date_only,4,2024,Post-2021,1,1,1,2370000.0,14.678400935052151,2370000.0,14.678400935052151,14700000.0,14700000.0,0,0,0.0109514031485284,4,2024-01-25,Unknown,Unknown,,-1,0,unmatched,unmatched,6.674294431731502e-06,,1,Q2,0-1,round_history_only,2024
AK Optics Technology Co. Ltd,akoptics,0,capitaliq_below_1b_matched_control,2024-01-29,,"Zhejiang Alcohol Hydrogen Technology Co., Ltd.",control_date_only,2,2024,Post-2021,1,1,1,5850000.0,15.581952390148196,5850000.0,15.581952390148196,527260000.0,527260000.0,0,0,0.0054757015742642,2,2024-01-27,Unknown,Unknown,,-1,0,unmatched,unmatched,0.04000021645021643,,1,Q3,0-1,round_history_only,2024
Aldora.io Inc.,aldoraio,0,capitaliq_below_1b_matched_control,2024-01-31,,"Zum Services, Inc.",control_date_only,527,2024,Post-2021,1,1,1,3000000.0,14.914123179965662,3000000.0,14.914123179965662,3000000.0,3000000.0,0,0,1.4428473648186173,527,2022-08-22,Unknown,Unknown,,-1,0,unmatched,unmatched,0.056698677277885606,,1,Q2,1-3,round_history_only,2024
"Applause Technology, Inc.",applause,0,capitaliq_below_1b_matched_control,2024-02-01,,"Watershed Technology, Inc.",control_industry_continent,21,2024,Post-2021,1,1,1,7000000.0,15.76142084987672,7000000.0,15.76142084987672,11620000.0,11620000.0,0,0,0.0574948665297741,21,2024-01-11,Enterprise Software,North America,United States,2007,1,exact_unique,control_funded,6.674294431731502e-06,≤2009,1,Q3,0-1,round+founding+master,2024
"6AM City, Inc.",6amcity,0,capitaliq_below_1b_matched_control,2024-02-07,,Pennylane SAS,control_date_only,5,2024,Post-2021,1,1,1,11930000.0,16.294566877896393,11930000.0,16.294566877896393,20410000.0,20410000.0,4,4,0.0136892539356605,5,2024-02-02,Unknown,Unknown,,-1,0,unmatched,unmatched,5.655332886454168e-06,,1,Q3,0-1,round_history_only,2024
"Action Streamer, Inc.",actionstreamer,0,capitaliq_below_1b_matched_control,2024-02-15,,Bending Spoons S.p.A. (NasdaqGS:BSP),control_date_only,9,2024,Post-2021,1,1,1,2400000.0,14.690979711984754,2400000.0,14.690979711984754,7170000.0,7170000.0,2,2,0.0246406570841889,9,2024-02-06,Unknown,Unknown,,-1,0,unmatched,unmatched,1.004129779873487e-05,,1,Q2,0-1,round_history_only,2024
"Flowhub Holdings, Inc.",flowhub,0,capitaliq_below_1b_matched_control,2024-02-15,,"Lambda, Inc.",control_industry_continent,3180,2024,Post-2021,1,1,1,500000.0,13.122365377402328,500000.0,13.122365377402328,500000.0,500000.0,2,2,8.706365503080082,3180,2015-06-02,Enterprise Software,North America,United States,2015,1,exact_unique,control_funded,0.17192552273391004,2015-18,1,Q2,7+,round+founding+master,2024
"Alembic Technologies, Inc.",alembic,0,capitaliq_below_1b_matched_control,2024-02-19,,"Beijing Moonshot AI Technology Co., Ltd.",control_date_only,3,2024,Post-2021,1,1,1,15970000.0,16.586222582808603,15970000.0,16.586222582808603,49000000.0,49000000.0,3,3,0.0082135523613963,3,2024-02-16,Unknown,Unknown,,-1,0,unmatched,unmatched,0.0002871276871276871,,1,Q4,0-1,round_history_only,2024
NanoPhotonica Inc.,nanophotonica,0,capitaliq_below_1b_matched_control,2024-02-20,,"Ascend Elements, Inc.",control_industry_continent,1917,2024,Post-2021,1,1,1,3420000.0,15.045151401436408,3420000.0,15.045151401436408,5980000.0,5980000.0,0,0,5.248459958932238,1917,2018-11-21,Hardware & Industrials,North America,United States,2009,1,exact_unique,control_funded,0.10060748520480822,≤2009,1,Q3,3-7,round+founding+master,2024
"Algemetric, Inc.",algemetric,0,capitaliq_below_1b_matched_control,2024-02-21,,Exohood Labs Limited,control_date_only,331,2024,Post-2021,1,1,1,2500000.0,14.731801689838347,2500000.0,14.731801689838347,15280000.0,15280000.0,0,0,0.9062286105407256,331,2023-03-27,Unknown,Unknown,,-1,0,unmatched,unmatched,0.052139612075313056,,1,Q2,0-1,round_history_only,2024
2GHealth Inc.,2ghealth,0,capitaliq_below_1b_matched_control,2024-02-24,,"Simcere Zaiming Pharmaceutical Co., Ltd.",control_date_only,3,2024,Post-2021,1,1,1,5770000.0,15.568182811794491,5770000.0,15.568182811794491,6870000.0,6870000.0,6,6,0.0082135523613963,3,2024-02-21,Unknown,Unknown,,-1,0,unmatched,unmatched,1.004129779873487e-05,,1,Q3,0-1,round_history_only,2024
"Aaidebook Holdings, Inc.",aaidebook,0,capitaliq_below_1b_matched_control,2024-02-25,,FIGURE AI INC.,control_date_only,2,2024,Post-2021,1,1,1,71000.0,11.170449240431308,71000.0,11.170449240431308,5870000.0,5870000.0,0,0,0.0054757015742642,2,2024-02-23,Unknown,Unknown,,-1,0,unmatched,unmatched,6.674294431731502e-06,,1,Q2,0-1,round_history_only,2024
Algenesis Corporation,algenesis,0,capitaliq_below_1b_matched_control,2024-02-28,,CiDi Inc. (SEHK:3881),control_date_only,125,2024,Post-2021,1,1,1,5000000.0,15.424948670398354,5000000.0,15.424948670398354,9450000.0,9450000.0,5,5,0.3422313483915126,125,2023-10-26,Unknown,Unknown,,-1,0,unmatched,unmatched,0.00510527939303683,,1,Q3,0-1,round_history_only,2024
"Aclid, Inc.",aclid,0,capitaliq_below_1b_matched_control,2024-03-03,,"Shanghai Xiyu Jizhi Technology Co., Ltd.",control_date_only,4,2024,Post-2021,1,1,1,3600000.0,15.096444681204078,3600000.0,15.096444681204078,4160000.0,4160000.0,2,2,0.0109514031485284,4,2024-02-28,Unknown,Unknown,,-1,0,unmatched,unmatched,1.004129779873487e-05,,1,Q3,0-1,round_history_only,2024
"ADIO Software, LLC",adiosoftware,0,capitaliq_below_1b_matched_control,2024-03-04,,Mews Systems B.V.,control_date_only,4,2024,Post-2021,1,1,1,2000000.0,14.508658238524095,2000000.0,14.508658238524095,11110000.0,11110000.0,0,0,0.0109514031485284,4,2024-02-29,Unknown,Unknown,,-1,0,unmatched,unmatched,6.674294431731502e-06,,1,Q2,0-1,round_history_only,2024
Alii Technology Group Pty Ltd,aliipty,0,capitaliq_below_1b_matched_control,2024-03-04,,"Yi'an (Shanghai) Enterprise Management Co., Ltd.",control_date_only,419,2024,Post-2021,1,1,1,1720000.0,14.357835430184815,1720000.0,14.357835430184815,7060000.0,7060000.0,1,1,1.1471594798083504,419,2023-01-10,Unknown,Unknown,,-1,0,unmatched,unmatched,0.050788810762031816,,1,Q2,1-3,round_history_only,2024
Aliro Technologies Inc.,aliro,0,capitaliq_below_1b_matched_control,2024-03-08,,Eni Plenitude S.P.A. Societa' Benefit,control_date_only,150,2024,Post-2021,1,1,1,6000000.0,15.607270193858982,6000000.0,15.607270193858982,24450000.0,24450000.0,3,3,0.4106776180698152,150,2023-10-10,Unknown,Unknown,,-1,0,unmatched,unmatched,0.0008300412977987348,,1,Q3,0-1,round_history_only,2024
Alive,alive,0,capitaliq_below_1b_matched_control,2024-03-11,,"Supplying Demand, Inc.",control_date_only,361,2024,Post-2021,1,1,1,5000000.0,15.424948670398354,5000000.0,15.424948670398354,45000000.0,45000000.0,4,4,0.9883641341546886,361,2023-03-16,Unknown,Unknown,,-1,0,unmatched,unmatched,0.23300229927230856,,1,Q3,0-1,round_history_only,2024
"Nantero, Inc.",nantero,0,capitaliq_below_1b_matched_control,2024-03-12,,"Applied Intuition, Inc.",control_industry_continent,3940,2024,Post-2021,4,1,4,78510000.0,18.178736575911667,31530000.0,17.26645006323707,324000000.0,324000000.0,10,6,10.78713210130048,1971,2018-10-19,Hardware & Industrials,North America,United States,2000,1,exact_unique,control_funded,0.8286937159913569,≤2009,3+,Q4,7+,round+founding+master,2024
"Allander Biotechnologies, Inc.",allanderbiotechnologies,0,capitaliq_below_1b_matched_control,2024-03-13,,Perfios Software Solutions Private Limited,control_date_only,154,2024,Post-2021,1,1,1,1000000.0,13.815511557963774,1000000.0,13.815511557963774,1000000.0,1000000.0,0,0,0.4216290212183436,154,2023-10-11,Unknown,Unknown,,-1,0,unmatched,unmatched,0.0001400076277650648,,1,Q2,0-1,round_history_only,2024
AllCertified Inc.,allcertified,0,capitaliq_below_1b_matched_control,2024-03-13,,"Together Computer, Inc.",control_date_only,456,2024,Post-2021,1,1,1,13000.0,9.472781556562168,13000.0,9.472781556562168,5790000.0,5790000.0,0,0,1.2484599589322385,456,2022-12-13,Unknown,Unknown,,-1,0,unmatched,unmatched,0.052617294781502406,,1,Q2,1-3,round_history_only,2024
Cloudary Corporation,cloudary,0,capitaliq_below_1b_matched_control,2024-03-22,,Avanse Financial Services Limited,control_industry_continent,3918,2024,Post-2021,1,1,1,110000000.0,18.5159909328476,110000000.0,18.5159909328476,600000000.0,600000000.0,2,2,10.726899383983572,3918,2013-06-30,Education,Asia,China,2004,1,exact_unique,control_funded,0.6286408503701818,≤2009,1,Q4,7+,round+founding+master,2024
"2046 Labs, Inc.",2046,0,capitaliq_below_1b_matched_control,2024-03-22,,"Capital Rx, Inc.",control_date_only,8,2024,Post-2021,1,1,1,8000000.0,15.894952224644102,8000000.0,15.894952224644102,11920000.0,11920000.0,6,6,0.0219028062970568,8,2024-03-14,Unknown,Unknown,,-1,0,unmatched,unmatched,1.004129779873487e-05,,1,Q3,0-1,round_history_only,2024
ADN GROUP,adn,0,capitaliq_below_1b_matched_control,2024-03-25,,"Sunshine New Energy Development Co., Ltd.",control_date_only,6,2024,Post-2021,1,1,1,217000.0,12.28765724080691,217000.0,12.28765724080691,2170000.0,2170000.0,0,0,0.0164271047227926,6,2024-03-19,Unknown,Unknown,,-1,0,unmatched,unmatched,6.674294431731502e-06,,1,Q2,0-1,round_history_only,2024
"CampusLogic, Inc.",campuslogic,0,capitaliq_below_1b_matched_control,2024-03-25,,Uzum Technologies LLC,control_industry_continent,2580,2024,Post-2021,1,1,1,10000000.0,16.118095750958314,10000000.0,16.118095750958314,30440000.0,30440000.0,1,1,7.063655030800821,2580,2017-03-02,Fintech,Other,,2011,1,exact_unique,control_funded,0.2469199290550909,2010-14,1,Q3,7+,round+founding+master,2024
"Abstract Security, Inc.",abstractsecurity,0,capitaliq_below_1b_matched_control,2024-04-01,,"InnoScience (Suzhou) Technology Holding Co., Ltd. (SEHK:2577)",control_date_only,6,2024,Post-2021,1,1,1,8500000.0,15.955576839107596,8500000.0,15.955576839107596,8870000.0,8870000.0,3,3,0.0164271047227926,6,2024-03-26,Unknown,Unknown,,-1,0,unmatched,unmatched,3.743855807270747e-05,,1,Q3,0-1,round_history_only,2024
EMotive Technology Ltd.,emotive,0,capitaliq_below_1b_matched_control,2024-04-02,,Hailo Technologies Ltd.,control_industry_continent,602,2024,Post-2021,1,1,1,310000.0,12.644330802262578,310000.0,12.644330802262578,5450000.0,5450000.0,0,0,1.648186173853525,602,2022-08-09,Enterprise Software,Asia,South Korea,2013,1,exact_unique,control_funded,0.036990742170373396,2010-14,1,Q2,1-3,round+founding+master,2024
Adonmo Private Limited,adonmoprivate,0,capitaliq_below_1b_matched_control,2024-04-02,,"Humans, Inc.",control_date_only,7,2024,Post-2021,1,1,1,6990000.0,15.7599912572715,6990000.0,15.7599912572715,102980000.0,102980000.0,2,2,0.0191649555099247,7,2024-03-26,Unknown,Unknown,,-1,0,unmatched,unmatched,0.00042762476315107894,,1,Q3,0-1,round_history_only,2024
Aumet Medical Co.,aumetmedical,0,capitaliq_below_1b_matched_control,2024-04-04,,"NeuroVigil, Inc.",control_industry_continent,1445,2024,Post-2021,1,1,1,120000.0,11.695255355062796,120000.0,11.695255355062796,2000000.0,2000000.0,1,1,3.9561943874058874,1445,2020-04-20,Health & Bio,Other,,-1,0,exact_unique,control_accelerator,0.09421563273347222,,1,Q2,3-7,round_history_only,2024
"Focus IP, Inc.",focusip,0,capitaliq_below_1b_matched_control,2024-04-09,,Cyera Inc.,control_industry_continent,2548,2024,Post-2021,2,1,2,15500000.0,16.5563506464056,10000000.0,16.118095750958314,37400000.0,37400000.0,3,3,6.976043805612594,1847,2019-03-20,Enterprise Software,North America,United States,2011,1,exact_unique,control_funded,0.25200036807980647,2010-14,2,Q4,3-7,round+founding+master,2024
Agora Atlas Corp,agoraatlas,0,capitaliq_below_1b_matched_control,2024-04-09,,Guzman y Gomez Limited (ASX:GYG),control_date_only,7,2024,Post-2021,1,1,1,12000000.0,16.300417291085605,12000000.0,16.300417291085605,12000000.0,12000000.0,9,9,0.0191649555099247,7,2024-04-02,Unknown,Unknown,,-1,0,unmatched,unmatched,0.000910417237648359,,1,Q3,0-1,round_history_only,2024
"idaciti, Inc.",idaciti,0,capitaliq_below_1b_matched_control,2024-04-09,,"Monad Labs, Inc.",control_industry_continent,3273,2024,Post-2021,2,1,2,1590000.0,14.279245203127036,1570000.0,14.266586814266963,3830000.0,3830000.0,1,1,8.960985626283367,1861,2019-03-06,Fintech,North America,United States,2013,1,exact_unique,control_funded,0.07639585217105267,2010-14,2,Q2,7+,round+founding+master,2024
Ahlan Technologies,ahlan,0,capitaliq_below_1b_matched_control,2024-04-12,,"CAS Space Technology Co., Ltd",control_date_only,18,2024,Post-2021,1,1,1,3000000.0,14.914123179965662,3000000.0,14.914123179965662,15000000.0,15000000.0,2,2,0.0492813141683778,18,2024-03-25,Unknown,Unknown,,-1,0,unmatched,unmatched,1.004129779873487e-05,,1,Q2,0-1,round_history_only,2024
"IEX Group, Inc.",iex,0,capitaliq_below_1b_matched_control,2024-04-16,,Altruist LLC,control_industry_continent,4297,2024,Post-2021,3,1,3,100900000.0,18.42964049523464,75000000.0,18.13299868483392,323680000.0,323680000.0,6,6,11.76454483230664,3514,2014-09-02,Fintech,North America,United States,2012,1,exact_unique,soonicorn_proxy,0.665450510695311,2010-14,3+,Q4,7+,round+founding+master,2024
5C Network Pvt. Ltd,5cnetworkpvt,0,capitaliq_below_1b_matched_control,2024-04-16,,European Energy A/S,control_date_only,4,2024,Post-2021,1,1,1,3050000.0,14.930652476452392,3050000.0,14.930652476452392,29750000.0,29750000.0,0,0,0.0109514031485284,4,2024-04-12,Unknown,Unknown,,-1,0,unmatched,unmatched,6.674294431731502e-06,,1,Q3,0-1,round_history_only,2024
"AGEYE Technologies, Inc.",ageye,0,capitaliq_below_1b_matched_control,2024-04-23,,"Perplexity AI, Inc.",control_date_only,1,2024,Post-2021,1,1,1,1680000.0,14.33430494661736,1680000.0,14.33430494661736,2350000.0,2350000.0,0,0,0.0027378507871321,1,2024-04-22,Unknown,Unknown,,-1,0,unmatched,unmatched,6.674294431731502e-06,,1,Q2,0-1,round_history_only,2024
"Blackbird Labs, Inc.",blackbird,0,capitaliq_below_1b_matched_control,2024-04-23,,"Xaira Therapeutics, Inc.",control_industry_continent,565,2024,Post-2021,1,1,1,11000000.0,16.213405921671733,11000000.0,16.213405921671733,11000000.0,11000000.0,4,4,1.5468856947296372,565,2022-10-06,Health & Bio,North America,United States,2013,1,exact_unique,control_funded,0.1953282051144934,2010-14,1,Q3,1-3,round+founding+master,2024
AlienX,alienx,0,capitaliq_below_1b_matched_control,2024-04-24,,AUTODOC SE,control_date_only,16,2024,Post-2021,1,1,1,5000000.0,15.424948670398354,5000000.0,15.424948670398354,200000000.0,200000000.0,0,0,0.0438056125941136,16,2024-04-08,Unknown,Unknown,,-1,0,unmatched,unmatched,0.06142010913063544,,1,Q3,0-1,round_history_only,2024
"Blaze Bioscience, Inc.",blazebioscience,0,capitaliq_below_1b_matched_control,2024-04-25,,"Mammoth Biosciences, Inc.",control_industry_continent,4080,2024,Post-2021,1,1,1,8500000.0,15.955576839107596,8500000.0,15.955576839107596,11070000.0,11070000.0,0,0,11.170431211498974,4080,2013-02-22,Health & Bio,North America,United States,2010,1,exact_unique,control_funded,0.22721048308105501,2010-14,1,Q3,7+,round+founding+master,2024
Inbox Health Corp.,inboxhealth,0,capitaliq_below_1b_matched_control,2024-04-25,,"TaxBit, Inc.",control_industry_continent,1507,2024,Post-2021,2,1,2,26000000.0,17.073607134447293,22500000.0,16.929025911619092,113660000.0,113660000.0,9,6,4.125941136208077,357,2023-05-04,Fintech,North America,United States,2014,1,exact_unique,control_funded,0.3462850475532471,2010-14,2,Q4,3-7,round+founding+master,2024
"Allegro Labs, Inc.",allegro,0,capitaliq_below_1b_matched_control,2024-05-02,,Motional AD LLC,control_date_only,79,2024,Post-2021,1,1,1,10000000.0,16.118095750958314,10000000.0,16.118095750958314,15000000.0,15000000.0,2,2,0.216290212183436,79,2024-02-13,Unknown,Unknown,,-1,0,unmatched,unmatched,3.743855807270747e-05,,1,Q3,0-1,round_history_only,2024
BLUEBOARD INC.,blueboard,0,capitaliq_below_1b_matched_control,2024-05-02,,"Transcarent, Inc.",control_industry_continent,1337,2024,Post-2021,1,1,1,9330000.0,16.048745680004657,9330000.0,16.048745680004657,22860000.0,22860000.0,5,5,3.66050650239562,1337,2020-09-03,Health & Bio,North America,United States,2013,1,exact_unique,control_funded,0.24829748403840224,2010-14,1,Q3,3-7,round+founding+master,2024
"123 See, Inc.",123see,0,capitaliq_below_1b_matched_control,2024-05-15,,Weka.IO Ltd.,control_date_only,5,2024,Post-2021,1,1,1,8289999.999999999,15.930560647738732,8289999.999999999,15.930560647738732,18440000.0,18440000.0,7,7,0.0136892539356605,5,2024-05-10,Unknown,Unknown,,-1,0,unmatched,unmatched,1.004129779873487e-05,,1,Q3,0-1,round_history_only,2024
"Abett, Inc.",abett,0,capitaliq_below_1b_matched_control,2024-05-22,,DeepL SE,control_date_only,1,2024,Post-2021,1,1,1,11590000.0,16.265653301597208,11590000.0,16.265653301597208,33940000.0,33940000.0,4,4,0.0027378507871321,1,2024-05-21,Unknown,Unknown,,-1,0,unmatched,unmatched,1.004129779873487e-05,,1,Q3,0-1,round_history_only,2024
"Analytical Flavor Systems, Inc.",analyticalflavorsystems,0,capitaliq_below_1b_matched_control,2024-05-26,,X.AI LLC,control_continent,492,2024,Post-2021,1,1,1,7000000.0,15.76142084987672,7000000.0,15.76142084987672,14960000.0,14960000.0,4,4,1.3470225872689938,492,2023-01-20,Other / Unknown,North America,United States,-1,0,exact_unique,control_accelerator,0.22541745343724987,,1,Q3,1-3,round_history_only,2024
11thestate Incorporated,11thestate,0,capitaliq_below_1b_matched_control,2024-05-30,,"CoreWeave, Inc. (NasdaqGS:CRWV)",control_date_only,1,2024,Post-2021,1,1,1,2000000.0,14.508658238524095,2000000.0,14.508658238524095,2720000.0,2720000.0,3,3,0.0027378507871321,1,2024-05-29,Unknown,Unknown,,-1,0,unmatched,unmatched,1.004129779873487e-05,,1,Q2,0-1,round_history_only,2024
1344344 B.C. Ltd.,1344344bc,0,capitaliq_below_1b_matched_control,2024-06-11,,Mistral AI SAS,control_date_only,14,2024,Post-2021,1,1,1,103000.0,11.542493975902508,103000.0,11.542493975902508,517000.0,517000.0,3,3,0.0383299110198494,14,2024-05-28,Unknown,Unknown,,-1,0,unmatched,unmatched,1.004129779873487e-05,,1,Q2,0-1,round_history_only,2024
Active Surfaces Inc.,activesurfaces,0,capitaliq_below_1b_matched_control,2024-06-12,,"Xi'an Longi Hydrogen Energy Technology Co., Ltd.",control_date_only,30,2024,Post-2021,1,1,1,5600000.0,15.53827733427679,5600000.0,15.53827733427679,12700000.0,12700000.0,5,5,0.082135523613963,30,2024-05-13,Unknown,Unknown,,-1,0,unmatched,unmatched,1.004129779873487e-05,,1,Q3,0-1,round_history_only,2024
"7Rivers, Inc",7rivers,0,capitaliq_below_1b_matched_control,2024-06-16,,Guangzhou Luxvisions Innovation Technology Limited,control_date_only,2,2024,Post-2021,1,1,1,6000000.0,15.607270193858982,6000000.0,15.607270193858982,6000000.0,6000000.0,0,0,0.0054757015742642,2,2024-06-14,Unknown,Unknown,,-1,0,unmatched,unmatched,6.674294431731502e-06,,1,Q3,0-1,round_history_only,2024
"Fooda, Inc.",fooda,0,capitaliq_below_1b_matched_control,2024-06-20,,Huntress Labs Incorporated,control_industry_continent,2459,2024,Post-2021,1,1,1,12500000.0,16.341239282272525,12500000.0,16.341239282272525,237580000.0,237580000.0,3,3,6.7323750855578375,2459,2017-09-26,Enterprise Software,North America,United States,2011,1,exact_unique,control_funded,0.5428938095623365,2010-14,1,Q3,3-7,round+founding+master,2024
Aepnus Technology Inc.,aepnus,0,capitaliq_below_1b_matched_control,2024-06-21,,"BillionToOne, Inc. (NasdaqGS:BLLN)",control_date_only,8,2024,Post-2021,1,1,1,8000000.0,15.894952224644102,8000000.0,15.894952224644102,11780000.0,11780000.0,6,6,0.0219028062970568,8,2024-06-13,Unknown,Unknown,,-1,0,unmatched,unmatched,1.004129779873487e-05,,1,Q3,0-1,round_history_only,2024
"Aerial, Inc.",aerial,0,capitaliq_below_1b_matched_control,2024-06-24,,"Beijing MinoSpace Technology Co.,Ltd.",control_date_only,42,2024,Post-2021,1,1,1,2000000.0,14.508658238524095,2000000.0,14.508658238524095,2310000.0,2310000.0,3,3,0.1149897330595482,42,2024-05-13,Unknown,Unknown,,-1,0,unmatched,unmatched,1.004129779873487e-05,,1,Q2,0-1,round_history_only,2024
"Aikido Technologies, Inc",aikido,0,capitaliq_below_1b_matched_control,2024-06-25,,"Route App, Inc.",control_date_only,8,2024,Post-2021,1,1,1,4000000.0,15.201805169084134,4000000.0,15.201805169084134,4000000.0,4000000.0,5,5,0.0219028062970568,8,2024-06-17,Unknown,Unknown,,-1,0,unmatched,unmatched,1.004129779873487e-05,,1,Q3,0-1,round_history_only,2024
"FSLogix, Inc.",fslogix,0,capitaliq_below_1b_matched_control,2024-06-26,,Creatio Inc.,control_industry_continent,2303,2024,Post-2021,1,1,1,7500000.0,15.830413711839864,7500000.0,15.830413711839864,14660000.0,14660000.0,2,2,6.30527036276523,2303,2018-03-07,Enterprise Software,North America,United States,2013,1,exact_unique,control_funded,0.23519073629210155,2010-14,1,Q3,3-7,round+founding+master,2024
Ability AI,abilityai,0,capitaliq_below_1b_matched_control,2024-06-30,,Credila Financial Services Limited,control_date_only,5,2024,Post-2021,1,1,1,1100000.0,13.910821646859096,1100000.0,13.910821646859096,10000000.0,10000000.0,2,2,0.0136892539356605,5,2024-06-25,Unknown,Unknown,,-1,0,unmatched,unmatched,1.004129779873487e-05,,1,Q2,0-1,round_history_only,2024
Abhik Advertising Pvt. Ltd.,abhikadvertisingpvt,0,capitaliq_below_1b_matched_control,2024-07-09,,"Infinite Reality, Inc.",control_date_only,7,2024,Post-2021,1,1,1,1570000.0,14.266586814266963,1570000.0,14.266586814266963,3080000.0,3080000.0,1,1,0.0191649555099247,7,2024-07-02,Unknown,Unknown,,-1,0,unmatched,unmatched,1.004129779873487e-05,,1,Q2,0-1,round_history_only,2024
FullContact Inc.,fullcontact,0,capitaliq_below_1b_matched_control,2024-07-09,,Nasuni Corporation,control_industry_continent,4704,2024,Post-2021,5,1,5,29070000.0,17.18521730693478,10100000.0,16.128046080821385,128120000.0,128120000.0,9,7,12.878850102669404,2219,2018-06-12,Enterprise Software,North America,United States,2010,1,exact_unique,control_funded,0.2941335724963949,2010-14,3+,Q4,7+,round+founding+master,2024
"Absinthia's Bottled Spirits, LLC",absinthiasbottledspirits,0,capitaliq_below_1b_matched_control,2024-07-11,,"Element Biosciences, Inc.",control_date_only,15,2024,Post-2021,1,1,1,50000.0,10.819798284210286,50000.0,10.819798284210286,4800000.0,4800000.0,0,0,0.0410677618069815,15,2024-06-26,Unknown,Unknown,,-1,0,unmatched,unmatched,6.674294431731502e-06,,1,Q2,0-1,round_history_only,2024
"CargoSense, Inc.",cargosense,0,capitaliq_below_1b_matched_control,2024-07-17,,"Cart.com, Inc.",control_industry_continent,35,2024,Post-2021,1,1,1,8000000.0,15.894952224644102,8000000.0,15.894952224644102,29390000.0,29390000.0,4,4,0.0958247775496235,35,2024-06-12,AI & Data,North America,United States,2012,1,exact_unique,control_funded,0.00481480320256064,2010-14,1,Q3,0-1,round+founding+master,2024
"Ingo Money, Inc.",ingomoney,0,capitaliq_below_1b_matched_control,2024-07-17,,"Human Interest, Inc.",control_industry_continent,3936,2024,Post-2021,4,1,4,32320000.0,17.29119682255776,12000000.0,16.300417291085605,178650000.0,178650000.0,1,1,10.77618069815195,756,2022-06-22,Fintech,North America,United States,2001,1,exact_unique,control_funded,0.4799764151005205,≤2009,3+,Q4,7+,round+founding+master,2024
"3Daughters, Inc.",3daughters,0,capitaliq_below_1b_matched_control,2024-07-23,,"Therapymatch, Inc.",control_date_only,12,2024,Post-2021,1,1,1,6420000.0,15.674928831429373,6420000.0,15.674928831429373,9030000.0,9030000.0,4,4,0.0328542094455852,12,2024-07-11,Unknown,Unknown,,-1,0,unmatched,unmatched,1.004129779873487e-05,,1,Q3,0-1,round_history_only,2024
"FUSAR Technologies, Inc.",fusar,0,capitaliq_below_1b_matched_control,2024-07-24,,Vanta Inc.,control_industry_continent,3585,2024,Post-2021,1,1,1,200000.0,12.206077645517674,200000.0,12.206077645517674,1200000.0,1200000.0,0,0,9.815195071868583,3585,2014-09-30,Enterprise Software,North America,United States,2013,1,exact_unique,control_funded,0.07714285076298434,2010-14,1,Q2,7+,round+founding+master,2024
"Active Membranes, Inc.",activemembranes,0,capitaliq_below_1b_matched_control,2024-07-25,,"Beijing Baichuan AI Co., Ltd.",control_date_only,3,2024,Post-2021,1,1,1,2330000.0,14.66137925472634,2330000.0,14.66137925472634,2590000.0,2590000.0,3,3,0.0082135523613963,3,2024-07-22,Unknown,Unknown,,-1,0,unmatched,unmatched,1.004129779873487e-05,,1,Q2,0-1,round_history_only,2024
"Fuze, Inc.",fuze,0,capitaliq_below_1b_matched_control,2024-07-25,,"Chainguard, Inc.",control_industry_continent,4313,2024,Post-2021,4,1,4,51590000.0,17.758838432604435,16500000.0,16.61887099947687,41070000.0,43580000.0,16,14,11.808350444900752,42,2024-06-13,Enterprise Software,North America,United States,2009,1,exact_unique,control_funded,0.1589499075363531,≤2009,3+,Q4,7+,round+founding+master,2024
"Gainsight, Inc.",gainsight,0,capitaliq_below_1b_matched_control,2024-07-25,,DevRev Inc.,control_industry_continent,3178,2024,Post-2021,1,1,1,51700000.0,17.760968358821017,51700000.0,17.760968358821017,400000000.0,400000000.0,7,7,8.700889801505818,3178,2015-11-12,Enterprise Software,North America,United States,2009,1,exact_unique,soonicorn_proxy,0.6474129492630336,≤2009,1,Q4,7+,round+founding+master,2024
Abans Investment Managers Private Limited,abansinvestmentmanagersprivate,0,capitaliq_below_1b_matched_control,2024-07-31,,"World Water Works, Inc.",control_date_only,2,2024,Post-2021,1,1,1,1190000.0,13.989464705423494,1190000.0,13.989464705423494,17910000.0,17910000.0,0,0,0.0054757015742642,2,2024-07-29,Unknown,Unknown,,-1,0,unmatched,unmatched,6.674294431731502e-06,,1,Q2,0-1,round_history_only,2024
"AidKit, Inc.",aidkit,0,capitaliq_below_1b_matched_control,2024-08-01,,"Guangzhou Smartmore Information Technology Co, Ltd.",control_date_only,21,2024,Post-2021,1,1,1,8500000.0,15.955576839107596,8500000.0,15.955576839107596,36810000.0,36810000.0,0,0,0.0574948665297741,21,2024-07-11,Unknown,Unknown,,-1,0,unmatched,unmatched,0.0010317832251862534,,1,Q3,0-1,round_history_only,2024
Acculi Labs Pvt. Ltd.,acculipvt,0,capitaliq_below_1b_matched_control,2024-08-05,,"Guangdong Huitian Aerospace Technology Co., Ltd",control_date_only,4,2024,Post-2021,1,1,1,1500000.0,14.220976332738882,1500000.0,14.220976332738882,25000000.0,25000000.0,1,1,0.0109514031485284,4,2024-08-01,Unknown,Unknown,,-1,0,unmatched,unmatched,1.004129779873487e-05,,1,Q2,0-1,round_history_only,2024
Ansel Health Inc.,anselhealth,0,capitaliq_below_1b_matched_control,2024-08-05,,"Placer Labs, Inc.",control_continent,1504,2024,Post-2021,2,1,2,22110000.0,16.911540598062032,15000000.0,16.52356082573315,29190000.0,29190000.0,8,6,4.117727583846681,1201,2021-04-22,Other / Unknown,Other,,-1,0,exact_unique,control_accelerator,0.3945298504570949,,2,Q4,3-7,round_history_only,2024
"Gameface Media, Inc.",gamefacemedia,0,capitaliq_below_1b_matched_control,2024-08-06,,Abnormal Security Corporation,control_industry_continent,3652,2024,Post-2021,2,1,2,4460000.0,15.310659548211468,2960000.0,14.900700164138025,3800000.0,12310000.0,1,1,9.998631074606434,2374,2018-02-05,Enterprise Software,North America,United States,2013,1,exact_unique,control_funded,0.10285675133876074,2010-14,2,Q3,7+,round+founding+master,2024
Abstrakt Corp.,abstrakt,0,capitaliq_below_1b_matched_control,2024-08-13,,Ather Energy Limited (NSEI:ATHERENERG),control_date_only,5,2024,Post-2021,1,1,1,500000.0,13.122365377402328,500000.0,13.122365377402328,5790000.0,5790000.0,0,0,0.0136892539356605,5,2024-08-08,Unknown,Unknown,,-1,0,unmatched,unmatched,6.674294431731502e-06,,1,Q2,0-1,round_history_only,2024
Curbside Technologies Inc.,curbside,0,capitaliq_below_1b_matched_control,2024-08-21,,Story Protocol Inc.,control_industry_continent,251,2024,Post-2021,1,1,1,10000000.0,16.118095750958314,10000000.0,16.118095750958314,35700000.0,35700000.0,4,4,0.6872005475701575,251,2023-12-14,AI & Data,North America,United States,2013,1,exact_unique,control_funded,0.02090776996962301,2010-14,1,Q3,0-1,round+founding+master,2024
Accure Health Inc.,accurehealth,0,capitaliq_below_1b_matched_control,2024-08-22,,DMI Finance Private Limited,control_date_only,1,2024,Post-2021,1,1,1,900000.0,13.71015115341694,900000.0,13.71015115341694,17250000.0,17250000.0,0,0,0.0027378507871321,1,2024-08-21,Unknown,Unknown,,-1,0,unmatched,unmatched,6.674294431731502e-06,,1,Q2,0-1,round_history_only,2024
"Instavest, Inc.",instavest,0,capitaliq_below_1b_matched_control,2024-08-26,,"HomeLight, Inc.",control_industry_continent,3444,2024,Post-2021,1,1,1,120000.0,11.695255355062796,120000.0,11.695255355062796,1710000.0,1710000.0,1,1,9.429158110882955,3444,2015-03-23,Fintech,North America,United States,2014,1,exact_unique,control_funded,0.09844530635388843,2010-14,1,Q2,7+,round+founding+master,2024
Absolute Legends Sports Private Limited,absolutelegendssportsprivate,0,capitaliq_below_1b_matched_control,2024-08-29,,"Exafunction, Inc.",control_date_only,6,2024,Post-2021,1,1,1,4650000.0,15.35237799261728,4650000.0,15.35237799261728,41760000.0,41760000.0,1,1,0.0164271047227926,6,2024-08-23,Unknown,Unknown,,-1,0,unmatched,unmatched,6.929142981774562e-05,,1,Q3,0-1,round_history_only,2024
eDition Digital LTD,editiondigital,0,capitaliq_below_1b_matched_control,2024-08-29,,Wayve Technologies Ltd.,control_industry_continent,3516,2024,Post-2021,1,1,1,1770000.0,14.386490669521605,1770000.0,14.386490669521605,6800000.0,6800000.0,1,1,9.626283367556468,3516,2015-01-13,Enterprise Software,Europe,United Kingdom,2009,1,exact_unique,control_funded,0.09407319600914764,≤2009,1,Q2,7+,round+founding+master,2024
Blanco Niño Ltd,blanconino,0,capitaliq_below_1b_matched_control,2024-08-30,,"Terminus Technologies Co., Ltd.",control_industry,1888,2024,Post-2021,1,1,1,297000.0,12.601490784782536,297000.0,12.601490784782536,5750000.0,5750000.0,0,0,5.169062286105407,1888,2019-06-30,Hardware & Industrials,Europe,United Kingdom,-1,0,exact_unique,control_funded,0.09638995988978172,,1,Q2,3-7,round_history_only,2024
Acefour Accessories Private Limited,acefouraccessoriesprivate,0,capitaliq_below_1b_matched_control,2024-08-31,,"Viewtrix Technology Co., Ltd (SEHK:3310)",control_date_only,10,2024,Post-2021,1,1,1,8940000.0,16.006046259006514,8940000.0,16.006046259006514,60030000.0,60030000.0,2,2,0.027378507871321,10,2024-08-21,Unknown,Unknown,,-1,0,unmatched,unmatched,0.0013883553567583847,,1,Q3,0-1,round_history_only,2024
"Acenxion Biosystems, Inc.",acenxionbiosystems,0,capitaliq_below_1b_matched_control,2024-09-04,,"Arsenal Biosciences, Inc.",control_date_only,21,2024,Post-2021,1,1,1,800000.0,13.592368256649284,800000.0,13.592368256649284,2000000.0,2000000.0,0,0,0.0574948665297741,21,2024-08-14,Unknown,Unknown,,-1,0,unmatched,unmatched,6.674294431731502e-06,,1,Q2,0-1,round_history_only,2024
Aghanim Inc.,aghanim,0,capitaliq_below_1b_matched_control,2024-09-04,,"Oyster HR, Inc.",control_date_only,6,2024,Post-2021,1,1,1,6800000.0,15.732433317205148,6800000.0,15.732433317205148,11660000.0,11660000.0,4,4,0.0164271047227926,6,2024-08-29,Unknown,Unknown,,-1,0,unmatched,unmatched,1.004129779873487e-05,,1,Q3,0-1,round_history_only,2024
GameSalad Inc.,gamesalad,0,capitaliq_below_1b_matched_control,2024-09-04,,Safe Superintelligence Inc.,control_industry_continent,4906,2024,Post-2021,2,1,2,6398000.0,15.671496155790432,6130000.0,15.628705471044515,4990000.0,9150000.0,5,5,13.431895961670088,1962,2019-04-22,Enterprise Software,North America,United States,2007,1,exact_unique,control_funded,0.2895592549374442,≤2009,2,Q3,7+,round+founding+master,2024
"Netronome Systems, Inc.",netronomesystems,0,capitaliq_below_1b_matched_control,2024-09-05,,"24M Technologies, Inc.",control_industry_continent,5237,2024,Post-2021,2,1,2,46810000.0,17.66160743463921,26180000.0,17.080506356643124,92890000.0,92890000.0,6,4,14.338124572210814,4158,2013-04-18,Hardware & Industrials,North America,United States,2003,1,exact_unique,control_funded,0.4237259961197498,≤2009,2,Q4,7+,round+founding+master,2024
"Airloom Energy, Inc.",airloomenergy,0,capitaliq_below_1b_matched_control,2024-09-06,,Veritas Finance Limited,control_date_only,109,2024,Post-2021,1,1,1,11110000.0,16.22335625162481,11110000.0,16.22335625162481,15090000.0,15090000.0,6,6,0.298425735797399,109,2024-05-20,Unknown,Unknown,,-1,0,unmatched,unmatched,0.0032279147485488983,,1,Q3,0-1,round_history_only,2024
AJNA BioSciences PBC,ajnabiosciences,0,capitaliq_below_1b_matched_control,2024-09-09,,Selected Society Group Entertainment,control_date_only,91,2024,Post-2021,1,1,1,2110000.0,14.562198979385784,2110000.0,14.562198979385784,14540000.0,14540000.0,0,0,0.2491444216290212,91,2024-06-10,Unknown,Unknown,,-1,0,unmatched,unmatched,6.674294431731502e-06,,1,Q2,0-1,round_history_only,2024
Genius Labs Company,genius,0,capitaliq_below_1b_matched_control,2024-09-10,,"Glean Technologies, Inc.",control_industry_continent,835,2024,Post-2021,2,1,2,1313000.0,14.087825914899266,1030000.0,13.845070331079134,54440000.0,54440000.0,0,0,2.2861054072553046,523,2023-04-06,Enterprise Software,North America,United States,2009,1,exact_unique,control_funded,0.12141929258704055,≤2009,2,Q2,1-3,round+founding+master,2024
Bonsai Technologies Inc.,bonsai,0,capitaliq_below_1b_matched_control,2024-09-12,,Moneyview Limited,control_industry,3095,2024,Post-2021,1,1,1,120000.0,11.695255355062796,120000.0,11.695255355062796,1710000.0,1710000.0,1,1,8.473648186173854,3095,2016-03-23,Fintech,Unknown,,-1,0,exact_unique,control_accelerator,0.18204784765284918,,1,Q2,7+,round_history_only,2024
Alida Biosciences Inc.,alidabiosciences,0,capitaliq_below_1b_matched_control,2024-09-12,,"Yushu Technology Co., Ltd.",control_date_only,92,2024,Post-2021,1,1,1,7520000.0,15.833076828904735,7520000.0,15.833076828904735,15870000.0,15870000.0,3,3,0.2518822724161533,92,2024-06-12,Unknown,Unknown,,-1,0,unmatched,unmatched,1.004129779873487e-05,,1,Q3,0-1,round_history_only,2024
Allcargo ULS Terminals Co. Ltd,allcargoulsterminals,0,capitaliq_below_1b_matched_control,2024-09-13,,"Kendra Scott Design, Inc.",control_date_only,8,2024,Post-2021,1,1,1,7110000.0,15.77701294242639,7110000.0,15.77701294242639,14520000.0,14520000.0,1,1,0.0219028062970568,8,2024-09-05,Unknown,Unknown,,-1,0,unmatched,unmatched,1.004129779873487e-05,,1,Q3,0-1,round_history_only,2024
"ESC Co., Ltd.",esc,0,capitaliq_below_1b_matched_control,2024-09-17,,"Sakana AI Co., Ltd.",control_industry_continent,2970,2024,Post-2021,1,1,1,305000.0,12.628070334272698,305000.0,12.628070334272698,987000.0,987000.0,1,1,8.131416837782341,2970,2016-07-31,Enterprise Software,Asia,South Korea,2012,1,exact_unique,control_funded,0.07103922419983008,2010-14,1,Q2,7+,round+founding+master,2024
"ALLCITY Network, Inc.",allcitynetwork,0,capitaliq_below_1b_matched_control,2024-09-24,,eGym GmbH,control_date_only,36,2024,Post-2021,1,1,1,12000000.0,16.300417291085605,12000000.0,16.300417291085605,35560000.0,35560000.0,3,3,0.0985626283367556,36,2024-08-19,Unknown,Unknown,,-1,0,unmatched,unmatched,0.0012255892255892257,,1,Q3,0-1,round_history_only,2024
Allegro Energy Pty Ltd,allegroenergypty,0,capitaliq_below_1b_matched_control,2024-09-27,,Apollo Healthco Limited,control_date_only,457,2024,Post-2021,1,1,1,2650000.0,14.790070575320824,2650000.0,14.790070575320824,52950000.0,52950000.0,1,1,1.2511978097193703,457,2023-06-28,Unknown,Unknown,,-1,0,unmatched,unmatched,0.1587079118977246,,1,Q2,1-3,round_history_only,2024
"Allermi, Inc.",allermi,0,capitaliq_below_1b_matched_control,2024-09-27,,Vedantu Innovations Private Limited,control_date_only,561,2024,Post-2021,1,1,1,3500000.0,15.068273812173889,3500000.0,15.068273812173889,4130000.0,4130000.0,2,2,1.5359342915811087,561,2023-03-16,Unknown,Unknown,,-1,0,unmatched,unmatched,0.1195052343190847,,1,Q3,1-3,round_history_only,2024
"Genomenon, Inc.",genomenon,0,capitaliq_below_1b_matched_control,2024-10-02,,"Poolside, Inc.",control_industry_continent,2883,2024,Post-2021,2,1,2,5190000.0,15.46224444782028,2710000.0,14.812459561859503,5500000.0,5500000.0,8,6,7.893223819301848,2094,2019-01-08,Enterprise Software,North America,United States,-1,0,exact_unique,control_funded,0.2538601717617492,,2,Q3,7+,round_history_only,2024
11X LIMITED,11x,0,capitaliq_below_1b_matched_control,2024-10-09,,"Form Energy, Inc.",control_date_only,9,2024,Post-2021,1,1,1,50000000.0,17.72753358339242,50000000.0,17.72753358339242,350000000.0,350000000.0,5,5,0.0246406570841889,9,2024-09-30,Unknown,Unknown,,-1,0,unmatched,unmatched,0.0029404761904761904,,1,Q4,0-1,round_history_only,2024
"Karmic Labs, Inc.",karmic,0,capitaliq_below_1b_matched_control,2024-10-10,,Abba Platforms Inc.,control_industry_continent,3571,2024,Post-2021,2,1,2,7740000.0,15.861912374764868,5000000.0,15.424948670398354,9410000.0,9410000.0,2,1,9.776865160848734,3389,2015-07-01,Fintech,North America,United States,2013,1,exact_unique,control_funded,0.20908149744642865,2010-14,2,Q3,7+,round+founding+master,2024
"Geospiza, Inc.",geospiza,0,capitaliq_below_1b_matched_control,2024-10-16,,"Lightmatter, Inc.",control_industry_continent,2353,2024,Post-2021,1,1,1,120000.0,11.695255355062796,120000.0,11.695255355062796,2000000.0,2000000.0,1,1,6.442162902121835,2353,2018-05-08,Enterprise Software,North America,United States,-1,0,exact_unique,control_funded,0.1343003785312526,,1,Q2,3-7,round_history_only,2024
1s1 Energy Inc.,1s1energy,0,capitaliq_below_1b_matched_control,2024-10-23,,GFCL EV Products Limited,control_date_only,7,2024,Post-2021,1,1,1,1400000.0,14.151983508870948,1400000.0,14.151983508870948,8010000.0,8010000.0,5,5,0.0191649555099247,7,2024-10-16,Unknown,Unknown,,-1,0,unmatched,unmatched,1.004129779873487e-05,,1,Q2,0-1,round_history_only,2024
"Blackburn Energy, Inc.",blackburnenergy,0,capitaliq_below_1b_matched_control,2024-10-24,,"Zero Motorcycles, Inc.",control_industry_continent,1645,2024,Post-2021,2,1,2,4850000.0,15.394489469099211,2570000.0,14.759416845976386,13970000.0,13970000.0,1,1,4.503764544832307,1024,2022-01-04,Transport & Logistics,North America,United States,2012,1,exact_unique,control_funded,0.06872822974549489,2010-14,2,Q3,3-7,round+founding+master,2024
21energy GmbH,21energygmbh,0,capitaliq_below_1b_matched_control,2024-10-25,,Waymo LLC,control_date_only,22,2024,Post-2021,1,1,1,1230000.0,14.0225255403564,1230000.0,14.0225255403564,7710000.0,7710000.0,1,1,0.0602327173169062,22,2024-10-03,Unknown,Unknown,,-1,0,unmatched,unmatched,1.004129779873487e-05,,1,Q2,0-1,round_history_only,2024
"3Laws Robotics, Inc.",3lawsrobotics,0,capitaliq_below_1b_matched_control,2024-10-28,,"Sierra Technologies, Inc.",control_date_only,25,2024,Post-2021,1,1,1,4100000.0,15.226497775576943,4100000.0,15.226497775576943,6650000.0,6650000.0,2,2,0.0684462696783025,25,2024-10-03,Unknown,Unknown,,-1,0,unmatched,unmatched,1.004129779873487e-05,,1,Q3,0-1,round_history_only,2024
"Absolute Health & Performance, Inc.",absolutehealthperformance,0,capitaliq_below_1b_matched_control,2024-11-04,,"Physical Intelligence (PI), Inc.",control_date_only,13,2024,Post-2021,1,1,1,4000000.0,15.201805169084134,4000000.0,15.201805169084134,19180000.0,19180000.0,0,0,0.0355920602327173,13,2024-10-22,Unknown,Unknown,,-1,0,unmatched,unmatched,6.674294431731502e-06,,1,Q3,0-1,round_history_only,2024
3TA Halo Inc,3tahalo,0,capitaliq_below_1b_matched_control,2024-11-12,,"Sedgwick Claims Management Services, Inc.",control_date_only,4,2024,Post-2021,1,1,1,1200000.0,13.997832948091215,1200000.0,13.997832948091215,1200000.0,1200000.0,0,0,0.0109514031485284,4,2024-11-08,Unknown,Unknown,,-1,0,unmatched,unmatched,6.674294431731502e-06,,1,Q2,0-1,round_history_only,2024
"GitHub, Inc.",github,0,capitaliq_below_1b_matched_control,2024-11-12,,"Writer, Inc.",control_industry_continent,4509,2024,Post-2021,1,1,1,100000000.0,18.420680753952364,100000000.0,18.420680753952364,750000000.0,750000000.0,2,2,12.344969199178644,4509,2012-07-09,Enterprise Software,North America,United States,2008,1,exact_unique,soonicorn_proxy,0.6014623846761344,≤2009,1,Q4,7+,round+founding+master,2024
Acai Travel Inc.,acaitravel,0,capitaliq_below_1b_matched_control,2024-11-21,,"Aww Holdings, Inc.",control_date_only,16,2024,Post-2021,1,1,1,4000000.0,15.201805169084134,4000000.0,15.201805169084134,4310000.0,4310000.0,3,3,0.0438056125941136,16,2024-11-05,Unknown,Unknown,,-1,0,unmatched,unmatched,1.004129779873487e-05,,1,Q3,0-1,round_history_only,2024
"Acegreen Eco-Material Technology Co., Ltd. (TPEX:7862)",acegreenecomaterialtpex7862,0,capitaliq_below_1b_matched_control,2024-11-21,,Lighthouse Intelligence Ltd.,control_date_only,35,2024,Post-2021,1,1,1,6230000.0,15.644887051277266,6230000.0,15.644887051277266,6720000.0,6720000.0,1,1,0.0958247775496235,35,2024-10-17,Unknown,Unknown,,-1,0,unmatched,unmatched,1.004129779873487e-05,,1,Q3,0-1,round_history_only,2024
ACME AtronOmatic Inc.,acmeatronomatic,0,capitaliq_below_1b_matched_control,2024-11-26,,"Eon.io, Inc.",control_date_only,14,2024,Post-2021,1,1,1,1600000.0,14.285514812209817,1600000.0,14.285514812209817,95720000.0,95720000.0,0,0,0.0383299110198494,14,2024-11-12,Unknown,Unknown,,-1,0,unmatched,unmatched,0.00151870220422852,,1,Q2,0-1,round_history_only,2024
ADEM Technologies Inc.,adem,0,capitaliq_below_1b_matched_control,2024-11-26,,Tricentis GmbH,control_date_only,47,2024,Post-2021,1,1,1,1350000.0,14.11561589115508,1350000.0,14.11561589115508,3380000.0,3380000.0,4,4,0.1286789869952087,47,2024-10-10,Unknown,Unknown,,-1,0,unmatched,unmatched,1.004129779873487e-05,,1,Q2,0-1,round_history_only,2024
"Agency AI, Inc.",agencyai,0,capitaliq_below_1b_matched_control,2024-11-28,,"Shanghai Yuyuan Jewelry Fashion Group Co., Ltd.",control_date_only,43,2024,Post-2021,1,1,1,12000000.0,16.300417291085605,12000000.0,16.300417291085605,12840000.0,12840000.0,2,2,0.1177275838466803,43,2024-10-16,Unknown,Unknown,,-1,0,unmatched,unmatched,5.655332886454168e-06,,1,Q3,0-1,round_history_only,2024
TinyTap Ltd.,tinytap,0,capitaliq_below_1b_matched_control,2024-12-02,,"ABLY Corp., Inc.",control_industry_continent,587,2024,Post-2021,1,1,1,8500000.0,15.955576839107596,8500000.0,15.955576839107596,100000000.0,100000000.0,6,6,1.6071184120465434,587,2023-04-25,AI & Data,Asia,Israel,2012,1,exact_unique,control_funded,0.2444970210697435,2010-14,1,Q3,1-3,round+founding+master,2024
Giveffect Inc.,giveffect,0,capitaliq_below_1b_matched_control,2024-12-03,,Tenstorrent Inc.,control_industry_continent,3543,2024,Post-2021,1,1,1,120000.0,11.695255355062796,120000.0,11.695255355062796,1710000.0,1710000.0,1,1,9.700205338809036,3543,2015-03-23,Enterprise Software,North America,United States,-1,0,exact_unique,control_funded,0.18605705021763685,,1,Q2,7+,round_history_only,2024
AbbeyCross Inc.,abbeycross,0,capitaliq_below_1b_matched_control,2024-12-16,,Tyme Bank Limited,control_date_only,17,2024,Post-2021,1,1,1,2000000.0,14.508658238524095,2000000.0,14.508658238524095,29060000.0,29060000.0,0,0,0.0465434633812457,17,2024-11-29,Unknown,Unknown,,-1,0,unmatched,unmatched,6.674294431731502e-06,,1,Q2,0-1,round_history_only,2024
"Across AI, Inc.",acrossai,0,capitaliq_below_1b_matched_control,2024-12-18,,Nanjing Lingxing Technology Company Limited,control_date_only,13,2024,Post-2021,1,1,1,5720000.0,15.55947953818114,5720000.0,15.55947953818114,5720000.0,5720000.0,2,2,0.0355920602327173,13,2024-12-05,Unknown,Unknown,,-1,0,unmatched,unmatched,1.004129779873487e-05,,1,Q3,0-1,round_history_only,2024
AGAVE GAMES BILISIM YAZILIM VE PAZARLAMA ANONIM SIRKETI,agavegamesbilisimyazilimvepazarlamaanonimsirketi,0,capitaliq_below_1b_matched_control,2024-12-18,,"The Constant Company, LLC",control_date_only,1,2024,Post-2021,1,1,1,18000000.0,16.705882371415992,18000000.0,16.705882371415992,100000000.0,100000000.0,3,3,0.0027378507871321,1,2024-12-17,Unknown,Unknown,,-1,0,unmatched,unmatched,0.000583072428660664,,1,Q4,0-1,round_history_only,2024
"AI Buddy, Inc.",aibuddy,0,capitaliq_below_1b_matched_control,2024-12-19,,Fervo Energy Company (NasdaqGS:FRVO),control_date_only,49,2024,Post-2021,1,1,1,11120000.0,16.224255936714766,11120000.0,16.224255936714766,16219999.999999998,16219999.999999998,6,6,0.1341546885694729,49,2024-10-31,Unknown,Unknown,,-1,0,unmatched,unmatched,0.00037077189140604077,,1,Q3,0-1,round_history_only,2024
Aisti Corporation Oy,aistioy,0,capitaliq_below_1b_matched_control,2024-12-20,,"Sichuan Shudao Clean Energy Group Co., Ltd.",control_date_only,8,2024,Post-2021,1,1,1,26750000.0,17.102045068689467,26750000.0,17.102045068689467,109080000.0,109080000.0,4,4,0.0219028062970568,8,2024-12-12,Unknown,Unknown,,-1,0,unmatched,unmatched,0.0014467087922970276,,1,Q4,0-1,round_history_only,2024
BotBuilt Inc.,botbuilt,0,capitaliq_below_1b_matched_control,2024-12-23,,"Preferred Networks, Inc.",control_industry,1403,2024,Post-2021,2,1,2,14400000.0,16.48273883399067,12400000.0,16.333207111220425,35000000.0,35000000.0,4,4,3.8412046543463374,362,2023-12-27,Hardware & Industrials,Unknown,,-1,0,exact_unique,control_accelerator,0.36289416247110345,,2,Q4,3-7,round_history_only,2024
AI Tech Dragons Inc.,aitechdragons,0,capitaliq_below_1b_matched_control,2024-12-24,,Banco Agibank S.A.,control_date_only,83,2024,Post-2021,1,1,0,0.0,0.0,0.0,0.0,18000000.0,18000000.0,0,0,0.2272416153319644,83,2024-10-02,Unknown,Unknown,,-1,0,unmatched,unmatched,0.0007759050636625007,,1,Q2,0-1,round_history_only,2024
Akari Brands Inc.,akaribrands,0,capitaliq_below_1b_matched_control,2024-12-24,,Valsoft Corporation Inc.,control_date_only,88,2024,Post-2021,1,1,1,1750000.0,14.375126917328105,1750000.0,14.375126917328105,1750000.0,1750000.0,0,0,0.2409308692676249,88,2024-09-27,Unknown,Unknown,,-1,0,unmatched,unmatched,6.674294431731502e-06,,1,Q2,0-1,round_history_only,2024
Alarm Masters Corporation,alarmmasters,0,capitaliq_below_1b_matched_control,2024-12-31,,"Beijing Dongchedi Technology Co., Ltd.",control_date_only,49,2024,Post-2021,1,1,1,5000000.0,15.424948670398354,5000000.0,15.424948670398354,5000000.0,5000000.0,1,1,0.1341546885694729,49,2024-11-12,Unknown,Unknown,,-1,0,unmatched,unmatched,1.004129779873487e-05,,1,Q3,0-1,round_history_only,2024
"Alchemyca, Inc.",alchemyca,0,capitaliq_below_1b_matched_control,2024-12-31,,DigitalLand Holdings Limited,control_date_only,40,2024,Post-2021,1,1,1,2500000.0,14.731801689838347,2500000.0,14.731801689838347,4000000.0,4000000.0,1,1,0.109514031485284,40,2024-11-21,Unknown,Unknown,,-1,0,unmatched,unmatched,1.004129779873487e-05,,1,Q2,0-1,round_history_only,2024
"ALL3D, Inc",all3d,0,capitaliq_below_1b_matched_control,2024-12-31,,"Epiworld International Co., Ltd. (SEHK:2726)",control_date_only,81,2024,Post-2021,1,1,1,5170000.0,15.458383439908191,5170000.0,15.458383439908191,11090000.0,11090000.0,0,0,0.2217659137577002,81,2024-10-11,Unknown,Unknown,,-1,0,unmatched,unmatched,6.674294431731502e-06,,1,Q3,0-1,round_history_only,2024
Alleva Corp.,alleva,0,capitaliq_below_1b_matched_control,2024-12-31,,HKC Overseas Limited,control_date_only,817,2024,Post-2021,1,1,1,12000000.0,16.300417291085605,12000000.0,16.300417291085605,13180000.0,13180000.0,1,1,2.236824093086927,817,2022-10-06,Unknown,Unknown,,-1,0,unmatched,unmatched,0.3086681936915439,,1,Q3,1-3,round_history_only,2024
"All Hands AI, Inc.",allhandsai,0,capitaliq_below_1b_matched_control,2024-12-31,,HKC Corporation Limited (SZSE:001399),control_date_only,117,2024,Post-2021,1,1,1,5000000.0,15.424948670398354,5000000.0,15.424948670398354,5000000.0,5000000.0,4,4,0.3203285420944558,117,2024-09-05,Unknown,Unknown,,-1,0,unmatched,unmatched,0.005390993678751115,,1,Q3,0-1,round_history_only,2024
All in Food PBC,allinfood,0,capitaliq_below_1b_matched_control,2024-12-31,,"Zhejiang Chunhydrogen Ecological Technology Co., Ltd.",control_date_only,203,2024,Post-2021,1,1,1,4000000.0,15.201805169084134,4000000.0,15.201805169084134,5000000.0,5000000.0,0,0,0.5557837097878165,203,2024-06-11,Unknown,Unknown,,-1,0,unmatched,unmatched,0.0014901529734154505,,1,Q3,0-1,round_history_only,2024
"Nexgenia, Inc.",nexgenia,0,capitaliq_below_1b_matched_control,2025-01-01,,KoBold Metals Company,control_industry_continent,3051,2025,Post-2021,1,1,1,2000000.0,14.508658238524095,2000000.0,14.508658238524095,4910000.0,4910000.0,3,3,8.353182751540041,3051,2016-08-25,Hardware & Industrials,North America,United States,-1,0,exact_unique,control_funded,0.22571014473812,,1,Q2,7+,round_history_only,2025-2026
"8os, Inc.",8os,0,capitaliq_below_1b_matched_control,2025-01-02,,"COFCO Futures Co., Ltd.",control_date_only,2,2025,Post-2021,1,1,1,3230000.0,14.987993004796314,3230000.0,14.987993004796314,3810000.0,3810000.0,0,0,0.0054757015742642,2,2024-12-31,Unknown,Unknown,,-1,0,unmatched,unmatched,6.674294431731502e-06,,1,Q3,0-1,round_history_only,2025-2026
"All Inspire Health, Inc.",allinspirehealth,0,capitaliq_below_1b_matched_control,2025-01-06,,"DataDirect Networks, Inc.",control_date_only,518,2025,Post-2021,1,1,1,9650000.0,16.082468576942105,9650000.0,16.082468576942105,18260000.0,18260000.0,0,0,1.4182067077344285,518,2023-08-07,Unknown,Unknown,,-1,0,unmatched,unmatched,0.19513299705324505,,1,Q3,1-3,round_history_only,2025-2026
"A2 Biotherapeutics, Inc.",a2biotherapeutics,0,capitaliq_below_1b_matched_control,2025-01-10,,OneSource Specialty Pharma Limited (NSEI:ONESOURCE),control_date_only,1,2025,Post-2021,1,1,1,80000000.0,18.197537205138158,80000000.0,18.197537205138158,251900000.0,251900000.0,2,2,0.0027378507871321,1,2025-01-09,Unknown,Unknown,,-1,0,unmatched,unmatched,0.016341269841269844,,1,Q4,0-1,round_history_only,2025-2026
"Advanced Ionics, Inc.",advancedionics,0,capitaliq_below_1b_matched_control,2025-01-12,,Cera Care Limited,control_date_only,4,2025,Post-2021,1,1,1,6700000.0,15.717618233614914,6700000.0,15.717618233614914,42080000.0,42080000.0,5,5,0.0109514031485284,4,2025-01-08,Unknown,Unknown,,-1,0,unmatched,unmatched,0.00029151365203996783,,1,Q3,0-1,round_history_only,2025-2026
"Allium Engineering, Inc.",alliumengineering,0,capitaliq_below_1b_matched_control,2025-01-13,,Aragen Life Sciences Limited,control_date_only,320,2025,Post-2021,1,1,1,4000000.0,15.201805169084134,4000000.0,15.201805169084134,4220000.0,4220000.0,4,4,0.8761122518822724,320,2024-02-28,Unknown,Unknown,,-1,0,unmatched,unmatched,0.07454361294145957,,1,Q3,0-1,round_history_only,2025-2026
"Dink Technologies, Inc.",dink,0,capitaliq_below_1b_matched_control,2025-01-15,,Synthesia Limited,control_industry_continent,12,2025,Post-2021,1,1,1,2500000.0,14.731801689838347,2500000.0,14.731801689838347,4760000.0,4760000.0,6,6,0.0328542094455852,12,2025-01-03,Enterprise Software,Europe,Belgium,2010,1,exact_unique,control_funded,1.004129779873487e-05,2010-14,1,Q2,0-1,round+founding+master,2025-2026
"Next Thing Technologies, Inc.",nextthing,0,capitaliq_below_1b_matched_control,2025-01-16,,"Netradyne, Inc.",control_industry_continent,608,2025,Post-2021,1,1,1,5000000.0,15.424948670398354,5000000.0,15.424948670398354,40120000.0,40120000.0,0,0,1.6646132785763177,608,2023-05-19,Hardware & Industrials,North America,United States,-1,0,exact_unique,control_funded,0.18670094555942038,,1,Q3,1-3,round_history_only,2025-2026
1up Corp.,1up,0,capitaliq_below_1b_matched_control,2025-01-22,,Neko Health AB,control_date_only,5,2025,Post-2021,1,1,1,8620000.0,15.96959575864915,8620000.0,15.96959575864915,10940000.0,10940000.0,2,2,0.0136892539356605,5,2025-01-17,Unknown,Unknown,,-1,0,unmatched,unmatched,3.743855807270747e-05,,1,Q3,0-1,round_history_only,2025-2026
Bree,bree,0,capitaliq_below_1b_matched_control,2025-01-27,,Humanity Protocol,control_industry,789,2025,Post-2021,1,1,1,100000.0,11.51293546492023,100000.0,11.51293546492023,1430000.0,1430000.0,1,1,2.160164271047228,789,2022-11-30,Fintech,Unknown,,-1,0,exact_unique,control_accelerator,0.05026671349445561,,1,Q2,1-3,round_history_only,2025-2026
"1 Commerce, Inc.",1commerce,0,capitaliq_below_1b_matched_control,2025-01-31,,"Hefei Wanxin Integrated Circuit Co., Ltd",control_date_only,4,2025,Post-2021,1,1,1,6000000.0,15.607270193858982,6000000.0,15.607270193858982,6000000.0,6000000.0,0,0,0.0109514031485284,4,2025-01-27,Unknown,Unknown,,-1,0,unmatched,unmatched,6.674294431731502e-06,,1,Q3,0-1,round_history_only,2025-2026
"6pm in Paris, Inc.",6pminparis,0,capitaliq_below_1b_matched_control,2025-01-31,,"Wanlian Securities Co., Ltd.",control_date_only,11,2025,Post-2021,1,1,1,164000.0,12.00762780434872,164000.0,12.00762780434872,12200000.0,12200000.0,0,0,0.0301163586584531,11,2025-01-20,Unknown,Unknown,,-1,0,unmatched,unmatched,6.674294431731502e-06,,1,Q2,0-1,round_history_only,2025-2026
"Butterfly Technologies, Inc.",butterfly,0,capitaliq_below_1b_matched_control,2025-02-04,,StackAdapt Inc.,control_industry_continent,2056,2025,Post-2021,2,1,2,5160000.0,15.456447331256175,2660000.0,14.793837056697662,19630000.0,19630000.0,3,3,5.6290212183436,944,2022-07-06,HR & Work,North America,United States,2015,1,exact_unique,control_funded,0.21141087826298952,2015-18,2,Q3,3-7,round+founding+master,2025-2026
AiTA Bio Inc.,aitabio,0,capitaliq_below_1b_matched_control,2025-02-04,,"Triumvirate Environmental, LLC",control_date_only,21,2025,Post-2021,1,1,1,10000000.0,16.118095750958314,10000000.0,16.118095750958314,93870000.0,93870000.0,0,0,0.0574948665297741,21,2025-01-14,Unknown,Unknown,,-1,0,unmatched,unmatched,0.0014234641089904245,,1,Q3,0-1,round_history_only,2025-2026
"Allocate Holdings, Inc.",allocate,0,capitaliq_below_1b_matched_control,2025-02-11,,Tines Security Services Ltd.,control_date_only,509,2025,Post-2021,1,1,1,10000000.0,16.118095750958314,10000000.0,16.118095750958314,135000000.0,135000000.0,3,3,1.3935660506502396,509,2023-09-21,Unknown,Unknown,,-1,0,unmatched,unmatched,0.3851673996569791,,1,Q3,1-3,round_history_only,2025-2026
"Allot, Inc.",allot,0,capitaliq_below_1b_matched_control,2025-02-12,,Harvey AI Corporation,control_date_only,272,2025,Post-2021,1,1,1,4370000.0,15.2902737959047,4370000.0,15.2902737959047,4510000.0,4510000.0,0,0,0.7446954140999316,272,2024-05-16,Unknown,Unknown,,-1,0,unmatched,unmatched,0.018643156582899882,,1,Q3,0-1,round_history_only,2025-2026
evain,evain,0,capitaliq_below_1b_matched_control,2025-02-17,,Dream Security Ltd.,control_industry_continent,3527,2025,Post-2021,1,1,1,25000.0,10.12667110305036,25000.0,10.12667110305036,417000.0,417000.0,1,1,9.65639972621492,3527,2015-06-23,Enterprise Software,Asia,South Korea,-1,0,exact_unique,control_funded,0.16078915485734482,,1,Q2,7+,round_history_only,2025-2026
"NuCurrent, Inc.",nucurrent,0,capitaliq_below_1b_matched_control,2025-02-19,,Verkada Inc.,control_industry_continent,826,2025,Post-2021,1,1,1,3450000.0,15.053885078862573,3450000.0,15.053885078862573,92360000.0,92360000.0,0,0,2.261464750171116,826,2022-11-16,Hardware & Industrials,North America,United States,2009,1,exact_unique,control_funded,0.14374461941788189,≤2009,1,Q3,1-3,round+founding+master,2025-2026
Bright View Technologies Corporation,brightview,0,capitaliq_below_1b_matched_control,2025-02-24,,"NinjaOne, LLC",control_industry_continent,6,2025,Post-2021,1,1,1,7000000.0,15.76142084987672,7000000.0,15.76142084987672,69190000.0,69190000.0,2,2,0.0164271047227926,6,2025-02-18,Enterprise Software,North America,United States,2002,1,exact_unique,control_funded,0.00031651365203996785,≤2009,1,Q3,0-1,round+founding+master,2025-2026
4 Guys Beverage Co.,4guysbeverage,0,capitaliq_below_1b_matched_control,2025-02-28,,"MetaX Integrated Circuits (Shanghai) Co., Ltd. (SHSE:688802)",control_date_only,11,2025,Post-2021,1,1,1,1230000.0,14.0225255403564,1230000.0,14.0225255403564,5700000.0,5700000.0,0,0,0.0301163586584531,11,2025-02-17,Unknown,Unknown,,-1,0,unmatched,unmatched,6.674294431731502e-06,,1,Q2,0-1,round_history_only,2025-2026
"Experfy, Inc.",experfy,0,capitaliq_below_1b_matched_control,2025-03-03,,"Olipop, Inc.",control_industry_continent,54,2025,Post-2021,1,1,1,322000.0,12.682309930111783,322000.0,12.682309930111783,54910000.0,54910000.0,0,0,0.1478439425051334,54,2025-01-08,AI & Data,North America,United States,2014,1,exact_unique,control_funded,0.0021683053788316945,2010-14,1,Q2,0-1,round+founding+master,2025-2026
Gizmox Ltd.,gizmox,0,capitaliq_below_1b_matched_control,2025-03-04,,"Peregrine Technologies, Inc.",control_industry_continent,5117,2025,Post-2021,1,1,1,2100000.0,14.557448378884017,2100000.0,14.557448378884017,13000000.0,13000000.0,0,0,14.009582477754964,5117,2011-03-01,Enterprise Software,North America,United States,2007,1,exact_unique,control_funded,0.09300012434953017,≤2009,1,Q2,7+,round+founding+master,2025-2026
Actual Veggies Inc.,actualveggies,0,capitaliq_below_1b_matched_control,2025-03-11,,"Banco Plata S.A., Institucion De Banca Multiple",control_date_only,14,2025,Post-2021,1,1,1,7000000.0,15.76142084987672,7000000.0,15.76142084987672,16920000.0,16920000.0,2,2,0.0383299110198494,14,2025-02-25,Unknown,Unknown,,-1,0,unmatched,unmatched,1.004129779873487e-05,,1,Q3,0-1,round_history_only,2025-2026
Oasys Technologies Inc.,oasys,0,capitaliq_below_1b_matched_control,2025-03-11,,"Dexterity, Inc.",control_industry_continent,1629,2025,Post-2021,1,1,1,1100000.0,13.910821646859096,1100000.0,13.910821646859096,1200000.0,1200000.0,0,0,4.459958932238193,1629,2020-09-24,Hardware & Industrials,North America,United States,2014,1,exact_unique,control_funded,0.05612056604849314,2010-14,1,Q2,3-7,round+founding+master,2025-2026
"Adept Materials, Inc.",adeptmaterials,0,capitaliq_below_1b_matched_control,2025-03-20,,X Corp.,control_date_only,6,2025,Post-2021,1,1,1,7070000.0,15.77137117931546,7070000.0,15.77137117931546,9630000.0,9630000.0,3,3,0.0164271047227926,6,2025-03-14,Unknown,Unknown,,-1,0,unmatched,unmatched,1.004129779873487e-05,,1,Q3,0-1,round_history_only,2025-2026
Optilogic Inc.,optilogic,0,capitaliq_below_1b_matched_control,2025-03-21,,The Bot Company,control_industry_continent,780,2025,Post-2021,1,1,1,13020000.0,16.38199727154961,13020000.0,16.38199727154961,18440000.0,18440000.0,1,1,2.135523613963039,780,2023-01-31,Hardware & Industrials,North America,United States,-1,0,exact_unique,control_funded,0.2798517022699037,,1,Q3,1-3,round_history_only,2025-2026
40Factory Societa' A Responsabilita' Limitata,40factorysocietaaresponsabilitalimitata,0,capitaliq_below_1b_matched_control,2025-03-24,,"Point Wild Holdings, Inc.",control_date_only,4,2025,Post-2021,1,1,1,4340000.0,15.283385136491308,4340000.0,15.283385136491308,19730000.0,19730000.0,1,1,0.0109514031485284,4,2025-03-20,Unknown,Unknown,,-1,0,unmatched,unmatched,1.004129779873487e-05,,1,Q3,0-1,round_history_only,2025-2026
"AgVend, Inc.",agvend,0,capitaliq_below_1b_matched_control,2025-03-24,,"Zhiyuan Innovation (Shanghai) Technology Co., Ltd.",control_date_only,20,2025,Post-2021,1,1,0,0.0,0.0,0.0,0.0,168370000.0,168370000.0,1,1,0.054757015742642,20,2025-03-04,Unknown,Unknown,,-1,0,unmatched,unmatched,0.027174952326655098,,1,Q2,0-1,round_history_only,2025-2026
Airbatch Inc.,airbatch,0,capitaliq_below_1b_matched_control,2025-03-26,,"Underdog Sports Holdings, Inc.",control_date_only,41,2025,Post-2021,1,1,1,400000.0,12.899222326086994,400000.0,12.899222326086994,400000.0,400000.0,0,0,0.1122518822724161,41,2025-02-13,Unknown,Unknown,,-1,0,unmatched,unmatched,6.674294431731502e-06,,1,Q2,0-1,round_history_only,2025-2026
Alfa Technology Recruitment Ltd,alfarecruitment,0,capitaliq_below_1b_matched_control,2025-03-27,,Jio Payments Bank Limited,control_date_only,36,2025,Post-2021,1,1,1,629000.0,13.351888125506433,629000.0,13.351888125506433,5970000.0,5970000.0,1,1,0.0985626283367556,36,2025-02-19,Unknown,Unknown,,-1,0,unmatched,unmatched,1.004129779873487e-05,,1,Q2,0-1,round_history_only,2025-2026
ALGO8 LLC,algo8,0,capitaliq_below_1b_matched_control,2025-03-29,,Ceva Sante Animale,control_date_only,26,2025,Post-2021,1,1,1,625000.0,13.34550852871726,625000.0,13.34550852871726,6180000.0,6180000.0,1,1,0.0711841204654346,26,2025-03-03,Unknown,Unknown,,-1,0,unmatched,unmatched,1.004129779873487e-05,,1,Q2,0-1,round_history_only,2025-2026
"Alloy Market, Inc.",alloymarket,0,capitaliq_below_1b_matched_control,2025-03-31,,"Agility Robotics, Inc.",control_date_only,206,2025,Post-2021,1,1,1,2150000.0,14.580978865220017,2150000.0,14.580978865220017,2820000.0,2820000.0,0,0,0.5639972621492129,206,2024-09-06,Unknown,Unknown,,-1,0,unmatched,unmatched,0.0014901529734154505,,1,Q2,0-1,round_history_only,2025-2026
"Alltrna, Inc.",alltrna,0,capitaliq_below_1b_matched_control,2025-03-31,,DNEG S.à r.l.,control_date_only,600,2025,Post-2021,1,1,1,109000000.0,18.50685844936773,109000000.0,18.50685844936773,485340000.0,485340000.0,1,1,1.6427104722792607,600,2023-08-09,Unknown,Unknown,,-1,0,unmatched,unmatched,0.9424776674470702,,1,Q4,1-3,round_history_only,2025-2026
"Allure Security Technology, Inc.",alluresecurity,0,capitaliq_below_1b_matched_control,2025-03-31,,"HOSIN Global Electronics Co., Ltd.",control_date_only,787,2025,Post-2021,2,1,2,19880000.0,16.80522480949451,10000000.0,16.118095750958314,19640000.0,19640000.0,7,6,2.154688569472964,362,2024-04-03,Unknown,Unknown,,-1,0,unmatched,unmatched,0.2751399033973331,,2,Q4,1-3,round_history_only,2025-2026
"Glassbeam, Inc.",glassbeam,0,capitaliq_below_1b_matched_control,2025-03-31,,"ReliaQuest, LLC",control_industry_continent,1203,2025,Post-2021,1,1,1,10000000.0,16.118095750958314,10000000.0,16.118095750958314,36620000.0,36620000.0,2,2,3.293634496919918,1203,2021-12-14,Enterprise Software,North America,United States,2009,1,exact_unique,control_funded,0.2507178345798058,≤2009,1,Q3,3-7,round+founding+master,2025-2026
Glint Inc,glint,0,capitaliq_below_1b_matched_control,2025-03-31,,Temporal Technologies Inc.,control_industry_continent,2706,2025,Post-2021,1,1,1,20030000.0,16.81274175756711,20030000.0,16.81274175756711,220000000.0,220000000.0,4,4,7.408624229979466,2706,2017-11-02,Enterprise Software,North America,United States,2013,1,exact_unique,control_funded,0.5745969230798407,2010-14,1,Q4,7+,round+founding+master,2025-2026
Alluvial Finance Inc.,alluvialfinance,0,capitaliq_below_1b_matched_control,2025-03-31,,Veeam Software Holding Inc.,control_date_only,629,2025,Post-2021,1,1,1,12000000.0,16.300417291085605,12000000.0,16.300417291085605,23700000.0,23700000.0,16,16,1.7221081451060918,629,2023-07-11,Unknown,Unknown,,-1,0,unmatched,unmatched,0.3355662103416087,,1,Q3,1-3,round_history_only,2025-2026
"AllWork, Inc.",allwork,0,capitaliq_below_1b_matched_control,2025-03-31,,"Xiamen Hithium Energy Storage Technology Co., Ltd.",control_date_only,851,2025,Post-2021,1,1,1,4900000.0,15.404745967162468,4900000.0,15.404745967162468,9790000.0,9790000.0,1,1,2.329911019849418,851,2022-12-01,Unknown,Unknown,,-1,0,unmatched,unmatched,0.1897469466386099,,1,Q3,1-3,round_history_only,2025-2026
"Almond FinTech, Inc",almondfintech,0,capitaliq_below_1b_matched_control,2025-04-01,,Kee Safety Group Limited,control_date_only,509,2025,Post-2021,1,1,1,7000000.0,15.76142084987672,7000000.0,15.76142084987672,19860000.0,19860000.0,0,0,1.3935660506502396,509,2023-11-09,Unknown,Unknown,,-1,0,unmatched,unmatched,0.18208754698758478,,1,Q3,1-3,round_history_only,2025-2026
AIRNA Corporation,airna,0,capitaliq_below_1b_matched_control,2025-04-03,,"Runway AI, Inc.",control_date_only,2,2025,Post-2021,1,1,1,155000000.0,18.858935681335133,155000000.0,18.858935681335133,266760000.0,266760000.0,8,8,0.0054757015742642,2,2025-04-01,Unknown,Unknown,,-1,0,unmatched,unmatched,0.21440074108897664,,1,Q4,0-1,round_history_only,2025-2026
Affina Inc.,affina,0,capitaliq_below_1b_matched_control,2025-04-14,,"Narwal Intelligence Technology (Dongguan) Co., Ltd.",control_date_only,7,2025,Post-2021,1,1,1,2300000.0,14.648420115681892,2300000.0,14.648420115681892,2300000.0,2300000.0,0,0,0.0191649555099247,7,2025-04-07,Unknown,Unknown,,-1,0,unmatched,unmatched,6.674294431731502e-06,,1,Q2,0-1,round_history_only,2025-2026
"Ainnocence, Inc.",ainnocence,0,capitaliq_below_1b_matched_control,2025-04-14,,"Rarestep, Inc.",control_date_only,6,2025,Post-2021,1,1,1,1240000.0,14.030622744032508,1240000.0,14.030622744032508,31240000.0,31240000.0,0,0,0.0164271047227926,6,2025-04-08,Unknown,Unknown,,-1,0,unmatched,unmatched,6.674294431731502e-06,,1,Q2,0-1,round_history_only,2025-2026
"Art + Craft Entertainment, Inc.",artcraftentertainment,0,capitaliq_below_1b_matched_control,2025-04-16,,"Memoir, Inc.",control_industry_continent,3011,2025,Post-2021,3,1,3,9149000.0,16.02915525096323,6000000.0,15.607270193858982,20850000.0,22670000.0,0,0,8.243668720054757,2287,2019-01-11,Media & Entertainment,North America,United States,-1,0,exact_unique,control_funded,0.33209550300037777,,3+,Q3,7+,round_history_only,2025-2026
"Airvet, Inc.",airvet,0,capitaliq_below_1b_matched_control,2025-04-18,,"Labs Companies, Inc.",control_date_only,17,2025,Post-2021,1,1,1,11000000.0,16.213405921671733,11000000.0,16.213405921671733,33390000.0,33390000.0,2,2,0.0465434633812457,17,2025-04-01,Unknown,Unknown,,-1,0,unmatched,unmatched,3.743855807270747e-05,,1,Q3,0-1,round_history_only,2025-2026
"Bioventrix, Inc.",bioventrix,0,capitaliq_below_1b_matched_control,2025-04-23,,"Nourish, Inc.",control_industry_continent,68,2025,Post-2021,1,1,1,60000000.0,17.909855136853043,60000000.0,17.909855136853043,178690000.0,178690000.0,5,5,0.1861738535249829,68,2025-02-14,Health & Bio,North America,United States,-1,0,exact_unique,control_funded,0.20542303335505238,,1,Q4,0-1,round_history_only,2025-2026
"KB J Capital Co., Ltd",kbjcapital,0,capitaliq_below_1b_matched_control,2025-04-24,,Flow,control_industry_continent,3102,2025,Post-2021,1,1,1,31420000.0,17.26295522261861,31420000.0,17.26295522261861,34850000.0,34850000.0,2,2,8.492813141683778,3102,2016-10-26,Fintech,North America,United States,-1,0,exact_unique,control_funded,0.5509171125691241,,1,Q4,7+,round_history_only,2025-2026
Alienkind Private Limited,alienkindprivate,0,capitaliq_below_1b_matched_control,2025-04-25,,"Yangtze Memory Technologies Co., Ltd.",control_date_only,22,2025,Post-2021,1,1,1,1170000.0,13.972515161474428,1170000.0,13.972515161474428,9770000.0,9770000.0,0,0,0.0602327173169062,22,2025-04-03,Unknown,Unknown,,-1,0,unmatched,unmatched,6.674294431731502e-06,,1,Q2,0-1,round_history_only,2025-2026
"Pakible, Inc.",pakible,0,capitaliq_below_1b_matched_control,2025-04-30,,"CHAOS Industries, Inc.",control_industry_continent,3690,2025,Post-2021,1,1,1,120000.0,11.695255355062796,120000.0,11.695255355062796,1710000.0,1710000.0,1,1,10.102669404517451,3690,2015-03-24,Hardware & Industrials,North America,United States,2014,1,exact_unique,control_funded,0.10125127626244451,2010-14,1,Q2,7+,round+founding+master,2025-2026
Allana CF Foods Private Limited,allanacffoodsprivate,0,capitaliq_below_1b_matched_control,2025-04-30,,"Shanghai Xizhi Technology Co., Ltd. (SEHK:1879)",control_date_only,22,2025,Post-2021,1,1,1,12000.0,9.39274525863144,12000.0,9.39274525863144,17000.0,17000.0,1,1,0.0602327173169062,22,2025-04-08,Unknown,Unknown,,-1,0,unmatched,unmatched,0.05191922051100903,,1,Q2,0-1,round_history_only,2025-2026
"Glowforge, Inc.",glowforge,0,capitaliq_below_1b_matched_control,2025-05-05,,"Anysphere, Inc.",control_industry_continent,719,2025,Post-2021,1,1,1,63000000.0,17.958645300228824,63000000.0,17.958645300228824,410520000.0,410520000.0,4,4,1.9685147159479808,719,2023-05-17,Enterprise Software,North America,United States,2014,1,exact_unique,control_funded,0.9661889619525635,2010-14,1,Q4,1-3,round+founding+master,2025-2026
Africa Eats SPC,africaeatsspc,0,capitaliq_below_1b_matched_control,2025-05-06,,"Statsig, Inc.",control_date_only,6,2025,Post-2021,1,1,1,124000.0,11.728044909070784,124000.0,11.728044909070784,1830000.0,1830000.0,0,0,0.0164271047227926,6,2025-04-30,Unknown,Unknown,,-1,0,unmatched,unmatched,6.674294431731502e-06,,1,Q2,0-1,round_history_only,2025-2026
"Handle, Inc.",handle,0,capitaliq_below_1b_matched_control,2025-05-07,,SpreeAI Corporation,control_industry_continent,454,2025,Post-2021,1,1,1,150000.0,11.918397239722838,150000.0,11.918397239722838,1750000.0,1750000.0,2,2,1.242984257357974,454,2024-02-08,AI & Data,North America,United States,2011,1,exact_unique,control_funded,0.06470834726978131,2010-14,1,Q2,1-3,round+founding+master,2025-2026
"Agree.com, Inc.",agreecom,0,capitaliq_below_1b_matched_control,2025-05-08,,SmartShift Logistics Solutions Pvt. Ltd.,control_date_only,2,2025,Post-2021,1,1,1,7200000.0,15.789591722875162,7200000.0,15.789591722875162,13870000.0,13870000.0,2,2,0.0054757015742642,2,2025-05-06,Unknown,Unknown,,-1,0,unmatched,unmatched,1.004129779873487e-05,,1,Q3,0-1,round_history_only,2025-2026
"Adopt AI, Inc.",adoptai,0,capitaliq_below_1b_matched_control,2025-05-15,,"Entrata, Inc.",control_date_only,2,2025,Post-2021,1,1,1,6000000.0,15.607270193858982,6000000.0,15.607270193858982,6000000.0,6000000.0,4,4,0.0054757015742642,2,2025-05-13,Unknown,Unknown,,-1,0,unmatched,unmatched,1.004129779873487e-05,,1,Q3,0-1,round_history_only,2025-2026
"AI Runs Sales, Inc",airunssales,0,capitaliq_below_1b_matched_control,2025-05-15,,"Pathos AI, Inc.",control_date_only,15,2025,Post-2021,1,1,1,4000000.0,15.201805169084134,4000000.0,15.201805169084134,6700000.0,6700000.0,2,2,0.0410677618069815,15,2025-04-30,Unknown,Unknown,,-1,0,unmatched,unmatched,1.004129779873487e-05,,1,Q3,0-1,round_history_only,2025-2026
ALM Ortho Inc,almortho,0,capitaliq_below_1b_matched_control,2025-05-16,,"Function Health, Inc.",control_date_only,204,2025,Post-2021,1,1,1,1000000.0,13.815511557963774,1000000.0,13.815511557963774,9320000.0,9320000.0,2,2,0.5585215605749486,204,2024-10-24,Unknown,Unknown,,-1,0,unmatched,unmatched,0.0021110997581305427,,1,Q2,0-1,round_history_only,2025-2026
AIM Beverages LLC,aimbeverages,0,capitaliq_below_1b_matched_control,2025-05-28,,Raise Securities Private Limited,control_date_only,5,2025,Post-2021,1,1,1,125000.0,11.736077016252436,125000.0,11.736077016252436,20000000.0,20000000.0,0,0,0.0136892539356605,5,2025-05-23,Unknown,Unknown,,-1,0,unmatched,unmatched,6.674294431731502e-06,,1,Q2,0-1,round_history_only,2025-2026
"Conduit Technology, Inc.",conduit,0,capitaliq_below_1b_matched_control,2025-05-29,,"Snorkel AI, Inc.",control_industry_continent,1,2025,Post-2021,1,1,1,36000000.0,17.399029524198163,36000000.0,17.399029524198163,80190000.0,80190000.0,8,8,0.0027378507871321,1,2025-05-28,Enterprise Software,North America,United States,2005,1,exact_unique,soonicorn_proxy,0.009147719872719874,≤2009,1,Q4,0-1,round+founding+master,2025-2026
Alok Ferro Alloys Ltd.,alokferroalloys,0,capitaliq_below_1b_matched_control,2025-05-31,,"Airwallex (Shenzhen) Network Technology Co., Ltd.",control_date_only,338,2025,Post-2021,1,1,1,2260000.0,14.630875813726249,2260000.0,14.630875813726249,24140000.0,24140000.0,1,1,0.9253935660506504,338,2024-06-27,Unknown,Unknown,,-1,0,unmatched,unmatched,0.09177520966969682,,1,Q2,0-1,round_history_only,2025-2026
Alagendira Solar Energy Private Limited,alagendirasolarenergyprivate,0,capitaliq_below_1b_matched_control,2025-06-02,,"TAE Technologies, Inc.",control_date_only,2,2025,Post-2021,1,1,1,3000.0,8.006700845440367,3000.0,8.006700845440367,12000.0,12000.0,1,1,0.0054757015742642,2,2025-05-31,Unknown,Unknown,,-1,0,unmatched,unmatched,0.05191922051100903,,1,Q2,0-1,round_history_only,2025-2026
"228 Labs, Inc.",228,0,capitaliq_below_1b_matched_control,2025-06-05,,"Kylin Software Co., Ltd.",control_date_only,2,2025,Post-2021,1,1,1,5600000.0,15.53827733427679,5600000.0,15.53827733427679,13230000.0,13230000.0,6,6,0.0054757015742642,2,2025-06-03,Unknown,Unknown,,-1,0,unmatched,unmatched,1.004129779873487e-05,,1,Q3,0-1,round_history_only,2025-2026
4M Clothing LLP,4mclothingllp,0,capitaliq_below_1b_matched_control,2025-06-06,,"Redwood Services, LLC",control_date_only,4,2025,Post-2021,1,1,1,39940000.0,17.502888910989498,39940000.0,17.502888910989498,292840000.0,292840000.0,3,3,0.0109514031485284,4,2025-06-02,Unknown,Unknown,,-1,0,unmatched,unmatched,0.0028825396825396823,,1,Q4,0-1,round_history_only,2025-2026
Adhikosh Financial Advisory Private Limited,adhikoshfinancialadvisoryprivate,0,capitaliq_below_1b_matched_control,2025-06-09,,Roppen Transportation Services Private Limited,control_date_only,5,2025,Post-2021,1,1,1,699000.0,13.457407451830088,699000.0,13.457407451830088,21360000.0,21360000.0,1,1,0.0136892539356605,5,2025-06-04,Unknown,Unknown,,-1,0,unmatched,unmatched,1.004129779873487e-05,,1,Q2,0-1,round_history_only,2025-2026
AgentSmyth Inc.,agentsmyth,0,capitaliq_below_1b_matched_control,2025-06-10,,"Linear Orbit, Inc.",control_date_only,8,2025,Post-2021,1,1,1,8710000.0,15.979982463639242,8710000.0,15.979982463639242,8710000.0,8710000.0,2,2,0.0219028062970568,8,2025-06-02,Unknown,Unknown,,-1,0,unmatched,unmatched,3.743855807270747e-05,,1,Q3,0-1,round_history_only,2025-2026
"GoFormz, Inc.",goformz,0,capitaliq_below_1b_matched_control,2025-06-13,,Clay Labs Inc.,control_industry_continent,3727,2025,Post-2021,1,1,1,3110000.0,14.950133605698774,3110000.0,14.950133605698774,3110000.0,3110000.0,2,2,10.203969883641342,3727,2015-03-31,Enterprise Software,North America,United States,2012,1,exact_unique,control_funded,0.1382253119530361,2010-14,1,Q3,7+,round+founding+master,2025-2026
"BlueLine Grid, Inc.",bluelinegrid,0,capitaliq_below_1b_matched_control,2025-06-16,,"Insilico Medicine, Inc.",control_industry_continent,2922,2025,Post-2021,1,1,1,2450000.0,14.711598990684092,2450000.0,14.711598990684092,13120000.0,13120000.0,0,0,8.0,2922,2017-06-16,Health & Bio,North America,United States,2013,1,exact_unique,control_funded,0.08412513936611914,2010-14,1,Q2,7+,round+founding+master,2025-2026
"GoMoto, Inc.",gomoto,0,capitaliq_below_1b_matched_control,2025-06-16,,"Onebrief, Inc.",control_industry_continent,3952,2025,Post-2021,2,1,2,2880000.0,14.873301199334293,2180000.0,14.594835893480765,4120000.0,4120000.0,0,0,10.819986310746064,2313,2019-02-15,Enterprise Software,North America,United States,2013,1,exact_unique,control_funded,0.0832262480340313,2010-14,2,Q2,7+,round+founding+master,2025-2026
Aloqindoi S.L.,aloqindoisl,0,capitaliq_below_1b_matched_control,2025-06-17,,"Teamworks Innovations, Inc.",control_date_only,915,2025,Post-2021,1,1,1,585000.0,13.279368835614244,585000.0,13.279368835614244,2770000.0,2770000.0,0,0,2.5051334702258727,915,2022-12-15,Unknown,Unknown,,-1,0,unmatched,unmatched,0.06268288170477496,,1,Q2,1-3,round_history_only,2025-2026
Alosant Inc.,alosant,0,capitaliq_below_1b_matched_control,2025-06-20,,"Shanghai United Imaging Intelligent Medical Technology Co., Ltd.",control_date_only,283,2025,Post-2021,1,1,1,2570000.0,14.759416845976386,2570000.0,14.759416845976386,2700000.0,2700000.0,1,1,0.7748117727583846,283,2024-09-10,Unknown,Unknown,,-1,0,unmatched,unmatched,0.009159546767693217,,1,Q2,0-1,round_history_only,2025-2026
Alpen Labs Inc.,alpen,0,capitaliq_below_1b_matched_control,2025-06-23,,"Beijing Galaxy Bot Co., Ltd.",control_date_only,161,2025,Post-2021,1,1,1,8500000.0,15.955576839107596,8500000.0,15.955576839107596,71100000.0,71100000.0,7,7,0.4407939767282683,161,2025-01-13,Unknown,Unknown,,-1,0,unmatched,unmatched,0.010204339367293586,,1,Q3,0-1,round_history_only,2025-2026
All Home,allhome,0,capitaliq_below_1b_matched_control,2025-06-25,,Isar Aerospace SE,control_date_only,2,2025,Post-2021,1,1,1,20000000.0,16.811242881518265,20000000.0,16.811242881518265,120000000.0,120000000.0,1,1,0.0054757015742642,2,2025-06-23,Unknown,Unknown,,-1,0,unmatched,unmatched,0.04789071923088947,,1,Q4,0-1,round_history_only,2025-2026
GoodData Corporation,gooddata,0,capitaliq_below_1b_matched_control,2025-06-25,,Kalshi Inc.,control_industry_continent,5060,2025,Post-2021,3,1,3,51630000.0,17.759613476224416,22090000.0,16.91063562066565,325890000.0,325890000.0,7,5,13.853524982888432,2409,2018-11-20,Enterprise Software,North America,United States,2007,1,exact_unique,soonicorn_proxy,0.583454007865895,≤2009,3+,Q4,7+,round+founding+master,2025-2026
Alpha Alternatives Holdings Private Limited,alphaalternativesprivate,0,capitaliq_below_1b_matched_control,2025-06-26,,"Shanghai Biren Technology Co., Ltd. (SEHK:6082)",control_date_only,1011,2025,Post-2021,1,1,1,16309999.999999998,16.60728903590927,16309999.999999998,16.60728903590927,204690000.0,204690000.0,0,0,2.7679671457905544,1011,2022-09-19,Unknown,Unknown,,-1,0,unmatched,unmatched,0.6279424683462494,,1,Q4,1-3,round_history_only,2025-2026
alphabloQ,alphabloq,0,capitaliq_below_1b_matched_control,2025-06-30,,Ardonagh Group Holdings Limited,control_date_only,837,2025,Post-2021,1,1,1,120000.0,11.695255355062796,120000.0,11.695255355062796,2000000.0,2000000.0,1,1,2.291581108829569,837,2023-03-16,Unknown,Unknown,,-1,0,unmatched,unmatched,0.06456855362719321,,1,Q2,1-3,round_history_only,2025-2026
"Alpha Design AI, Inc.",alphadesignai,0,capitaliq_below_1b_matched_control,2025-06-30,,Jumbotail Technologies Private Limited,control_date_only,327,2025,Post-2021,1,1,1,3090000.0,14.94368197249847,3090000.0,14.94368197249847,3090000.0,3090000.0,0,0,0.8952772073921971,327,2024-08-07,Unknown,Unknown,,-1,0,unmatched,unmatched,0.03479725271624281,,1,Q3,0-1,round_history_only,2025-2026
"goTenna, Inc.",gotenna,0,capitaliq_below_1b_matched_control,2025-06-30,,Seekr Technologies Inc.,control_industry_continent,3000,2025,Post-2021,1,1,1,7500000.0,15.830413711839864,7500000.0,15.830413711839864,28870000.0,28870000.0,6,6,8.213552361396303,3000,2017-04-13,Enterprise Software,North America,United States,2012,1,exact_unique,control_funded,0.2795511884363106,2010-14,1,Q3,7+,round+founding+master,2025-2026
"97 Labs, Inc.",97,0,capitaliq_below_1b_matched_control,2025-07-02,,Advance Information Technology LLC,control_date_only,1,2025,Post-2021,1,1,1,16000000.0,16.588099342704055,16000000.0,16.588099342704055,63570000.0,63570000.0,6,6,0.0027378507871321,1,2025-07-01,Unknown,Unknown,,-1,0,unmatched,unmatched,0.0005242488992488992,,1,Q4,0-1,round_history_only,2025-2026
AiM Medical Robotics Inc.,aimmedicalrobotics,0,capitaliq_below_1b_matched_control,2025-07-07,,"Hangzhou Yunshenchu Technology Co., Ltd.",control_date_only,7,2025,Post-2021,1,1,1,8100000.0,15.90737474309945,8100000.0,15.90737474309945,23740000.0,23740000.0,10,10,0.0191649555099247,7,2025-06-30,Unknown,Unknown,,-1,0,unmatched,unmatched,0.0006767079644654014,,1,Q3,0-1,round_history_only,2025-2026
"Aircon Air Freight, Inc.",airconairfreight,0,capitaliq_below_1b_matched_control,2025-07-08,,Xpanceo Research on Natural Science L.L.C.,control_date_only,8,2025,Post-2021,1,1,1,5000000.0,15.424948670398354,5000000.0,15.424948670398354,10550000.0,10550000.0,6,6,0.0219028062970568,8,2025-06-30,Unknown,Unknown,,-1,0,unmatched,unmatched,1.004129779873487e-05,,1,Q3,0-1,round_history_only,2025-2026
"Gravity Jack, Inc.",gravityjack,0,capitaliq_below_1b_matched_control,2025-07-09,,"MaintainX, Inc.",control_industry_continent,503,2025,Post-2021,2,1,2,1602000.0,14.286764030829971,1240000.0,14.030622744032508,24010000.0,24010000.0,0,0,1.377138945927447,282,2024-09-30,Enterprise Software,North America,United States,2009,1,exact_unique,control_funded,0.019508436830952592,≤2009,2,Q2,1-3,round+founding+master,2025-2026
"Actithera, Inc.",actithera,0,capitaliq_below_1b_matched_control,2025-07-10,,"Bilt Technologies, Inc.",control_date_only,1,2025,Post-2021,1,1,1,75500000.0,18.139643227464287,75500000.0,18.139643227464287,102330000.0,102330000.0,11,11,0.0027378507871321,1,2025-07-09,Unknown,Unknown,,-1,0,unmatched,unmatched,0.06931898373957196,,1,Q4,0-1,round_history_only,2025-2026
"AirGarage, Inc.",airgarage,0,capitaliq_below_1b_matched_control,2025-07-14,,"Vía Célere Desarrollos Inmobiliarios, S.A.U.",control_date_only,5,2025,Post-2021,1,1,1,23000000.0,16.951004817371683,23000000.0,16.951004817371683,103050000.0,103050000.0,3,3,0.0136892539356605,5,2025-07-09,Unknown,Unknown,,-1,0,unmatched,unmatched,0.001183072428660664,,1,Q4,0-1,round_history_only,2025-2026
Bodyport Inc.,bodyport,0,capitaliq_below_1b_matched_control,2025-07-15,,OpenEvidence Inc.,control_industry_continent,3619,2025,Post-2021,1,1,1,120000.0,11.695255355062796,120000.0,11.695255355062796,1710000.0,1710000.0,1,1,9.908281998631075,3619,2015-08-18,Health & Bio,North America,United States,2014,1,exact_unique,control_funded,0.09888021759649197,2010-14,1,Q2,7+,round+founding+master,2025-2026
eeGeo Limited,eegeo,0,capitaliq_below_1b_matched_control,2025-07-17,,Lovable Labs Incorporated,control_industry_continent,3410,2025,Post-2021,1,1,1,5000000.0,15.424948670398354,5000000.0,15.424948670398354,23200000.0,23200000.0,1,1,9.336071184120463,3410,2016-03-16,Enterprise Software,Europe,United Kingdom,-1,0,exact_unique,control_funded,0.32787849466449437,,1,Q3,7+,round_history_only,2025-2026
Airtel Money Limited,airtelmoney,0,capitaliq_below_1b_matched_control,2025-07-21,,"Flexjet, LLC",control_date_only,12,2025,Post-2021,1,1,1,1000.0,6.90875477931522,1000.0,6.90875477931522,1000.0,1000.0,1,1,0.0328542094455852,12,2025-07-09,Unknown,Unknown,,-1,0,unmatched,unmatched,0.14591922051100903,,1,Q2,0-1,round_history_only,2025-2026
Alludium Limited,alludium,0,capitaliq_below_1b_matched_control,2025-07-22,,Avalyn Pharma Inc. (NasdaqGS:AVLN),control_date_only,5,2025,Post-2021,1,1,1,742000.0,13.517105869857504,742000.0,13.517105869857504,5700000.0,5700000.0,1,1,0.0136892539356605,5,2025-07-17,Unknown,Unknown,,-1,0,unmatched,unmatched,1.004129779873487e-05,,1,Q2,0-1,round_history_only,2025-2026
Alpha Motor Corporation,alphamotor,0,capitaliq_below_1b_matched_control,2025-07-24,,"Ligent Tech, Inc.",control_date_only,912,2025,Post-2021,1,1,1,500000.0,13.122365377402328,500000.0,13.122365377402328,125560000.0,125560000.0,0,0,2.4969199178644765,912,2023-01-24,Unknown,Unknown,,-1,0,unmatched,unmatched,0.22927952988560144,,1,Q2,1-3,round_history_only,2025-2026
Alphathena Inc.,alphathena,0,capitaliq_below_1b_matched_control,2025-07-28,,"CATL (Shanghai) Intelligent Technology Co., Ltd.",control_date_only,557,2025,Post-2021,1,1,1,4000000.0,15.201805169084134,4000000.0,15.201805169084134,5020000.0,5020000.0,2,2,1.5249828884325805,557,2024-01-18,Unknown,Unknown,,-1,0,unmatched,unmatched,0.14169503774032097,,1,Q3,1-3,round_history_only,2025-2026
"Avanoo, Inc.",avanoo,0,capitaliq_below_1b_matched_control,2025-07-29,,"Ambience Healthcare, Inc.",control_industry_continent,2391,2025,Post-2021,1,1,1,5000000.0,15.424948670398354,5000000.0,15.424948670398354,15770000.0,15770000.0,1,1,6.546201232032854,2391,2019-01-11,Health & Bio,Other,,-1,0,exact_unique,control_funded,0.2828397068571411,,1,Q3,3-7,round_history_only,2025-2026
Alpine Racing Limited,alpineracing,0,capitaliq_below_1b_matched_control,2025-07-29,,"Last Brand, Inc.",control_date_only,764,2025,Post-2021,1,1,1,218250000.0,19.201151757265887,218250000.0,19.201151757265887,982100000.0,982100000.0,7,7,2.0917180013689256,764,2023-06-26,Unknown,Unknown,,-1,0,unmatched,unmatched,0.9741837722417317,,1,Q4,1-3,round_history_only,2025-2026
"GrayLog, Inc.",graylog,0,capitaliq_below_1b_matched_control,2025-07-31,,"Anaconda, Inc.",control_industry_continent,2603,2025,Post-2021,3,1,3,32270000.0,17.28964859501668,18290000.0,16.721865075041734,108220000.0,108220000.0,4,4,7.12662559890486,668,2023-10-02,Enterprise Software,North America,United States,2012,1,exact_unique,control_funded,0.3754386686441444,2010-14,3+,Q4,7+,round+founding+master,2025-2026
Agentonomics Inc.,agentonomics,0,capitaliq_below_1b_matched_control,2025-07-31,,"fal - Features & Labels, Inc.",control_date_only,2,2025,Post-2021,1,1,1,700000.0,13.45883704259595,700000.0,13.45883704259595,30000000.0,30000000.0,1,1,0.0054757015742642,2,2025-07-29,Unknown,Unknown,,-1,0,unmatched,unmatched,1.004129779873487e-05,,1,Q2,0-1,round_history_only,2025-2026
Alps Blockchain SpA,alpsblockchainspa,0,capitaliq_below_1b_matched_control,2025-07-31,,"TOP TOY (Guangdong) Cultural Creativity Co., Ltd.",control_date_only,856,2025,Post-2021,1,1,1,43370000.0,17.585278538868963,43370000.0,17.585278538868963,96380000.0,96380000.0,2,2,2.3436002737850785,856,2023-03-28,Unknown,Unknown,,-1,0,unmatched,unmatched,0.7171526924981552,,1,Q4,1-3,round_history_only,2025-2026
Althub Inc.,althub,0,capitaliq_below_1b_matched_control,2025-07-31,,TOP TOY International Group Limited,control_date_only,811,2025,Post-2021,1,1,1,900000.0,13.71015115341694,900000.0,13.71015115341694,1500000.0,1500000.0,1,1,2.220396988364134,811,2023-05-12,Unknown,Unknown,,-1,0,unmatched,unmatched,0.058511366662813286,,1,Q2,1-3,round_history_only,2025-2026
Altigreen Propulsion Labs Pvt. Ltd.,altigreenpropulsionpvt,0,capitaliq_below_1b_matched_control,2025-08-01,,"Shanghai Fourier Intelligence Co., Ltd.",control_date_only,732,2025,Post-2021,1,1,1,85100000.0,18.259337605294483,85100000.0,18.259337605294483,351460000.0,351460000.0,0,0,2.004106776180698,732,2023-07-31,Unknown,Unknown,,-1,0,unmatched,unmatched,0.9192506406843945,,1,Q4,1-3,round_history_only,2025-2026
"Altitude Robots, Inc.",altituderobots,0,capitaliq_below_1b_matched_control,2025-08-01,,TenNor Therapeutics (Suzhou) Limited (SEHK:6872),control_date_only,925,2025,Post-2021,1,1,1,4110000.000000001,15.22893382978139,4110000.000000001,15.22893382978139,4110000.000000001,4110000.000000001,0,0,2.532511978097194,925,2023-01-19,Unknown,Unknown,,-1,0,unmatched,unmatched,0.1566864084411606,,1,Q3,1-3,round_history_only,2025-2026
"Alto Neuroscience, Inc. (NYSE:ANRO)",altoneurosciencenyseanro,0,capitaliq_below_1b_matched_control,2025-08-04,,Teneo Global LLC,control_date_only,616,2025,Post-2021,1,1,1,7720000.0,15.85932505153463,7720000.0,15.85932505153463,7720000.0,7720000.0,0,0,1.6865160848733745,616,2023-11-27,Unknown,Unknown,,-1,0,unmatched,unmatched,0.2261043117310693,,1,Q3,1-3,round_history_only,2025-2026
Adanola,adanola,0,capitaliq_below_1b_matched_control,2025-08-07,,Decart AI Ltd,control_date_only,1,2025,Post-2021,1,1,0,0.0,0.0,0.0,0.0,530000000.0,530000000.0,1,1,0.0027378507871321,1,2025-08-06,Unknown,Unknown,,-1,0,unmatched,unmatched,0.040603391053391044,,1,Q2,0-1,round_history_only,2025-2026
"Greenhouse Software, Inc.",greenhousesoftware,0,capitaliq_below_1b_matched_control,2025-08-13,,Celestial AI Inc.,control_industry_continent,4290,2025,Post-2021,3,1,3,23110000.0,16.955776025521875,13610000.0,16.426315448103033,49680000.0,49680000.0,5,4,11.745379876796717,3815,2015-03-04,Enterprise Software,North America,United States,2012,1,exact_unique,control_funded,0.3159829727367277,2010-14,3+,Q4,7+,round+founding+master,2025-2026
Altilium Solar 1 Private Limited,altiliumsolar1private,0,capitaliq_below_1b_matched_control,2025-08-14,,"Cognition AI, Inc.",control_date_only,10,2025,Post-2021,1,1,1,19000.0,9.852246888342531,19000.0,9.852246888342531,223000.0,223000.0,1,1,0.027378507871321,10,2025-08-04,Unknown,Unknown,,-1,0,unmatched,unmatched,1.004129779873487e-05,,1,Q2,0-1,round_history_only,2025-2026
Altilium Solar 3 Private Limited,altiliumsolar3private,0,capitaliq_below_1b_matched_control,2025-08-19,,"Hubei Siengine Technology Co., Ltd.",control_date_only,15,2025,Post-2021,1,1,1,153000.0,11.938199736300923,153000.0,11.938199736300923,589000.0,589000.0,1,1,0.0410677618069815,15,2025-08-04,Unknown,Unknown,,-1,0,unmatched,unmatched,1.004129779873487e-05,,1,Q2,0-1,round_history_only,2025-2026
"Greenphire, Inc.",greenphire,0,capitaliq_below_1b_matched_control,2025-08-20,,Elise A.I. Technologies Corp.,control_industry_continent,5116,2025,Post-2021,1,1,1,1500000.0,14.220976332738882,1500000.0,14.220976332738882,1500000.0,1500000.0,1,1,14.00684462696783,5116,2011-08-18,Enterprise Software,North America,United States,2007,1,exact_unique,control_funded,0.08778293353772366,≤2009,1,Q2,7+,round+founding+master,2025-2026
Gridium Inc.,gridium,0,capitaliq_below_1b_matched_control,2025-08-20,,"Field AI, Inc.",control_industry_continent,4846,2025,Post-2021,2,1,2,1760000.0,14.38082493519599,1010000.0,13.82546187891596,2160000.0,2160000.0,1,1,13.267624914442164,4544,2013-03-12,Enterprise Software,North America,United States,2011,1,exact_unique,control_funded,0.0911960176381387,2010-14,2,Q2,7+,round+founding+master,2025-2026
"Agyl AI, Inc.",agylai,0,capitaliq_below_1b_matched_control,2025-08-21,,"CompanyCam, Inc.",control_date_only,1,2025,Post-2021,1,1,1,2000000.0,14.508658238524095,2000000.0,14.508658238524095,11630000.0,11630000.0,0,0,0.0027378507871321,1,2025-08-20,Unknown,Unknown,,-1,0,unmatched,unmatched,6.674294431731502e-06,,1,Q2,0-1,round_history_only,2025-2026
Air Baltic Corporation AS,airbalticas,0,capitaliq_below_1b_matched_control,2025-08-26,,"Blockratize, Inc.",control_date_only,5,2025,Post-2021,1,1,1,16260000.000000002,16.60421872358455,16260000.000000002,16.60421872358455,162580000.0,162580000.0,1,1,0.0136892539356605,5,2025-08-21,Unknown,Unknown,,-1,0,unmatched,unmatched,0.019208719058719056,,1,Q4,0-1,round_history_only,2025-2026
Alpha Industrial Asset Company Limited,alphaindustrialasset,0,capitaliq_below_1b_matched_control,2025-08-27,,"BETA Technologies, Inc. (NYSE:BETA)",control_date_only,8,2025,Post-2021,1,1,1,2900000.0,14.88022163978423,2900000.0,14.88022163978423,12050000.0,12050000.0,1,1,0.0219028062970568,8,2025-08-19,Unknown,Unknown,,-1,0,unmatched,unmatched,1.004129779873487e-05,,1,Q2,0-1,round_history_only,2025-2026
Flow Box,flowbox,0,capitaliq_below_1b_matched_control,2025-08-27,,"Framer, Inc.",control_industry_continent,3339,2025,Post-2021,1,1,1,22000.0,9.99884318585288,22000.0,9.99884318585288,277000.0,277000.0,1,1,9.141683778234086,3339,2016-07-06,Enterprise Software,Europe,Poland,2010,1,exact_unique,control_funded,0.07470279925724321,2010-14,1,Q2,7+,round+founding+master,2025-2026
ALIGNMT AI Inc.,alignmtai,0,capitaliq_below_1b_matched_control,2025-09-02,,"Kapital México Grupo Financiero, SA de CV",control_date_only,4,2025,Post-2021,1,1,1,6500000.0,15.687312888712007,6500000.0,15.687312888712007,8480000.0,8480000.0,4,4,0.0109514031485284,4,2025-08-29,Unknown,Unknown,,-1,0,unmatched,unmatched,1.004129779873487e-05,,1,Q3,0-1,round_history_only,2025-2026
Altr,altr,0,capitaliq_below_1b_matched_control,2025-09-03,,"SuSea, Inc.",control_date_only,964,2025,Post-2021,1,1,1,150000.0,11.918397239722838,150000.0,11.918397239722838,2000000.0,2000000.0,2,2,2.639288158795346,964,2023-01-13,Unknown,Unknown,,-1,0,unmatched,unmatched,0.09513242118294234,,1,Q2,1-3,round_history_only,2025-2026
Altscore Inc.,altscore,0,capitaliq_below_1b_matched_control,2025-09-03,,"Treeline Biosciences, Inc.",control_date_only,371,2025,Post-2021,1,1,1,10310000.0,16.14862495298635,10310000.0,16.14862495298635,17940000.0,17940000.0,6,6,1.0157426420260096,371,2024-08-28,Unknown,Unknown,,-1,0,unmatched,unmatched,0.24599137571239002,,1,Q3,1-3,round_history_only,2025-2026
"ALT Sports Data, Inc.",altsportsdata,0,capitaliq_below_1b_matched_control,2025-09-04,,Lead Bank,control_date_only,136,2025,Post-2021,1,1,1,5000000.0,15.424948670398354,5000000.0,15.424948670398354,17800000.0,17800000.0,4,4,0.3723477070499658,136,2025-04-21,Unknown,Unknown,,-1,0,unmatched,unmatched,0.00510527939303683,,1,Q3,0-1,round_history_only,2025-2026
"GridX, Inc.",gridx,0,capitaliq_below_1b_matched_control,2025-09-05,,"BaseTen Labs, Inc.",control_industry_continent,1240,2025,Post-2021,1,1,1,40000000.0,17.50439003707821,40000000.0,17.50439003707821,84290000.0,84290000.0,4,4,3.394934976043805,1240,2022-04-14,Enterprise Software,North America,United States,2010,1,exact_unique,control_funded,0.5807462532475426,2010-14,1,Q4,3-7,round+founding+master,2025-2026
Aaviv Tutorials,aavivtutorials,0,capitaliq_below_1b_matched_control,2025-09-06,,"FAW Bestune Automobile Co., Ltd.",control_date_only,1,2025,Post-2021,1,1,1,1000.0,6.90875477931522,1000.0,6.90875477931522,1000.0,1000.0,1,1,0.0027378507871321,1,2025-09-05,Unknown,Unknown,,-1,0,unmatched,unmatched,0.14591922051100903,,1,Q2,0-1,round_history_only,2025-2026
Cuvva Limited,cuvva,0,capitaliq_below_1b_matched_control,2025-09-08,,"Kin Insurance, Inc.",control_industry_continent,3430,2025,Post-2021,1,1,1,120000.0,11.695255355062796,120000.0,11.695255355062796,2000000.0,2000000.0,2,2,9.390828199863108,3430,2016-04-18,Fintech,Other,,2014,1,exact_unique,control_funded,0.12719951089486461,2010-14,1,Q2,7+,round+founding+master,2025-2026
"GroundMetrics, Inc.",groundmetrics,0,capitaliq_below_1b_matched_control,2025-09-08,,"Supabase, Inc.",control_industry_continent,4726,2025,Post-2021,2,1,2,4090000.0,15.224055772517731,2790000.0,14.841552512220424,10530000.0,10530000.0,2,2,12.93908281998631,4156,2014-04-23,Enterprise Software,North America,United States,2010,1,exact_unique,control_funded,0.1416870310050268,2010-14,2,Q3,7+,round+founding+master,2025-2026
"ACTion Battery Technologies, Inc.",actionbattery,0,capitaliq_below_1b_matched_control,2025-09-09,,"Aven Financial, Inc.",control_date_only,5,2025,Post-2021,1,1,1,11500000.0,16.257857680289998,11500000.0,16.257857680289998,19520000.0,19520000.0,7,7,0.0136892539356605,5,2025-09-04,Unknown,Unknown,,-1,0,unmatched,unmatched,0.0006088671295012789,,1,Q3,0-1,round_history_only,2025-2026
Altum Credo Home Finance Private Limited,altumcredohomefinanceprivate,0,capitaliq_below_1b_matched_control,2025-09-09,,Propertyfinder FZ-LLC,control_date_only,15,2025,Post-2021,1,1,1,19420000.0,16.781814072320756,19420000.0,16.781814072320756,203050000.0,203050000.0,1,1,0.0410677618069815,15,2025-08-25,Unknown,Unknown,,-1,0,unmatched,unmatched,0.056572866022866014,,1,Q4,0-1,round_history_only,2025-2026
Grow Labs Inc.,grow,0,capitaliq_below_1b_matched_control,2025-09-10,,"Replit, Inc.",control_industry_continent,3169,2025,Post-2021,1,1,1,1800000.0,14.403297778421797,1800000.0,14.403297778421797,2290000.0,2290000.0,0,0,8.676249144421629,3169,2017-01-06,Enterprise Software,North America,United States,2014,1,exact_unique,control_funded,0.08368062891682611,2010-14,1,Q2,7+,round+founding+master,2025-2026
Adaps Photonics Inc.,adapsphotonics,0,capitaliq_below_1b_matched_control,2025-09-15,,Divergent Technologies Inc.,control_date_only,2,2025,Post-2021,1,1,1,14040000.0,16.457421027787007,14040000.0,16.457421027787007,56150000.0,56150000.0,1,1,0.0054757015742642,2,2025-09-13,Unknown,Unknown,,-1,0,unmatched,unmatched,6.49054649054649e-05,,1,Q4,0-1,round_history_only,2025-2026
Flubit Limited,flubit,0,capitaliq_below_1b_matched_control,2025-09-15,,Nothing Technology Limited,control_industry_continent,4858,2025,Post-2021,2,1,2,5120000.0,15.448665192328171,3370000.0,15.030423599064406,49990000.0,49990000.0,1,1,13.300479123887747,4134,2014-05-22,AI & Data,Europe,United Kingdom,2011,1,exact_unique,control_funded,0.1527876207926705,2010-14,2,Q3,7+,round+founding+master,2025-2026
"AegisAI, Inc.",aegisai,0,capitaliq_below_1b_matched_control,2025-09-15,,UltraGreen.ai Limited (SGX:ULG),control_date_only,5,2025,Post-2021,1,1,1,13000000.0,16.380459992348886,13000000.0,16.380459992348886,13160000.0,13160000.0,2,2,0.0136892539356605,5,2025-09-10,Unknown,Unknown,,-1,0,unmatched,unmatched,5.655332886454168e-06,,1,Q3,0-1,round_history_only,2025-2026
"Alucent Biomedical, Inc.",alucentbiomedical,0,capitaliq_below_1b_matched_control,2025-09-16,,Firmus Grid Pty Ltd,control_date_only,880,2025,Post-2021,1,1,1,11200000.0,16.231424425551033,11200000.0,16.231424425551033,84020000.0,84020000.0,0,0,2.409308692676249,880,2023-04-20,Unknown,Unknown,,-1,0,unmatched,unmatched,0.39866351977988634,,1,Q3,1-3,round_history_only,2025-2026
Illumr Limited,illumr,0,capitaliq_below_1b_matched_control,2025-09-16,,"Invisible Technologies, Inc.",control_industry_continent,2905,2025,Post-2021,1,1,1,40000.0,10.59665973278358,40000.0,10.59665973278358,568000.0,568000.0,1,1,7.953456536618754,2905,2017-10-03,AI & Data,Europe,United Kingdom,2013,1,exact_unique,control_funded,0.06895685456897885,2010-14,1,Q2,7+,round+founding+master,2025-2026
"Adelphi Data, Inc.",adelphidata,0,capitaliq_below_1b_matched_control,2025-09-17,,Colossal Biosciences Inc.,control_date_only,1,2025,Post-2021,1,1,1,7080000.0,15.77278460691283,7080000.0,15.77278460691283,7760000.0,7760000.0,0,0,0.0027378507871321,1,2025-09-16,Unknown,Unknown,,-1,0,unmatched,unmatched,6.674294431731502e-06,,1,Q3,0-1,round_history_only,2025-2026
"Health Gorilla, Inc.",healthgorilla,0,capitaliq_below_1b_matched_control,2025-09-17,,"Groq, Inc.",control_industry_continent,3627,2025,Post-2021,3,1,3,24610000.0,17.018663463001126,11600000.0,16.266515742283485,34410000.0,34410000.0,8,5,9.930184804928132,1660,2021-03-02,AI & Data,North America,United States,2011,1,exact_unique,control_funded,0.27799302590070496,2010-14,3+,Q4,7+,round+founding+master,2025-2026
"GuideSpark, Inc.",guidespark,0,capitaliq_below_1b_matched_control,2025-09-22,,"Distyl AI, Inc.",control_industry_continent,3863,2025,Post-2021,1,1,1,22230000.0,16.916953330924635,22230000.0,16.916953330924635,331140000.0,331140000.0,4,4,10.576317590691309,3863,2015-02-24,Enterprise Software,North America,United States,2008,1,exact_unique,control_funded,0.6262091345083691,≤2009,1,Q4,7+,round+founding+master,2025-2026
Accelerate Next Inc.,acceleratenext,0,capitaliq_below_1b_matched_control,2025-09-22,,Tide Platform Limited,control_date_only,5,2025,Post-2021,1,1,1,5000.0,8.517393171418904,5000.0,8.517393171418904,5000.0,5000.0,1,1,0.0136892539356605,5,2025-09-17,Unknown,Unknown,,-1,0,unmatched,unmatched,0.14591922051100903,,1,Q2,0-1,round_history_only,2025-2026
"3030 Labs, Inc.",3030,0,capitaliq_below_1b_matched_control,2025-09-29,,PostHog Inc.,control_date_only,7,2025,Post-2021,1,1,1,6000000.0,15.607270193858982,6000000.0,15.607270193858982,30000000.0,30000000.0,3,3,0.0191649555099247,7,2025-09-22,Unknown,Unknown,,-1,0,unmatched,unmatched,1.004129779873487e-05,,1,Q3,0-1,round_history_only,2025-2026
Accipiter Biosciences Inc.,accipiterbiosciences,0,capitaliq_below_1b_matched_control,2025-09-30,,"Beijing WeLion New Energy Technology Co., Ltd.",control_date_only,6,2025,Post-2021,1,1,1,13600000.0,16.42558042423569,13600000.0,16.42558042423569,13910000.0,13910000.0,7,7,0.0164271047227926,6,2025-09-24,Unknown,Unknown,,-1,0,unmatched,unmatched,0.0005770839043150256,,1,Q3,0-1,round_history_only,2025-2026
M-Cubed Labs Inc.,mcubed,0,capitaliq_below_1b_matched_control,2025-09-30,,"Periodic Labs, Inc.",control_industry_continent,126,2025,Post-2021,1,1,1,7000000.0,15.76142084987672,7000000.0,15.76142084987672,19990000.0,19990000.0,6,6,0.3449691991786447,126,2025-05-27,Hardware & Industrials,North America,United States,1993,1,exact_unique,control_funded,0.005438612726370163,≤2009,1,Q3,0-1,round+founding+master,2025-2026
"CarbonChain, Inc.",carbonchain,0,capitaliq_below_1b_matched_control,2025-09-30,,Rebellions Inc.,control_industry,806,2025,Post-2021,1,1,1,12040000.0,16.303745080901425,12040000.0,16.303745080901425,20760000.0,20760000.0,0,0,2.206707734428474,806,2023-07-17,Hardware & Industrials,Unknown,,-1,0,exact_unique,control_accelerator,0.29222400039726,,1,Q3,1-3,round_history_only,2025-2026
"Affiniti Ventures, Inc.",affinitiventures,0,capitaliq_below_1b_matched_control,2025-09-30,,Wireless Logic Limited,control_date_only,14,2025,Post-2021,1,1,1,10300000.0,16.14765455028724,10300000.0,16.14765455028724,10400000.0,10400000.0,7,7,0.0383299110198494,14,2025-09-16,Unknown,Unknown,,-1,0,unmatched,unmatched,0.0006088671295012789,,1,Q3,0-1,round_history_only,2025-2026
"AdPipe, Inc.",adpipe,0,capitaliq_below_1b_matched_control,2025-10-06,,Raise Fintech Ventures Private Limited,control_date_only,6,2025,Post-2021,1,1,1,12000000.0,16.300417291085605,12000000.0,16.300417291085605,39150000.0,39150000.0,3,3,0.0164271047227926,6,2025-09-30,Unknown,Unknown,,-1,0,unmatched,unmatched,0.0002871276871276871,,1,Q3,0-1,round_history_only,2025-2026
"High Fidelity, Inc.",highfidelity,0,capitaliq_below_1b_matched_control,2025-10-07,,EvenUp Inc.,control_industry_continent,4569,2025,Post-2021,3,1,3,15900000.0,16.58182973008354,11000000.0,16.213405921671733,19380000.0,19380000.0,5,4,12.509240246406572,3877,2015-02-25,Enterprise Software,North America,United States,2013,1,exact_unique,control_funded,0.28538008463243825,2010-14,3+,Q4,7+,round+founding+master,2025-2026
"Palma Ceia SemiDesign, Inc.",palmaceiasemidesign,0,capitaliq_below_1b_matched_control,2025-10-08,,"Base Power, Inc.",control_industry_continent,3656,2025,Post-2021,2,1,2,5780000.0,15.569914413658926,4280000.0,15.269463801202813,12490000.0,12490000.0,1,1,10.009582477754964,2775,2018-03-04,Hardware & Industrials,North America,United States,2012,1,exact_unique,control_funded,0.15927853923562457,2010-14,2,Q3,7+,round+founding+master,2025-2026
"Advocate, Inc.",advocate,0,capitaliq_below_1b_matched_control,2025-10-09,,n8n GmbH,control_date_only,2,2025,Post-2021,1,1,1,30000000.0,17.216707972959764,30000000.0,17.216707972959764,204180000.0,204180000.0,9,9,0.0054757015742642,2,2025-10-07,AI & Data,North America,United States,2015,1,exact_unique,control_funded,0.07090101532454471,2015-18,1,Q4,0-1,round+founding+master,2025-2026
"Highfive Technologies, Inc.",highfive,0,capitaliq_below_1b_matched_control,2025-10-09,,"Reflection AI, Inc.",control_industry_continent,3864,2025,Post-2021,1,1,1,32000000.0,17.281246492014,32000000.0,17.281246492014,150000000.0,150000000.0,5,5,10.57905544147844,3864,2015-03-12,Enterprise Software,North America,United States,2012,1,exact_unique,control_funded,0.4630377014275181,2010-14,1,Q4,7+,round+founding+master,2025-2026
Agent Paid Limited,agentpaid,0,capitaliq_below_1b_matched_control,2025-10-13,,"Zelos (Suzhou) Intelligent Technology Co., Ltd.",control_date_only,15,2025,Post-2021,1,1,1,21600000.0,16.888203918950687,21600000.0,16.888203918950687,100000000.0,100000000.0,3,3,0.0410677618069815,15,2025-09-28,Unknown,Unknown,,-1,0,unmatched,unmatched,0.000583072428660664,,1,Q4,0-1,round_history_only,2025-2026
"Ainekko, Co.",ainekko,0,capitaliq_below_1b_matched_control,2025-10-14,,"Kailera Therapeutics, Inc. (NasdaqGS:KLRA)",control_date_only,15,2025,Post-2021,1,1,1,2150000.0,14.580978865220017,2150000.0,14.580978865220017,4780000.0,4780000.0,0,0,0.0410677618069815,15,2025-09-29,Unknown,Unknown,,-1,0,unmatched,unmatched,6.674294431731502e-06,,1,Q2,0-1,round_history_only,2025-2026
"AirStrip Technologies, Inc.",airstrip,0,capitaliq_below_1b_matched_control,2025-10-14,,"Lila Sciences, Inc.",control_industry_continent,5,2025,Post-2021,1,1,1,1750000.0,14.375126917328105,1750000.0,14.375126917328105,281110000.0,281110000.0,1,1,0.0136892539356605,5,2025-10-09,Health & Bio,North America,United States,2004,1,exact_unique,control_funded,0.03233174603174602,≤2009,1,Q2,0-1,round+founding+master,2025-2026
HireArt Inc.,hireart,0,capitaliq_below_1b_matched_control,2025-10-15,,"Vantaca, LLC",control_industry_continent,2268,2025,Post-2021,2,1,2,32050000.0,17.282807772532202,26250000.0,17.083176585097146,71230000.0,71230000.0,1,1,6.209445585215605,1185,2022-07-18,Enterprise Software,North America,United States,2012,1,exact_unique,control_funded,0.4636170026292301,2010-14,2,Q4,3-7,round+founding+master,2025-2026
HigherMe Inc.,higherme,0,capitaliq_below_1b_matched_control,2025-10-16,,"Chobani, LLC",control_industry_continent,3860,2025,Post-2021,1,1,1,120000.0,11.695255355062796,120000.0,11.695255355062796,1710000.0,1710000.0,1,1,10.568104038329912,3860,2015-03-23,AI & Data,North America,United States,2014,1,exact_unique,control_funded,0.10382520853997283,2010-14,1,Q2,7+,round+founding+master,2025-2026
Better Technologies Inc.,better,0,capitaliq_below_1b_matched_control,2025-10-16,,"HistoSonics, Inc.",control_industry_continent,34,2025,Post-2021,1,1,1,13000000.0,16.380459992348886,13000000.0,16.380459992348886,24920000.0,24920000.0,2,2,0.0930869267624914,34,2025-09-12,Health & Bio,North America,United States,2013,1,exact_unique,control_funded,0.00045009977733089857,2010-14,1,Q3,0-1,round+founding+master,2025-2026
"Argon AI, Inc.",argonai,0,capitaliq_below_1b_matched_control,2025-10-17,,"Tempo Labs Technologies, Inc.",control_industry,491,2025,Post-2021,1,1,1,5510000.0,15.522075362617285,5510000.0,15.522075362617285,6450000.0,6450000.0,4,4,1.3442847364818618,491,2024-06-13,Health & Bio,Unknown,,-1,0,exact_unique,control_accelerator,0.23969056106414802,,1,Q3,1-3,round_history_only,2025-2026
"Hireology, Inc.",hireology,0,capitaliq_below_1b_matched_control,2025-10-20,,"LangChain, Inc.",control_industry_continent,2383,2025,Post-2021,1,1,1,12000000.0,16.300417291085605,12000000.0,16.300417291085605,100890000.0,100890000.0,3,3,6.524298425735798,2383,2019-04-12,Enterprise Software,North America,United States,2010,1,exact_unique,control_funded,0.31019458493767904,2010-14,1,Q3,3-7,round+founding+master,2025-2026
"Branchpoint Technologies, Inc.",branchpoint,0,capitaliq_below_1b_matched_control,2025-10-20,,"NewLimit, Inc.",control_industry_continent,4051,2025,Post-2021,4,1,4,6536000.0,15.69283606852074,3740000.0,15.13459643677036,10750000.0,10750000.0,1,1,11.091033538672145,2972,2017-08-31,Health & Bio,North America,United States,-1,0,exact_unique,control_funded,0.2677182516206822,,3+,Q3,7+,round_history_only,2025-2026
"Adaptyx Biosciences, Inc.",adaptyxbiosciences,0,capitaliq_below_1b_matched_control,2025-10-22,,"Shop My Shelf, Inc.",control_date_only,2,2025,Post-2021,1,1,1,14000000.0,16.454567959008102,14000000.0,16.454567959008102,23150000.0,23150000.0,9,9,0.0054757015742642,2,2025-10-20,Unknown,Unknown,,-1,0,unmatched,unmatched,0.000910417237648359,,1,Q4,0-1,round_history_only,2025-2026
Nandi Proteins Limited,nandiproteins,0,capitaliq_below_1b_matched_control,2025-10-23,,SheMed Limited,control_industry_continent,3517,2025,Post-2021,1,1,1,356000.0,12.782688818818986,356000.0,12.782688818818986,10770000.0,10770000.0,0,0,9.6290212183436,3517,2016-03-07,Health & Bio,Europe,United Kingdom,-1,0,exact_unique,control_funded,0.17305985308281077,,1,Q2,7+,round_history_only,2025-2026
"Adoreal, Inc.",adoreal,0,capitaliq_below_1b_matched_control,2025-10-27,,Mercor.io Corporation,control_date_only,10,2025,Post-2021,1,1,1,6000000.0,15.607270193858982,6000000.0,15.607270193858982,36410000.0,36410000.0,0,0,0.027378507871321,10,2025-10-17,Unknown,Unknown,,-1,0,unmatched,unmatched,0.0010043859649122805,,1,Q3,0-1,round_history_only,2025-2026
AiPrise Inc.,aiprise,0,capitaliq_below_1b_matched_control,2025-10-28,,"Fireworks.ai, Inc.",control_date_only,20,2025,Post-2021,1,1,1,12500000.0,16.341239282272525,12500000.0,16.341239282272525,31310000.0,31310000.0,4,4,0.054757015742642,20,2025-10-08,Fintech,Unknown,,-1,0,exact_unique,control_accelerator,0.006757912237774937,,1,Q3,0-1,round_history_only,2025-2026
"Breathe Technologies, Inc.",breathe,0,capitaliq_below_1b_matched_control,2025-11-03,,"Hippocratic AI, Inc.",control_industry_continent,3728,2025,Post-2021,2,1,2,6350000.0,15.663965528349175,6250000.0,15.648092181712572,85820000.0,85820000.0,1,1,10.206707734428472,2923,2017-11-02,Health & Bio,North America,United States,2005,1,exact_unique,control_funded,0.262864294510018,≤2009,2,Q3,7+,round+founding+master,2025-2026
"Breethe, Inc.",breethe,0,capitaliq_below_1b_matched_control,2025-11-04,,"Tala Health, LLC",control_industry_continent,3710,2025,Post-2021,5,1,5,19710000.0,16.79663672986457,8000000.0,15.894952224644102,27460000.0,27460000.0,0,0,10.157426420260096,2307,2019-07-12,Health & Bio,North America,United States,2014,1,exact_unique,control_funded,0.22284082744673034,2010-14,3+,Q4,7+,round+founding+master,2025-2026
"Igneous Systems, Inc.",igneoussystems,0,capitaliq_below_1b_matched_control,2025-11-06,,"Metropolis Technologies, Inc.",control_industry_continent,4420,2025,Post-2021,1,1,1,3000000.0,14.914123179965662,3000000.0,14.914123179965662,3000000.0,3000000.0,2,2,12.101300479123887,4420,2013-09-30,AI & Data,North America,United States,-1,0,exact_unique,control_funded,0.21880999767506024,,1,Q2,7+,round_history_only,2025-2026
1507655 B.C. Ltd.,1507655bc,0,capitaliq_below_1b_matched_control,2025-11-10,,"Colony Labs, Inc.",control_date_only,9,2025,Post-2021,1,1,1,27000.0,10.203629181337648,27000.0,10.203629181337648,116000.0,116000.0,0,0,0.0246406570841889,9,2025-11-01,Unknown,Unknown,,-1,0,unmatched,unmatched,6.674294431731502e-06,,1,Q2,0-1,round_history_only,2025-2026
"AcceleraME, Inc",accelerame,0,capitaliq_below_1b_matched_control,2025-11-10,,"Gamma Tech, Inc.",control_date_only,12,2025,Post-2021,1,1,1,1580000.0,14.272936037914342,1580000.0,14.272936037914342,14760000.0,14760000.0,0,0,0.0328542094455852,12,2025-10-29,Unknown,Unknown,,-1,0,unmatched,unmatched,6.674294431731502e-06,,1,Q2,0-1,round_history_only,2025-2026
"AccessGrid, Inc.",accessgrid,0,capitaliq_below_1b_matched_control,2025-11-11,,"Elliot Technologies, Inc.",control_date_only,8,2025,Post-2021,1,1,1,5880000.0,15.587067489942822,5880000.0,15.587067489942822,6590000.0,6590000.0,7,7,0.0219028062970568,8,2025-11-03,Unknown,Unknown,,-1,0,unmatched,unmatched,1.004129779873487e-05,,1,Q3,0-1,round_history_only,2025-2026
"HireVue, Inc.",hirevue,0,capitaliq_below_1b_matched_control,2025-11-12,,"d-Matrix, Inc.",control_industry_continent,4823,2025,Post-2021,3,1,3,87730000.0,18.289774485503177,45000000.0,17.622173069956816,218360000.0,218360000.0,8,6,13.204654346338124,3816,2015-06-02,Enterprise Software,North America,United States,2004,1,exact_unique,control_funded,0.5254265465376738,≤2009,3+,Q4,7+,round+founding+master,2025-2026
"Kony, Inc.",kony,0,capitaliq_below_1b_matched_control,2025-11-12,,"Octane Lending, Inc.",control_industry_continent,4929,2025,Post-2021,1,1,1,15000000.0,16.52356082573315,15000000.0,16.52356082573315,203500000.0,203500000.0,1,1,13.494866529774129,4929,2012-05-15,Fintech,North America,United States,2007,1,exact_unique,soonicorn_proxy,0.5092864793110902,≤2009,1,Q4,7+,round+founding+master,2025-2026
AirTap AI Inc.,airtapai,0,capitaliq_below_1b_matched_control,2025-11-16,,Flatpay ApS,control_date_only,26,2025,Post-2021,1,1,1,12000000.0,16.300417291085605,12000000.0,16.300417291085605,12000000.0,12000000.0,0,0,0.0711841204654346,26,2025-10-21,Unknown,Unknown,,-1,0,unmatched,unmatched,2.288329519450801e-06,,1,Q3,0-1,round_history_only,2025-2026
Hivemapper Inc.,hivemapper,0,capitaliq_below_1b_matched_control,2025-11-19,,"Suno, Inc.",control_industry_continent,3667,2025,Post-2021,1,1,1,3000000.0,14.914123179965662,3000000.0,14.914123179965662,5370000.0,5370000.0,7,7,10.039698836413416,3667,2015-11-05,Enterprise Software,North America,United States,2014,1,exact_unique,control_funded,0.19869176545736625,2010-14,1,Q2,7+,round+founding+master,2025-2026
"Agentio, Inc.",agentio,0,capitaliq_below_1b_matched_control,2025-11-20,,Castelion Corporation,control_date_only,2,2025,Post-2021,1,1,1,40000000.0,17.50439003707821,40000000.0,17.50439003707821,340000000.0,340000000.0,6,6,0.0054757015742642,2,2025-11-18,Unknown,Unknown,,-1,0,unmatched,unmatched,0.005559523809523809,,1,Q4,0-1,round_history_only,2025-2026
"AIScientists, Inc.",aiscientists,0,capitaliq_below_1b_matched_control,2025-11-20,,Eros Innovation Technologies Ltd,control_date_only,34,2025,Post-2021,1,1,1,5000000.0,15.424948670398354,5000000.0,15.424948670398354,5000000.0,5000000.0,0,0,0.0930869267624914,34,2025-10-17,Unknown,Unknown,,-1,0,unmatched,unmatched,6.674294431731502e-06,,1,Q3,0-1,round_history_only,2025-2026
Alebund Pharmaceuticals (Jiangsu) Limited (SEHK:9637),alebundpharmaceuticalsjiangsusehk9637,0,capitaliq_below_1b_matched_control,2025-11-21,,"Shenzhen Zhuoyu Technology Co., Ltd.",control_date_only,29,2025,Post-2021,1,1,1,47040000.0,17.666508882813147,47040000.0,17.666508882813147,530600000.0,530600000.0,4,4,0.0793976728268309,29,2025-10-23,Unknown,Unknown,,-1,0,unmatched,unmatched,0.12041953188309754,,1,Q4,0-1,round_history_only,2025-2026
Able Digital Wellness Pty Ltd.,abledigitalwellnesspty,0,capitaliq_below_1b_matched_control,2025-11-25,,Concordance Inc.,control_date_only,4,2025,Post-2021,1,1,1,258000.0,12.460718739865236,258000.0,12.460718739865236,1870000.0,1870000.0,1,1,0.0109514031485284,4,2025-11-21,Unknown,Unknown,,-1,0,unmatched,unmatched,1.004129779873487e-05,,1,Q2,0-1,round_history_only,2025-2026
Aditya Birla Capital Digital Limited,adityabirlacapitaldigital,0,capitaliq_below_1b_matched_control,2025-11-27,,Quantum-Systems GmbH,control_date_only,3,2025,Post-2021,1,1,1,4490000.0,15.317363482435562,4490000.0,15.317363482435562,4490000.0,4490000.0,1,1,0.0082135523613963,3,2025-11-24,Unknown,Unknown,,-1,0,unmatched,unmatched,1.004129779873487e-05,,1,Q3,0-1,round_history_only,2025-2026
"Alec's Ice Cream, Inc.",alecsicecream,0,capitaliq_below_1b_matched_control,2025-11-30,,"Shanghai Sudu Technology Co., Ltd.",control_date_only,53,2025,Post-2021,1,1,1,11000000.0,16.213405921671733,11000000.0,16.213405921671733,34920000.0,34920000.0,4,4,0.1451060917180013,53,2025-10-08,Unknown,Unknown,,-1,0,unmatched,unmatched,3.743855807270747e-05,,1,Q3,0-1,round_history_only,2025-2026
4Divinity Pte. Ltd.,4divinitypte,0,capitaliq_below_1b_matched_control,2025-12-03,,Brevo SAS,control_date_only,1,2025,Post-2021,1,1,1,3000000.0,14.914123179965662,3000000.0,14.914123179965662,250000000.0,250000000.0,1,1,0.0027378507871321,1,2025-12-02,Unknown,Unknown,,-1,0,unmatched,unmatched,0.03649025974025973,,1,Q2,0-1,round_history_only,2025-2026
"7AI, Inc.",7ai,0,capitaliq_below_1b_matched_control,2025-12-03,,"MGT Impact Solutions, LLC",control_date_only,1,2025,Post-2021,1,1,1,130000000.0,18.683045016112164,130000000.0,18.683045016112164,700000000.0,700000000.0,5,5,0.0027378507871321,1,2025-12-02,Unknown,Unknown,,-1,0,unmatched,unmatched,0.19948869202692754,,1,Q4,0-1,round_history_only,2025-2026
"Adcities, Inc.",adcities,0,capitaliq_below_1b_matched_control,2025-12-03,,Vulcan Energie Ressourcen GmbH,control_date_only,2,2025,Post-2021,1,1,1,3490000.0,15.06541258071152,3490000.0,15.06541258071152,6300000.0,6300000.0,3,3,0.0054757015742642,2,2025-12-01,Unknown,Unknown,,-1,0,unmatched,unmatched,1.004129779873487e-05,,1,Q3,0-1,round_history_only,2025-2026
"Addis Energy, Inc.",addisenergy,0,capitaliq_below_1b_matched_control,2025-12-05,,ICEYE Oy,control_date_only,1,2025,Post-2021,1,1,1,8410000.0,15.944932150855188,8410000.0,15.944932150855188,8410000.0,8410000.0,3,3,0.0027378507871321,1,2025-12-04,Unknown,Unknown,,-1,0,unmatched,unmatched,1.004129779873487e-05,,1,Q3,0-1,round_history_only,2025-2026
Alleviate Health Inc.,alleviatehealth,0,capitaliq_below_1b_matched_control,2025-12-08,,"Unconventional, Inc.",control_date_only,56,2025,Post-2021,1,1,1,4310000.0,15.276448694098464,4310000.0,15.276448694098464,4310000.0,4310000.0,3,3,0.1533196440793976,56,2025-10-13,Unknown,Unknown,,-1,0,unmatched,unmatched,1.004129779873487e-05,,1,Q3,0-1,round_history_only,2025-2026
"Parade, Inc.",parade,0,capitaliq_below_1b_matched_control,2025-12-09,,"Boom Technology, Inc.",control_industry_continent,1531,2025,Post-2021,1,1,1,20000000.0,16.811242881518265,20000000.0,16.811242881518265,140000000.0,140000000.0,1,1,4.191649555099247,1531,2021-09-30,Hardware & Industrials,North America,United States,2005,1,exact_unique,control_funded,0.32613915361714196,≤2009,1,Q4,3-7,round+founding+master,2025-2026
"Larky, Inc.",larky,0,capitaliq_below_1b_matched_control,2025-12-11,,"Esusu, Inc.",control_industry_continent,4903,2025,Post-2021,2,1,2,2120000.0,14.566927118346197,1420000.0,14.166168133802548,17050000.0,17050000.0,4,3,13.423682409308691,1003,2023-03-14,Fintech,North America,United States,2012,1,exact_unique,control_funded,0.1336494975859154,2010-14,2,Q2,7+,round+founding+master,2025-2026
"AIR Platforms, Inc.",airplatforms,0,capitaliq_below_1b_matched_control,2025-12-12,,Loop AI Labs Inc.,control_date_only,1,2025,Post-2021,1,1,1,6100000.0,15.623799493077952,6100000.0,15.623799493077952,7390000.0,7390000.0,2,2,0.0027378507871321,1,2025-12-11,Unknown,Unknown,,-1,0,unmatched,unmatched,1.004129779873487e-05,,1,Q3,0-1,round_history_only,2025-2026
Humanity Inc.,humanity,0,capitaliq_below_1b_matched_control,2025-12-15,,"Chai Discovery, Inc.",control_industry_continent,1943,2025,Post-2021,1,1,1,2500000.0,14.731801689838347,2500000.0,14.731801689838347,2500000.0,2500000.0,1,1,5.319644079397673,1943,2020-08-20,Enterprise Software,North America,United States,2014,1,exact_unique,control_funded,0.07764590190044086,2010-14,1,Q2,3-7,round+founding+master,2025-2026
"Agitated Solutions, Inc.",agitatedsolutions,0,capitaliq_below_1b_matched_control,2025-12-17,,"Imprint Payments, Inc.",control_date_only,1,2025,Post-2021,1,1,1,13790000.0,16.439454322285798,13790000.0,16.439454322285798,24230000.0,24230000.0,2,2,0.0027378507871321,1,2025-12-16,Unknown,Unknown,,-1,0,unmatched,unmatched,5.655332886454168e-06,,1,Q3,0-1,round_history_only,2025-2026
Alliance Group Limited,alliance,0,capitaliq_below_1b_matched_control,2025-12-17,,"Radiant Industries, Inc.",control_date_only,16,2025,Post-2021,1,1,1,154880000.0,18.858161187949158,154880000.0,18.858161187949158,238270000.0,238270000.0,1,1,0.0438056125941136,16,2025-12-01,Unknown,Unknown,,-1,0,unmatched,unmatched,0.2683401350283707,,1,Q4,0-1,round_history_only,2025-2026
AllWin Corporation,allwin,0,capitaliq_below_1b_matched_control,2025-12-18,,"Nirvana Tech, Inc.",control_date_only,52,2025,Post-2021,1,1,1,5000000.0,15.424948670398354,5000000.0,15.424948670398354,8310000.000000001,8310000.000000001,3,3,0.1423682409308692,52,2025-10-27,Unknown,Unknown,,-1,0,unmatched,unmatched,1.004129779873487e-05,,1,Q3,0-1,round_history_only,2025-2026
Alpha Fintech Private Limited,alphafintechprivate,0,capitaliq_below_1b_matched_control,2025-12-19,,"Skims Body, Inc.",control_date_only,94,2025,Post-2021,1,1,1,28400000.0,17.1618997383427,28400000.0,17.1618997383427,187450000.0,187450000.0,0,0,0.2573579739904175,94,2025-09-16,Unknown,Unknown,,-1,0,unmatched,unmatched,0.3993697119614947,,1,Q4,0-1,round_history_only,2025-2026
"Alume Biosciences, Inc.",alumebiosciences,0,capitaliq_below_1b_matched_control,2025-12-22,,"Erebor Bank, National Association",control_date_only,1077,2025,Post-2021,1,1,1,13000000.0,16.380459992348886,13000000.0,16.380459992348886,88340000.0,88340000.0,0,0,2.948665297741273,1077,2023-01-10,Unknown,Unknown,,-1,0,unmatched,unmatched,0.44736738365791057,,1,Q3,1-3,round_history_only,2025-2026
Alusid Ltd,alusid,0,capitaliq_below_1b_matched_control,2025-12-22,,"Tulip Interfaces, Inc.",control_date_only,700,2025,Post-2021,2,1,2,2109000.0,14.561724933619168,1440000.0,14.180154365996389,13380000.0,13380000.0,5,5,1.9164955509924708,7,2025-12-15,Unknown,Unknown,,-1,0,unmatched,unmatched,0.06112940953596157,,2,Q2,1-3,round_history_only,2025-2026
Alyf Proptech Private Limited,alyfproptechprivate,0,capitaliq_below_1b_matched_control,2025-12-23,,I-care SRL,control_date_only,1190,2025,Post-2021,1,1,1,1410000.0,14.159100971573958,1410000.0,14.159100971573958,10330000.0,10330000.0,1,1,3.2580424366872007,1190,2022-09-20,Unknown,Unknown,,-1,0,unmatched,unmatched,0.09127394944518888,,1,Q2,3-7,round_history_only,2025-2026
Amber Electric Pty Ltd,amberelectricpty,0,capitaliq_below_1b_matched_control,2025-12-25,,"Deepal Automobile Technology Co., Ltd.",control_date_only,1158,2025,Post-2021,1,1,1,21060000.0,16.862886112153483,21060000.0,16.862886112153483,84230000.0,84230000.0,3,3,3.170431211498973,1158,2022-10-24,Unknown,Unknown,,-1,0,unmatched,unmatched,0.5201737530602951,,1,Q4,3-7,round_history_only,2025-2026
"Lawnmower, Inc.",lawnmower,0,capitaliq_below_1b_matched_control,2025-12-29,,Kraken Technologies Limited,control_industry_continent,3449,2025,Post-2021,1,1,1,20000.0,9.90353755128617,20000.0,9.90353755128617,333000.0,333000.0,1,1,9.442847364818617,3449,2016-07-20,Fintech,North America,United States,2015,1,exact_unique,control_funded,0.15025963007583856,2015-18,1,Q2,7+,round+founding+master,2025-2026
Accelsius Holdings LLC,accelsius,0,capitaliq_below_1b_matched_control,2025-12-31,,"Guangdong Microcapacitor Electronics Technology Co., Ltd.",control_date_only,2,2025,Post-2021,1,1,1,65000000.0,17.989897843244528,65000000.0,17.989897843244528,665000000.0,665000000.0,2,2,0.0054757015742642,2,2025-12-29,Unknown,Unknown,,-1,0,unmatched,unmatched,0.005365440115440116,,1,Q4,0-1,round_history_only,2025-2026
"Ambient Biosciences, Inc.",ambientbiosciences,0,capitaliq_below_1b_matched_control,2025-12-31,,Semi-tech,control_date_only,993,2025,Post-2021,1,1,1,9150000.0,16.029264546541317,9150000.0,16.029264546541317,22440000.0,22440000.0,0,0,2.7186858316221767,993,2023-04-13,Unknown,Unknown,,-1,0,unmatched,unmatched,0.26879686610386433,,1,Q3,1-3,round_history_only,2025-2026
"Amboss Technologies, Inc.",amboss,0,capitaliq_below_1b_matched_control,2025-12-31,,Vivix.ai,control_date_only,981,2025,Post-2021,1,1,1,4000000.0,15.201805169084134,4000000.0,15.201805169084134,5420000.0,5420000.0,5,5,2.6858316221765914,981,2023-04-25,Unknown,Unknown,,-1,0,unmatched,unmatched,0.2216784480712818,,1,Q3,1-3,round_history_only,2025-2026
Amedex Assurance Company,amedexassurance,0,capitaliq_below_1b_matched_control,2026-01-06,,"Arena Intelligence, Inc.",control_date_only,959,2026,Post-2021,1,1,1,14690000.0,16.502677616223576,14690000.0,16.502677616223576,22720000.0,22720000.0,0,0,2.625598904859685,959,2023-05-23,Unknown,Unknown,,-1,0,unmatched,unmatched,0.33237720943646565,,1,Q4,1-3,round_history_only,2025-2026
Amenities Health Inc.,amenitieshealth,0,capitaliq_below_1b_matched_control,2026-01-07,,INOX Clean Energy Limited,control_date_only,841,2026,Post-2021,1,1,1,10000000.0,16.118095750958314,10000000.0,16.118095750958314,13790000.0,13790000.0,2,2,2.302532511978097,841,2023-09-19,Unknown,Unknown,,-1,0,unmatched,unmatched,0.2921186845580632,,1,Q3,1-3,round_history_only,2025-2026
American Labs,american,0,capitaliq_below_1b_matched_control,2026-01-07,,"Zhejiang Qiangnao Technology Co., Ltd.",control_date_only,324,2026,Post-2021,1,1,1,124000.0,11.728044909070784,124000.0,11.728044909070784,3120000.0,3120000.0,0,0,0.8870636550308009,324,2025-02-17,Unknown,Unknown,,-1,0,unmatched,unmatched,0.03002490447442239,,1,Q2,0-1,round_history_only,2025-2026
"Hypori, Inc.",hypori,0,capitaliq_below_1b_matched_control,2026-01-08,,"Pomelo Care, Inc.",control_industry_continent,3278,2026,Post-2021,1,1,1,6600000.0,15.702580358511794,6600000.0,15.702580358511794,280260000.0,280260000.0,0,0,8.974674880219029,3278,2017-01-17,Enterprise Software,North America,United States,2012,1,exact_unique,control_funded,0.5773858825251259,2010-14,1,Q3,7+,round+founding+master,2025-2026
American AI Logistics Inc.,americanailogistics,0,capitaliq_below_1b_matched_control,2026-01-09,,"Signify Holdings, Inc.",control_date_only,190,2026,Post-2021,1,1,1,5660000.0,15.548934626857797,5660000.0,15.548934626857797,6570000.0,6570000.0,0,0,0.5201916495550992,190,2025-07-03,Unknown,Unknown,,-1,0,unmatched,unmatched,0.0001400076277650648,,1,Q3,0-1,round_history_only,2025-2026
Flip Technology Corporation,flip,0,capitaliq_below_1b_matched_control,2026-01-11,,Torq Technologies Ltd.,control_industry_continent,795,2026,Post-2021,1,1,1,6500000.0,15.687312888712007,6500000.0,15.687312888712007,8810000.0,8810000.0,3,3,2.1765913757700206,795,2023-11-08,Enterprise Software,Asia,India,2014,1,exact_unique,control_funded,0.22516835061095664,2010-14,1,Q3,1-3,round+founding+master,2025-2026
"American Battery Factory, Inc.",americanbatteryfactory,0,capitaliq_below_1b_matched_control,2026-01-12,,Harmattan AI SAS,control_date_only,875,2026,Post-2021,1,1,1,11740000.0,16.278512457543098,11740000.0,16.278512457543098,11740000.0,11740000.0,2,2,2.3956194387405887,875,2023-08-21,Unknown,Unknown,,-1,0,unmatched,unmatched,0.339022496813229,,1,Q3,1-3,round_history_only,2025-2026
Indico Data Solutions Inc.,indicodatasolutions,0,capitaliq_below_1b_matched_control,2026-01-13,,"Deepgram, Inc.",control_industry_continent,4086,2026,Post-2021,4,1,4,12730000.0,16.359472049088183,4100000.0,15.226497775576943,19090000.0,19090000.0,6,4,11.186858316221766,2426,2019-05-24,AI & Data,North America,United States,2013,1,exact_unique,control_funded,0.21943722179027741,2010-14,3+,Q3,7+,round+founding+master,2025-2026
American Stories Entertainment Inc.,americanstoriesentertainment,0,capitaliq_below_1b_matched_control,2026-01-13,,"Etched.ai, Inc.",control_date_only,929,2026,Post-2021,1,1,1,251000.0,12.433212202169727,251000.0,12.433212202169727,28660000.0,28660000.0,0,0,2.543463381245722,929,2023-06-29,Unknown,Unknown,,-1,0,unmatched,unmatched,0.08319731861602028,,1,Q2,1-3,round_history_only,2025-2026
"American Weekend Entertainment, Inc.",americanweekendentertainment,0,capitaliq_below_1b_matched_control,2026-01-13,,"Wasabi Holding, Inc.",control_date_only,655,2026,Post-2021,1,1,1,12000.0,9.39274525863144,12000.0,9.39274525863144,10020000.0,10020000.0,0,0,1.7932922655715264,655,2024-03-29,Unknown,Unknown,,-1,0,unmatched,unmatched,0.0592577552453408,,1,Q2,1-3,round_history_only,2025-2026
Ameyam Enterprise Private Limited,ameyamenterpriseprivate,0,capitaliq_below_1b_matched_control,2026-01-14,,"AlpacaDB, Inc.",control_date_only,1125,2026,Post-2021,1,1,1,36980000.0,17.4258878109649,36980000.0,17.4258878109649,160900000.0,160900000.0,5,5,3.080082135523614,1125,2022-12-16,Unknown,Unknown,,-1,0,unmatched,unmatched,0.7341443912444883,,1,Q4,3-7,round_history_only,2025-2026
Ami Cole Inc.,amicole,0,capitaliq_below_1b_matched_control,2026-01-14,,osapiens Services GmbH,control_date_only,1217,2026,Post-2021,1,1,1,2150000.0,14.580978865220017,2150000.0,14.580978865220017,4990000.0,4990000.0,0,0,3.3319644079397674,1217,2022-09-15,Unknown,Unknown,,-1,0,unmatched,unmatched,0.09950404316218278,,1,Q2,3-7,round_history_only,2025-2026
Preemadonna Inc.,preemadonna,0,capitaliq_below_1b_matched_control,2026-01-14,,"Skild AI, Inc.",control_industry_continent,1814,2026,Post-2021,1,1,1,5600000.0,15.53827733427679,5600000.0,15.53827733427679,7820000.0,7820000.0,10,10,4.966461327857632,1814,2021-01-26,Hardware & Industrials,North America,United States,2013,1,exact_unique,control_funded,0.28695328338846204,2010-14,1,Q3,3-7,round+founding+master,2025-2026
"Amide Technologies, Inc.",amide,0,capitaliq_below_1b_matched_control,2026-01-14,,"webAI, Inc.",control_date_only,898,2026,Post-2021,1,1,1,7500000.0,15.830413711839864,7500000.0,15.830413711839864,90630000.0,90630000.0,2,2,2.458590006844627,898,2023-07-31,Unknown,Unknown,,-1,0,unmatched,unmatched,0.43226162037508936,,1,Q3,1-3,round_history_only,2025-2026
"Igor, Inc.",igor,0,capitaliq_below_1b_matched_control,2026-01-15,,Higgsfield Inc.,control_industry_continent,3282,2026,Post-2021,1,1,1,5380000.0,15.498199118011556,5380000.0,15.498199118011556,17000000.0,17000000.0,1,1,8.985626283367557,3282,2017-01-20,Enterprise Software,North America,United States,2013,1,exact_unique,control_funded,0.203340459444667,2010-14,1,Q3,7+,round+founding+master,2025-2026
AminoChain Inc.,aminochain,0,capitaliq_below_1b_matched_control,2026-01-15,,Parloa GmbH,control_date_only,503,2026,Post-2021,1,1,1,5000000.0,15.424948670398354,5000000.0,15.424948670398354,11310000.0,11310000.0,9,9,1.377138945927447,503,2024-08-30,Unknown,Unknown,,-1,0,unmatched,unmatched,0.20458920540935538,,1,Q3,1-3,round_history_only,2025-2026
Aeromotors,aeromotors,0,capitaliq_below_1b_matched_control,2026-01-20,,"BrightInsight, Inc.",control_date_only,3,2026,Post-2021,1,1,1,550000.0,13.21767537538882,550000.0,13.21767537538882,10000000.0,10000000.0,1,1,0.0082135523613963,3,2026-01-17,Unknown,Unknown,,-1,0,unmatched,unmatched,1.004129779873487e-05,,1,Q2,0-1,round_history_only,2025-2026
"Antenna, Inc.",antenna,0,capitaliq_below_1b_matched_control,2026-01-20,,"humans& ai, inc.",control_continent,1875,2026,Post-2021,2,1,2,14350000.0,16.47926056985631,10150000.0,16.132984361974234,22450000.0,22450000.0,6,5,5.13347022587269,1425,2022-02-25,Media & Entertainment,Other,,-1,0,exact_unique,control_funded,0.34974724758912074,,2,Q4,3-7,round_history_only,2025-2026
Illumitex Inc.,illumitex,0,capitaliq_below_1b_matched_control,2026-01-21,,"Preply, Inc.",control_industry_continent,2947,2026,Post-2021,1,1,1,7000000.0,15.76142084987672,7000000.0,15.76142084987672,7180000.0,7180000.0,2,2,8.068446269678303,2947,2017-12-27,Enterprise Software,North America,United States,2005,1,exact_unique,control_funded,0.2874455042370228,≤2009,1,Q3,7+,round+founding+master,2025-2026
Ads3,ads3,0,capitaliq_below_1b_matched_control,2026-01-23,,Balaji Wafers Pvt. Ltd.,control_date_only,1,2026,Post-2021,1,1,0,0.0,0.0,0.0,0.0,60000000.0,60000000.0,1,1,0.0027378507871321,1,2026-01-22,Unknown,Unknown,,-1,0,unmatched,unmatched,0.0011387358742621903,,1,Q2,0-1,round_history_only,2025-2026
"AiStrike, Inc.",aistrike,0,capitaliq_below_1b_matched_control,2026-01-23,,Juspay Technologies Private Limited,control_date_only,2,2026,Post-2021,1,1,1,7000000.0,15.76142084987672,7000000.0,15.76142084987672,7150000.0,7150000.0,3,3,0.0054757015742642,2,2026-01-21,Unknown,Unknown,,-1,0,unmatched,unmatched,1.004129779873487e-05,,1,Q3,0-1,round_history_only,2025-2026
"Proto Holdings, Inc.",proto,0,capitaliq_below_1b_matched_control,2026-01-26,,"Ricursive Intelligence, Inc.",control_industry_continent,2181,2026,Post-2021,2,1,2,10260000.0,16.14376349517278,7260000.0,15.797890524542016,3000000.0,8000000.0,1,1,5.971252566735113,1915,2020-10-29,Hardware & Industrials,North America,United States,1999,1,exact_unique,control_funded,0.2551963683736485,≤2009,2,Q3,3-7,round+founding+master,2025-2026
Aloe E-Cell Private Limited,aloeecellprivate,0,capitaliq_below_1b_matched_control,2026-01-26,,"Upwind Security, Inc.",control_date_only,9,2026,Post-2021,1,1,1,276000.0,12.52815976788113,276000.0,12.52815976788113,6620000.0,6620000.0,0,0,0.0246406570841889,9,2026-01-17,Unknown,Unknown,,-1,0,unmatched,unmatched,6.674294431731502e-06,,1,Q2,0-1,round_history_only,2025-2026
Amlogenyx Inc.,amlogenyx,0,capitaliq_below_1b_matched_control,2026-01-28,,"Decagon AI, Inc.",control_date_only,544,2026,Post-2021,1,1,1,14000000.0,16.454567959008102,14000000.0,16.454567959008102,14000000.0,14000000.0,2,2,1.4893908281998631,544,2024-08-02,Unknown,Unknown,,-1,0,unmatched,unmatched,0.2749912736032575,,1,Q4,1-3,round_history_only,2025-2026
Amo,amo,0,capitaliq_below_1b_matched_control,2026-01-28,,Waabi Innovation Inc.,control_date_only,1065,2026,Post-2021,1,1,1,19110000.0,16.765722368545077,19110000.0,16.765722368545077,106160000.0,106160000.0,3,3,2.915811088295688,1065,2023-02-28,Unknown,Unknown,,-1,0,unmatched,unmatched,0.5281423368000666,,1,Q4,1-3,round_history_only,2025-2026
"Agrani Labs, Inc.",agrani,0,capitaliq_below_1b_matched_control,2026-01-29,,"Talos Global, Inc.",control_date_only,1,2026,Post-2021,1,1,1,8100000.0,15.90737474309945,8100000.0,15.90737474309945,29160000.0,29160000.0,1,1,0.0027378507871321,1,2026-01-28,Unknown,Unknown,,-1,0,unmatched,unmatched,1.004129779873487e-05,,1,Q3,0-1,round_history_only,2025-2026
"Ampcontrol Technologies, Inc.",ampcontrol,0,capitaliq_below_1b_matched_control,2026-01-30,,Advanced Machine Intelligence SAS,control_date_only,919,2026,Post-2021,1,1,1,10000000.0,16.118095750958314,10000000.0,16.118095750958314,22690000.0,22690000.0,3,3,2.516084873374401,919,2023-07-26,Unknown,Unknown,,-1,0,unmatched,unmatched,0.3227797792611761,,1,Q3,1-3,round_history_only,2025-2026
Amp Energy C&I Twenty Seven Private Limited,ampenergycitwentysevenprivate,0,capitaliq_below_1b_matched_control,2026-01-31,,General Intuition US Inc.,control_date_only,435,2026,Post-2021,1,1,1,586000.0,13.281076775042337,586000.0,13.281076775042337,2250000.0,2250000.0,1,1,1.1909650924024642,435,2024-11-22,Unknown,Unknown,,-1,0,unmatched,unmatched,0.05733389222580911,,1,Q2,1-3,round_history_only,2025-2026
"Ampersand Biomedicines, Inc.",ampersandbiomedicines,0,capitaliq_below_1b_matched_control,2026-02-02,,GoodLife Fitness Centres Inc.,control_date_only,320,2026,Post-2021,1,1,1,65000000.0,17.989897843244528,65000000.0,17.989897843244528,334520000.0,334520000.0,2,2,0.8761122518822724,320,2025-03-19,Unknown,Unknown,,-1,0,unmatched,unmatched,0.9524202132864229,,1,Q4,0-1,round_history_only,2025-2026
AMPIN C&I Power Twenty Private Limited,ampincipowertwentyprivate,0,capitaliq_below_1b_matched_control,2026-02-03,,"Skyryse, Inc.",control_date_only,186,2026,Post-2021,1,1,0,0.0,0.0,0.0,0.0,1000.0,1000.0,1,1,0.5092402464065708,186,2025-08-01,Unknown,Unknown,,-1,0,unmatched,unmatched,0.14682178461357312,,1,Q2,0-1,round_history_only,2025-2026
QC Labs,qc,0,capitaliq_below_1b_matched_control,2026-02-04,,Bedrock Robotics Inc.,control_industry_continent,3065,2026,Post-2021,1,1,1,1000000.0,13.815511557963774,1000000.0,13.815511557963774,1000000.0,1000000.0,0,0,8.39151266255989,3065,2017-09-14,Hardware & Industrials,North America,United States,1971,1,exact_unique,control_funded,0.06967416232351867,≤2009,1,Q2,7+,round+founding+master,2025-2026
Airrived Inc.,airrived,0,capitaliq_below_1b_matched_control,2026-02-04,,Eleven Labs Inc.,control_date_only,1,2026,Post-2021,1,1,1,6150000.0,15.631962802384312,6150000.0,15.631962802384312,6440000.0,6440000.0,4,4,0.0027378507871321,1,2026-02-03,Unknown,Unknown,,-1,0,unmatched,unmatched,1.004129779873487e-05,,1,Q3,0-1,round_history_only,2025-2026
"Angle Health, Inc.",anglehealth,0,capitaliq_below_1b_matched_control,2026-02-05,,"Anchor Labs, Inc.",control_industry,64,2026,Post-2021,1,1,1,134000000.0,18.71335036537787,134000000.0,18.71335036537787,586480000.0,586480000.0,8,8,0.1752224503764544,64,2025-12-03,Fintech,Unknown,,-1,0,exact_unique,control_accelerator,0.5201962597937763,,1,Q4,0-1,round_history_only,2025-2026
ALT DRX Private Limited,altdrxprivate,0,capitaliq_below_1b_matched_control,2026-02-05,,"Goodfire AI, Inc.",control_date_only,2,2026,Post-2021,1,1,1,665000.0,13.407543823396258,665000.0,13.407543823396258,47470000.0,47470000.0,1,1,0.0054757015742642,2,2026-02-03,Unknown,Unknown,,-1,0,unmatched,unmatched,6.929142981774562e-05,,1,Q2,0-1,round_history_only,2025-2026
Ampivo Smart Technologies Private Limited,ampivosmartprivate,0,capitaliq_below_1b_matched_control,2026-02-10,,"Garner Health Technology, Inc.",control_date_only,490,2026,Post-2021,1,1,1,179000.0,12.095146671399466,179000.0,12.095146671399466,8900000.0,8900000.0,1,1,1.3415468856947297,490,2024-10-08,Unknown,Unknown,,-1,0,unmatched,unmatched,0.06038915381579786,,1,Q2,1-3,round_history_only,2025-2026
"Cascade Labs, Inc.",cascade,0,capitaliq_below_1b_matched_control,2026-02-10,,"Stoke Space Technologies, Inc.",control_industry,1554,2026,Post-2021,1,1,1,5280000.0,15.479436845076366,5280000.0,15.479436845076366,5280000.0,5280000.0,3,3,4.254620123203286,1554,2021-11-09,Hardware & Industrials,Europe,United Kingdom,2003,1,exact_unique,control_funded,0.2660533235666293,≤2009,1,Q3,3-7,round+founding+master,2025-2026
"American Prime Sustainable Solutions, Inc.",americanprimesustainablesolutions,0,capitaliq_below_1b_matched_control,2026-02-11,,"Apptronik, Inc.",control_date_only,1,2026,Post-2021,1,1,1,600000.0,13.304686600863562,600000.0,13.304686600863562,623000.0,623000.0,2,2,0.0027378507871321,1,2026-02-10,Unknown,Unknown,,-1,0,unmatched,unmatched,1.004129779873487e-05,,1,Q2,0-1,round_history_only,2025-2026
"Amplifica Holdings Group, Inc.",amplifica,0,capitaliq_below_1b_matched_control,2026-02-11,,"Galaxea (Beijing) Artificial Intelligence Technology Co., Ltd.",control_date_only,1206,2026,Post-2021,1,1,1,11800000.0,16.283610174181653,11800000.0,16.283610174181653,23500000.0,23500000.0,1,1,3.3018480492813143,1206,2022-10-24,Unknown,Unknown,,-1,0,unmatched,unmatched,0.3454450473187873,,1,Q3,3-7,round_history_only,2025-2026
Adora Software Pty Ltd,adorasoftwarepty,0,capitaliq_below_1b_matched_control,2026-02-12,,"Linkerbot (Beijing) Technology Co., Ltd.",control_date_only,1,2026,Post-2021,1,1,1,7050000.0,15.768538316632412,7050000.0,15.768538316632412,46270000.0,46270000.0,5,5,0.0027378507871321,1,2026-02-11,Unknown,Unknown,,-1,0,unmatched,unmatched,0.00029151365203996783,,1,Q3,0-1,round_history_only,2025-2026
"Amplified Industries, Inc.",amplifiedindustries,0,capitaliq_below_1b_matched_control,2026-02-13,,SKD SE,control_date_only,899,2026,Post-2021,1,1,1,10000000.0,16.118095750958314,10000000.0,16.118095750958314,38000000.0,38000000.0,2,2,2.461327857631759,899,2023-08-29,Unknown,Unknown,,-1,0,unmatched,unmatched,0.3623567069523358,,1,Q3,1-3,round_history_only,2025-2026
"Amplifier, Inc.",amplifier,0,capitaliq_below_1b_matched_control,2026-02-17,,"Render Services, Inc.",control_date_only,251,2026,Post-2021,1,1,1,8320000.0,15.934172932989693,8320000.0,15.934172932989693,9090000.0,9090000.0,3,3,0.6872005475701575,251,2025-06-11,Unknown,Unknown,,-1,0,unmatched,unmatched,0.011929402981349502,,1,Q3,0-1,round_history_only,2025-2026
"Amplifi Vascular, Inc.",amplifivascular,0,capitaliq_below_1b_matched_control,2026-02-19,,"Code Metal, Inc.",control_date_only,133,2026,Post-2021,1,1,1,6900000.0,15.747032114495012,6900000.0,15.747032114495012,33400000.0,33400000.0,0,0,0.3641341546885694,133,2025-10-09,Unknown,Unknown,,-1,0,unmatched,unmatched,0.0006257219134793505,,1,Q3,0-1,round_history_only,2025-2026
Agaton Technologies AB,agatonab,0,capitaliq_below_1b_matched_control,2026-02-21,,Kinda Smart Inc.,control_date_only,2,2026,Post-2021,1,1,1,9920000.0,16.110063580067504,9920000.0,16.110063580067504,44100000.0,44100000.0,4,4,0.0054757015742642,2,2026-02-19,Unknown,Unknown,,-1,0,unmatched,unmatched,0.0003189109123139404,,1,Q3,0-1,round_history_only,2025-2026
Aizy B.v.,aizybv,0,capitaliq_below_1b_matched_control,2026-02-22,,"Qianxun Intelligent (Hangzhou) Technology Co., Ltd.",control_date_only,3,2026,Post-2021,1,1,1,2350000.0,14.669926311652166,2350000.0,14.669926311652166,25890000.0,25890000.0,0,0,0.0082135523613963,3,2026-02-19,Unknown,Unknown,,-1,0,unmatched,unmatched,6.674294431731502e-06,,1,Q2,0-1,round_history_only,2025-2026
"Amplifyer Bio, Inc.",amplifyerbio,0,capitaliq_below_1b_matched_control,2026-02-23,,"Aalyria Technologies, Inc.",control_date_only,500,2026,Post-2021,1,1,1,7080000.0,15.77278460691283,7080000.0,15.77278460691283,15990000.0,15990000.0,0,0,1.3689253935660506,500,2024-10-11,Unknown,Unknown,,-1,0,unmatched,unmatched,0.18128626130030928,,1,Q3,1-3,round_history_only,2025-2026
"Amplio Supply Chain, Inc.",ampliosupplychain,0,capitaliq_below_1b_matched_control,2026-02-23,,"Zhipingfang (Shenzhen) Technology Co., Ltd.",control_date_only,1182,2026,Post-2021,1,1,1,6000000.0,15.607270193858982,6000000.0,15.607270193858982,6000000.0,6000000.0,6,6,3.236139630390144,1182,2022-11-29,Unknown,Unknown,,-1,0,unmatched,unmatched,0.4158886061727764,,1,Q3,3-7,round_history_only,2025-2026
EZBob Ltd.,ezbob,0,capitaliq_below_1b_matched_control,2026-02-24,,Allica Bank Limited,control_industry_continent,2952,2026,Post-2021,1,1,1,21420000.0,16.879835669669216,21420000.0,16.879835669669216,142790000.0,142790000.0,1,1,8.082135523613964,2952,2018-01-25,Fintech,Europe,United Kingdom,2011,1,exact_unique,control_funded,0.34206735876774547,2010-14,1,Q4,7+,round+founding+master,2025-2026
"Amplitude Vascular Systems, Inc.",amplitudevascularsystems,0,capitaliq_below_1b_matched_control,2026-02-24,,"Essex Labs, Inc.",control_date_only,392,2026,Post-2021,1,1,1,36000000.0,17.399029524198163,36000000.0,17.399029524198163,149390000.0,149390000.0,0,0,1.0732375085557837,392,2025-01-28,Unknown,Unknown,,-1,0,unmatched,unmatched,0.5532774438551923,,1,Q4,1-3,round_history_only,2025-2026
Imagine Communications Group Ltd.,imaginecommunications,0,capitaliq_below_1b_matched_control,2026-02-25,,"Whop, Inc.",control_industry_continent,2704,2026,Post-2021,1,1,1,138890000.0,18.749192818092343,138890000.0,18.749192818092343,277220000.0,277220000.0,2,2,7.403148528405202,2704,2018-10-01,Enterprise Software,North America,United States,2005,1,exact_unique,control_funded,0.6233802424064866,≤2009,1,Q4,7+,round+founding+master,2025-2026
"Abram Scientific, Inc",abramscientific,0,capitaliq_below_1b_matched_control,2026-02-26,,Einride AB (NasdaqGM:ENRD),control_date_only,2,2026,Post-2021,1,1,1,11750000.0,16.27936388366082,11750000.0,16.27936388366082,16070000.0,16070000.0,2,2,0.0054757015742642,2,2026-02-24,Unknown,Unknown,,-1,0,unmatched,unmatched,5.655332886454168e-06,,1,Q3,0-1,round_history_only,2025-2026
Amplus Ampere Private Limited,amplusampereprivate,0,capitaliq_below_1b_matched_control,2026-02-28,,"Qingtao (Kunshan) Energy Development Co., Ltd.",control_date_only,183,2026,Post-2021,1,1,1,200000.0,12.206077645517674,200000.0,12.206077645517674,6400000.0,6400000.0,1,1,0.5010266940451745,183,2025-08-29,Unknown,Unknown,,-1,0,unmatched,unmatched,0.0001433746311320682,,1,Q2,0-1,round_history_only,2025-2026
Amplus Energy Solutions Pte Ltd.,amplusenergysolutionspte,0,capitaliq_below_1b_matched_control,2026-02-28,,XTransfer Limited,control_date_only,575,2026,Post-2021,1,1,1,513000.0,13.148033073468746,513000.0,13.148033073468746,1970000.0,1970000.0,1,1,1.5742642026009583,575,2024-08-02,Unknown,Unknown,,-1,0,unmatched,unmatched,0.05792071792602114,,1,Q2,1-3,round_history_only,2025-2026
"Amprion, Inc.",amprion,0,capitaliq_below_1b_matched_control,2026-02-28,,Yusheng Holdings Limited,control_date_only,507,2026,Post-2021,1,1,1,6000000.0,15.607270193858982,6000000.0,15.607270193858982,40770000.0,40770000.0,2,2,1.3880903490759753,507,2024-10-09,Unknown,Unknown,,-1,0,unmatched,unmatched,0.26788578444849775,,1,Q3,1-3,round_history_only,2025-2026
"Rachio, Inc.",rachio,0,capitaliq_below_1b_matched_control,2026-03-02,,"Ayar Labs, Inc.",control_industry_continent,2904,2026,Post-2021,1,1,1,10000000.0,16.118095750958314,10000000.0,16.118095750958314,39280000.0,39280000.0,3,3,7.950718685831622,2904,2018-03-20,Hardware & Industrials,North America,United States,2012,1,exact_unique,control_funded,0.27220698562602413,2010-14,1,Q3,7+,round+founding+master,2025-2026
Imagry Inc.,imagry,0,capitaliq_below_1b_matched_control,2026-03-02,,"WorkOS, Inc.",control_industry_continent,3131,2026,Post-2021,2,1,2,18350000.0,16.725140186960765,12250000.0,16.32103657658766,67780000.0,67780000.0,1,1,8.572210814510608,1249,2022-09-30,Enterprise Software,North America,United States,-1,0,exact_unique,control_funded,0.3893729640763221,,2,Q4,7+,round_history_only,2025-2026
Amun-Ra Ventures Inc.,amunraventures,0,capitaliq_below_1b_matched_control,2026-03-03,,"Grow Care, Inc.",control_date_only,1158,2026,Post-2021,1,1,1,11410000.0,16.250000809480674,11410000.0,16.250000809480674,45000000.0,45000000.0,0,0,3.170431211498973,1158,2022-12-31,Unknown,Unknown,,-1,0,unmatched,unmatched,0.3846468327171444,,1,Q3,3-7,round_history_only,2025-2026
"Anada, Inc.",anada,0,capitaliq_below_1b_matched_control,2026-03-04,,"Eight Sleep, Inc.",control_date_only,985,2026,Post-2021,1,1,1,2220000.0,14.613018204298813,2220000.0,14.613018204298813,13330000.0,13330000.0,0,0,2.69678302532512,985,2023-06-23,Unknown,Unknown,,-1,0,unmatched,unmatched,0.07476587807394039,,1,Q2,1-3,round_history_only,2025-2026
ANAFLASH Inc.,anaflash,0,capitaliq_below_1b_matched_control,2026-03-04,,Pasqal SAS,control_date_only,323,2026,Post-2021,1,1,1,7150000.0,15.78262305453032,7150000.0,15.78262305453032,12750000.0,12750000.0,0,0,0.8843258042436687,323,2025-04-15,Unknown,Unknown,,-1,0,unmatched,unmatched,0.09968432896263077,,1,Q3,0-1,round_history_only,2025-2026
"Analog Financial, Inc.",analogfinancial,0,capitaliq_below_1b_matched_control,2026-03-05,,"Anhui Shenji Technology Co., Ltd.",control_date_only,302,2026,Post-2021,1,1,1,4180000.0,15.24582204373536,4180000.0,15.24582204373536,4180000.0,4180000.0,0,0,0.8268309377138946,302,2025-05-07,Unknown,Unknown,,-1,0,unmatched,unmatched,0.04287324427631221,,1,Q3,0-1,round_history_only,2025-2026
Analog One Corporation,analogone,0,capitaliq_below_1b_matched_control,2026-03-05,,"Beijing Robot Era Technology Co., Ltd.",control_date_only,752,2026,Post-2021,2,1,2,21000000.0,16.860033043306743,16000000.0,16.588099342704055,300000000.0,300000000.0,13,11,2.0588637919233403,402,2025-01-27,Unknown,Unknown,,-1,0,unmatched,unmatched,0.8587119612689573,,2,Q4,1-3,round_history_only,2025-2026
Analytica Ensino Ltda.,analyticaensinoltda,0,capitaliq_below_1b_matched_control,2026-03-05,,Neura Robotics GmbH,control_date_only,735,2026,Post-2021,1,1,1,804000.0,13.597355791941425,804000.0,13.597355791941425,8039999.999999999,8039999.999999999,1,1,2.0123203285420943,735,2024-02-29,Unknown,Unknown,,-1,0,unmatched,unmatched,0.06327993651750782,,1,Q2,1-3,round_history_only,2025-2026
Blue Onion Labs Inc.,blueonion,0,capitaliq_below_1b_matched_control,2026-03-05,,OKX Technology Inc.,control_industry,323,2026,Post-2021,1,1,1,10000000.0,16.118095750958314,10000000.0,16.118095750958314,21950000.0,21950000.0,5,5,0.8843258042436687,323,2025-04-16,Fintech,Unknown,,-1,0,exact_unique,control_accelerator,0.14999873887088166,,1,Q3,0-1,round_history_only,2025-2026
Bright.md Inc.,brightmd,0,capitaliq_below_1b_matched_control,2026-03-05,,Science Corporation,control_industry_continent,3138,2026,Post-2021,1,1,1,8780000.0,15.987987079506508,8780000.0,15.987987079506508,23860000.0,23860000.0,2,2,8.591375770020534,3138,2017-08-01,Health & Bio,North America,United States,2014,1,exact_unique,control_funded,0.2596598483180633,2010-14,1,Q3,7+,round+founding+master,2025-2026
"Analytical AI, Inc.",analyticalai,0,capitaliq_below_1b_matched_control,2026-03-06,,"Calterah Semiconductor Technology (Shanghai) Co., Ltd.",control_date_only,1184,2026,Post-2021,1,1,1,1530000.0,14.240778946963175,1530000.0,14.240778946963175,1720000.0,1720000.0,0,0,3.241615331964408,1184,2022-12-08,Unknown,Unknown,,-1,0,unmatched,unmatched,0.09287192004197471,,1,Q2,3-7,round_history_only,2025-2026
"Anatomic Global, Inc.",anatomicglobal,0,capitaliq_below_1b_matched_control,2026-03-06,,"PaXini Technology (Shenzhen) Co., Ltd.",control_date_only,1242,2026,Post-2021,1,1,1,24000.0,10.085850775128716,24000.0,10.085850775128716,2510000.0,2510000.0,0,0,3.40041067761807,1242,2022-10-11,Unknown,Unknown,,-1,0,unmatched,unmatched,0.08008838614274316,,1,Q2,3-7,round_history_only,2025-2026
"Andes Ag, Inc.",andesag,0,capitaliq_below_1b_matched_control,2026-03-09,,NScale Global Holdings Limited,control_date_only,1089,2026,Post-2021,1,1,1,15000000.0,16.52356082573315,15000000.0,16.52356082573315,45570000.0,45570000.0,3,3,2.9815195071868583,1089,2023-03-16,Unknown,Unknown,,-1,0,unmatched,unmatched,0.48145802305974333,,1,Q4,1-3,round_history_only,2025-2026
Andres Industries AG,andresindustriesag,0,capitaliq_below_1b_matched_control,2026-03-10,,Nexthop Systems Inc.,control_date_only,224,2026,Post-2021,1,1,1,1270000.0,14.05452824583604,1270000.0,14.05452824583604,12680000.0,12680000.0,1,1,0.6132785763175906,224,2025-07-29,Unknown,Unknown,,-1,0,unmatched,unmatched,0.0016941981497743403,,1,Q2,0-1,round_history_only,2025-2026
"Rhombus Energy Solutions, Inc.",rhombusenergysolutions,0,capitaliq_below_1b_matched_control,2026-03-10,,Rhoda AI Corporation,control_industry_continent,4003,2026,Post-2021,1,1,1,2800000.0,14.845130332288226,2800000.0,14.845130332288226,2830000.0,2830000.0,1,1,10.959616700889802,4003,2015-03-25,Hardware & Industrials,North America,United States,2012,1,exact_unique,control_funded,0.10049632182183253,2010-14,1,Q2,7+,round+founding+master,2025-2026
Andromeda Robotics Inc.,andromedarobotics,0,capitaliq_below_1b_matched_control,2026-03-11,,Entrepreneur First Operations Limited,control_date_only,183,2026,Post-2021,1,1,1,15160000.0,16.53417100414156,15160000.0,16.53417100414156,100000000.0,100000000.0,9,9,0.5010266940451745,183,2025-09-09,Unknown,Unknown,,-1,0,unmatched,unmatched,0.02425878849725565,,1,Q4,0-1,round_history_only,2025-2026
Andson Biotech Inc.,andsonbiotech,0,capitaliq_below_1b_matched_control,2026-03-11,,"Mind Robotics, Inc.",control_date_only,140,2026,Post-2021,1,1,1,4740000.0,15.371547904641702,4740000.0,15.371547904641702,9960000.0,9960000.0,0,0,0.3832991101984941,140,2025-10-22,Health & Bio,Unknown,,-1,0,exact_unique,control_accelerator,0.0001400076277650648,,1,Q3,0-1,round_history_only,2025-2026
"Anetac, Inc.",anetac,0,capitaliq_below_1b_matched_control,2026-03-12,,"Axiom Quant, Inc.",control_date_only,1072,2026,Post-2021,1,1,1,5270000.0,15.477541110270847,5270000.0,15.477541110270847,5270000.0,5270000.0,0,0,2.9349760438056127,1072,2023-04-05,Unknown,Unknown,,-1,0,unmatched,unmatched,0.264818597055301,,1,Q3,1-3,round_history_only,2025-2026
Angel AI Company,angelai,0,capitaliq_below_1b_matched_control,2026-03-12,,Sunday Robotics Inc.,control_date_only,553,2026,Post-2021,1,1,1,5850000.0,15.581952390148196,5850000.0,15.581952390148196,6570000.0,6570000.0,5,5,1.514031485284052,553,2024-09-05,Unknown,Unknown,,-1,0,unmatched,unmatched,0.2748958507558365,,1,Q3,1-3,round_history_only,2025-2026
"AngelEye Health, Inc.",angeleyehealth,0,capitaliq_below_1b_matched_control,2026-03-12,,Wonderful Systems Ltd.,control_date_only,93,2026,Post-2021,1,1,1,9000000.0,16.012735246411598,9000000.0,16.012735246411598,43650000.0,43650000.0,2,2,0.2546201232032854,93,2025-12-09,Unknown,Unknown,,-1,0,unmatched,unmatched,0.0003189109123139404,,1,Q3,0-1,round_history_only,2025-2026
"RightHand Robotics, Inc.",righthandrobotics,0,capitaliq_below_1b_matched_control,2026-03-16,,"Frore Systems, Inc.",control_industry_continent,3813,2026,Post-2021,2,1,2,26220000.0,17.08203307443865,23000000.0,16.951004817371683,71110000.0,71110000.0,5,5,10.439425051334702,2646,2018-12-17,Hardware & Industrials,North America,United States,-1,0,exact_unique,control_funded,0.46779891537166346,,2,Q4,7+,round_history_only,2025-2026
"AgelessRx, Inc.",agelessrx,0,capitaliq_below_1b_matched_control,2026-03-18,,Andromeda AI Inc.,control_date_only,1,2026,Post-2021,1,1,1,5470000.0,15.514789357213504,5470000.0,15.514789357213504,29510000.0,29510000.0,0,0,0.0027378507871321,1,2026-03-17,Unknown,Unknown,,-1,0,unmatched,unmatched,6.674294431731502e-06,,1,Q3,0-1,round_history_only,2025-2026
Advanced Navigation Pty. Ltd.,advancednavigationpty,0,capitaliq_below_1b_matched_control,2026-03-20,,"Gansu Rural Commercial Bank Co., Ltd.",control_date_only,2,2026,Post-2021,1,1,1,111940000.0,18.533473580360845,111940000.0,18.533473580360845,708490000.0,708490000.0,8,8,0.0054757015742642,2,2026-03-18,Unknown,Unknown,,-1,0,unmatched,unmatched,0.08450010283833814,,1,Q4,0-1,round_history_only,2025-2026
"Almanac Health, Inc.",almanachealth,0,capitaliq_below_1b_matched_control,2026-03-20,,Neo Investment Value Advisors Private Limited,control_date_only,4,2026,Post-2021,1,1,1,11850000.0,16.287838509933596,11850000.0,16.287838509933596,24260000.0,24260000.0,3,3,0.0109514031485284,4,2026-03-16,Unknown,Unknown,,-1,0,unmatched,unmatched,5.655332886454168e-06,,1,Q3,0-1,round_history_only,2025-2026
"Anhui COWIS Intelligence Technology Co., LTD.",anhuicowisintelligence,0,capitaliq_below_1b_matched_control,2026-03-23,,Halter USA LLC,control_date_only,3505,2026,Post-2021,1,1,1,2710000.0,14.812459561859503,2710000.0,14.812459561859503,11760000.0,11760000.0,2,2,9.596167008898014,3505,2016-08-17,Unknown,Unknown,,-1,0,unmatched,unmatched,0.2586471362245523,,1,Q2,7+,round_history_only,2025-2026
"Anhui EVS Green Energy Tech Co., Ltd.",anhuievsgreenenergytech,0,capitaliq_below_1b_matched_control,2026-03-25,,"Granola, Inc.",control_date_only,3744,2026,Post-2021,1,1,1,8660000.0,15.974225396012052,8660000.0,15.974225396012052,16990000.0,16990000.0,1,1,10.250513347022586,3744,2015-12-24,Unknown,Unknown,,-1,0,unmatched,unmatched,0.39205854194126233,,1,Q3,7+,round_history_only,2025-2026
"Anhui Guangyuan Technology Development Co., Ltd.",anhuiguangyuandevelopment,0,capitaliq_below_1b_matched_control,2026-03-25,,"PDW Holdings, Inc.",control_date_only,3898,2026,Post-2021,1,1,1,16100000.000000002,16.59432989206649,16100000.000000002,16.59432989206649,29280000.0,29280000.0,1,1,10.67214236824093,3898,2015-07-23,Unknown,Unknown,,-1,0,unmatched,unmatched,0.4271435769057276,,1,Q4,7+,round_history_only,2025-2026
Cardiac Insight Inc.,cardiacinsight,0,capitaliq_below_1b_matched_control,2026-03-26,,"eMed, LLC",control_industry_continent,4613,2026,Post-2021,3,1,3,22060000.0,16.909276617120547,10000000.0,16.118095750958314,15960000.0,51890000.0,1,1,12.629705681040384,2235,2020-02-11,Health & Bio,North America,United States,2008,1,exact_unique,control_funded,0.22259695162075446,≤2009,3+,Q4,7+,round+founding+master,2025-2026
"Airbase Intelligence, Inc.",airbaseintelligence,0,capitaliq_below_1b_matched_control,2026-03-27,,Nordic Knots AB,control_date_only,2,2026,Post-2021,1,1,1,5000000.0,15.424948670398354,5000000.0,15.424948670398354,7140000.0,7140000.0,3,3,0.0054757015742642,2,2026-03-25,Unknown,Unknown,,-1,0,unmatched,unmatched,1.004129779873487e-05,,1,Q3,0-1,round_history_only,2025-2026
"Anhui GVB Renewable Energy Technology Co., Ltd.",anhuigvbrenewableenergy,0,capitaliq_below_1b_matched_control,2026-03-29,,Georgian Partners Growth L.P.,control_date_only,3149,2026,Post-2021,1,1,1,86000.0,11.362114203075018,86000.0,11.362114203075018,1580000.0,1580000.0,1,1,8.621492128678987,3149,2017-08-14,Unknown,Unknown,,-1,0,unmatched,unmatched,0.1930448297862265,,1,Q2,7+,round_history_only,2025-2026
Rooibee Red Tea Co.,rooibeeredtea,0,capitaliq_below_1b_matched_control,2026-03-30,,"Starcloud, Inc.",control_industry_continent,3258,2026,Post-2021,1,1,1,1500000.0,14.220976332738882,1500000.0,14.220976332738882,2000000.0,2000000.0,0,0,8.919917864476385,3258,2017-04-28,Hardware & Industrials,North America,United States,2008,1,exact_unique,control_funded,0.09054920732852084,≤2009,1,Q2,7+,round+founding+master,2025-2026
"Anhui Huaye Special Materials Co., Ltd.",anhuihuayespecialmaterials,0,capitaliq_below_1b_matched_control,2026-03-31,,9fin Limited,control_date_only,1224,2026,Post-2021,1,1,1,4190000.000000001,15.248211530561775,4190000.000000001,15.248211530561775,13960000.0,13960000.0,1,1,3.351129363449692,1224,2022-11-23,Unknown,Unknown,,-1,0,unmatched,unmatched,0.19068180848373883,,1,Q3,3-7,round_history_only,2025-2026
"Anhui ImLincs Co., Ltd",anhuiimlincs,0,capitaliq_below_1b_matched_control,2026-03-31,,Keyrock BVBA,control_date_only,1699,2026,Post-2021,1,1,1,1020000.0,13.83531416565213,1020000.0,13.83531416565213,29790000.0,29790000.0,1,1,4.65160848733744,1699,2021-08-05,Unknown,Unknown,,-1,0,unmatched,unmatched,0.1345393780900781,,1,Q2,3-7,round_history_only,2025-2026
"Saphlux, Inc.",saphlux,0,capitaliq_below_1b_matched_control,2026-03-31,,"Saronic Technologies, Inc.",control_industry_continent,3316,2026,Post-2021,1,1,1,5000000.0,15.424948670398354,5000000.0,15.424948670398354,9320000.0,9320000.0,2,2,9.078713210130047,3316,2017-03-02,Hardware & Industrials,North America,United States,2014,1,exact_unique,control_funded,0.21446259810973492,2010-14,1,Q3,7+,round+founding+master,2025-2026
"Anhui Mojia Zhichuang Robotics Technology Co., Ltd",anhuimojiazhichuangrobotics,0,capitaliq_below_1b_matched_control,2026-03-31,,"Shandong Aiko Solar Technology Co., Ltd",control_date_only,83,2026,Post-2021,1,1,1,5000000.0,15.424948670398354,5000000.0,15.424948670398354,357320000.0,357320000.0,6,6,0.2272416153319644,83,2026-01-07,Unknown,Unknown,,-1,0,unmatched,unmatched,0.3567665932695021,,1,Q3,0-1,round_history_only,2025-2026
"CardioDx, Inc.",cardiodx,0,capitaliq_below_1b_matched_control,2026-03-31,,"WHOOP, Inc.",control_industry_continent,5443,2026,Post-2021,3,1,3,161220000.0,18.898280456022437,68200000.0,18.037955137476448,145280000.0,191680000.0,15,13,14.902121834360027,4121,2014-12-18,Health & Bio,North America,United States,2004,1,exact_unique,soonicorn_proxy,0.5265327406119548,≤2009,3+,Q4,7+,round+founding+master,2025-2026
"Savioke, Inc.",savioke,0,capitaliq_below_1b_matched_control,2026-04-01,,Valar Atomics Inc.,control_industry_continent,2834,2026,Post-2021,1,1,1,13400000.0,16.410765339548004,13400000.0,16.410765339548004,41230000.0,41230000.0,4,4,7.759069130732375,2834,2018-06-28,Hardware & Industrials,North America,United States,2013,1,exact_unique,control_funded,0.32200782313765053,2010-14,1,Q3,7+,round+founding+master,2025-2026
"23 Broadway Marketing, Inc.",23broadwaymarketing,0,capitaliq_below_1b_matched_control,2026-04-01,,ViiV Healthcare Limited,control_date_only,1,2026,Post-2021,1,1,1,3280000.0,15.003354285238329,3280000.0,15.003354285238329,5500000.0,5500000.0,0,0,0.0027378507871321,1,2026-03-31,Unknown,Unknown,,-1,0,unmatched,unmatched,6.674294431731502e-06,,1,Q3,0-1,round_history_only,2025-2026
"InContext Solutions, Inc.",incontextsolutions,0,capitaliq_below_1b_matched_control,2026-04-08,,"Applied Compute, Inc.",control_industry_continent,1924,2026,Post-2021,1,1,0,0.0,0.0,0.0,0.0,10000000.0,10000000.0,1,1,5.2676249144421625,1924,2020-12-31,Enterprise Software,North America,United States,2009,1,exact_unique,control_funded,0.06148244885121937,≤2009,1,Q2,3-7,round+founding+master,2025-2026
Accelerated Cloud Storage Corporation,acceleratedcloudstorage,0,capitaliq_below_1b_matched_control,2026-04-08,,Finnovation Tech Solutions Private Limited,control_date_only,2,2026,Post-2021,1,1,1,3860000.0,15.166178000508337,3860000.0,15.166178000508337,4730000.0,4730000.0,0,0,0.0054757015742642,2,2026-04-06,Unknown,Unknown,,-1,0,unmatched,unmatched,6.674294431731502e-06,,1,Q3,0-1,round_history_only,2025-2026
"Ancilia Biosciences, Inc.",anciliabiosciences,0,capitaliq_below_1b_matched_control,2026-04-09,,"Shenzhen EngineAI Robotics Technology Co., Ltd.",control_date_only,3,2026,Post-2021,1,1,1,10080000.0,16.12606391981384,10080000.0,16.12606391981384,10080000.0,10080000.0,0,0,0.0082135523613963,3,2026-04-06,Unknown,Unknown,,-1,0,unmatched,unmatched,3.4071554705704106e-05,,1,Q3,0-1,round_history_only,2025-2026
AfterQuery,afterquery,0,capitaliq_below_1b_matched_control,2026-04-10,,"Beijing Shengshu Technology Co., Ltd.",control_date_only,1,2026,Post-2021,1,1,1,30000000.0,17.216707972959764,30000000.0,17.216707972959764,300000000.0,300000000.0,4,4,0.0027378507871321,1,2026-04-09,Other / Unknown,Unknown,,-1,0,exact_unique,control_accelerator,0.013602886002886004,,1,Q4,0-1,round_history_only,2025-2026
"Anhui Ningci Electronic Technology Co., Ltd.",anhuiningcielectronic,0,capitaliq_below_1b_matched_control,2026-04-15,,"Alloy Therapeutics, Inc.",control_date_only,1692,2026,Post-2021,1,1,1,17610000.0,16.683977537258304,17610000.0,16.683977537258304,23480000.0,23480000.0,1,1,4.632443531827516,1692,2021-08-27,Unknown,Unknown,,-1,0,unmatched,unmatched,0.3445326764357314,,1,Q4,3-7,round_history_only,2025-2026
"Anhui Nuandu Technology Development Co., Ltd.",anhuinuandudevelopment,0,capitaliq_below_1b_matched_control,2026-04-15,,"Shanghai Tashi Zhihang Technology Co., Ltd.",control_date_only,742,2026,Post-2021,1,1,1,2760000.0,14.830741600012107,2760000.0,14.830741600012107,27650000.0,27650000.0,0,0,2.0314852840520192,742,2024-04-03,Unknown,Unknown,,-1,0,unmatched,unmatched,0.08637838063236455,,1,Q2,1-3,round_history_only,2025-2026
Index Group,index,0,capitaliq_below_1b_matched_control,2026-04-16,,"Resolve AI, Inc.",control_industry_continent,3676,2026,Post-2021,1,1,1,120000.0,11.695255355062796,120000.0,11.695255355062796,1710000.0,1710000.0,1,1,10.064339493497604,3676,2016-03-23,Enterprise Software,North America,United States,2012,1,exact_unique,control_funded,0.09843225995517622,2010-14,1,Q2,7+,round+founding+master,2025-2026
"Anhui Ofilm Intelligent Vehicle Technology Co., Ltd.",anhuiofilmintelligentvehicle,0,capitaliq_below_1b_matched_control,2026-04-16,,"Slash Financial, Inc.",control_date_only,889,2026,Post-2021,1,1,1,137300000.0,18.73767887802152,137300000.0,18.73767887802152,488440000.0,488440000.0,1,1,2.433949349760438,889,2023-11-09,Unknown,Unknown,,-1,0,unmatched,unmatched,0.9304402122152516,,1,Q4,1-3,round_history_only,2025-2026
"Anhui Ruituo Electronics Co., Ltd.",anhuiruituoelectronics,0,capitaliq_below_1b_matched_control,2026-04-17,,Aditya Birla Housing Finance Limited,control_date_only,352,2026,Post-2021,1,1,1,6880000.0,15.744129355258352,6880000.0,15.744129355258352,39220000.0,39220000.0,2,2,0.9637234770704995,352,2025-04-30,Unknown,Unknown,,-1,0,unmatched,unmatched,0.26007202084238495,,1,Q3,0-1,round_history_only,2025-2026
"Anhui Weiyu Medical Equipment Technology Co., Ltd.",anhuiweiyumedicalequipment,0,capitaliq_below_1b_matched_control,2026-04-17,,"Aerojet Rocketdyne Holdings, Inc.",control_date_only,1642,2026,Post-2021,1,1,1,9330000.0,16.048745680004657,9330000.0,16.048745680004657,30950000.0,30950000.0,1,1,4.495550992470911,1642,2021-10-18,Unknown,Unknown,,-1,0,unmatched,unmatched,0.3230604940209187,,1,Q3,3-7,round_history_only,2025-2026
"Anhui Xinhuakun Biotechnology Co., Ltd.",anhuixinhuakunbiotechnology,0,capitaliq_below_1b_matched_control,2026-04-17,,"Chengdu Guoxing Aerospace Technology Co., Ltd.",control_date_only,3816,2026,Post-2021,1,1,1,3150000.0,14.962913328262085,3150000.0,14.962913328262085,19900000.0,19900000.0,3,3,10.4476386036961,3816,2015-11-05,Unknown,Unknown,,-1,0,unmatched,unmatched,0.29832081828640333,,1,Q3,7+,round_history_only,2025-2026
"Anhui Yingliu Group Huoshan Casting Co., Ltd.",anhuiyingliuhuoshancasting,0,capitaliq_below_1b_matched_control,2026-04-20,,"Hangzhou Sunrise Intelligent Technology Co., Ltd.",control_date_only,3510,2026,Post-2021,1,1,1,33240000.000000004,17.31926455803576,33240000.000000004,17.31926455803576,89900000.0,89900000.0,1,1,9.609856262833675,3510,2016-09-09,Unknown,Unknown,,-1,0,unmatched,unmatched,0.6396631240178438,,1,Q4,7+,round_history_only,2025-2026
"Anhui Zhongfei Technology Co., Ltd",anhuizhongfei,0,capitaliq_below_1b_matched_control,2026-04-21,,"Beijing Infrawaves Technology Co., Ltd.",control_date_only,694,2026,Post-2021,1,1,1,110430000.0,18.519892403078824,110430000.0,18.519892403078824,469340000.0,469340000.0,1,1,1.9000684462696784,694,2024-05-27,Unknown,Unknown,,-1,0,unmatched,unmatched,0.9424776674470702,,1,Q4,1-3,round_history_only,2025-2026
"AcuityMD, Inc.",acuitymd,0,capitaliq_below_1b_matched_control,2026-04-23,,"Omni Analytics, Inc.",control_date_only,2,2026,Post-2021,1,1,1,80000000.0,18.197537205138158,80000000.0,18.197537205138158,955000000.0,955000000.0,5,5,0.0054757015742642,2,2026-04-21,Unknown,Unknown,,-1,0,unmatched,unmatched,0.012939249639249641,,1,Q4,0-1,round_history_only,2025-2026
"Anhui Zhongqian Construction Engineering Co., Ltd.",anhuizhongqianconstructionengineering,0,capitaliq_below_1b_matched_control,2026-04-23,,"Shanghai Heihu Network Technology Co., Ltd.",control_date_only,2949,2026,Post-2021,1,1,1,8289999.999999999,15.930560647738732,8289999.999999999,15.930560647738732,16250000.0,16250000.0,1,1,8.073921971252567,2949,2018-03-27,Unknown,Unknown,,-1,0,unmatched,unmatched,0.3929225427945172,,1,Q3,7+,round_history_only,2025-2026
"Anhui Zhongwei Photoelectric Material Co., Ltd.",anhuizhongweiphotoelectricmaterial,0,capitaliq_below_1b_matched_control,2026-04-23,,"Shenzhen Pudu Technology Co., Ltd.",control_date_only,4164,2026,Post-2021,1,1,1,11390000.0,16.248246423219673,11390000.0,16.248246423219673,16280000.000000002,16280000.000000002,1,1,11.40041067761807,4164,2014-11-28,Unknown,Unknown,,-1,0,unmatched,unmatched,0.4068261172641427,,1,Q3,7+,round_history_only,2025-2026
"Simple Mills, Inc.",simplemills,0,capitaliq_below_1b_matched_control,2026-04-23,,"Skydio, Inc.",control_industry_continent,2646,2026,Post-2021,1,1,1,3000000.0,14.914123179965662,3000000.0,14.914123179965662,89680000.0,89680000.0,0,0,7.24435318275154,2646,2019-01-24,Hardware & Industrials,North America,United States,2013,1,exact_unique,control_funded,0.1573565023616192,2010-14,1,Q2,7+,round+founding+master,2025-2026
"An Hung Housing Trading Co., Ltd.",anhunghousingtrading,0,capitaliq_below_1b_matched_control,2026-04-25,,Axis Finance Limited,control_date_only,3560,2026,Post-2021,1,1,1,224000.0,12.319405795112926,224000.0,12.319405795112926,897000.0,897000.0,1,1,9.74674880219028,3560,2016-07-26,Unknown,Unknown,,-1,0,unmatched,unmatched,0.20204715214981558,,1,Q2,7+,round_history_only,2025-2026
"Anifie, Inc.",anifie,0,capitaliq_below_1b_matched_control,2026-04-28,,Parallel Web Systems Inc.,control_date_only,2947,2026,Post-2021,1,1,1,774000.0,13.559328444560691,774000.0,13.559328444560691,894000.0,894000.0,0,0,8.068446269678303,2947,2018-04-03,Unknown,Unknown,,-1,0,unmatched,unmatched,0.18920191670344558,,1,Q2,7+,round_history_only,2025-2026
"Anima App, Inc.",animaapp,0,capitaliq_below_1b_matched_control,2026-04-28,,"True Anomaly, Inc.",control_date_only,2807,2026,Post-2021,1,1,1,120000.0,11.695255355062796,120000.0,11.695255355062796,1710000.0,1710000.0,1,1,7.685147159479809,2807,2018-08-21,Other / Unknown,Unknown,,-1,0,exact_unique,control_accelerator,0.19641953447652455,,1,Q2,7+,round_history_only,2025-2026
"Innerspace Labs, LLC",innerspace,0,capitaliq_below_1b_matched_control,2026-04-29,,"Rogo Technologies, Inc.",control_industry_continent,3906,2026,Post-2021,1,1,1,120000.0,11.695255355062796,120000.0,11.695255355062796,1710000.0,1710000.0,1,1,10.694045174537989,3906,2015-08-19,Enterprise Software,North America,Canada,2014,1,exact_unique,control_funded,0.09898021759649196,2010-14,1,Q2,7+,round+founding+master,2025-2026
Aaritya Broking Private Limited,aarityabrokingprivate,0,capitaliq_below_1b_matched_control,2026-04-30,,"Iterative Scopes, Inc.",control_date_only,1,2026,Post-2021,1,1,1,32930000.0,17.309894684719993,32930000.0,17.309894684719993,200000000.0,200000000.0,2,2,0.0027378507871321,1,2026-04-29,Unknown,Unknown,,-1,0,unmatched,unmatched,0.04686601176601177,,1,Q4,0-1,round_history_only,2025-2026
fluently ltd,fluently,0,capitaliq_below_1b_matched_control,2026-04-30,,"Legora, Inc.",control_industry_continent,3886,2026,Post-2021,1,1,1,15000.0,9.61587214452889,15000.0,9.61587214452889,192000.0,192000.0,1,1,10.639288158795344,3886,2015-09-09,Enterprise Software,Europe,United Kingdom,2015,1,exact_unique,control_funded,0.15069454131844212,2015-18,1,Q2,7+,round+founding+master,2025-2026
"Animacode, LLC",animacode,0,capitaliq_below_1b_matched_control,2026-04-30,,"Shanghai Oriental Computing Technology Co., Ltd.",control_date_only,2896,2026,Post-2021,1,1,1,23000.0,10.043292972227004,23000.0,10.043292972227004,225000.0,225000.0,1,1,7.928815879534565,2896,2018-05-26,Unknown,Unknown,,-1,0,unmatched,unmatched,0.18665016692266567,,1,Q2,7+,round_history_only,2025-2026
Animal Bioscience Inc.,animalbioscience,0,capitaliq_below_1b_matched_control,2026-04-30,,"Sunup Fusion (Shanghai) Technology Co., Ltd.",control_date_only,2043,2026,Post-2021,2,1,2,2334000.0,14.66309452027756,1700000.0,14.346139397261563,6260000.0,6260000.0,0,0,5.593429158110883,1574,2022-01-07,Unknown,Unknown,,-1,0,unmatched,unmatched,0.10173099793346087,,2,Q2,3-7,round_history_only,2025-2026
Animal Dynamics Limited,animaldynamics,0,capitaliq_below_1b_matched_control,2026-05-04,,GSR International Limited,control_date_only,3962,2026,Post-2021,1,1,1,118000.0,11.678448377988165,118000.0,11.678448377988165,3160000.0,3160000.0,3,3,10.847364818617386,3962,2015-06-29,Unknown,Unknown,,-1,0,unmatched,unmatched,0.2526160682427194,,1,Q2,7+,round_history_only,2025-2026
Animal ID,animalid,0,capitaliq_below_1b_matched_control,2026-05-04,,"The OpenAI Deployment Company, LLC",control_date_only,2362,2026,Post-2021,1,1,1,500000.0,13.122365377402328,500000.0,13.122365377402328,5000000.0,5000000.0,0,0,6.466803559206023,2362,2019-11-15,Unknown,Unknown,,-1,0,unmatched,unmatched,0.16295739650311708,,1,Q2,3-7,round_history_only,2025-2026
"Innovative Surgical Designs, Inc.",innovativesurgicaldesigns,0,capitaliq_below_1b_matched_control,2026-05-05,,"Blitzy, Inc.",control_industry_continent,4138,2026,Post-2021,2,1,2,6500000.0,15.687312888712007,6000000.0,15.607270193858982,5600000.0,6000000.0,0,0,11.329226557152635,3105,2017-11-03,Enterprise Software,North America,United States,2006,1,exact_unique,control_funded,0.2697589756683517,≤2009,2,Q3,7+,round+founding+master,2025-2026
Animall Technologies Pvt. Ltd.,animallpvt,0,capitaliq_below_1b_matched_control,2026-05-05,,Talisman AI Ltda.,control_date_only,1757,2026,Post-2021,1,1,1,13770000.0,16.438002943326477,13770000.0,16.438002943326477,75800000.0,75800000.0,6,6,4.810403832991102,1757,2021-07-13,Unknown,Unknown,,-1,0,unmatched,unmatched,0.49267103215030267,,1,Q3,3-7,round_history_only,2025-2026
Acadèmia.tv s.r.l.,academiatvsrl,0,capitaliq_below_1b_matched_control,2026-05-07,,Skyroot Aerospace Pvt. Ltd.,control_date_only,2,2026,Post-2021,1,1,1,585000.0,13.279368835614244,585000.0,13.279368835614244,11120000.0,11120000.0,0,0,0.0054757015742642,2,2026-05-05,Unknown,Unknown,,-1,0,unmatched,unmatched,6.674294431731502e-06,,1,Q2,0-1,round_history_only,2025-2026
AI KAT Limited,aikat,0,capitaliq_below_1b_matched_control,2026-05-12,,FLUIDSTACK LTD,control_date_only,5,2026,Post-2021,1,1,1,3000000.0,14.914123179965662,3000000.0,14.914123179965662,25000000.0,25000000.0,0,0,0.0136892539356605,5,2026-05-07,Unknown,Unknown,,-1,0,unmatched,unmatched,6.674294431731502e-06,,1,Q3,0-1,round_history_only,2025-2026
AI Library Inc.,ailibrary,0,capitaliq_below_1b_matched_control,2026-05-12,,"IMA Financial Group, Inc.",control_date_only,6,2026,Post-2021,1,1,1,560000.0,13.235693848424024,560000.0,13.235693848424024,7500000.0,7500000.0,0,0,0.0164271047227926,6,2026-05-06,Unknown,Unknown,,-1,0,unmatched,unmatched,6.674294431731502e-06,,1,Q2,0-1,round_history_only,2025-2026
"InsightSquared, Inc.",insightsquared,0,capitaliq_below_1b_matched_control,2026-05-12,,Photonic Inc.,control_industry_continent,4725,2026,Post-2021,1,1,1,8000000.0,15.894952224644102,8000000.0,15.894952224644102,37810000.0,37810000.0,2,2,12.936344969199178,4725,2013-06-04,Enterprise Software,North America,United States,2010,1,exact_unique,control_funded,0.2623803548651511,2010-14,1,Q3,7+,round+founding+master,2025-2026
"Animal Microbiome Analytics, Inc.",animalmicrobiomeanalytics,0,capitaliq_below_1b_matched_control,2026-05-13,,Beijing SemiDrive Technology Corporation,control_date_only,1471,2026,Post-2021,1,1,1,5540000.0,15.527505239228866,5540000.0,15.527505239228866,24210000.0,24210000.0,0,0,4.027378507871321,1471,2022-05-03,Unknown,Unknown,,-1,0,unmatched,unmatched,0.27753320602783865,,1,Q3,3-7,round_history_only,2025-2026
FundApps Ltd.,fundapps,0,capitaliq_below_1b_matched_control,2026-05-13,,Recursive Superintelligence Ltd.,control_industry_continent,302,2026,Post-2021,1,1,0,0.0,0.0,0.0,0.0,500000000.0,500000000.0,1,1,0.8268309377138946,302,2025-07-15,Enterprise Software,Europe,United Kingdom,2010,1,exact_unique,control_funded,0.7415486256367686,2010-14,1,Q2,0-1,round+founding+master,2025-2026
"Adelphi Technology, Inc.",adelphi,0,capitaliq_below_1b_matched_control,2026-05-15,,Nord Quantique Inc.,control_date_only,2,2026,Post-2021,1,1,1,2640000.0,14.786289853910306,2640000.0,14.786289853910306,5070000.0,5070000.0,0,0,0.0054757015742642,2,2026-05-13,Unknown,Unknown,,-1,0,unmatched,unmatched,6.674294431731502e-06,,1,Q2,0-1,round_history_only,2025-2026
SkyFront,skyfront,0,capitaliq_below_1b_matched_control,2026-05-18,,Gradiant Corporation,control_industry_continent,3903,2026,Post-2021,1,1,1,20000.0,9.90353755128617,20000.0,9.90353755128617,333000.0,333000.0,1,1,10.685831622176591,3903,2015-09-10,Hardware & Industrials,North America,United States,2014,1,exact_unique,control_funded,0.07795672680711506,2010-14,1,Q2,7+,round+founding+master,2025-2026
"Insticator, Inc.",insticator,0,capitaliq_below_1b_matched_control,2026-05-18,,"Sigma Computing, Inc.",control_industry_continent,3238,2026,Post-2021,1,1,1,5200000.0,15.46416937585933,5200000.0,15.46416937585933,17090000.0,17090000.0,2,2,8.865160848733744,3238,2017-07-06,Enterprise Software,North America,United States,2012,1,exact_unique,control_funded,0.21998135674251865,2010-14,1,Q3,7+,round+founding+master,2025-2026
"Animas Canyon, Inc.",animascanyon,0,capitaliq_below_1b_matched_control,2026-05-18,,The Tomorrow Companies Inc.,control_date_only,2321,2026,Post-2021,2,1,2,750000.0,13.527829818844936,500000.0,13.122365377402328,4180000.0,4180000.0,0,0,6.354551676933607,2210,2020-04-29,Unknown,Unknown,,-1,0,unmatched,unmatched,0.15774298587817653,,2,Q2,3-7,round_history_only,2025-2026
"Animated Insights, Inc.",animatedinsights,0,capitaliq_below_1b_matched_control,2026-05-19,,"Armada Systems, Inc.",control_date_only,1597,2026,Post-2021,1,1,1,3030000.0,14.9240735075185,3030000.0,14.9240735075185,4000000.0,4000000.0,0,0,4.372347707049966,1597,2022-01-03,Unknown,Unknown,,-1,0,unmatched,unmatched,0.10552350288079014,,1,Q3,3-7,round_history_only,2025-2026
Animo,animo,0,capitaliq_below_1b_matched_control,2026-05-19,,"Send Cut Send, Inc.",control_date_only,3071,2026,Post-2021,1,1,1,36000.0,10.491301994830229,36000.0,10.491301994830229,512000.0,512000.0,1,1,8.407939767282683,3071,2017-12-21,Unknown,Unknown,,-1,0,unmatched,unmatched,0.18665016692266567,,1,Q2,7+,round_history_only,2025-2026
"Animol Discovery, Inc.",animoldiscovery,0,capitaliq_below_1b_matched_control,2026-05-19,,"Shanghai Agilink Innovation Intelligent Technology Co., Ltd.",control_date_only,523,2026,Post-2021,1,1,1,4000000.0,15.201805169084134,4000000.0,15.201805169084134,83740000.0,83740000.0,0,0,1.431895961670089,523,2024-12-12,Unknown,Unknown,,-1,0,unmatched,unmatched,0.24158543731773127,,1,Q3,1-3,round_history_only,2025-2026
Animusoft Corporation,animusoft,0,capitaliq_below_1b_matched_control,2026-05-19,,"Vi Technologies, Inc.",control_date_only,3219,2026,Post-2021,1,1,1,1000000.0,13.815511557963774,1000000.0,13.815511557963774,1560000.0,1560000.0,0,0,8.813141683778234,3219,2017-07-26,Unknown,Unknown,,-1,0,unmatched,unmatched,0.20232606701193503,,1,Q2,7+,round_history_only,2025-2026
"InteliSecure, Inc.",intelisecure,0,capitaliq_below_1b_matched_control,2026-05-20,,"Exa Labs, Inc.",control_industry_continent,4332,2026,Post-2021,2,1,2,22560000.0,16.931689028920374,14380000.0,16.481348979798202,25630000.0,25630000.0,1,1,11.860369609856264,3858,2015-10-27,Enterprise Software,North America,United States,2002,1,exact_unique,control_funded,0.2620956780745312,≤2009,2,Q4,7+,round+founding+master,2025-2026
aniWEAR Co. Ltd,aniwear,0,capitaliq_below_1b_matched_control,2026-05-20,,"Qingtianzu (Shanghai) Technology Co., Ltd.",control_date_only,3372,2026,Post-2021,1,1,1,20000.0,9.90353755128617,20000.0,9.90353755128617,333000.0,333000.0,1,1,9.232032854209445,3372,2017-02-24,Unknown,Unknown,,-1,0,unmatched,unmatched,0.19491402602478405,,1,Q2,7+,round_history_only,2025-2026
Ani Wo Million Ltd.,aniwomillion,0,capitaliq_below_1b_matched_control,2026-05-21,,"AEW Technology Group Co., Ltd.",control_date_only,3969,2026,Post-2021,1,1,1,100000.0,11.51293546492023,100000.0,11.51293546492023,1000000.0,1000000.0,1,1,10.86652977412731,3969,2015-07-09,Unknown,Unknown,,-1,0,unmatched,unmatched,0.1953489372673876,,1,Q2,7+,round_history_only,2025-2026
"Skysense, Inc.",skysense,0,capitaliq_below_1b_matched_control,2026-05-21,,Cowboy Space Corporation,control_industry_continent,3906,2026,Post-2021,1,1,1,20000.0,9.90353755128617,20000.0,9.90353755128617,333000.0,333000.0,1,1,10.694045174537989,3906,2015-09-10,Hardware & Industrials,North America,United States,2013,1,exact_unique,control_funded,0.07759511493012673,2010-14,1,Q2,7+,round+founding+master,2025-2026
"Intermedia Labs, Inc.",intermedia,0,capitaliq_below_1b_matched_control,2026-05-21,,Hark Labs Inc.,control_industry_continent,2998,2026,Post-2021,1,1,1,15000000.0,16.52356082573315,15000000.0,16.52356082573315,100000000.0,100000000.0,2,2,8.208076659822039,2998,2018-03-06,Enterprise Software,North America,United States,1995,1,exact_unique,control_funded,0.33328807683670736,≤2009,1,Q4,7+,round+founding+master,2025-2026
"Intigua,Inc.",intigua,0,capitaliq_below_1b_matched_control,2026-05-21,,"Modal Labs, Inc.",control_industry_continent,2764,2026,Post-2021,1,1,1,1000000.0,13.815511557963774,1000000.0,13.815511557963774,12940000.0,12940000.0,0,0,7.567419575633128,2764,2018-10-26,Enterprise Software,North America,United States,2010,1,exact_unique,control_funded,0.07616766583910956,2010-14,1,Q2,7+,round+founding+master,2025-2026
Agreenco Environmental Projects Pty Ltd,agreencoenvironmentalprojectspty,0,capitaliq_below_1b_matched_control,2026-05-24,,"Light Wheel Intelligence (Beijing) Technology Co., Ltd.",control_date_only,2,2026,Post-2021,1,1,1,10000000.0,16.118095750958314,10000000.0,16.118095750958314,100000000.0,100000000.0,1,1,0.0054757015742642,2,2026-05-22,Unknown,Unknown,,-1,0,unmatched,unmatched,0.00020540254092885673,,1,Q3,0-1,round_history_only,2025-2026
"Anjuna Security, Inc.",anjunasecurity,0,capitaliq_below_1b_matched_control,2026-05-25,,Gruppo Barletta S.p.a.,control_date_only,656,2026,Post-2021,1,1,1,25000000.0,17.034386422832473,25000000.0,17.034386422832473,57940000.0,57940000.0,7,7,1.7960301163586585,656,2024-08-07,Unknown,Unknown,,-1,0,unmatched,unmatched,0.4425104949459769,,1,Q4,1-3,round_history_only,2025-2026
"AnKao Energy Co., Ltd.",ankaoenergy,0,capitaliq_below_1b_matched_control,2026-05-25,,"Guangdong Tianji Intelligent System Co., Ltd.",control_date_only,3877,2026,Post-2021,2,1,2,4730000.0,15.369435971884585,3150000.0,14.962913328262085,23630000.0,23630000.0,2,1,10.614647501711156,3854,2015-11-05,Unknown,Unknown,,-1,0,unmatched,unmatched,0.29307945870626023,,2,Q3,7+,round_history_only,2025-2026
"Ankored, Inc.",ankored,0,capitaliq_below_1b_matched_control,2026-05-25,,"Sunwoda Mobility Energy Technology Co., Ltd.",control_date_only,244,2026,Post-2021,1,1,1,4000000.0,15.201805169084134,4000000.0,15.201805169084134,12790000.0,12790000.0,1,1,0.6680355920602327,244,2025-09-23,Unknown,Unknown,,-1,0,unmatched,unmatched,0.0025703637830708347,,1,Q3,0-1,round_history_only,2025-2026
"Anktion (Fujian) Technology Co., Ltd",anktionfujian,0,capitaliq_below_1b_matched_control,2026-05-28,,"Corgi Insurance Services, Inc.",control_date_only,3773,2026,Post-2021,1,1,1,1520000.0,14.23422155071698,1520000.0,14.23422155071698,23680000.0,23680000.0,1,1,10.32991101984942,3773,2016-01-28,Unknown,Unknown,,-1,0,unmatched,unmatched,0.22154656518628235,,1,Q2,7+,round_history_only,2025-2026
"Ankyra Therapeutics, Inc.",ankyratherapeutics,0,capitaliq_below_1b_matched_control,2026-05-31,,"Shanghai Smart Logic Technology Co., Ltd.",control_date_only,2207,2026,Post-2021,1,1,1,14500000.0,16.489659276356317,14500000.0,16.489659276356317,44730000.0,44730000.0,0,0,6.042436687200548,2207,2020-05-15,Unknown,Unknown,,-1,0,unmatched,unmatched,0.42283542930226753,,1,Q4,3-7,round_history_only,2025-2026
GBooking Ltd.,gbooking,0,capitaliq_below_1b_matched_control,2026-06-01,,DriveNets Ltd.,control_industry_continent,4028,2026,Post-2021,1,1,1,425000.0,12.959846800844964,425000.0,12.959846800844964,3400000.0,3400000.0,4,4,11.028062970568104,4028,2015-05-22,Enterprise Software,Asia,Israel,2011,1,exact_unique,control_funded,0.16043728975161875,2010-14,1,Q2,7+,round+founding+master,2025-2026
Annapurna Finance Private Limited,annapurnafinanceprivate,0,capitaliq_below_1b_matched_control,2026-06-01,,Mckesson Medical-Surgical Top Holdings Inc.,control_date_only,2675,2026,Post-2021,1,1,1,19180000.0,16.769378679557207,19180000.0,16.769378679557207,136990000.0,136990000.0,1,1,7.323750855578371,2675,2019-02-03,Unknown,Unknown,,-1,0,unmatched,unmatched,0.5118023596168524,,1,Q4,7+,round_history_only,2025-2026
"SkySpecs, Inc.",skyspecs,0,capitaliq_below_1b_matched_control,2026-06-02,,"Impulse Space, Inc.",control_industry_continent,1909,2026,Post-2021,1,1,1,10160000.0,16.1339690985398,10160000.0,16.1339690985398,55390000.0,55390000.0,0,0,5.2265571526351815,1909,2021-03-11,Hardware & Industrials,North America,United States,2012,1,exact_unique,control_funded,0.23543328240318195,2010-14,1,Q3,3-7,round+founding+master,2025-2026
"Aarogya Tech, Inc.",aarogyatech,0,capitaliq_below_1b_matched_control,2026-06-03,,"Astribot (Shenzhen) Co., Ltd.",control_date_only,2,2026,Post-2021,1,1,1,1930000.0,14.47303107901565,1930000.0,14.47303107901565,2320000.0,2320000.0,0,0,0.0054757015742642,2,2026-06-01,Unknown,Unknown,,-1,0,unmatched,unmatched,6.674294431731502e-06,,1,Q2,0-1,round_history_only,2025-2026
Ghost Inc.,ghost,0,capitaliq_below_1b_matched_control,2026-06-03,,Coralogix inc.,control_industry_continent,1646,2026,Post-2021,2,1,2,18000000.0,16.705882371415992,13000000.0,16.380459992348886,25810000.0,25810000.0,4,3,4.506502395619439,1434,2022-06-30,Enterprise Software,Asia,Israel,2006,1,exact_unique,control_funded,0.30564478084600344,≤2009,2,Q4,3-7,round+founding+master,2025-2026
Annestes Thoroughbreds Inc.,annestesthoroughbreds,0,capitaliq_below_1b_matched_control,2026-06-03,,"Everyday Software, S.L.",control_date_only,2073,2026,Post-2021,1,1,1,110000.0,11.60824473564232,110000.0,11.60824473564232,1070000.0,1070000.0,0,0,5.675564681724846,2073,2020-09-29,Unknown,Unknown,,-1,0,unmatched,unmatched,0.10560306662131266,,1,Q2,3-7,round_history_only,2025-2026
"Apliiq, Inc.",apliiq,0,capitaliq_below_1b_matched_control,2026-06-04,,Flourish Inc.,control_continent,1805,2026,Post-2021,1,1,1,300000.0,12.611541086966117,300000.0,12.611541086966117,17490000.0,17490000.0,0,0,4.941820670773443,1805,2021-06-25,Other / Unknown,North America,United States,2009,1,exact_unique,control_funded,0.07852249692028475,≤2009,1,Q2,3-7,round+founding+master,2025-2026
Smart Wires Inc.,smartwires,0,capitaliq_below_1b_matched_control,2026-06-05,,Allen Control Systems Inc.,control_industry_continent,4950,2026,Post-2021,1,1,1,10000000.0,16.118095750958314,10000000.0,16.118095750958314,11870000.0,11870000.0,0,0,13.5523613963039,4950,2012-11-15,Hardware & Industrials,North America,United States,2010,1,exact_unique,control_funded,0.22490064757986564,2010-14,1,Q3,7+,round+founding+master,2025-2026
"Steelhead Composites, Inc.",steelheadcomposites,0,capitaliq_below_1b_matched_control,2026-06-05,,"Apex Technology, Inc.",control_industry_continent,646,2026,Post-2021,1,1,1,15000000.0,16.52356082573315,15000000.0,16.52356082573315,58660000.0,58660000.0,0,0,1.7686516084873374,646,2024-08-28,Hardware & Industrials,North America,United States,-1,0,exact_unique,control_funded,0.31976020705600094,,1,Q4,1-3,round_history_only,2025-2026
Accelevate Solutions,accelevatesolutions,0,capitaliq_below_1b_matched_control,2026-06-06,,Karamtara Engineering Limited,control_date_only,1,2026,Post-2021,1,1,1,1000000.0,13.815511557963774,1000000.0,13.815511557963774,10000000.0,10000000.0,1,1,0.0027378507871321,1,2026-06-05,Unknown,Unknown,,-1,0,unmatched,unmatched,1.004129779873487e-05,,1,Q2,0-1,round_history_only,2025-2026
"AMPeers, Inc.",ampeers,0,capitaliq_below_1b_matched_control,2026-06-08,,"Origin Quantum Computing Technology Co., Ltd.",control_date_only,3,2026,Post-2021,1,1,1,11000000.0,16.213405921671733,11000000.0,16.213405921671733,11000000.0,11000000.0,0,0,0.0082135523613963,3,2026-06-05,Unknown,Unknown,,-1,0,unmatched,unmatched,3.4071554705704106e-05,,1,Q3,0-1,round_history_only,2025-2026
Intelliflo Limited,intelliflo,0,capitaliq_below_1b_matched_control,2026-06-08,,PhysicsX Ltd,control_industry_continent,4707,2026,Post-2021,1,1,0,0.0,0.0,0.0,0.0,65580000.0,65580000.0,1,1,12.8870636550308,4707,2013-07-19,Enterprise Software,Europe,United Kingdom,2004,1,exact_unique,control_funded,0.1570296882908718,≤2009,1,Q2,7+,round+founding+master,2025-2026
"Annie Labs, Inc.",annie,0,capitaliq_below_1b_matched_control,2026-06-09,,FINN GmbH,control_date_only,201,2026,Post-2021,1,1,1,4000000.0,15.201805169084134,4000000.0,15.201805169084134,4000000.0,4000000.0,3,3,0.5503080082135524,201,2025-11-20,Unknown,Unknown,,-1,0,unmatched,unmatched,0.0034717110165119547,,1,Q3,0-1,round_history_only,2025-2026
Sutro Labs Inc.,sutro,0,capitaliq_below_1b_matched_control,2026-06-09,,Morpho Labs,control_industry_continent,2352,2026,Post-2021,3,1,3,80380000.0,18.202275959426235,60000000.0,17.909855136853043,630000000.0,743550000.0,5,4,6.439425051334703,1583,2022-02-07,Hardware & Industrials,North America,United States,2012,1,exact_unique,control_funded,0.9449268951219858,2010-14,3+,Q4,3-7,round+founding+master,2025-2026
InVenture Capital Corporation,inventurecapital,0,capitaliq_below_1b_matched_control,2026-06-10,,nesto Inc.,control_industry_continent,5399,2026,Post-2021,5,1,5,188018000.0,19.052048266210484,145000000.0,18.7922443072814,688820000.0,688820000.0,14,8,14.781656399726216,1700,2021-10-14,Enterprise Software,North America,United States,2012,1,exact_unique,control_funded,0.8264602845559055,2010-14,3+,Q4,7+,round+founding+master,2025-2026
"Invoice2go, Inc.",invoice2go,0,capitaliq_below_1b_matched_control,2026-06-10,,TensorWave Inc.,control_industry_continent,4278,2026,Post-2021,2,1,2,50000000.0,17.72753358339242,35000000.0,17.370858648025116,262430000.0,262430000.0,2,2,11.71252566735113,3872,2015-11-03,Enterprise Software,North America,United States,2002,1,exact_unique,control_funded,0.5348125821724635,≤2009,2,Q4,7+,round+founding+master,2025-2026
"IQ Media Group, LLC",iqmedia,0,capitaliq_below_1b_matched_control,2026-06-11,,MainFunc Inc.,control_industry_continent,3094,2026,Post-2021,1,1,1,36000.0,10.491301994830229,36000.0,10.491301994830229,512000.0,512000.0,1,1,8.470910335386721,3094,2017-12-21,Enterprise Software,North America,United States,2010,1,exact_unique,control_funded,0.06586144546298048,2010-14,1,Q2,7+,round+founding+master,2025-2026
"iQuartic, Inc.",iquartic,0,capitaliq_below_1b_matched_control,2026-06-11,,Project Prometheus,control_industry_continent,5050,2026,Post-2021,2,1,2,1794000.0,14.399958879014324,984000.0,13.799382192294036,6260000.0,6260000.0,1,1,13.826146475017111,2736,2018-12-14,Enterprise Software,North America,United States,2010,1,exact_unique,control_funded,0.08426508834145885,2010-14,2,Q2,7+,round+founding+master,2025-2026
"AnnieCannons, Inc.",anniecannons,0,capitaliq_below_1b_matched_control,2026-06-15,,"Beijing Jijia Vision Technology Co., Ltd.",control_date_only,2856,2026,Post-2021,1,1,1,120000.0,11.695255355062796,120000.0,11.695255355062796,1710000.0,1710000.0,1,1,7.819301848049282,2856,2018-08-20,Education,Unknown,,-1,0,exact_unique,control_accelerator,0.18204784765284918,,1,Q2,7+,round_history_only,2025-2026
"Annto Supply Chain Technology Co., Ltd.",anntosupplychain,0,capitaliq_below_1b_matched_control,2026-06-15,,"Shanghai Pragmatics Technology Co., Ltd.",control_date_only,374,2026,Post-2021,1,1,1,264280000.0,19.392519708909823,264280000.0,19.392519708909823,959750000.0,959750000.0,6,6,1.0239561943874058,374,2025-06-06,Unknown,Unknown,,-1,0,unmatched,unmatched,0.973274046005881,,1,Q4,1-3,round_history_only,2025-2026
"Annum Health, Inc.",annumhealth,0,capitaliq_below_1b_matched_control,2026-06-16,,"Beijing Aerospace Satelliteherd Science and Technology Co., Ltd.",control_date_only,3518,2026,Post-2021,2,1,2,3500000.0,15.068273812173889,2500000.0,14.731801689838347,7510000.0,7510000.0,0,0,9.631759069130732,2982,2018-04-17,Unknown,Unknown,,-1,0,unmatched,unmatched,0.22666083129888193,,2,Q3,7+,round_history_only,2025-2026
Anode Technology Company,anode,0,capitaliq_below_1b_matched_control,2026-06-16,,"Beijing SiliconFlow Technology Co., Ltd.",control_date_only,263,2026,Post-2021,1,1,1,9000000.0,16.012735246411598,9000000.0,16.012735246411598,10000000.0,10000000.0,1,1,0.7200547570157426,263,2025-09-26,Unknown,Unknown,,-1,0,unmatched,unmatched,0.04534301423857503,,1,Q3,0-1,round_history_only,2025-2026
Anodet Inc.,anodet,0,capitaliq_below_1b_matched_control,2026-06-16,,"Chengdu Antejin Biotechnology Co., Ltd.",control_date_only,365,2026,Post-2021,1,1,1,3000000.0,14.914123179965662,3000000.0,14.914123179965662,4670000.0,4670000.0,0,0,0.999315537303217,365,2025-06-16,Unknown,Unknown,,-1,0,unmatched,unmatched,0.05183868829616438,,1,Q3,0-1,round_history_only,2025-2026
Digit Technologies Inc.,digit,0,capitaliq_below_1b_matched_control,2026-06-16,,Flutterwave Incorporated,control_industry_continent,96,2026,Post-2021,1,1,1,3000000.0,14.914123179965662,3000000.0,14.914123179965662,7470000.0,7470000.0,6,6,0.2628336755646817,96,2026-03-12,Fintech,North America,United States,2013,1,exact_unique,control_funded,0.007886612777001794,2010-14,1,Q3,0-1,round+founding+master,2025-2026
"Anodyne Nanotech, Inc.",anodynenanotech,0,capitaliq_below_1b_matched_control,2026-06-17,,"Odyssey Systems, Inc.",control_date_only,2140,2026,Post-2021,2,1,2,14070000.0,16.459555500163773,12600000.0,16.349207451286784,40360000.0,40360000.0,3,3,5.859000684462697,6,2026-06-11,Unknown,Unknown,,-1,0,unmatched,unmatched,0.16666464227198716,,2,Q4,3-7,round_history_only,2025-2026
Anoma Foundation,anomafoundation,0,capitaliq_below_1b_matched_control,2026-06-18,,"Beijing Yanyu Technology Co., Ltd.",control_date_only,1674,2026,Post-2021,1,1,1,25810000.0,17.06627261043947,25810000.0,17.06627261043947,258130000.0,258130000.0,6,6,4.583162217659138,1674,2021-11-17,Unknown,Unknown,,-1,0,unmatched,unmatched,0.8212480836202785,,1,Q4,3-7,round_history_only,2025-2026
"ISI Co., Ltd.",isi,0,capitaliq_below_1b_matched_control,2026-06-22,,Appsflyer Ltd.,control_industry_continent,3826,2026,Post-2021,1,1,1,2550000.0,14.751604309291396,2550000.0,14.751604309291396,14140000.0,14140000.0,1,1,10.47501711156742,3826,2015-12-31,Enterprise Software,North America,United States,2006,1,exact_unique,control_funded,0.09753111468462348,≤2009,1,Q2,7+,round+founding+master,2025-2026
Ab Astra Inc.,abastra,0,capitaliq_below_1b_matched_control,2026-06-22,,Nearfield Instruments B.V.,control_date_only,3,2026,Post-2021,1,1,1,2000000.0,14.508658238524095,2000000.0,14.508658238524095,3500000.0,3500000.0,3,3,0.0082135523613963,3,2026-06-19,Unknown,Unknown,,-1,0,unmatched,unmatched,1.004129779873487e-05,,1,Q2,0-1,round_history_only,2025-2026
Issuu Inc.,issuu,0,capitaliq_below_1b_matched_control,2026-06-22,,"Upscale AI, Inc.",control_industry_continent,4361,2026,Post-2021,1,1,1,10000000.0,16.118095750958314,10000000.0,16.118095750958314,45640000.0,45640000.0,2,2,11.939767282683096,4361,2014-07-14,Enterprise Software,North America,United States,2006,1,exact_unique,control_funded,0.2682671488198768,≤2009,1,Q3,7+,round+founding+master,2025-2026
Aequs Aerospace France Sas,aequsaerospacefrancesas,0,capitaliq_below_1b_matched_control,2026-06-23,,"Jinan Financial Holding Group Co., Ltd.",control_date_only,4,2026,Post-2021,1,1,1,3440000.0,15.050982320047211,3440000.0,15.050982320047211,11880000.0,11880000.0,1,1,0.0109514031485284,4,2026-06-19,Unknown,Unknown,,-1,0,unmatched,unmatched,1.004129779873487e-05,,1,Q3,0-1,round_history_only,2025-2026
American Perpetuals Exchange Corporation,americanperpetualsexchange,0,capitaliq_below_1b_matched_control,2026-06-23,,"Redo Tech, Inc.",control_date_only,5,2026,Post-2021,1,1,1,30000000.0,17.216707972959764,30000000.0,17.216707972959764,300000000.0,300000000.0,1,1,0.0136892539356605,5,2026-06-18,Unknown,Unknown,,-1,0,unmatched,unmatched,0.011583838383838386,,1,Q4,0-1,round_history_only,2025-2026
Anomalie Inc.,anomalie,0,capitaliq_below_1b_matched_control,2026-06-23,,Square Yards Technology Pvt. Ltd.,control_date_only,2510,2026,Post-2021,1,1,1,13720000.0,16.434365253148307,13720000.0,16.434365253148307,22400000.0,22400000.0,1,1,6.872005475701574,2510,2019-08-09,Unknown,Unknown,,-1,0,unmatched,unmatched,0.408951261093973,,1,Q3,3-7,round_history_only,2025-2026
"Jama Software, Inc.",jamasoftware,0,capitaliq_below_1b_matched_control,2026-06-24,,"Assort Health, Inc.",control_industry_continent,4692,2026,Post-2021,2,1,2,28060000.0,17.14985566827651,19460000.0,16.783871686109592,56590000.0,56590000.0,4,4,12.84599589322382,4104,2015-03-30,Enterprise Software,North America,United States,2007,1,exact_unique,control_funded,0.3850593922965005,≤2009,2,Q4,7+,round+founding+master,2025-2026
Anomaly Action Sports Holdings Inc.,anomalyactionsports,0,capitaliq_below_1b_matched_control,2026-06-24,,"Nomos AI, Inc.",control_date_only,2840,2026,Post-2021,1,1,1,4000000.0,15.201805169084134,4000000.0,15.201805169084134,8020000.0,8020000.0,0,0,7.775496235455168,2840,2018-09-14,Unknown,Unknown,,-1,0,unmatched,unmatched,0.30949563808288155,,1,Q3,7+,round_history_only,2025-2026
"Acumino, Inc.",acumino,0,capitaliq_below_1b_matched_control,2026-06-26,,Ionic Digital Inc. (NasdaqGS:IOND),control_date_only,2,2026,Post-2021,1,1,1,11700000.0,16.275099485238066,11700000.0,16.275099485238066,42510000.0,42510000.0,5,5,0.0054757015742642,2,2026-06-24,Unknown,Unknown,,-1,0,unmatched,unmatched,0.0002871276871276871,,1,Q3,0-1,round_history_only,2025-2026
Happay,happay,0,capitaliq_below_1b_matched_control,2026-06-29,,Element Labs Ltd.,control_industry_continent,2052,2026,Post-2021,2,1,2,29000000.0,17.182806422433504,19000000.0,16.759949589762293,150000000.0,150000000.0,1,1,5.618069815195072,1794,2021-07-31,Enterprise Software,Asia,India,2012,1,exact_unique,control_funded,0.4018340142677411,2010-14,2,Q4,3-7,round+founding+master,2025-2026
All Home Bharat Platform Private Limited,allhomebharatplatformprivate,0,capitaliq_below_1b_matched_control,2026-06-29,,"X Square Robot Technology (Shenzhen) Co., Ltd.",control_date_only,3,2026,Post-2021,1,1,1,21200000.0,16.86951178681205,21200000.0,16.86951178681205,212020000.0,212020000.0,2,2,0.0082135523613963,3,2026-06-26,Unknown,Unknown,,-1,0,unmatched,unmatched,0.04756940281940281,,1,Q4,0-1,round_history_only,2025-2026
"Altillion TopCo, Inc.",altilliontopco,0,capitaliq_below_1b_matched_control,2026-06-30,,"DexForce Technology Co., Ltd.",control_date_only,1,2026,Post-2021,1,1,1,5000000.0,15.424948670398354,5000000.0,15.424948670398354,12710000.0,12710000.0,2,2,0.0027378507871321,1,2026-06-29,Unknown,Unknown,,-1,0,unmatched,unmatched,1.004129779873487e-05,,1,Q3,0-1,round_history_only,2025-2026
Anomaly Games Inc,anomalygames,0,capitaliq_below_1b_matched_control,2026-06-30,,Kwaiwei Intelligence,control_date_only,784,2026,Post-2021,1,1,0,0.0,0.0,0.0,0.0,11400000.0,11400000.0,5,5,2.1464750171115674,784,2024-05-07,Unknown,Unknown,,-1,0,unmatched,unmatched,0.17646912926584724,,1,Q2,1-3,round_history_only,2025-2026
"Anonybit, Inc.",anonybit,0,capitaliq_below_1b_matched_control,2026-07-01,,"Hangzhou DeepSeek Artificial Intelligence Co., Ltd.",control_date_only,988,2026,Post-2021,1,1,1,3000000.0,14.914123179965662,3000000.0,14.914123179965662,6340000.0,6340000.0,3,3,2.704996577686516,988,2023-10-17,Unknown,Unknown,,-1,0,unmatched,unmatched,0.1391561739312486,,1,Q3,1-3,round_history_only,2025-2026
"Anonym, Inc.",anonym,0,capitaliq_below_1b_matched_control,2026-07-01,,IQM Quantum Computers Oyj (HLSE:IQMX),control_date_only,1555,2026,Post-2021,1,1,1,7200000.0,15.789591722875162,7200000.0,15.789591722875162,13820000.0,13820000.0,0,0,4.257357973990418,1555,2022-03-29,Unknown,Unknown,,-1,0,unmatched,unmatched,0.2879667839351491,,1,Q3,3-7,round_history_only,2025-2026
"Aevius Labs, Inc.",aevius,0,capitaliq_below_1b_matched_control,2026-07-04,,"DaZheng (Jiangsu) Micro Nano Technology Co., Ltd.",control_date_only,2,2026,Post-2021,1,1,1,2000000.0,14.508658238524095,2000000.0,14.508658238524095,2000000.0,2000000.0,0,0,0.0054757015742642,2,2026-07-02,Unknown,Unknown,,-1,0,unmatched,unmatched,6.674294431731502e-06,,1,Q2,0-1,round_history_only,2025-2026
"Anonymity Labs, Inc.",anonymity,0,capitaliq_below_1b_matched_control,2026-07-05,,Yotta Data Services Pvt Ltd.,control_date_only,917,2026,Post-2021,1,1,1,4500000.0,15.319588176962746,4500000.0,15.319588176962746,7830000.0,7830000.0,2,2,2.510609171800137,917,2023-12-31,Unknown,Unknown,,-1,0,unmatched,unmatched,0.23029410397001931,,1,Q3,1-3,round_history_only,2025-2026
"Anothen Geumsan Co.,Ltd.",anothengeumsan,0,capitaliq_below_1b_matched_control,2026-07-06,,"Shenzhen Moqi Intelligent Technology Co., Ltd.",control_date_only,3637,2026,Post-2021,1,1,1,879000.0,13.686541314323094,879000.0,13.686541314323094,9380000.0,9380000.0,0,0,9.957563312799453,3637,2016-07-21,Unknown,Unknown,,-1,0,unmatched,unmatched,0.21027909136874856,,1,Q2,7+,round_history_only,2025-2026
"65 Therapeutics, Inc.",65therapeutics,0,capitaliq_below_1b_matched_control,2026-07-07,,Proxima Fusion GmbH,control_date_only,1,2026,Post-2021,1,1,1,6700000.0,15.717618233614914,6700000.0,15.717618233614914,10700000.0,10700000.0,0,0,0.0027378507871321,1,2026-07-06,Unknown,Unknown,,-1,0,unmatched,unmatched,6.674294431731502e-06,,1,Q3,0-1,round_history_only,2025-2026
"Another Nine Holdings, Inc.",anothernine,0,capitaliq_below_1b_matched_control,2026-07-07,,"Snapcommerce Holdings, Inc.",control_date_only,56,2026,Post-2021,1,1,1,3040000.0,14.92736840232972,3040000.0,14.92736840232972,4080000.0,4080000.0,0,0,0.1533196440793976,56,2026-05-12,Unknown,Unknown,,-1,0,unmatched,unmatched,6.674294431731502e-06,,1,Q3,0-1,round_history_only,2025-2026
448 Studio Ltd,448studio,0,capitaliq_below_1b_matched_control,2026-07-09,,"oxylabs, UAB",control_date_only,2,2026,Post-2021,1,1,1,334000.0,12.718899265966332,334000.0,12.718899265966332,3010000.0,3010000.0,0,0,0.0054757015742642,2,2026-07-07,Unknown,Unknown,,-1,0,unmatched,unmatched,6.674294431731502e-06,,1,Q2,0-1,round_history_only,2025-2026
Anovona Medsupps Gmbh,anovonamedsuppsgmbh,0,capitaliq_below_1b_matched_control,2026-07-10,,"ENN Fusion Energy Technology Co., Ltd.",control_date_only,602,2026,Post-2021,1,1,1,1050000.0,13.864301674514206,1050000.0,13.864301674514206,14770000.0,14770000.0,0,0,1.648186173853525,602,2024-11-15,Unknown,Unknown,,-1,0,unmatched,unmatched,0.06053356316897871,,1,Q2,1-3,round_history_only,2025-2026
"Anrei Medical (HZ) Co., Ltd.",anreimedicalhz,0,capitaliq_below_1b_matched_control,2026-07-13,,"Beijing Aishi Technology Co., Ltd.",control_date_only,2173,2026,Post-2021,1,1,0,0.0,0.0,0.0,0.0,243720000.0,243720000.0,2,2,5.949349760438056,2173,2020-07-31,Unknown,Unknown,,-1,0,unmatched,unmatched,0.6127338936437879,,1,Q2,3-7,round_history_only,2025-2026
"Anrok, Inc.",anrok,0,capitaliq_below_1b_matched_control,2026-07-13,,"LimX Dynamics Technology Co., Ltd.",control_date_only,1799,2026,Post-2021,4,1,3,79330000.0,18.18912693788376,55000000.0,17.822843761378564,525000000.0,525000000.0,7,6,4.9253935660506505,265,2025-10-21,Unknown,Unknown,,-1,0,unmatched,unmatched,0.9851796781529063,,3+,Q4,3-7,round_history_only,2025-2026
ANS Academy Limited,ansacademy,0,capitaliq_below_1b_matched_control,2026-07-14,,Brinc Drones Inc.,control_date_only,2762,2026,Post-2021,1,1,0,0.0,0.0,0.0,0.0,513120000.0,513120000.0,1,1,7.561943874058864,2762,2018-12-21,Unknown,Unknown,,-1,0,unmatched,unmatched,0.6981504564172603,,1,Q2,7+,round_history_only,2025-2026
"Anshan Shuncheng Security Escort Services Co., Ltd.",anshanshunchengsecurityescortservices,0,capitaliq_below_1b_matched_control,2026-07-14,,Cover Genius Pty Ltd,control_date_only,2990,2026,Post-2021,1,1,1,8250000.0,15.925723879522977,8250000.0,15.925723879522977,16830000.0,16830000.0,1,1,8.186173853524982,2990,2018-05-07,Unknown,Unknown,,-1,0,unmatched,unmatched,0.3929225427945172,,1,Q3,7+,round_history_only,2025-2026
AnsibleHealth Inc.,ansiblehealth,0,capitaliq_below_1b_matched_control,2026-07-14,,"Flexbase Technologies, Inc.",control_date_only,1656,2026,Post-2021,1,1,1,3500000.0,15.068273812173889,3500000.0,15.068273812173889,3500000.0,3500000.0,1,1,4.53388090349076,1656,2021-12-31,Unknown,Unknown,,-1,0,unmatched,unmatched,0.15269304250331778,,1,Q3,3-7,round_history_only,2025-2026
ANSR Source Content US LLC,ansrsourcecontentus,0,capitaliq_below_1b_matched_control,2026-07-14,,"Lumin Digital, Inc.",control_date_only,3940,2026,Post-2021,1,1,1,1400000.0,14.151983508870948,1400000.0,14.151983508870948,28000000.0,28000000.0,1,1,10.78713210130048,3940,2015-09-30,Unknown,Unknown,,-1,0,unmatched,unmatched,0.2223348849670198,,1,Q2,7+,round_history_only,2025-2026
"Ansun Biopharma, Inc.",ansunbiopharma,0,capitaliq_below_1b_matched_control,2026-07-15,,"Beijing ModelBest Intelligent Technology Co., Ltd.",control_date_only,2059,2026,Post-2021,1,1,1,100000000.0,18.420680753952364,100000000.0,18.420680753952364,466010000.0,466010000.0,9,9,5.637234770704997,2059,2020-11-24,Unknown,Unknown,,-1,0,unmatched,unmatched,0.9250501440950978,,1,Q4,3-7,round_history_only,2025-2026
"ATTN:, Inc.",attn,0,capitaliq_below_1b_matched_control,2026-07-15,,Emergent Labs Inc.,control_industry_continent,2854,2026,Post-2021,1,1,1,15000000.0,16.52356082573315,15000000.0,16.52356082573315,75340000.0,75340000.0,1,1,7.813826146475017,2854,2018-09-21,Media & Entertainment,North America,United States,2014,1,exact_unique,control_funded,0.31477424727858844,2010-14,1,Q4,7+,round+founding+master,2025-2026
AnswerIQ Inc.,answeriq,0,capitaliq_below_1b_matched_control,2026-07-15,,"Walden Robotics, Inc.",control_date_only,3268,2026,Post-2021,1,1,1,5000000.0,15.424948670398354,5000000.0,15.424948670398354,7170000.0,7170000.0,1,1,8.947296372347708,3268,2017-08-03,Unknown,Unknown,,-1,0,unmatched,unmatched,0.3745600511835772,,1,Q3,7+,round_history_only,2025-2026
Accuhisab kitab Consultancy Pvt Ltd,accuhisabkitabconsultancypvt,0,capitaliq_below_1b_matched_control,2026-07-16,,"Crypto.Com, Inc.",control_date_only,1,2026,Post-2021,1,1,0,0.0,0.0,0.0,0.0,2080000.0,2080000.0,0,0,0.0027378507871321,1,2026-07-15,Unknown,Unknown,,-1,0,unmatched,unmatched,6.674294431731502e-06,,1,Q2,0-1,round_history_only,2025-2026
3E Nano Inc.,3enano,0,capitaliq_below_1b_matched_control,2026-07-18,,"Shenzhen Yimu Technology Co., Ltd.",control_date_only,2,2026,Post-2021,1,1,1,13100000.0,16.388122864507256,13100000.0,16.388122864507256,25600000.0,25600000.0,6,6,0.0054757015742642,2,2026-07-16,Unknown,Unknown,,-1,0,unmatched,unmatched,5.655332886454168e-06,,1,Q3,0-1,round_history_only,2025-2026
Aina Computers Inc.,ainacomputers,0,capitaliq_below_1b_matched_control,2026-07-20,,Cusp AI Limited,control_date_only,4,2026,Post-2021,1,1,1,5500000.0,15.520258832020865,5500000.0,15.520258832020865,5500000.0,5500000.0,4,4,0.0109514031485284,4,2026-07-16,Unknown,Unknown,,-1,0,unmatched,unmatched,1.004129779873487e-05,,1,Q3,0-1,round_history_only,2025-2026
Amuse Labs Private Limited,amuseprivate,0,capitaliq_below_1b_matched_control,2026-07-20,,"Taichi Graphics Technology, Inc.",control_date_only,4,2026,Post-2021,1,1,1,7320000.0,15.806121022549506,7320000.0,15.806121022549506,15250000.0,15250000.0,1,1,0.0109514031485284,4,2026-07-16,Unknown,Unknown,,-1,0,unmatched,unmatched,1.004129779873487e-05,,1,Q3,0-1,round_history_only,2025-2026
"Antai Venture Builder, S.L.",antaiventurebuildersl,0,capitaliq_below_1b_matched_control,2026-07-20,,"Twenty Technologies, Inc.",control_date_only,2868,2026,Post-2021,1,1,1,23280000.0,16.963105223782836,23280000.0,16.963105223782836,116390000.0,116390000.0,2,2,7.852156057494867,2868,2018-09-12,Unknown,Unknown,,-1,0,unmatched,unmatched,0.5714417200383259,,1,Q4,7+,round_history_only,2025-2026
"Apostrophe, Inc.",apostrophe,0,capitaliq_below_1b_matched_control,2026-07-21,,"GlossGenius, Inc.",control_continent,2843,2026,Post-2021,2,1,2,14830000.0,16.512162781544998,9580000.0,16.07518825433117,20230000.0,20230000.0,5,5,7.783709787816564,2219,2020-06-23,Other / Unknown,North America,United States,-1,0,exact_unique,control_accelerator,0.40239909843179494,,2,Q4,7+,round_history_only,2025-2026
"AntalGenics, SL",antalgenicssl,0,capitaliq_below_1b_matched_control,2026-07-21,,MESHY LLC,control_date_only,1615,2026,Post-2021,1,1,1,918000.0,13.729953758926651,918000.0,13.729953758926651,7740000.0,7740000.0,1,1,4.421629021218344,1615,2022-02-17,Unknown,Unknown,,-1,0,unmatched,unmatched,0.09958701814139073,,1,Q2,3-7,round_history_only,2025-2026
Antares Vision S.p.A.,antaresvisionspa,0,capitaliq_below_1b_matched_control,2026-07-21,,SKL Robotics LTD,control_date_only,2881,2026,Post-2021,1,1,1,46430000.0,17.653456381533903,46430000.0,17.653456381533903,306470000.0,306470000.0,1,1,7.887748117727583,2881,2018-08-31,Unknown,Unknown,,-1,0,unmatched,unmatched,0.6480430132717642,,1,Q4,7+,round_history_only,2025-2026
"Antaris, Inc.",antaris,0,capitaliq_below_1b_matched_control,2026-07-22,,"Glow Security, Inc.",control_date_only,1048,2026,Post-2021,1,1,1,9960000.0,16.11408772996238,9960000.0,16.11408772996238,20410000.0,20410000.0,0,0,2.869267624914442,1048,2023-09-08,Unknown,Unknown,,-1,0,unmatched,unmatched,0.2693163621815266,,1,Q3,1-3,round_history_only,2025-2026
"Anterior, Inc.",anterior,0,capitaliq_below_1b_matched_control,2026-07-22,,"JinkoSolar ( Haining ) Co., Ltd.",control_date_only,1045,2026,Post-2021,2,1,2,23900000.0,16.98938905874274,20000000.0,16.811242881518265,95000000.0,95000000.0,8,7,2.861054072553046,773,2024-06-09,Unknown,Unknown,,-1,0,unmatched,unmatched,0.5124884427746704,,2,Q4,1-3,round_history_only,2025-2026
"AnthemIQ, Inc.",anthemiq,0,capitaliq_below_1b_matched_control,2026-07-23,,Cathedral,control_date_only,1900,2026,Post-2021,1,1,1,10000000.0,16.118095750958314,10000000.0,16.118095750958314,16219999.999999998,16219999.999999998,1,1,5.201916495550993,1900,2021-05-10,Unknown,Unknown,,-1,0,unmatched,unmatched,0.30340579143855667,,1,Q3,3-7,round_history_only,2025-2026
Anthesis Consulting Group Limited,anthesisconsulting,0,capitaliq_below_1b_matched_control,2026-07-23,,Dangote Petroleum Refinery & Petrochemicals Fze,control_date_only,3674,2026,Post-2021,1,1,1,464000.0,13.047641986378483,464000.0,13.047641986378483,15470000.0,15470000.0,1,1,10.05886379192334,3674,2016-07-01,Unknown,Unknown,,-1,0,unmatched,unmatched,0.21538128722138664,,1,Q2,7+,round_history_only,2025-2026
"AnthillAI, Inc.",anthillai,0,capitaliq_below_1b_matched_control,2026-07-23,,"Lingchu Intelligent Technology Co., Ltd.",control_date_only,2114,2026,Post-2021,3,1,3,4350000.0,15.285686632949895,3000000.0,14.914123179965662,6370000.0,6370000.0,5,4,5.787816563997263,1806,2021-08-12,Unknown,Unknown,,-1,0,unmatched,unmatched,0.22917691549255367,,3+,Q3,3-7,round_history_only,2025-2026
Aampere GmbH,aamperegmbh,0,capitaliq_below_1b_matched_control,2026-07-27,,Multiverse Computing,control_date_only,4,2026,Post-2021,1,1,1,4780000.0,15.379951313672638,4780000.0,15.379951313672638,22740000.0,22740000.0,4,4,0.0109514031485284,4,2026-07-23,Unknown,Unknown,,-1,0,unmatched,unmatched,1.004129779873487e-05,,1,Q3,0-1,round_history_only,2025-2026
Acidaes Solutions Private Limited,acidaessolutionsprivate,0,capitaliq_below_1b_matched_control,2026-07-27,,Ominimo Insurance Kft.,control_date_only,4,2026,Post-2021,1,1,1,39860000.0,17.50088389783673,39860000.0,17.50088389783673,697530000.0,697530000.0,1,1,0.0109514031485284,4,2026-07-23,Unknown,Unknown,,-1,0,unmatched,unmatched,0.0099011544011544,,1,Q4,0-1,round_history_only,2025-2026
Anthony's Cookies Inc,anthonyscookies,0,capitaliq_below_1b_matched_control,2026-07-28,,"Shanghai SenseTime Shancui Medical Technology Co., Ltd.",control_date_only,1915,2026,Post-2021,1,1,1,182000.0,12.111767460549332,182000.0,12.111767460549332,4180000.0,4180000.0,0,0,5.242984257357974,1915,2021-04-30,Unknown,Unknown,,-1,0,unmatched,unmatched,0.11366787669660482,,1,Q2,3-7,round_history_only,2025-2026
