entity,filing_date,industry_group_sec,state_or_country,year_of_incorporation,total_offering_usd,total_sold_usd,n_investors,mega_raise_100m
SignalCraft Analytics Group Inc.,30-JUN-2026,Investing,NY,2026.0,,100000000,1000,True
EQT Private Equity Co LLC,30-JUN-2026,Other,NY,2024.0,,788172352,4423,True
Waterloo West Productions LLC,30-JUN-2026,Other,IA,2024.0,10000000.0,1650000,16,False
"Northfield V74 I, LLC",30-JUN-2026,Other Real Estate,IN,2025.0,17800000.0,17800000,184,False
Mountain Valley MD Holdings Inc.,30-JUN-2026,Other Health Care,A6,,5094410.0,1212955,11,False
"MCP Beloit Investors, LLC",30-JUN-2026,Other Real Estate,TX,2026.0,1745419.0,1173167,22,False
"Indy Innovation Apartments, LLC",30-JUN-2026,Other Real Estate,IN,2025.0,16225000.0,16225000,96,False
Else Nutrition Holdings Inc.,30-JUN-2026,Other,A1,,2459028.0,936050,1,False
"Vurvey Labs, Inc.",30-JUN-2026,Other Technology,OH,2022.0,40000000.0,21999987,1,False
CSV RHYTHM HEALTH LLC,30-JUN-2026,Other Technology,NY,2026.0,9560000.0,9560000,15,False
"BI QOF, LLC",30-JUN-2026,Other Real Estate,IN,2025.0,8195000.0,8195000,95,False
E22 Gore Partners LLC,30-JUN-2026,Residential,FL,2025.0,,1800000,1,False
"Pine State Infrastructure Fund 9, LP",30-JUN-2026,Other,AR,2025.0,,86400000,108,False
"PowerPollen, Inc.",30-JUN-2026,Agriculture,IA,,20000000.0,10215860,2,False
"Bond Aviation Holdings, LLC",30-JUN-2026,Airlines and Airports,FL,2025.0,,27150000,46,False
"Whitefish 57 Commercial, LLC",30-JUN-2026,Other Real Estate,FL,,4346936.0,4346936,6,False
Imaging Diagnostic Partners (General Partnership),30-JUN-2026,Other Health Care,CA,2026.0,,120000,1,False
Japan Gold Corp.,30-JUN-2026,Other,A1,,1000000.0,1000000,1,False
"ROGERS NWA OFFICE, LLC",30-JUN-2026,Commercial,AR,2026.0,4300000.0,4300000,53,False
"Driftwood Golf Club Development, Inc.",30-JUN-2026,Other,AZ,,51800000.0,21550000,167,False
Fluidstack Ltd,30-JUN-2026,Other Technology,X0,,1500000000.0,729999546,7,True
"EF Beacon Hill Syndication, LLC",30-JUN-2026,Commercial,TX,2026.0,2000000.0,0,0,False
Usonia MH Raleigh LLC,30-JUN-2026,Other Real Estate,CA,2026.0,5390000.0,5390000,36,False
"WFF, Inc.",30-JUN-2026,Manufacturing,IL,2023.0,10000000.0,5000000,3,False
NexPoint Outlook DST,30-JUN-2026,Other Real Estate,TX,2025.0,32903006.0,5783245,19,False
Bay Area Marketplace LLC,30-JUN-2026,Residential,TX,2026.0,2300000.0,1735000,31,False
"FOCAL POINT PROCUREMENT SOLUTIONS, INC.",30-JUN-2026,Other Technology,GA,,7450000.0,7449999,3,False
"Invito Opportunity Fund 2026, LP",30-JUN-2026,Oil and Gas,TX,2026.0,10000000.0,0,0,False
Health Cost IQ Inc.,30-JUN-2026,Other Technology,AZ,2023.0,1499999.0,1499999,1,False
Yakuru Inc.,30-JUN-2026,Other Technology,DE,2025.0,,500000,12,False
"A2 Commercial Fund II, LLC",30-JUN-2026,Commercial,NY,2025.0,20000000.0,5544609,10,False
"Interval, LLC",30-JUN-2026,Business Services,AZ,2025.0,1000000.0,40000,7,False
"Rise Bluestone Partners, LLC",30-JUN-2026,Residential,AZ,2026.0,19860176.0,18228485,99,False
S3 Small Balance RE Credit A Domestic LP,30-JUN-2026,REITS and Finance,NY,,,215318386,367,True
S3 Small Balance RE Credit A Foreign LLC,30-JUN-2026,REITS and Finance,NY,,,35315416,34,False
MeadowCX Inc.,30-JUN-2026,Other Technology,CA,2025.0,6000000.0,1158000,12,False
"Kingmakers Cigars, LLC",30-JUN-2026,Other,SC,2022.0,10000000.0,50000,1,False
"QHVC Fund I, LLC",30-JUN-2026,Residential,VA,2026.0,5000000.0,0,0,False
HighPoint Midstream LLC,30-JUN-2026,Oil and Gas,TX,2022.0,101395440.0,96667200,44,False
"VedaPointe, Inc.",30-JUN-2026,Other Health Care,MO,,6952751.0,4027751,17,False
"Aynak, Inc.",30-JUN-2026,Other Technology,CA,2024.0,1800000.0,720000,2,False
"Tanbark Molded Fiber Products, Inc.",30-JUN-2026,Manufacturing,ME,2022.0,3000000.0,3000000,1,False
Silverline FFX GO LLC,30-JUN-2026,Commercial,VA,2026.0,4060000.0,4060000,18,False
"Panex Field Development Fund #1, LP",30-JUN-2026,Oil and Gas,KY,2026.0,10000000.0,0,0,False
Shop KAMI Inc.,30-JUN-2026,Retailing,NY,2025.0,100000.0,60000,11,False
"MCP Beloit Investors, LLC",30-JUN-2026,Other Real Estate,TX,2026.0,1275921.0,1173167,22,False
Discovery Property Co LLC,30-JUN-2026,Other,AZ,,57200000.0,45800000,218,False
"Commodore Investco, LLC",30-JUN-2026,Other,TN,2026.0,10000000.0,10000000,13,False
"Culpepper Arlington Investors, LLC",30-JUN-2026,Restaurants,TX,2026.0,2250000.0,300000,2,False
"Air Control Concepts Holdings, L.P.",30-JUN-2026,Other,VA,2023.0,,5999990,1,False
"Amplifi Vascular, Inc.",30-JUN-2026,Biotechnology,KS,2023.0,12000000.0,5960278,59,False
PS Alabama LLC,30-JUN-2026,Commercial,GA,2026.0,6600000.0,0,0,False
MAYFLOWER INVESTMENT GROUP INC,30-JUN-2026,REITS and Finance,FL,,2000000.0,0,0,False
Mgr Deal 6 LLC,30-JUN-2026,Commercial,GA,2026.0,12500000.0,0,0,False
Flowtex Jungle #1 Joint Venture,30-JUN-2026,Oil and Gas,TX,2026.0,7820000.0,0,0,False
ACV Wenatchee Sutton Place LLC,30-JUN-2026,Commercial,CA,2026.0,6909000.0,6909000,45,False
"PieTech, Inc.",30-JUN-2026,Other Technology,TX,2024.0,23722425.0,22219958,37,False
AZJAH40 LLC,30-JUN-2026,Other,AZ,2025.0,312996.0,262996,5,False
"Bonaventure Multifamily Income Trust, Inc.",30-JUN-2026,REITS and Finance,VA,2021.0,,144381702,335,True
"SC Conway Church, LLC",30-JUN-2026,Commercial,SC,2026.0,,385000,3,False
F1RE Fund LLC,30-JUN-2026,REITS and Finance,MO,2026.0,25000000.0,0,0,False
Gaingels Journey Robotics LLC,30-JUN-2026,Other,VT,2026.0,112511.0,112511,7,False
Gaingels Walden LLC,30-JUN-2026,Other,VT,2026.0,693163.0,693163,16,False
Brand Engagement Network Inc.,30-JUN-2026,Other Technology,DE,,1000593.0,1000593,1,False
Brand Engagement Network Inc.,30-JUN-2026,Other Technology,DE,,1000561.0,1000561,1,False
Gaingels Edge Aerospace LLC,30-JUN-2026,Other,VT,2026.0,190068.0,190068,9,False
Gaingels Vanguard LLC,30-JUN-2026,Other,VT,2026.0,47289.0,47289,10,False
"BELLADONNA RACING, LLC",30-JUN-2026,Other,KY,,15000000.0,0,0,False
Kioxia Holdings Corp,30-JUN-2026,Other Technology,M0,,100000000.0,40308436,41,False
Gaingels Campus LLC,30-JUN-2026,Other,VT,2026.0,140506.0,140506,12,False
Saara Intelligence Corp.,30-JUN-2026,Other Technology,UT,2025.0,300000.0,100000,3,False
"SMITH MICRO SOFTWARE, INC.",30-JUN-2026,Telecommunications,PA,,,0,6,False
"BELLADONNA RACING, LLC",30-JUN-2026,Other,KY,,2000000.0,0,0,False
"Sidari Artisan Brands, Corp",30-JUN-2026,Manufacturing,FL,2025.0,4000000.0,625000,6,False
MGP Holdings I LP,30-JUN-2026,Business Services,NY,,,40289513,88,False
CHE Holdings I LP,30-JUN-2026,Retailing,NY,2021.0,,90000000,39,False
Dust & Shadow LLC,30-JUN-2026,Other,NY,,3500000.0,0,0,False
"Baseten Labs, Inc.",30-JUN-2026,Other Technology,CA,,1499995892.0,1096448855,41,True
GCP SV3 III LLC,30-JUN-2026,Other Real Estate,ID,2026.0,1099905.0,1099905,15,False
"Titan Infra I, a series of Capitalize Investments LLC",30-JUN-2026,Other,NV,2026.0,,2926150,142,False
"Events.com, Inc.",30-JUN-2026,Other,CA,,6750000.0,6750000,8,False
"Gratwick Enterprises, Inc",30-JUN-2026,Other Technology,CA,2021.0,250000.0,102000,5,False
"ROVR Products III, a series of Capitalize Investments LLC",30-JUN-2026,Other,NV,2026.0,,50250,9,False
Conexeu Sciences Inc.,30-JUN-2026,Biotechnology,NV,2022.0,465953.0,203,1,False
Conexeu Sciences Inc.,30-JUN-2026,Biotechnology,NV,2022.0,86320.0,86320,2,False
DP PWCC Co-Invest Fund L.P.,30-JUN-2026,Other Real Estate,NV,2025.0,,0,0,False
WRG Silver Creek LLC,30-JUN-2026,Residential,ID,2026.0,16300000.0,9265959,30,False
GCP SV3 II LLC,30-JUN-2026,Other Real Estate,ID,2026.0,549820.0,549820,15,False
"Melrose II S TIC, LLC",30-JUN-2026,Residential,UT,,4778368.0,4778368,2,False
"Issio Solutions, Inc.",30-JUN-2026,Other Technology,CA,,700002.0,647065,16,False
"MIMG CCLXV Rapid City 6 Master, LLC",30-JUN-2026,Commercial,CO,2026.0,19800000.0,16325000,155,False
"Events.com, Inc.",30-JUN-2026,Other,CA,,3725001.0,3725001,3,False
Department of Hydration Inc.,30-JUN-2026,Other,TX,2026.0,1250000.0,100000,1,False
Recombinant Diagnostics LLC,30-JUN-2026,Other Health Care,FL,2025.0,,150000,2,False
GCP SV3 LLC,30-JUN-2026,Other Real Estate,ID,2025.0,1000010.0,1000010,15,False
"SonoThera, Inc.",30-JUN-2026,Biotechnology,CA,2021.0,125450218.0,125450218,22,True
Andon Bio Inc.,30-JUN-2026,Biotechnology,CO,2026.0,2000000.0,250000,1,False
"Eccentric Machines, Inc.",29-JUN-2026,Other Technology,NY,2026.0,5000000.0,5000000,4,False
Maia Medical Billing Corp.,29-JUN-2026,Other Health Care,CO,2025.0,1750000.0,1202000,14,False
High Boy Ventures LLC,29-JUN-2026,Residential,UT,,36477185.0,36477185,28,False
Redstone Oil Corp.,29-JUN-2026,Oil and Gas,A0,2026.0,5550159.0,5550159,3,False
HWH International Inc.,29-JUN-2026,Retailing,MD,2022.0,500000.0,500000,1,False
Rubico Inc.,29-JUN-2026,Other,J3,2022.0,10263162.0,0,6,False
"Kimle Aquaculture, Inc.",29-JUN-2026,Agriculture,IA,,1499971.0,634982,5,False
"UPEXI, INC.",29-JUN-2026,Other,FL,,19542635.0,19542635,1,False
"Peachtree Credit Fund IV, LP",29-JUN-2026,Other Real Estate,GA,2024.0,500000000.0,245131828,604,True
"Fort Worth Partners, LLC",29-JUN-2026,Residential,AL,2025.0,18000000.0,7211167,23,False
"Blackstone Real Estate Income Trust, Inc.",29-JUN-2026,REITS and Finance,NY,,,367525115,2080,True
"FibroBiologics, Inc.",29-JUN-2026,Pharmaceuticals,TX,2021.0,3000000.0,3000000,1,False
"Forescout Parent, Inc.",29-JUN-2026,Other Technology,CA,2022.0,,162942017,81,True
"Invito DrillCo 2026, LP",29-JUN-2026,Oil and Gas,TX,2026.0,40000000.0,0,0,False
"Northwest Rental Fund 1, LP",29-JUN-2026,Commercial,ID,2026.0,10000000.0,0,0,False
"Row Global, Inc.",29-JUN-2026,Other Technology,FL,2023.0,8250000.0,3409997,4,False
"ChartSpan Medical Technologies, Inc.",29-JUN-2026,Other Technology,SC,,55000000.0,50471583,36,False
"Lilac Solutions, Inc.",29-JUN-2026,Other Technology,CA,,46684541.0,34369684,21,False
"StoryPath, LLC",29-JUN-2026,Other Technology,ID,2024.0,1830000.0,0,0,False
"Forescout Parent, Inc.",29-JUN-2026,Other Technology,CA,2022.0,444000.0,444000,14,False
"Hideaway at Oconee, LLC",29-JUN-2026,Other Real Estate,GA,2024.0,36689985.0,31300000,151,False
"Heartland Life Settlements 1, LLC",29-JUN-2026,Other,PA,,300000.0,53191,5,False
Vicky & Frank Ltd Liability Co,29-JUN-2026,Other,NY,2026.0,3500000.0,0,0,False
USEDC 2026 Drilling Fund 2 LP,29-JUN-2026,Oil and Gas,TX,2026.0,250000000.0,500000,0,False
WT Realty Group Inc.,29-JUN-2026,Other Real Estate,CA,2025.0,5000000.0,5000000,3,False
USEDC Opportunity Zone IV LP,29-JUN-2026,Oil and Gas,TX,2026.0,100000000.0,100000,0,False
ADVANTAGE ASSETS LLC,29-JUN-2026,Other Real Estate,MO,2026.0,100000000.0,0,0,False
"Financial Industry Information & Rating Organization, Inc.",29-JUN-2026,Other Banking and Financial Services,NE,,1500000.0,0,0,False
HARVEST GOLD CORP,29-JUN-2026,Other,A1,,985880.0,352100,1,False
"Andmark Investment Fund VII, LLC",29-JUN-2026,Residential,CA,2025.0,147700000.0,147700000,165,True
CHEVRON PHILLIPS CHEMICAL CO LP,29-JUN-2026,Other Energy,TX,,,107471449,140,True
"Uniti AI, Inc.",29-JUN-2026,Other Technology,NY,2023.0,12000000.0,11892146,16,False
Silver Bullet Capital Group LLC,29-JUN-2026,Residential,WY,2022.0,2000000.0,167251,17,False
"Pax8, Inc.",29-JUN-2026,Other Technology,CO,,580000.0,580000,3,False
USEDC Mineral Exchange I LLC,29-JUN-2026,Oil and Gas,TX,2022.0,100000000.0,181353,0,False
Redwood Vandalia Little York Road OH P3 LLC,29-JUN-2026,Residential,OH,2026.0,3175000.0,0,0,False
"Eleven Ridge Investments, LLC",29-JUN-2026,Investing,GA,2026.0,5000000.0,0,0,False
Leghorn LLC,29-JUN-2026,Commercial,OR,2026.0,2800000.0,2800000,10,False
USEDC 2026 Drilling Fund 2 LP,29-JUN-2026,Oil and Gas,TX,2026.0,250000000.0,107527,0,False
Pinal County Federal Credit Union,29-JUN-2026,Other Banking and Financial Services,AZ,,8000000.0,8000000,2,False
USEDC 2026 Drilling Fund 1 LP,29-JUN-2026,Oil and Gas,TX,2026.0,250000000.0,1000000,0,False
USEDC 2026 Drilling Fund 1 LP,29-JUN-2026,Oil and Gas,TX,2026.0,250000000.0,2500000,0,False
Institutional Drilling Fund III LP,29-JUN-2026,Oil and Gas,TX,2026.0,250000000.0,250000,0,False
Dewdrop Labs Inc,29-JUN-2026,Other Technology,CA,2026.0,20415977.0,20040984,10,False
"Pax8, Inc.",29-JUN-2026,Other Technology,CO,,1572000.0,1572000,5,False
"Livelyhood Health, Inc",29-JUN-2026,Other Health Care,FL,2025.0,499999.0,450000,1,False
"Mendbrain Health, Inc.",29-JUN-2026,Other Health Care,FL,2026.0,15000.0,14000,2,False
Disruption Off-Broadway Ltd Liability Co,29-JUN-2026,Other,NY,2026.0,2200000.0,0,0,False
"CFrame, Inc.",29-JUN-2026,Other Technology,MD,2025.0,,25000,1,False
"WallStreetX ETFs, Inc.",29-JUN-2026,Other Banking and Financial Services,NY,2025.0,,6000000,0,False
Proven Proteins Inc.,29-JUN-2026,Agriculture,IN,2025.0,1000000.0,125000,1,False
"Linxia Shidai Holdings Group Co., Ltd",29-JUN-2026,Other Technology,K3,2025.0,500000000.0,0,0,False
"Harri Topco, Inc.",29-JUN-2026,Other Technology,NY,2023.0,15000000.0,3000000,0,False
"WIDDYUP, INC.",29-JUN-2026,Other,WY,2021.0,250000.0,250000,1,False
"Parallel Loop, Inc.",29-JUN-2026,Other Technology,CA,2026.0,6999999.0,4000000,1,False
"PG Austin Investors RC, LLC",29-JUN-2026,Other Real Estate,GA,2025.0,80300000.0,14733678,137,False
"PG Austin Investors RC, LLC",29-JUN-2026,Other Real Estate,GA,2025.0,80300000.0,14733678,137,False
GAINGELS YC X26 LLC,29-JUN-2026,Other,VT,2026.0,2000000.0,662500,20,False
708 Coventry LLC,29-JUN-2026,Investing,TX,2022.0,50000.0,50000,1,False
"PG EB5 Sugar Lender, LLC",29-JUN-2026,Other Real Estate,GA,2025.0,28000000.0,9600000,12,False
Hootsuite Inc.,29-JUN-2026,Other Technology,A1,,11493947.0,11493947,20,False
"Granada Club Football Holdings, LLC",29-JUN-2026,Other,MD,2026.0,2000000.0,1100000,7,False
LIMEN MARKETS SERIES 2026-A LLC,29-JUN-2026,Investment Banking,WY,2026.0,,0,0,False
Hootsuite Inc.,29-JUN-2026,Other Technology,A1,,2274115.0,2274115,2,False
Concierge 1510 LLC,29-JUN-2026,Other,OH,2026.0,,0,0,False
PRUCO LIFE INSURANCE CO,29-JUN-2026,Insurance,NJ,,,4211924061,11,True
Vireo Growth Inc.,29-JUN-2026,Other,MN,,1149959.0,1149959,3,False
"Generations Continuum Group, LLC",29-JUN-2026,Other,TX,2026.0,18000000.0,0,0,False
"HIG Holdings, LLC",29-JUN-2026,Insurance,TX,,2096000.0,2096000,1,False
QILA FORTRESS FUND I LLC,29-JUN-2026,Commercial,DE,2025.0,150000000.0,3980000,19,False
"UserFirst Software, Inc.",29-JUN-2026,Other Technology,ID,,650000.0,625000,6,False
CRESI CAPITAL FUND I LLC,29-JUN-2026,Other Real Estate,NJ,2026.0,2000000.0,0,0,False
Artificial Intelligence Financial Services Market Inc.,29-JUN-2026,Other Technology,DE,2025.0,2500000.0,0,0,False
"Colossus Computing, Inc.",29-JUN-2026,Computers,CA,,,180000,5,False
ESC 200 Central LLC,29-JUN-2026,Other Real Estate,CA,2026.0,5440100.0,5440100,63,False
"SFR Capital Fund, LLC",29-JUN-2026,Other Real Estate,AZ,2026.0,100000000.0,0,0,False
Outer Light Fund LLC,29-JUN-2026,Other Real Estate,CT,2026.0,100000000.0,0,0,False
Artificial Intelligence Financial Services Market Inc.,29-JUN-2026,Other Technology,DE,2024.0,2500000.0,0,0,False
Prisma Health Surgery Center - Patewood LLC,29-JUN-2026,Other Health Care,SC,2025.0,759500.0,0,0,False
InnoVein LLC,29-JUN-2026,Other Health Care,FL,2026.0,700000.0,375000,6,False
"Offleash'd, Inc.",29-JUN-2026,Other Technology,WA,2021.0,5000000.0,0,0,False
"PFDSELECT MEDICAL RECEIVABLES 1016, LLC",29-JUN-2026,Other Banking and Financial Services,NV,2025.0,16000000.0,15227691,99,False
Obscurae Intelligence Inc,29-JUN-2026,Other Technology,WA,2025.0,65000.0,65000,2,False
Eastport Dock Prospect Partners,29-JUN-2026,Oil and Gas,TN,,1356000.0,700600,10,False
"MEDPLEX SYSTEMS, INC",29-JUN-2026,Hospitals and Physicians,TX,2025.0,1000000.0,565000,0,False
GlobalXBPay Inc,29-JUN-2026,Other Technology,TX,2024.0,100000.0,69998,2,False
NPCMSPV Inc.,29-JUN-2026,Other,NH,2026.0,620000.0,570000,9,False
CLICKWANTS PARTNERS Corp,29-JUN-2026,Other,FL,2025.0,,0,0,False
Prisma Health Orthopedic Surgery Center - Greenville LLC,29-JUN-2026,Other Health Care,SC,2026.0,4179700.0,0,0,False
PATHWAIZE INC.,29-JUN-2026,Other Technology,DE,2026.0,750000.0,45000,2,False
"INSight Capital, LLC",26-JUN-2026,Insurance,NE,2022.0,50000000.0,32356820,45,False
My Shed Rental LLC,26-JUN-2026,Business Services,NC,2021.0,5000000.0,4278427,18,False
"Cresilon, Inc.",26-JUN-2026,Biotechnology,NY,,29000000.0,28999199,217,False
"Edesa Biotech, Inc.",26-JUN-2026,Biotechnology,A6,,3500000.0,3499986,4,False
Surge Battery Metals Inc.,26-JUN-2026,Other,A1,,7346745.0,7346745,6,False
Point2 Technology Inc.,26-JUN-2026,Other Technology,CA,,92557918.0,62557918,15,False
"HC Topeka 6001 JV, LLC",26-JUN-2026,Other Real Estate,GA,2026.0,1850000.0,1850000,12,False
"Arcadia Biosciences, Inc.",26-JUN-2026,Other Technology,TX,,11417964.0,3999613,5,False
KUEHNLE AGROSYSTEMS INC,26-JUN-2026,Other,HI,,3034999.0,3034999,6,False
"Sift Media, Inc.",26-JUN-2026,Other Technology,NC,,500000.0,350303,16,False
Carlyle Tactical Private Credit Fund,26-JUN-2026,Investing,NY,,50000000.0,50000000,15,False
"Surgery Center of Wasilla, LLC",26-JUN-2026,Other Health Care,AK,,2246586.0,2246586,4,False
"Saukville Hotel Group, LLC",26-JUN-2026,Lodging and Conventions,WI,2026.0,12200000.0,0,0,False
"Gratwick Enterprises, Inc",26-JUN-2026,Other Technology,CA,2021.0,250000.0,77000,4,False
"Drone Express, Inc.",26-JUN-2026,Other Technology,OH,2021.0,10000000.0,2702500,3,False
Arch Rock Hospitality LLC,26-JUN-2026,Other Real Estate,CA,2025.0,2700000.0,765000,8,False
MODELIST INC,26-JUN-2026,Investing,MN,2023.0,2000000.0,525000,4,False
"Buhl OMP Fund, LLC",26-JUN-2026,Other Real Estate,MN,2026.0,12000000.0,1250000,2,False
TGT Holdings Inc.,26-JUN-2026,Other Technology,M0,2025.0,11653398.0,11653398,1,False
IREX V Diversified Portfolio DST,26-JUN-2026,Commercial,TX,2026.0,97634409.0,7766000,5,False
"Rise Northern Partners, LLC",26-JUN-2026,Residential,AZ,2026.0,9761125.0,7545440,44,False
"Fund at Hula III, L.P.",26-JUN-2026,Investing,VT,2025.0,15000000.0,15000000,2,False
"eMotive Software, Inc.",26-JUN-2026,Other Technology,TX,2022.0,2543750.0,250000,2,False
CIIC Seller Aggregator LLC,26-JUN-2026,Other Health Care,TX,2026.0,1700000.0,1700000,23,False
"Bethany Farms I, LLC",26-JUN-2026,Agriculture,IA,2023.0,20000000.0,5150000,9,False
HF Crystal View IV LLC,26-JUN-2026,Other Real Estate,OH,2026.0,1025000.0,0,0,False
"PG Austin Investors, LLC",26-JUN-2026,Other Real Estate,GA,2025.0,80300000.0,11362442,91,False
Iron Oak Investments L.P.,26-JUN-2026,Other Real Estate,CA,2024.0,,9214657,38,False
"PG EB5 Sugar Lender, LLC",26-JUN-2026,Other Real Estate,GA,2025.0,28000000.0,8000000,10,False
AllVoices Holding Co.,26-JUN-2026,Other Technology,CA,,7000000.0,7000000,1,False
CIIC Seller Aggregator LLC,26-JUN-2026,Other Health Care,TX,2026.0,1700000.0,1700000,22,False
"Griffin Capital (Union - Kansas City, MO) DST",26-JUN-2026,Other Real Estate,CA,2025.0,59873419.0,42206826,101,False
"PG EB5 Gatlinburg Lender, LLC",26-JUN-2026,Other Real Estate,GA,2025.0,40000000.0,32000000,40,False
Keystone Opportunity Fund I LP,26-JUN-2026,Commercial,TN,2025.0,15000000.0,0,0,False
"aRobotics, Inc.",26-JUN-2026,Other Technology,NY,2024.0,3875000.0,2642229,6,False
"Legacy Charter School Funding II, LLC",26-JUN-2026,Other Real Estate,CT,2026.0,1050000.0,0,0,False
"Champion Wellness Holdings, LLC",26-JUN-2026,Other Health Care,IN,2024.0,1500000.0,1500000,40,False
"TRAIL TETHER, INC.",26-JUN-2026,Other,PA,2023.0,1500000.0,225000,2,False
SPC At The Northern LLC,26-JUN-2026,Residential,MN,2026.0,2000000.0,1802500,26,False
9 Industrial Partners LLC,26-JUN-2026,Other,PA,2025.0,650000.0,300000,3,False
Rapori Inc.,26-JUN-2026,Other,CO,2026.0,2000000.0,1000000,3,False
"TFC Big Gulps Mustang, LLC",26-JUN-2026,Commercial,UT,2026.0,700000.0,700000,4,False
Trident Credit Partners LLC,26-JUN-2026,Construction,KS,2026.0,10000000.0,0,0,False
"QumulusAI, Inc.",26-JUN-2026,Other,GA,2022.0,45000000.0,15000000,1,False
"Stitchlock, Inc.",26-JUN-2026,Other Health Care,TX,2021.0,3500000.0,149632,2,False
"Pragmatico, Inc.",26-JUN-2026,Other,IN,2026.0,2000000.0,1460000,20,False
"AKF, Inc.",26-JUN-2026,Other Banking and Financial Services,NY,,,31350000,9,False
BREX Net Lease Industrial I DST,26-JUN-2026,Other Real Estate,NY,2026.0,80055365.0,41828885,66,False
"ROC Holdings SPV III, LP",26-JUN-2026,Biotechnology,DC,2026.0,,0,0,False
"Hoefer Group, LLC",26-JUN-2026,Manufacturing,ND,2021.0,5000000.0,601500,2,False
GuideAI Health Corp.,26-JUN-2026,Other Health Care,A1,2026.0,1860199.0,1860199,1,False
Plastic Labs Inc.,26-JUN-2026,Other Technology,NY,2023.0,15399978.0,13331861,16,False
"Rivery Legacy Fund, L.P.",26-JUN-2026,Oil and Gas,TX,2025.0,30000000.0,2750000,4,False
Breath Works LLC,26-JUN-2026,Other,WA,2025.0,1500000.0,1500000,0,False
"HelloVote, Inc.",26-JUN-2026,Other Technology,TX,2026.0,21250.0,21250,9,False
"WitFoo, Inc.",26-JUN-2026,Computers,GA,,2500000.0,0,0,False
BOOK & STREET LLC,26-JUN-2026,Business Services,OH,,1350000.0,0,0,False
COMPAGNIE FINANCIERE RICHEMONT SA,26-JUN-2026,Manufacturing,V8,,10519723.0,10519723,32,False
"Relativity Networks, Inc.",26-JUN-2026,Telecommunications,FL,2023.0,25000000.0,19500000,11,False
USEDC 2026 Drilling Fund 1 LP,26-JUN-2026,Oil and Gas,TX,2026.0,250000000.0,200000,0,False
USEDC 2026 Drilling Fund 2 LP,26-JUN-2026,Oil and Gas,TX,2026.0,250000000.0,50000,0,False
USEDC 2026 Drilling Fund 1 LP,26-JUN-2026,Oil and Gas,TX,2026.0,250000000.0,200000,0,False
Star Quality NY Limited Partnership,26-JUN-2026,Other,NY,2026.0,16000000.0,0,0,False
Worlds Enterprises Inc.,26-JUN-2026,Other Technology,TX,,10333337.0,7333342,6,False
Roq.ad Inc.,26-JUN-2026,Other,CA,,13304791.0,10304791,17,False
"Cardinal Action Cams, Inc",26-JUN-2026,Computers,CO,2025.0,500000.0,7500,2,False
StrideLink Inc.,26-JUN-2026,Other Technology,GA,2021.0,4315000.0,1489998,21,False
STILLWATER PORTFOLIO LLC,26-JUN-2026,Other,TX,,60000000.0,51677834,49,False
VALKYRIE III a Series of Opulentia Ventures X LLC,26-JUN-2026,Investing,VA,2026.0,250000.0,250000,7,False
"OPX2025 Firehawk, a Series of Opulentia Ventures X LLC",26-JUN-2026,Investing,VA,2025.0,530875.0,530875,10,False
"OPX2025 xAI, a Series of Opulentia Ventures X LLC",26-JUN-2026,Investing,VA,2025.0,1600000.0,1600000,10,False
"Surgery Center of Wasilla, LLC",26-JUN-2026,Other Health Care,AK,,406093.0,406093,1,False
Investing Wolf LLC,26-JUN-2026,Investing,MT,2025.0,,16000000,50,False
Skybox Sports LLC,26-JUN-2026,Other,TX,2024.0,50000.0,50000,1,False
"WitFoo, Inc.",26-JUN-2026,Computers,GA,,378749.0,378749,10,False
Tiger Gold Corp.,26-JUN-2026,Other,A1,,11747031.0,712134,13,False
"Datum Technology, Inc.",26-JUN-2026,Other Technology,NY,2023.0,575000.0,575000,19,False
"VERTICAL HOLDINGS, LLC/DE",26-JUN-2026,Other,DE,2026.0,,226500,10,False
3200 W Diamond LLC,26-JUN-2026,Other Real Estate,AZ,2026.0,1625000.0,1625000,9,False
Grey Matters Health Inc.,26-JUN-2026,Other Health Care,A1,,71200.0,28500,1,False
"LaserMotive, Inc.",26-JUN-2026,Other,WA,,10000000.0,7729595,43,False
Luxonis Holding Corp,26-JUN-2026,Other,CO,,14000000.0,14000000,2,False
VC Equity Fund 1 LLC,26-JUN-2026,Residential,FL,2025.0,20000000.0,0,0,False
"Five & Dime SPV, LLC",26-JUN-2026,Other,WI,2023.0,,0,0,False
"Rapalogix Health, Inc.",26-JUN-2026,Biotechnology,CA,2023.0,24999999.0,19112746,28,False
"BLUE BIOFUELS, INC.",26-JUN-2026,Other Energy,FL,,587000.0,587000,11,False
Geomorphic AI,26-JUN-2026,Other,NV,2026.0,428000.0,338000,5,False
Echo Ltd.,25-JUN-2026,Other,A0,,7580.0,7580,7,False
Falkbuilt Ltd.,25-JUN-2026,Other,A0,,1508417.0,1508417,7,False
SVCV Group Inc,25-JUN-2026,Other Banking and Financial Services,NY,2024.0,2000000.0,500000,0,False
"Homewood Club, LLC",25-JUN-2026,Other,CA,2021.0,,0,0,False
Helicon Industries Inc.,25-JUN-2026,Other,CA,2026.0,16360001.0,14008492,11,False
REGENTIS BIOMATERIALS LTD.,25-JUN-2026,Biotechnology,L3,,6500000.0,6500000,22,False
"NEONC TECHNOLOGIES HOLDINGS, INC.",25-JUN-2026,Biotechnology,CA,2023.0,5000000.0,5000000,2,False
"Nampa Interchange Park 2, LP",25-JUN-2026,Commercial,WA,2026.0,6180000.0,6180000,27,False
"Driftwood Hotel Income I, DST",25-JUN-2026,Other Real Estate,FL,2026.0,23975543.0,4862787,1,False
Rock Funding LLC,25-JUN-2026,Other,SC,2025.0,10000000.0,65000,3,False
"Corista, LLC",25-JUN-2026,Other Technology,MA,,10080000.0,50000,1,False
Nexeo Health LLC,25-JUN-2026,Other Health Care,SC,2026.0,500000.0,50000,1,False
"TFC Desert Color, LLC",25-JUN-2026,Commercial,UT,2025.0,350000.0,350000,4,False
"Capitano Strategic Energy, Limited Partnership",25-JUN-2026,Oil and Gas,NC,2026.0,4500000.0,0,0,False
"LineSlip Solutions, Inc.",25-JUN-2026,Other Technology,NY,,7757491.0,7341477,26,False
Serrano Creek LLC,25-JUN-2026,Residential,TX,2026.0,5000000.0,0,0,False
"FCTG US Invesco, Inc.",25-JUN-2026,Other,OR,,4816000.0,4816000,161,False
"Sprout Properties III, LP",25-JUN-2026,Residential,TX,,10000000.0,200000,1,False
IceCure Medical Ltd.,25-JUN-2026,Biotechnology,L3,,16500000.0,16500000,1,False
"Forest City Trading Group, LLC",25-JUN-2026,Other,OR,,8248696.0,8248696,19,False
"Applause Technology, Inc. / DE",25-JUN-2026,Other,UT,2022.0,11999917.0,6999938,3,False
ESC Carriage Park LLC,25-JUN-2026,Other Real Estate,CA,2026.0,2500000.0,2500000,28,False
"Zuma Internet, Inc.",25-JUN-2026,Other,GA,2025.0,150000.0,25000,2,False
gatherwisely Inc.,25-JUN-2026,Business Services,ME,2025.0,245000.0,245000,9,False
"Madison GS Storage Fund, LLC",25-JUN-2026,Commercial,NC,2026.0,18000000.0,14610000,79,False
ZRP Commerce Centre LLC,25-JUN-2026,Commercial,SC,2026.0,3000000.0,3000000,21,False
American Metal Inc,25-JUN-2026,Other,TX,2025.0,,82188,2,False
"Firebird Music Holdings, LLC",25-JUN-2026,Other,TN,,71216686.0,71216686,10,False
"State Bankshares, Inc.",25-JUN-2026,Commercial Banking,ND,,,2883000,22,False
"Home at Orange OZ, LLC",25-JUN-2026,Residential,DE,2026.0,10000000.0,200000,1,False
"Lycia Therapeutics, Inc.",25-JUN-2026,Biotechnology,CA,,75000000.0,75000000,16,False
Juro Financial Inc,25-JUN-2026,Other,WY,2024.0,1.0,0,0,False
Elite Talent Sports Management Agency & Investment Group LLC,25-JUN-2026,Business Services,GA,2023.0,25000000.0,25000000,1,False
"Sweet Chemistry, Inc.",25-JUN-2026,Retailing,NY,2023.0,1597995.0,1597995,5,False
Juro Financial Inc,25-JUN-2026,Other,WY,2024.0,1.0,0,0,False
"Prime Special Risk Holding Company, LLC",25-JUN-2026,Insurance,UT,2023.0,975000000.0,2000000,5,False
A2 Gold Corp.,25-JUN-2026,Other,A1,,194721.0,194721,35,False
ARCTRUST Note Fund-1 LLC,25-JUN-2026,REITS and Finance,NJ,2025.0,25000000.0,0,0,False
TCD 272 Tri-Market Industrial Investment II LP,25-JUN-2026,Commercial,MA,2026.0,3000000.0,1185000,10,False
"CoLabs QOF, LLC",25-JUN-2026,Other Technology,FL,,4000000.0,198700,1,False
TCD 272 Tri-Market Industrial Investment LP III,25-JUN-2026,Commercial,MA,2026.0,2000000.0,1000000,1,False
ORKVEX LTD,25-JUN-2026,Other Banking and Financial Services,CO,,,100000000,10000,True
EB5 NCE Eagle Point LP,25-JUN-2026,Other Real Estate,CA,2024.0,12800000.0,3200000,4,False
New Club Investment. LLC,25-JUN-2026,Other,OH,2023.0,1470000.0,1284000,15,False
"Golden Waves Grain, LLC",25-JUN-2026,Agriculture,KS,2022.0,15000000.0,6300000,58,False
"Golden Waves Grain, LLC",25-JUN-2026,Agriculture,KS,2022.0,65000000.0,3300000,25,False
Copa Fund 1 LLC,25-JUN-2026,REITS and Finance,AZ,2023.0,150000000.0,54221993,93,False
"ClearPrice Networks, Inc.",25-JUN-2026,Other,CA,,3000000.0,250000,1,False
TCD 272 Tri-Market Industrial Investment LP,25-JUN-2026,Commercial,MA,2026.0,9355000.0,7900000,37,False
VulNow B.V.,25-JUN-2026,Computers,P7,2026.0,568350.0,73886,0,False
"Series 5-3, a series of StartEngine Private LLC",25-JUN-2026,Other,CA,2025.0,717500.0,542800,17,False
SoNa Lofts II OZ Fund LLC,25-JUN-2026,Residential,WI,2026.0,9700000.0,9700000,48,False
FlowState Analytics Inc.,25-JUN-2026,Other Technology,IN,2026.0,450000.0,95000,2,False
"TCIF Casper, LLC",25-JUN-2026,Commercial,OK,2026.0,3000000.0,0,0,False
Buligo Fund VI INDIV LP,25-JUN-2026,Commercial,DE,2025.0,,2605000,7,False
"Grove Lynnwood, LLC",25-JUN-2026,Other Real Estate,WA,2026.0,5500000.0,1320000,11,False
"Acumino, Inc.",25-JUN-2026,Other Technology,MA,2021.0,11677991.0,11677991,6,False
6907 Whitsett Avenue LLC,25-JUN-2026,Residential,CA,2026.0,1650000.0,1250000,6,False
"South Dakota Owners Insurance Agency, Inc.",25-JUN-2026,Other,NE,2026.0,20000000.0,0,0,False
"Scenic Hill Solar LI, LLC",25-JUN-2026,Other Energy,AR,2024.0,2000000.0,2000000,1,False
College Health TV Inc.,25-JUN-2026,Other Technology,NC,2026.0,250000.0,125000,1,False
"Scenic Hill Solar L, LLC",25-JUN-2026,Other Energy,AR,2023.0,925000.0,925000,1,False
"RE-OPS, Inc.",25-JUN-2026,Business Services,TX,2022.0,5000000.0,2440000,2,False
Smart Process Soluions Inc.,25-JUN-2026,Other Technology,CA,2026.0,1000000.0,100000,1,False
"Rose Peak Holdings, LLC",25-JUN-2026,Other,UT,2026.0,2000000.0,2000000,16,False
Qivurn Data Centers Inc.,25-JUN-2026,Investing,CO,2026.0,100000000.0,0,0,False
"Thrive Therapies Group, Inc.",25-JUN-2026,Other Health Care,TN,2023.0,6999520.0,1867689,3,False
"ACES Diagnostics, Inc.",25-JUN-2026,Other,AZ,2024.0,3000000.0,400000,2,False
FC Group Holdings Corp,25-JUN-2026,Other Technology,NY,2026.0,71806054.0,71806054,1,False
"Olney DCC Investors, LLC",25-JUN-2026,Residential,TX,2026.0,300000.0,225000,8,False
EYECHEQ INC.,25-JUN-2026,Other Health Care,FL,2021.0,11452000.0,9952000,56,False
"Wayland DCC Investors, LLC",25-JUN-2026,Residential,TX,2026.0,300000.0,210000,5,False
"ACES Diagnostics, Inc.",25-JUN-2026,Other,AZ,2024.0,3600000.0,3600000,27,False
GameRun Inc.,25-JUN-2026,Other Technology,NY,2024.0,,4520000,7,False
"FieldChief, Inc.",25-JUN-2026,Other Technology,FL,2026.0,400000.0,150000,3,False
LoanEdge Fund I LLC,25-JUN-2026,Other Real Estate,CA,2025.0,25000000.0,1451000,12,False
FMSMN LTD,25-JUN-2026,Investing,CO,2026.0,100000000.0,0,0,False
"FRED-Pleasant Prairie Two, LLC",25-JUN-2026,Commercial,WI,2026.0,10270000.0,0,0,False
CALIBER HOLDINGS INC.,25-JUN-2026,Other,TX,,,0,0,False
2000 HXR LLC,25-JUN-2026,Commercial,MN,2026.0,3750000.0,0,0,False
Fan Label LLC,25-JUN-2026,Other,MI,,1650000.0,1650000,1,False
TopCar Media LLC,25-JUN-2026,Other,MI,2026.0,250000.0,210000,5,False
Adam's & Eve's Health Inc.,25-JUN-2026,Other Technology,DE,2026.0,1000000.0,100000,1,False
World Card Ltd,25-JUN-2026,Investing,WY,2026.0,100000000.0,0,0,False
"Hall Myrtle Beach Hotel Fund IX, LP",25-JUN-2026,REITS and Finance,TX,2026.0,44800000.0,44800000,0,False
Housing Trust Silicon Valley,25-JUN-2026,Other Banking and Financial Services,CA,,120000000.0,1185000,3,False
"MRES Heather Ridge Holdings, LLC",25-JUN-2026,Residential,NE,2026.0,12500000.0,11210000,68,False
"Post Santa Lucia Partners C2, LLC",25-JUN-2026,Investing,CA,2026.0,411000.0,411000,4,False
TopKid Entertainment U.S. LLC,25-JUN-2026,Other,FL,2024.0,15000000.0,0,0,False
"FCG Management Aggregator, L.P.",25-JUN-2026,Other,NY,2026.0,,102272507,133,True
"Call4USA, LLC",25-JUN-2026,Telecommunications,CA,,6000000.0,391000,14,False
Hines 800 S Hover Multifamily LLC,25-JUN-2026,Residential,TX,2025.0,41512242.0,29467950,210,False
Sky 18 Capital LLC,25-JUN-2026,Other Real Estate,FL,,100000000.0,0,0,False
"FinCo Services, Inc.",25-JUN-2026,Other Technology,NY,,97074807.0,67074807,18,False
"Chickadee Biomedicines, Inc.",25-JUN-2026,Biotechnology,MA,2025.0,1000000.0,150000,1,False
"Serinity, Inc",25-JUN-2026,Other Technology,CA,2026.0,8000000.0,500000,3,False
NxtLevel NIL Inc,25-JUN-2026,Other,CO,2026.0,125000.0,25000,3,False
"Redo Tech, Inc.",25-JUN-2026,Other Technology,UT,2022.0,29999951.0,25999968,2,False
"AC BlackPoint Holdings, LLC",25-JUN-2026,Other Technology,MO,2024.0,16318464.0,16318464,19,False
"Exactics, Inc.",25-JUN-2026,Biotechnology,IL,2025.0,1500000.0,855000,11,False
NLC Financial Service HQ DST,25-JUN-2026,Other Real Estate,NH,2026.0,137692566.0,92234640,36,False
MedServ Marketplace Inc.,25-JUN-2026,Other Technology,WA,2025.0,250000.0,75000,2,False
"Pure Simple Foods, LLC",24-JUN-2026,Other,CA,2021.0,2300000.0,602697,12,False
"Dravite Therapeutics, Inc.",24-JUN-2026,Other,CA,2025.0,14983333.0,14983333,8,False
"Berman Medical, Inc.",24-JUN-2026,Other Health Care,CA,2024.0,607000.0,607000,14,False
"Post Santa Lucia Partners C1, LLC",24-JUN-2026,Investing,CA,2026.0,929000.0,929000,13,False
"Goose Holdings, Inc.",24-JUN-2026,Other Technology,IL,2021.0,19000000.0,19000000,10,False
"Quanta Therapeutics, Inc.",24-JUN-2026,Biotechnology,CA,,89098282.0,76192272,17,False
Consensus NLP Inc.,24-JUN-2026,Other Technology,MA,2021.0,29714970.0,29714970,16,False
Highwater Wealth Management LLC\DE,24-JUN-2026,Computers,CA,2023.0,,35000,1,False
"Refocus Marketplace, Inc.",24-JUN-2026,Retailing,TX,2024.0,500000.0,330941,5,False
W. Paulding Field Development Joint Venture,24-JUN-2026,Oil and Gas,TX,2026.0,3360000.0,3360000,20,False
"Steelhead Composites, Inc.",24-JUN-2026,Other,CO,,750000.0,750000,1,False
Choice AI Inc.,24-JUN-2026,Other Technology,CA,2024.0,21718783.0,18694940,22,False
Jamestown Fund LLC,24-JUN-2026,Commercial,DE,2026.0,4500000.0,0,0,False
"TalnFlo, Inc.",24-JUN-2026,Other Technology,KY,2025.0,350000.0,80000,7,False
"Waterloo Trails Holdings, LP",24-JUN-2026,Residential,TX,2025.0,8750000.0,4576625,24,False
"Long Angle, Inc.",24-JUN-2026,Other Technology,DE,,7200011.0,7049591,15,False
"Long Angle Management, LLC",24-JUN-2026,Other Banking and Financial Services,DE,2023.0,4800000.0,4699709,15,False
"GrayBul Augusta, LP",24-JUN-2026,Residential,SC,2026.0,19684574.0,19684574,46,False
"NexMetro Communities, LLC",24-JUN-2026,Residential,AZ,,25000000.0,9647269,16,False
"CoreMap, Inc.",24-JUN-2026,Other Technology,MA,,45000000.0,35509826,73,False
"Beep, Inc.",24-JUN-2026,Other Technology,FL,,20000037.0,7122879,21,False
"Capital Square Apartment REIT, Inc.",24-JUN-2026,REITS and Finance,VA,,50000000.0,29708794,130,False
"Ollin Biosciences, Inc.",24-JUN-2026,Biotechnology,TX,2022.0,330000000.0,156249990,32,True
"CS1031 Colony at Centerpointe Apartments, DST",24-JUN-2026,Commercial,VA,2026.0,42950000.0,0,0,False
"Ploy, Inc.",24-JUN-2026,Other Technology,CA,2025.0,26571989.0,26571989,11,False
"Nomos AI, Inc.",24-JUN-2026,Other Technology,NY,2022.0,119999209.0,119999209,19,True
QuickSecure Inc.,24-JUN-2026,Other Technology,NY,2025.0,3162499.0,3162499,25,False
2nd Brain Inc.,24-JUN-2026,Other Technology,MI,2026.0,1000000.0,400000,7,False
"Bash Capital1, Inc.",24-JUN-2026,Business Services,IL,2025.0,2500000.0,1909910,18,False
"USPD Hamburg Self Storage Development, LLC",24-JUN-2026,Construction,TX,2025.0,5137992.0,50000,0,False
"Investor First Fund, LLC",24-JUN-2026,REITS and Finance,TX,2026.0,50000000.0,0,0,False
"TETmedical, Inc.",24-JUN-2026,Biotechnology,NJ,2021.0,9812108.0,3533611,45,False
"Commonwealth Capital, LLC/PA",24-JUN-2026,Other Banking and Financial Services,PA,,2500000.0,2000000,6,False
"Bluejack Fire Holdings, LLC",24-JUN-2026,Other,MO,2024.0,300000.0,300000,1,False
Cultivo Land PBC,24-JUN-2026,Other,CA,,19000000.0,16000000,12,False
Southeastern Fiber Corp,24-JUN-2026,Agriculture,NC,2022.0,4500000.0,0,0,False
"Athena Sports Holdings, LLC",24-JUN-2026,Retailing,PA,2024.0,440000.0,440000,11,False
USEDC Opportunity Zone IV LP,24-JUN-2026,Oil and Gas,TX,2026.0,100000000.0,300000,0,False
"Solar Simplified, LLC",24-JUN-2026,Retailing,IL,,1500000.0,1500000,1,False
"MDS 2026-Shale Development, LP",24-JUN-2026,Oil and Gas,PA,2025.0,200000000.0,39181985,291,False
Institutional Drilling Fund III LP,24-JUN-2026,Oil and Gas,TX,2026.0,250000000.0,100000,0,False
USEDC 2026 Drilling Fund 1 LP,24-JUN-2026,Oil and Gas,TX,2026.0,250000000.0,2850000,0,False
YUTIDETX INC.,24-JUN-2026,Biotechnology,VA,2025.0,375000.0,375000,2,False
RWA-USA-1 LLC,24-JUN-2026,Residential,CA,2026.0,18000000.0,0,0,False
"jfish, Inc.",24-JUN-2026,Other Technology,UT,2025.0,650000.0,67500,4,False
"Brooklyn Dumpling Parent Holdings, Inc.",24-JUN-2026,Other,NJ,2023.0,150000.0,150000,3,False
"Series 61-1, a series of StartEngine Private LLC",24-JUN-2026,Other,CA,2025.0,833350.0,20000,2,False
"Trillium Renewable Chemicals, Inc.",24-JUN-2026,Other,TN,,16004714.0,16004714,2,False
CS1031 Texas Active Living Portfolio II DST,24-JUN-2026,Commercial,VA,2026.0,32700000.0,0,0,False
Afthonea Inc,24-JUN-2026,Other Technology,MA,2026.0,1000000.0,50000,1,False
Falcon Peak Capital LLC Series SpaceX 2026,24-JUN-2026,Other Banking and Financial Services,CA,2021.0,1749942.0,1749942,14,False
"Clever Capital Fund, LLC",24-JUN-2026,Investing,AZ,2024.0,50000000.0,2525000,10,False
"Cruisebound, Inc.",24-JUN-2026,Other Travel,NY,,9999981.0,5755451,25,False
RWA-USA-1 LLC,24-JUN-2026,Residential,CA,2026.0,18000000.0,0,0,False
"EB5 United Park City, LLC",24-JUN-2026,Other Real Estate,OR,2025.0,524800000.0,8800000,11,False
"AquaPoro Technologies, Inc.",24-JUN-2026,Other Technology,CA,2024.0,6328978.0,6328978,19,False
"Hourglass Digital Group, Inc.",24-JUN-2026,Other Technology,NY,2021.0,10000000.0,10000000,1,False
Dozee Inc.,24-JUN-2026,Other Health Care,TX,2023.0,700000.0,700000,1,False
Nabu Optical Systems Inc.,24-JUN-2026,Other Technology,OH,2022.0,1000000.0,370000,3,False
Turbo Parent Partnership LP,24-JUN-2026,Business Services,NY,2024.0,,0,0,False
Bamboo Creative Solutions LLC,24-JUN-2026,Other Technology,FL,2022.0,5750000.0,2500000,3,False
Sky Holdco Corp,24-JUN-2026,Other,NY,,1081629.0,0,0,False
Topdrawer International Corp.,24-JUN-2026,Retailing,MA,2025.0,5000000.0,1000000,1,False
River Wood Jackson LLC,24-JUN-2026,Lodging and Conventions,ME,2026.0,2000000.0,615402,3,False
"Argute Group, Inc.",24-JUN-2026,Other Technology,TX,2026.0,100000.0,100000,0,False
"SleepRes, Inc.",24-JUN-2026,Other Health Care,TN,2022.0,6000000.0,0,0,False
WEBULL MARKETS LTD.,24-JUN-2026,Investing,NY,,100000000.0,0,0,False
Pocha Noodle Co Inc,24-JUN-2026,Retailing,CA,2023.0,526259.0,526259,2,False
"Boston Interactome, Inc.",24-JUN-2026,Biotechnology,MA,2025.0,1500000.0,500000,1,False
Megneon LLC,24-JUN-2026,Other Energy,FL,2026.0,300000.0,0,0,False
Disclosure Media Inc,24-JUN-2026,Retailing,CO,2025.0,200000.0,100000,1,False
JA Landcraft LP,24-JUN-2026,Commercial,ID,2026.0,670000.0,0,0,False
APEX CRITICAL METALS CORP.,24-JUN-2026,Other,A1,,2403642.0,2403642,3,False
Araknode Inc,24-JUN-2026,Manufacturing,DC,2025.0,25000.0,25000,1,False
"Ascend Capital Lending, LLC",24-JUN-2026,Other Banking and Financial Services,CA,2025.0,25000000.0,0,0,False
Loopdin Inc.,24-JUN-2026,Other Technology,PA,2025.0,,233000,1,False
SPC Bluestone LLC,24-JUN-2026,Residential,MN,2026.0,5636522.0,5636522,91,False
Sand Dollar Funding LLC/WA,24-JUN-2026,Other,WA,2021.0,30000000.0,24009000,59,False
Bomex Aero LLC,24-JUN-2026,Retailing,CA,2026.0,400000.0,25000,2,False
Solidion Technology Inc.,23-JUN-2026,Manufacturing,TX,,34995000.0,34995000,2,False
"OPEN DOORS PARTNERS, LLC",23-JUN-2026,Other,CA,,13734180.0,13734180,63,False
Reclaim Corp.,23-JUN-2026,Other Technology,WA,2022.0,4145003.0,3145001,2,False
Zoe Diagnostics Inc,23-JUN-2026,Other,MI,2026.0,500000.0,500000,1,False
"Oakworth Capital, Inc.",23-JUN-2026,Commercial Banking,AL,,19999980.0,3273774,12,False
"ODIN Labs, Inc.",23-JUN-2026,Other Technology,NY,,6500000.0,3250000,2,False
"IngeniousIO, Inc.",23-JUN-2026,Other Technology,DE,,5000000.0,4750000,16,False
Luminate Capital Corp.,23-JUN-2026,Commercial Banking,MN,2021.0,2520000.0,2515940,36,False
"Narratize, Inc.",23-JUN-2026,Other Technology,KY,2022.0,5000000.0,3797558,13,False
"OPEN DOORS PARTNERS, LLC",23-JUN-2026,Other,CA,,2252500.0,2252500,41,False
HS HOHE LLC,23-JUN-2026,Restaurants,TX,2025.0,,0,0,False
"KB Northbrook, DST",23-JUN-2026,Commercial,NV,2024.0,35590000.0,24805000,20,False
Hadron Group Inc.,23-JUN-2026,Other Technology,NY,2026.0,30000000.0,22180000,14,False
"Kingsbarn Acquisition & Development Fund, LLC",23-JUN-2026,Commercial,NV,2024.0,100000000.0,49899354,100,False
Fillmore Micro-Core Properties LLC,23-JUN-2026,Other Real Estate,OH,2023.0,5000000.0,5000000,1,False
"USPD Hamburg Self Storage Development, LLC",23-JUN-2026,Construction,TX,2025.0,5137992.0,100000,0,False
FMC Operating Partnership LP,23-JUN-2026,Other Real Estate,OH,2023.0,181593970.0,181593970,2,True
RedCloud Holdings plc,23-JUN-2026,Business Services,X0,2024.0,30000000.0,1387272,2,False
Blockchain Group S.A.,23-JUN-2026,Other,I0,,17800000.0,17800000,8,False
"Wilkinson Properties Fund 17, LLC",23-JUN-2026,Residential,WA,,50000000.0,30154255,166,False
NAMSOFT INC.,23-JUN-2026,Other Technology,WA,2025.0,1000000.0,200000,1,False
LabVoice Inc.,23-JUN-2026,Biotechnology,NC,,1200000.0,1200000,4,False
Redfern Tavata LLC,23-JUN-2026,Other Real Estate,ME,2026.0,21500000.0,16200000,41,False
FMC Common Fund LLC,23-JUN-2026,Other Real Estate,OH,2023.0,,0,0,False
"Somma Labs, Inc.",23-JUN-2026,Other,CA,2026.0,1000000.0,510000,11,False
"Radiology Partners Holdings, LLC",23-JUN-2026,Other Health Care,TN,,,268519313,548,True
"Quartermaster AI, Inc",23-JUN-2026,Other Technology,VA,2024.0,48599955.0,48599955,15,False
"Spearhead Bio, Inc.",23-JUN-2026,Other Technology,MO,2024.0,1750000.0,1200000,4,False
"OPEN DOORS PARTNERS, LLC",23-JUN-2026,Other,CA,,595000.0,595000,12,False
mCards Inc.,23-JUN-2026,Other Technology,TX,,15195704.0,11129505,6,False
MICROMEM TECHNOLOGIES INC,23-JUN-2026,Other Technology,A6,,53078.0,17693,1,False
CHORUS LLC,23-JUN-2026,Other,MA,,8000000.0,5525000,22,False
NIOS P-West LLC,23-JUN-2026,Commercial,TX,2026.0,220000.0,220000,6,False
GW 2085 Holding LLC,23-JUN-2026,Commercial,FL,2026.0,2800000.0,0,0,False
"FELIX FARMS 147, LLC",23-JUN-2026,Residential,AZ,2026.0,6900000.0,4990000,19,False
"Gateway Ambulatory Surgery Center, LLC",23-JUN-2026,Hospitals and Physicians,NC,,507586.0,0,0,False
First Mutual Holding Co.,23-JUN-2026,Other Banking and Financial Services,OH,,25000000.0,25000000,16,False
1126833 B.C. LTD.,23-JUN-2026,Other,NY,,,41057122,44,False
PreRedact LLC,23-JUN-2026,Other Technology,WY,2025.0,100000.0,100000,1,False
"RoxStart AI Logistics, Inc.",23-JUN-2026,Other,GA,2026.0,100000000.0,0,0,False
"SmartMedia Technologies HoldCo, Inc.",23-JUN-2026,Other Technology,CO,,956095.0,956095,9,False
VS Bagley Square LLC,23-JUN-2026,Commercial,GA,2026.0,8000000.0,0,0,False
Pocket Bard Inc.,23-JUN-2026,Other Technology,NJ,2022.0,80000.0,66724,5,False
"Kalogon, Inc.",23-JUN-2026,Other Health Care,FL,2022.0,7000000.0,5748927,22,False
SPARC AI INC.,23-JUN-2026,Other Technology,C3,,272773.0,122030,1,False
Triumph Gold Corp.,23-JUN-2026,Other,A1,,187819.0,89438,1,False
Paralos Bioscience Inc.,23-JUN-2026,Biotechnology,CA,2024.0,1000000.0,646900,5,False
"Kalogon, Inc.",23-JUN-2026,Other Health Care,FL,2022.0,2904747.0,2904747,22,False
"Primary Bioscience, Inc.",23-JUN-2026,Other Technology,WA,2023.0,1800000.0,1300000,3,False
Peritas AI Inc.,23-JUN-2026,Other Technology,FL,2024.0,,9999954,51,False
Parcel Inc.,23-JUN-2026,Other Real Estate,NY,2025.0,20000000.0,0,0,False
USHI RE FI LLC,23-JUN-2026,Other Real Estate,FL,2025.0,40000000.0,0,0,False
Nukudo Group Inc.,23-JUN-2026,Other Technology,TX,2023.0,2000036.0,1784102,2,False
TIDAL PETROLEUM INC,23-JUN-2026,Oil and Gas,TX,,26862300.0,248725,1,False
"Board Management Software, Inc.",23-JUN-2026,Other Technology,IN,,5446497.0,5446497,1,False
"Intelibly, Inc",23-JUN-2026,Other Health Care,TX,2024.0,2565983.0,225000,2,False
FREX DB Series I DST,23-JUN-2026,Other Real Estate,NY,2025.0,40178939.0,2731772,9,False
"Live Data Technologies, Inc.",23-JUN-2026,Other,CA,,3387000.0,3387000,33,False
Hevi LLC,23-JUN-2026,Oil and Gas,TX,,20000000.0,9737810,13,False
CIPHER IV a Series of Opulentia Ventures X LLC,23-JUN-2026,Investing,VA,2026.0,3750000.0,3750000,46,False
"LBG 20th Anniversary Fund, LLC",23-JUN-2026,Other Real Estate,IN,2025.0,50000000.0,28845000,73,False
"SR REALTY TRUST, INC.",23-JUN-2026,REITS and Finance,MN,,50000000.0,0,0,False
"Legacy Pursuit, LLC",23-JUN-2026,Investing,IL,2023.0,112450.0,112450,10,False
"SRRT Properties, LP",23-JUN-2026,Other Real Estate,MN,,100000000.0,0,0,False
"NexTitle Ohana, LLC",23-JUN-2026,Other Real Estate,HI,2026.0,187500.0,7500,1,False
"Petragen, Inc.",23-JUN-2026,Biotechnology,FL,,1000000.0,495000,9,False
"NexTitle Ohana, LLC",23-JUN-2026,Other Real Estate,HI,2026.0,187500.0,7500,1,False
Gaingels Early Stage Fund I LLC,23-JUN-2026,Other,VT,2024.0,10000000.0,4484000,90,False
"CMWE Investment, LLC",23-JUN-2026,Other,WI,2026.0,5535000.0,5535000,109,False
Mere Maine LLC,23-JUN-2026,Restaurants,ME,2026.0,980000.0,877500,15,False
BVSC FIRST NATIONAL TOUR LLC,23-JUN-2026,Other,MD,2025.0,6000000.0,4493175,35,False
USEDC Opportunity Zone IV LP,23-JUN-2026,Oil and Gas,TX,2026.0,100000000.0,180000,0,False
USEDC 2026 Drilling Fund 2 LP,23-JUN-2026,Oil and Gas,TX,2026.0,250000000.0,500000,0,False
Longr Holdings Inc.,23-JUN-2026,Other Health Care,DE,2022.0,,80000,1,False
USEDC 2026 Drilling Fund 1 LP,23-JUN-2026,Oil and Gas,TX,2026.0,250000000.0,200000,0,False
Gaingels Speedrun Fund I LLC,23-JUN-2026,Other,VT,2025.0,2000000.0,1370000,18,False
"Upstart Power Technologies, Inc.",23-JUN-2026,Other Energy,MA,2026.0,6000000.0,4100000,5,False
Eden IX LLC,23-JUN-2026,Other Real Estate,KY,2025.0,,5500000,44,False
Institutional Drilling Fund III LP,23-JUN-2026,Oil and Gas,TX,2026.0,250000000.0,50000,0,False
Reformation Inc.,23-JUN-2026,Other,NY,,1223023.0,0,11,False
Stagecoach Capital Wyndham Lakes LLC,23-JUN-2026,Other,MI,2026.0,8000000.0,0,0,False
AMT Capital Fund 3 LLC,23-JUN-2026,Residential,MD,2026.0,,0,0,False
"Payward, Inc.",23-JUN-2026,Other Technology,WY,,400574726.0,354170347,36,True
"5 Soulfood Development Fund, LLC",23-JUN-2026,Other Real Estate,TX,2026.0,15000000.0,0,0,False
"ALT Sports Data, Inc.",23-JUN-2026,Other Technology,CA,2021.0,5479887.0,5479887,9,False
"AssetBlue Impact Technologies, PBC",23-JUN-2026,Other,IL,2023.0,6000000.0,2999995,2,False
OPTCAPITAL LLC,23-JUN-2026,Other Banking and Financial Services,NC,,,1769219217,625,True
HAWKHILL THERAPEUTICS Ltd,23-JUN-2026,Biotechnology,X0,2025.0,192569.0,192569,1,False
INEO Tech Corp.,23-JUN-2026,Other Technology,A1,,822480.0,822480,2,False
Akhanda Gardens EB-5 Fund LP,23-JUN-2026,Other Real Estate,TX,2026.0,8000000.0,0,0,False
LookDeep Inc.,23-JUN-2026,Other Technology,MD,,3000000.0,1340000,16,False
"Fabric8, Inc.",23-JUN-2026,Manufacturing,CA,2026.0,300000.0,125000,7,False
"Hawaii Koloa II Partners, LP",23-JUN-2026,Residential,FL,2025.0,33600000.0,0,0,False
"Kaenon Systems, LLC",23-JUN-2026,Other,CA,2026.0,,53000,7,False
"FourC Health, Inc.",23-JUN-2026,Other Health Care,AZ,2022.0,,754841,7,False
"VergeSci, Inc.",23-JUN-2026,Other Technology,IL,2026.0,,160000,1,False
LookDeep Inc.,23-JUN-2026,Other Technology,MD,,10000000.0,7580000,47,False
Health Wealth Fund One Series 3 LLC,23-JUN-2026,Commercial,CO,2026.0,40000000.0,2855000,20,False
"EB5 UNITED TAHOE, LLC",23-JUN-2026,REITS and Finance,OR,2025.0,24000000.0,0,0,False
Alberty Allied LLC,23-JUN-2026,Agriculture,KS,2024.0,235000.0,235000,5,False
SugarFree Candy Corp,23-JUN-2026,Other,FL,2026.0,5880000.0,4000000,12,False
"Tempest Therapeutics, Inc.",23-JUN-2026,Biotechnology,CA,,4056552.0,4056552,1,False
Net Alliance Fund One LLC,23-JUN-2026,Commercial,MI,2026.0,40000000.0,250000,3,False
HuntLine IQ LLC,23-JUN-2026,Other Technology,IL,2026.0,40000.0,22500,5,False
Jasmine NCF Holding LLC,22-JUN-2026,Residential,DE,2026.0,2000000.0,300000,2,False
Health Wealth Fund One Series 2 LLC,22-JUN-2026,Commercial,CO,2025.0,21533260.0,21533260,93,False
"Deep Roots Thrive, LLC",22-JUN-2026,Commercial,CA,2025.0,15000000.0,8700000,18,False
"Anne Arundel-SCA Surgicenter, LLC",22-JUN-2026,Other Health Care,AL,,96840.0,0,0,False
"ApartmentVestors India Fund, LLC",22-JUN-2026,Commercial,KS,2025.0,8000000.0,0,0,False
"Volato Group, Inc.",22-JUN-2026,Other Travel,GA,2021.0,2210000.0,2210000,3,False
Jade House Management LLC,22-JUN-2026,Other Health Care,FL,2025.0,825000.0,135000,3,False
"Movie Fund, LLC",22-JUN-2026,Other,FL,2025.0,1000000.0,0,0,False
Fairly Inc./WY,22-JUN-2026,Other Technology,OR,2023.0,726871.0,726871,9,False
"CHTRE, LLC",22-JUN-2026,Commercial,CA,2025.0,4000000.0,3369686,12,False
Mobile Money Americas Corp.,22-JUN-2026,Other Technology,WY,,200000000.0,0,0,False
"ADAPTIN BIO, INC.",22-JUN-2026,Biotechnology,NC,2022.0,4000000.0,1912000,19,False
"RMXD AVENUE SOUTH INVESTMENTS, LLC",22-JUN-2026,Commercial,CO,2026.0,65000000.0,60277906,19,False
App Orchid Inc.,22-JUN-2026,Other Technology,CA,,12000000.0,1000000,4,False
PP Holding LLC / DE,22-JUN-2026,Manufacturing,OH,,1664677.0,1664677,9,False
"Rockville Eye Surgery Center, LLC",22-JUN-2026,Other Health Care,MD,,162000.0,0,0,False
Aeterna Fusion Capital LLC,22-JUN-2026,Other,NY,2026.0,,0,0,False
Iroquois Valley Farms LLC,22-JUN-2026,REITS and Finance,IN,,25000000.0,4726667,45,False
"Caplight Technologies, Inc.",22-JUN-2026,Other Technology,CA,,16250000.0,3199997,2,False
Fyve By Corp,22-JUN-2026,Other Real Estate,GA,2022.0,1000000.0,700000,2,False
"Bainbridge Multifamily Acquisition Fund I, LP",22-JUN-2026,Other Real Estate,FL,2024.0,300000000.0,131550000,6,True
"Sent, Inc.",22-JUN-2026,Other Technology,NY,2023.0,11599974.0,9649977,9,False
Gaingels Unlikely AI LLC,22-JUN-2026,Other,VT,2026.0,70581.0,70581,7,False
Gaingels Basic Capital LLC,22-JUN-2026,Other,VT,2026.0,112400.0,112400,11,False
BlueFletch Corp.,22-JUN-2026,Other Technology,GA,,,225000,3,False
Gaingels Peak Energy LLC,22-JUN-2026,Other,VT,2025.0,739558.0,739558,16,False
Gaingels Moonshot LLC,22-JUN-2026,Other,VT,2026.0,135052.0,135052,5,False
MERITRONFX LTD,22-JUN-2026,Other Banking and Financial Services,CO,,,100000000,10000,True
Gaingels Dawn Aerospace LLC,22-JUN-2026,Other,VT,2026.0,232539.0,232539,13,False
"Nanomind, Inc.",22-JUN-2026,Biotechnology,CT,2026.0,3000000.0,2000000,8,False
SPC Valley Heights LLC,22-JUN-2026,Residential,MN,2025.0,5085574.0,5085574,71,False
FUTR Corp,22-JUN-2026,Other,A6,,754110.0,215460,1,False
LV Jersey Village Asset LLC,22-JUN-2026,Other Real Estate,TX,2025.0,2100000.0,2100000,14,False
"Sol-ti, Inc.",22-JUN-2026,Other,CA,,30300008.0,30300008,7,False
Home Catalyst Three Oaks I LLC,22-JUN-2026,Other Real Estate,MN,2024.0,1210000.0,1210000,6,False
"SIMPL Medical, LLC",22-JUN-2026,Other Health Care,FL,2025.0,4311.0,0,0,False
"Flaunt Software, Inc.",22-JUN-2026,Other Technology,IN,2022.0,1500000.0,1491669,14,False
USEDC 2026 Drilling Fund 1 LP,22-JUN-2026,Oil and Gas,TX,2026.0,250000000.0,200000,0,False
"Applied Physics, Inc.",22-JUN-2026,Other Technology,NY,,2786500.0,2786500,30,False
NexPoint Waterford DST,22-JUN-2026,Other Real Estate,TX,2025.0,31360817.0,2210891,8,False
"DINYA DNA, Inc.",22-JUN-2026,Biotechnology,CA,2024.0,4297104.0,3772104,6,False
PS25 LLC,22-JUN-2026,Investing,WY,2025.0,3150000.0,3150000,4,False
LV Greenhouse Asset LLC,22-JUN-2026,Other Real Estate,TX,2025.0,2925000.0,2925000,22,False
DillyAI LLC,22-JUN-2026,Other Technology,CA,2026.0,3000000.0,3000000,11,False
"Eyenuk, Inc.",22-JUN-2026,Other Health Care,CA,,5648246.0,5607046,12,False
"APIContext, Inc.",22-JUN-2026,Other Technology,X0,2023.0,1985807.0,1985807,27,False
"Gravie, Inc.",22-JUN-2026,Health Insurance,MN,,93843805.0,49999999,1,False
USEDC Opportunity Zone IV LP,22-JUN-2026,Oil and Gas,TX,2026.0,100000000.0,77300,0,False
NatGold Digital Ltd.,22-JUN-2026,Other Technology,FL,2022.0,1583000.0,1583000,46,False
Undeniable Health AI Inc.,22-JUN-2026,Other Technology,NY,2026.0,600000.0,600000,13,False
"Credence MedSystems, Inc.",22-JUN-2026,Other Health Care,CA,,30000001.0,23505661,76,False
NIOS Mansfield LLC,22-JUN-2026,Commercial,TX,2026.0,1780846.0,1780846,4,False
Vireo Growth Inc.,22-JUN-2026,Other,MN,,13662648.0,13662648,7,False
NIOS Old Denton Rd LLC,22-JUN-2026,Commercial,TX,2026.0,265000.0,265000,5,False
"Series 87-1, a series of StartEngine Private LLC",22-JUN-2026,Other,CA,2025.0,2976960.0,2168960,34,False
Institutional Drilling Fund III LP,22-JUN-2026,Oil and Gas,TX,2026.0,250000000.0,100000,0,False
Honor & Fire LLC,22-JUN-2026,Business Services,MI,,1000000.0,700000,7,False
"SIP Tulsa Logistics Portfolio Investments, LLC",22-JUN-2026,Other Real Estate,TX,2026.0,,2550000,20,False
"ArcScore, Inc.",22-JUN-2026,Other Technology,CA,2025.0,4000000.0,360083,8,False
GAINGELS YC X26 LLC,22-JUN-2026,Other,VT,2026.0,2000000.0,457500,14,False
USEDC Opportunity Zone IV LP,22-JUN-2026,Oil and Gas,TX,2026.0,100000000.0,1000000,0,False
"Series 88-1, a series of StartEngine Private LLC",22-JUN-2026,Other,CA,2025.0,1452262.0,1188193,16,False
USEDC 2026 Drilling Fund 1 LP,22-JUN-2026,Oil and Gas,TX,2026.0,250000000.0,100000,0,False
"Brookdale BT, L.P.",22-JUN-2026,Commercial,GA,2026.0,,39500000,3,False
Institutional Drilling Fund III LP,22-JUN-2026,Oil and Gas,TX,2026.0,250000000.0,114000,0,False
Brush Creek Assisted Living RE III LLC,22-JUN-2026,Other,CA,2026.0,1500000.0,0,0,False
"Nuclein, LLC",22-JUN-2026,Biotechnology,TX,,11114842.0,1295000,2,False
Avid Realty Partners LLC,22-JUN-2026,Residential,NY,,,1525000,9,False
"Partner Community Capital, Inc.",22-JUN-2026,Other Banking and Financial Services,WV,,20000000.0,7950000,72,False
VIRBELA INC.,22-JUN-2026,Other Technology,MA,2024.0,800000.0,0,0,False
"Hummingbird Series B, LLC",22-JUN-2026,Residential,CA,2026.0,4000000.0,0,0,False
Hummingbird Development Series A LLC,22-JUN-2026,Residential,CA,2026.0,10000000.0,0,0,False
"BlueSky Growth SPV, LLC",22-JUN-2026,Other,DC,2026.0,21500000.0,20800000,15,False
"IUS Paragon, LLC",22-JUN-2026,Other,TX,2026.0,40000000.0,0,0,False
"WinMoreBD, Inc.",22-JUN-2026,Computers,MD,2025.0,1100000.0,525000,1,False
Hummingbird 2026 LLC,22-JUN-2026,Residential,CA,2026.0,1500000.0,0,0,False
MC WALLER ESTATES INVESTORS LLC,22-JUN-2026,Residential,TX,2026.0,16000000.0,4050000,1,False
Sonoro Gold Corp.,22-JUN-2026,Other,A1,,3489956.0,3489956,8,False
"American Bancorp, Inc.",22-JUN-2026,Commercial Banking,GA,,100000000.0,50000000,1,False
"Harpoon Holdings, L.P.",22-JUN-2026,Insurance,DC,,26000000.0,26000000,25,False
"CAHF, LLC",22-JUN-2026,Other,OH,2025.0,23000000.0,0,0,False
"Sterile State, Inc.",22-JUN-2026,Other Health Care,MI,2024.0,13023455.0,10781955,69,False
"NA Beverage Company, Inc.",22-JUN-2026,Other,CA,2025.0,650000.0,165000,5,False
"Cartiga, LLC",22-JUN-2026,Other Banking and Financial Services,NY,,33800000.0,33800000,7,False
Aspira Women's Health Inc.,22-JUN-2026,Biotechnology,TX,,1485000.0,1485000,19,False
"CAHF, LLC",22-JUN-2026,Other,OH,2025.0,15000000.0,0,0,False
CW Bargersville LLC,22-JUN-2026,Other Real Estate,IN,2026.0,360000.0,0,0,False
"Cartiga, LLC",22-JUN-2026,Other Banking and Financial Services,NY,,1200000.0,1200000,1,False
"Nucleus Power, Inc.",22-JUN-2026,Other Energy,IA,2024.0,64000.0,64000,4,False
"Modern Medical Holdings, Inc",22-JUN-2026,Hospitals and Physicians,FL,2024.0,,90898,3,False
"Desklamp, Inc.",22-JUN-2026,Other Technology,DE,2023.0,10962541.0,10962527,18,False
Balsam Pharmaceuticals Co,22-JUN-2026,Pharmaceuticals,VA,2024.0,1000000.0,200000,2,False
"Cellanome, Inc.",22-JUN-2026,Biotechnology,CA,,75930476.0,75930476,22,False
Sapience AI Corp,22-JUN-2026,Other Technology,WA,2024.0,2500000.0,1500000,3,False
TriPay Inc.,22-JUN-2026,Other Technology,TN,2026.0,,52000,2,False
Aure Gold Inc.,22-JUN-2026,Other Technology,IL,2025.0,100000.0,7020,1,False
AcuraStem Inc,22-JUN-2026,Biotechnology,CA,,5000000.0,0,0,False
"Gulf Coast Tactical LA, LLC",22-JUN-2026,Other Technology,LA,2025.0,5000000.0,200000,1,False
"Hovertouch Technologies, Inc.",22-JUN-2026,Other Technology,TX,2024.0,184.0,126,5,False
"KB Mineral Wells, DST",22-JUN-2026,Commercial,NV,2026.0,49050000.0,44212364,27,False
"Pivotal Investment Fund, LLC",22-JUN-2026,Commercial,DE,2026.0,20000000.0,0,0,False
Aztec Broadway Ltd Liability Co,22-JUN-2026,Other,NY,2021.0,5300000.0,950000,7,False
"Winston NER, LLC",22-JUN-2026,Commercial,FL,2026.0,25000000.0,3300000,1,False
"EB5 UNITED TIH, LLC",22-JUN-2026,Commercial,OR,2025.0,216800000.0,50400000,0,False
"Winston AB, LLC",22-JUN-2026,Commercial,FL,2025.0,10000000.0,540000,2,False
Glimmer Wish LLC,22-JUN-2026,Other,CA,2026.0,200000.0,200000,2,False
Julii Holdings LLC,22-JUN-2026,Business Services,NY,2026.0,18975000.0,18975000,16,False
MakuSafe Corp.,22-JUN-2026,Other Technology,IA,,13969200.0,12019694,10,False
Nicol Racquets Inc.,18-JUN-2026,Other,NJ,2026.0,1000000.0,925000,10,False
"01 Labs, Inc.",18-JUN-2026,Other Technology,NV,2026.0,3.0,3,1,False
Prescription Films LLC,18-JUN-2026,Other,TX,2024.0,210000.0,50000,1,False
"WF TP Macedonia, LLC",18-JUN-2026,Commercial,NC,2026.0,4170648.0,4170648,4,False
"GMI-URBAN TOWERS, LP",18-JUN-2026,Commercial,TX,2026.0,24919975.0,6393250,29,False
Griffin Highline Capital LLC,18-JUN-2026,Insurance,TX,,,40273582,19,False
"WF TP Moriah, LLC",18-JUN-2026,Commercial,NC,2026.0,3346162.0,3346162,4,False
MAMS Holdco LLC,18-JUN-2026,Other Health Care,CT,2025.0,2430000.0,2430000,17,False
Baxter 2026 Fund LLC,18-JUN-2026,Other,NH,2026.0,20000000.0,0,0,False
Ocient Holdings LLC,18-JUN-2026,Other Technology,IL,,,0,0,False
Ocient Inc.,18-JUN-2026,Other Technology,IL,,,0,0,False
ACRo Equipment LLC,18-JUN-2026,Other,DE,2026.0,2000000.0,900000,3,False
Foodshed Capital,18-JUN-2026,Other Banking and Financial Services,VA,,2000000.0,0,0,False
AEI Healthcare Portfolio VII DST,18-JUN-2026,Commercial,MN,2026.0,50500000.0,29351234,81,False
SiameseAI Inc.,18-JUN-2026,Other Technology,CA,2024.0,50000.0,35000,2,False
"Liminatus Pharma, Inc.",18-JUN-2026,Pharmaceuticals,CA,,1861920.0,1861920,1,False
"Shores at Spirit Lake, LLC",18-JUN-2026,Residential,SD,2025.0,5000000.0,5000000,5,False
One Dosh Inc.,18-JUN-2026,Other Technology,NY,2025.0,3400000.0,3400000,1,False
SiameseAI Inc.,18-JUN-2026,Other Technology,CA,2024.0,50000.0,35000,2,False
"Summer Oak Partners, LLC",18-JUN-2026,Residential,CT,2025.0,20000000.0,0,0,False
Rox Capital Interstate Investment LLC,18-JUN-2026,Manufacturing,TX,2026.0,8785000.0,8785000,74,False
"South Pointe Apartments, LLC",18-JUN-2026,Residential,SD,2023.0,7500000.0,7500000,12,False
CRP Affordable Housing Fund (Feeder) LLC,18-JUN-2026,Other Real Estate,NY,2023.0,,9408140,52,False
"Palm Tree Crew Holdings, LLC",18-JUN-2026,Other,FL,,19999992.0,18569823,42,False
"Stock Solution, Inc.",18-JUN-2026,Other,NY,2024.0,2000000.0,910000,3,False
"PPR Opportunity Fund 2 Clean Cars Equity, LLC",18-JUN-2026,Commercial,PA,2026.0,15000000.0,0,0,False
Tolerance Bio Inc.,18-JUN-2026,Biotechnology,PA,2023.0,,15101584,13,False
"Deer Creek Estherville II, LLC",18-JUN-2026,Residential,SD,2024.0,2700000.0,2700000,2,False
"Perimeter Medical Imaging AI, Inc.",18-JUN-2026,Other Health Care,A6,,4000000.0,4000000,2,False
"Boyd Watterson Tactical CLO Fund, LP",18-JUN-2026,Investing,OH,2023.0,,65000000,2,False
"Boyd Watterson Tactical CLO Offshore Fund, LP",18-JUN-2026,Investing,OH,2023.0,,51100000,7,False
Battery Mineral Resources Corp.,18-JUN-2026,Other,A1,,893125.0,893125,3,False
Battery Mineral Resources Corp.,18-JUN-2026,Other,A1,,440040.0,440040,2,False
"Harpoon Holdings, L.P.",18-JUN-2026,Insurance,DC,,3500000.0,3500000,1,False
Scitara Corp,18-JUN-2026,Other Technology,MA,,5000000.0,5000000,10,False
OZE Sioux Falls LLC,18-JUN-2026,Investing,NJ,2026.0,10000000.0,8500000,25,False
Dalecrest PE Fund LLC,18-JUN-2026,Commercial,NC,2026.0,3000000.0,3000000,0,False
Amicus Inc. / DE,18-JUN-2026,Other Technology,DE,2026.0,800000.0,50000,1,False
"Lawson Creek Syndication, LLC",18-JUN-2026,Residential,SC,2025.0,5000000.0,3335000,26,False
Neurokinetic Medical Inc.,18-JUN-2026,Other Technology,FL,2026.0,,0,1,False
Giga Metals Corp,18-JUN-2026,Other,A1,,1273273.0,1263231,1,False
Findara Inc.,18-JUN-2026,Other Banking and Financial Services,CO,2025.0,2000000.0,100000,1,False
"MCDOWELL 4620 INVESTORS, LLC",18-JUN-2026,Residential,TX,2026.0,20000000.0,6060000,47,False
EIS Automation LLC,18-JUN-2026,Other Technology,NV,,800000.0,200000,2,False
"SymKardia, Inc.",18-JUN-2026,Other Health Care,OH,2024.0,4000000.0,500000,1,False
"NewDays, Inc.",18-JUN-2026,Other Technology,WA,2024.0,8999988.0,8499989,10,False
"Emblok, Inc.",18-JUN-2026,Biotechnology,FL,2025.0,12000000.0,6000000,1,False
Prescription Films LLC,18-JUN-2026,Other,TX,2024.0,210000.0,50000,1,False
TNEMEC CO INC,18-JUN-2026,Manufacturing,MO,,3001152.0,941920,29,False
LQ MN 1 LLC,18-JUN-2026,Lodging and Conventions,MN,2026.0,5140175.0,3004278,9,False
Rejuvenate Bio Inc,18-JUN-2026,Biotechnology,CA,,27049354.0,19471354,35,False
"imagi Education, Inc.",18-JUN-2026,Other Technology,DE,2024.0,2999998.0,2999998,2,False
"Restora Medical, Inc.",18-JUN-2026,Biotechnology,CA,2023.0,15000000.0,11500000,5,False
"Restora Medical, Inc.",18-JUN-2026,Biotechnology,CA,2023.0,12049999.0,6024999,11,False
"Restora Medical, Inc.",18-JUN-2026,Biotechnology,CA,2023.0,7400000.0,3500000,4,False
Talwex Inc.,18-JUN-2026,Other Technology,I0,2026.0,,278000,6,False
"Siensmetrica, Inc.",18-JUN-2026,Other Technology,AZ,2024.0,4000000.0,700000,6,False
GLF Route 66 Investment LP,18-JUN-2026,Agriculture,CA,2026.0,,16353294,163,False
"Series 76-6, a series of StartEngine Private LLC",18-JUN-2026,Other,CA,2025.0,862500.0,45022,2,False
"Rooster Capital Fund, LLC",18-JUN-2026,Commercial,AZ,2026.0,10000000.0,0,0,False
"34 GiGs, Inc.",18-JUN-2026,Other Technology,OH,2024.0,1500000.0,305000,6,False
Panorama Artificial Intelligence Corp.,18-JUN-2026,Other Technology,WA,2023.0,65000000.0,64999746,16,False
"Howdy 12.0, LLC",18-JUN-2026,Restaurants,TX,2025.0,3000000.0,1370000,30,False
Founders Clubhouse LLC,18-JUN-2026,Other,CA,2025.0,500000.0,350000,12,False
"Series 76-5, a series of StartEngine Private LLC",18-JUN-2026,Other,CA,2025.0,1437500.0,544927,13,False
"Commencement Bancorp, Inc.",18-JUN-2026,Commercial Banking,WA,,10000000.0,5000000,1,False
Global Pain Center Corp.,18-JUN-2026,Other Health Care,OH,2021.0,2499999.0,2092723,5,False
Nationwide PPVUL Separate Account 7,18-JUN-2026,Insurance,OH,2022.0,,78825451,2,False
NATIONWIDE PPVUL SEPARATE ACCOUNT 6,18-JUN-2026,Insurance,OH,,,3872613703,4,True
Nationwide PPVUL Separate Account - 5,18-JUN-2026,Insurance,OH,,,27609964,11,False
Nationwide PPVUL Separate Account - 4,18-JUN-2026,Insurance,OH,,,5377606474,9,True
"Bird's Eye Robotics, Inc.",18-JUN-2026,Agriculture,NE,,800000.0,100000,1,False
Series 76-4 a series of StartEngine Private LLC,18-JUN-2026,Other,CA,2026.0,2084892.0,712655,22,False
Nationwide PPVUL Separate Account - 3,18-JUN-2026,Insurance,OH,,,1940127640,164,True
Nationwide PPVUL Separate Account - AC1,18-JUN-2026,Insurance,OH,2021.0,,164783923,30,True
"Syndic8 DMS, LLC",18-JUN-2026,Other Technology,MA,,850000.0,237000,4,False
"Mewbourne Energy Partners 26-A, L.P.",18-JUN-2026,Oil and Gas,TX,2026.0,150000000.0,38760000,186,False
NATIONWIDE PRIVATE PLACEMENT VARIABLE ACCOUNT,18-JUN-2026,Insurance,OH,,,10067345180,443,True
Nationwide Private Placement Variable Account - E,18-JUN-2026,Insurance,OH,,,133364197,4,True
VALKEA RESOURCES CORP.,18-JUN-2026,Other,A1,,798275.0,732362,3,False
Nationwide BOLI Private Placement Variable Account,18-JUN-2026,Insurance,OH,,,6045554523,68,True
"PromoShare, Inc.",18-JUN-2026,Other,IL,,3000000.0,250000,1,False
"Dreamcatcher Holdco, LLC",18-JUN-2026,Other,NY,2026.0,1500000.0,700000,6,False
"Rythm Health, Inc.",18-JUN-2026,Other Health Care,CA,2024.0,31078122.0,31078122,8,False
Harbor Anchor I LP,18-JUN-2026,Manufacturing,VA,2025.0,,1375000,6,False
Method Gaming Ltd,18-JUN-2026,Other Technology,X0,,750000.0,250000,3,False
"Collins Investors, LLC",18-JUN-2026,Residential,CO,2026.0,23025000.0,23025000,8,False
Raw Honey Project LLC,18-JUN-2026,Manufacturing,NJ,2026.0,150000.0,26000,2,False
"Evelyns Place, LLC.",18-JUN-2026,Commercial,CA,2025.0,6350000.0,6350000,16,False
"Emulated, Inc.",18-JUN-2026,Other Technology,CA,2026.0,1300000.0,850000,1,False
"Integrated Reality Labs, Inc.",18-JUN-2026,Other Technology,ME,2022.0,1200000.0,0,0,False
"5D Patient Journey, Inc.",18-JUN-2026,Biotechnology,NY,2026.0,6017471.0,5460004,5,False
"Ceek Women's Health, Inc.",18-JUN-2026,Other Health Care,OR,,27000000.0,6999997,1,False
Tahcar Inc,18-JUN-2026,Other Technology,CA,,3000000.0,2060000,7,False
"Salta Stuart, LLC",18-JUN-2026,Commercial,AL,2026.0,2200000.0,2200000,8,False
"Spaxial Interactive, Inc.",18-JUN-2026,Other Technology,FL,2025.0,25000000.0,2500000,2,False
AXP TopCo II LLC,18-JUN-2026,Investing,CA,2026.0,,0,0,False
"FIRST OTTAWA BANCSHARES, INC.",18-JUN-2026,Commercial Banking,IL,,3750000.0,1024514,6,False
"Classic.com, Inc.",18-JUN-2026,Other,FL,,6000000.0,3250000,7,False
"BulkSource, Inc.",17-JUN-2026,Other Technology,CO,,12000000.0,249750,3,False
"SimuSolar, Inc.",17-JUN-2026,Other,DE,,2000000.0,250000,1,False
"Laurens Bancshares, Inc.",17-JUN-2026,Commercial Banking,GA,,10000000.0,10000000,9,False
"OPEN DOORS PARTNERS, LLC",17-JUN-2026,Other,CA,,1307500.0,1307500,22,False
BAC BRIDGEWORKS FUND LLC,17-JUN-2026,Commercial,MA,2026.0,14197000.0,14197000,15,False
"TBG Acquisitions, Inc.",17-JUN-2026,Business Services,CA,2026.0,296448221.0,296448221,29,True
"OPEN DOORS PARTNERS, LLC",17-JUN-2026,Other,CA,,3355555.0,3355555,3,False
Howard Hughes Holdings Inc.,17-JUN-2026,Other Real Estate,TX,2023.0,999999999.0,999999999,1,True
Kept Film LLC,17-JUN-2026,Other,NY,2026.0,200000.0,102500,5,False
Mt St Helens RV Investors LLC,17-JUN-2026,Residential,WA,2026.0,1750000.0,1205000,8,False
Tigerian Corp,17-JUN-2026,Other Technology,X1,2024.0,100000.0,60500,5,False
"TFG Elizabeth Drive REIT, LLC",17-JUN-2026,REITS and Finance,MA,2026.0,10300000.0,0,0,False
"Stone Creek Apartments, LLC",17-JUN-2026,Residential,SD,2025.0,4500000.0,4500000,13,False
CH Willow Springs Holdings LLC,17-JUN-2026,Other Real Estate,MA,2025.0,90000000.0,27000000,8,False
Edgewater Estates Investors LLC,17-JUN-2026,Residential,WA,2026.0,2000000.0,1480000,8,False
Harvard Nutrition Inc.,17-JUN-2026,Manufacturing,IL,2025.0,9000000.0,5000000,1,False
IRIBAMAPS INC.,17-JUN-2026,Other Technology,KY,2023.0,1500000.0,200000,1,False
"Protoverse, Inc.",17-JUN-2026,Other Technology,MA,2026.0,,710000,1,False
"QumulusAI, Inc.",17-JUN-2026,Other,GA,2022.0,45000000.0,15000000,1,False
MOZ INVESTMENTS INC,17-JUN-2026,Investing,FL,2025.0,500000.0,500000,1,False
Bravehart Hospitality Group LLC,17-JUN-2026,Restaurants,IA,2023.0,2500000.0,452000,15,False
AMP Robotics Corp,17-JUN-2026,Other Technology,CO,,75000000.0,52500000,3,False
SAVA Capital Inc.,17-JUN-2026,Investing,FL,2021.0,250000.0,250000,1,False
"EndoSound, Inc.",17-JUN-2026,Other Health Care,OR,,5000000.0,250000,1,False
"Enclave Shoreview Rice Street, LLC",17-JUN-2026,Other Real Estate,ND,2023.0,11694715.0,11694715,30,False
SH Bathgate Avenue LLC,17-JUN-2026,Commercial,NY,2026.0,3000000.0,0,0,False
FHBC Capital LLC,17-JUN-2026,Other Real Estate,CA,2026.0,4000000.0,0,0,False
Rudolph/Libbe Companies Inc.,17-JUN-2026,Construction,OH,,6000000.0,0,3,False
CROWDFUNZ 861 LLC,17-JUN-2026,Other Real Estate,NY,,4000000.0,0,0,False
Hedonic Mindset Partners Corp,17-JUN-2026,Investing,FL,2024.0,500000.0,500000,1,False
"Kite Partners Fund 9, LLC",17-JUN-2026,Residential,WA,2026.0,17200000.0,17196000,9,False
"Denison Multifamily, LLC",17-JUN-2026,Commercial,TX,2026.0,1845000.0,1845000,34,False
LC CAPITAL PARTNERS VI LLC,17-JUN-2026,Investing,FL,2026.0,1000000.0,1000000,1,False
"Roers Multifamily Income REIT, Inc.",17-JUN-2026,REITS and Finance,MN,2026.0,2000000000.0,0,0,False
Core University Living Real Estate Income Trust,17-JUN-2026,REITS and Finance,IL,2026.0,,0,0,False
"EDNITION, INC.",17-JUN-2026,Other,UT,2024.0,2325000.0,2311514,10,False
LC CAPITAL PARTNERS VI LLC,17-JUN-2026,Investing,FL,2026.0,1000000.0,1000000,1,False
"Stridekick, Inc.",17-JUN-2026,Other Technology,IL,2024.0,3000000.0,1300000,6,False
Hedonic Mindset Partners Corp,17-JUN-2026,Investing,FL,2024.0,1000000.0,1000000,1,False
"Priority Ambient TPA Solutions, LLC",17-JUN-2026,Other Technology,GA,2023.0,1.0,1,3,False
Huaying Capital Ltd,17-JUN-2026,Agriculture,K3,2025.0,5000000.0,0,0,False
Ramp Business Corp,17-JUN-2026,Other Technology,NY,,868313280.0,781998720,48,True
Leviathan Metals Corp.,17-JUN-2026,Other,A1,,532297.0,532297,6,False
"Seven Springs Sourcing, LLC",17-JUN-2026,Investing,NY,2026.0,1400000.0,1400000,6,False
Dramatic Paws on Broadway Limited Partnership,17-JUN-2026,Other,NY,2026.0,31000000.0,0,0,False
KHT Software Inc.,17-JUN-2026,Other Technology,CA,2024.0,,25000,1,False
"River Mason City, LLC",17-JUN-2026,Residential,SD,,3500000.0,3500000,4,False
"Pure Capital I, L.P.",17-JUN-2026,Other Real Estate,MO,2025.0,25000000.0,300000,2,False
"IC-SB AgriQuest I, LP",17-JUN-2026,Other Real Estate,TX,2026.0,5000000.0,0,0,False
"WhisperSom Medical Technologies, Inc",17-JUN-2026,Other Technology,MD,,3500000.0,364000,11,False
"OPEN DOORS PARTNERS, LLC",17-JUN-2026,Other,CA,,1058878.0,1058878,16,False
Prudent Investment Managers LLP,17-JUN-2026,Investing,K7,,,8927400,18,False
"River Mason City II, LLC",17-JUN-2026,Residential,SD,2022.0,2800000.0,2800000,4,False
"IC-SB CS II, LP",17-JUN-2026,Commercial,TX,2026.0,13160000.0,7270000,9,False
CV Development LLC,17-JUN-2026,Other Real Estate,TN,2023.0,3000000.0,200000,1,False
Joshua Tree Distilling Co LLC,17-JUN-2026,Other,CA,,250000.0,50000,1,False
Innovative Adams Village DST,17-JUN-2026,Residential,NY,2026.0,9665080.0,0,0,False
"Storage Star F&F Feeder, LLC",17-JUN-2026,Other,CA,2024.0,,0,0,False
"Shooting Star Partners, LLC",17-JUN-2026,Other,CA,2024.0,,0,0,False
"Storage Star F&F Feeder, LLC",17-JUN-2026,Other,CA,2024.0,20175000.0,20175000,66,False
"Storage Star Holdings, LLC",17-JUN-2026,Commercial,CA,2024.0,,0,0,False
NordX Metals Corp.,17-JUN-2026,Other,A1,,10732.0,10732,1,False
"CLICR HOLDINGS, INC.",17-JUN-2026,Other Technology,GA,2026.0,260000.0,260000,7,False
"Synergist Technology, LLC",17-JUN-2026,Other Technology,FL,2024.0,3500000.0,0,0,False
"NodePlus, Inc.",17-JUN-2026,Other Technology,FL,2026.0,5000000.0,200000,2,False
Nannigans LLC,17-JUN-2026,Retailing,UT,2026.0,575000.0,400000,7,False
Bolt Jesup Storage LLC,17-JUN-2026,Commercial,NY,2026.0,1625000.0,1375000,21,False
Glot Inc.,17-JUN-2026,Other Technology,X0,2025.0,10034360.0,10034360,15,False
"Deer Creek Estherville, LLC",17-JUN-2026,Residential,SD,2021.0,1450000.0,1450000,3,False
Inland Long Island Residential DST,17-JUN-2026,Other Real Estate,IL,2025.0,107581888.0,22154888,46,False
Super Real Inc.,17-JUN-2026,Other Technology,DE,2023.0,750000.0,10000,1,False
MAIA MEP SCSp,17-JUN-2026,Investing,N4,2025.0,74956.0,74956,5,False
"Shooting Star Partners, LLC",17-JUN-2026,Other,CA,2024.0,10850000.0,10850000,10,False
"Pierogi Therapeutics, Inc",17-JUN-2026,Biotechnology,PA,2025.0,4000000.0,50000,1,False
"Qlaris Bio, Inc.",17-JUN-2026,Biotechnology,MA,,3946659.0,3946659,8,False
Blue Owl Real Estate Exchange VI DST,17-JUN-2026,Other Real Estate,IL,2026.0,342909896.0,14394466,10,False
BizTech Capital LLC,17-JUN-2026,Other Real Estate,AZ,2026.0,100000000.0,0,0,False
"Automnity, Inc.",17-JUN-2026,Other Technology,DE,2026.0,500000.0,400000,6,False
"ToltIQ, Inc.",17-JUN-2026,Other Technology,NY,2023.0,14424999.0,14424999,37,False
"Illuminations Literacy Solutions, Inc.",17-JUN-2026,Other Technology,MS,2023.0,500000.0,286000,8,False
SteelPoint Capital Fund 1 LLC,17-JUN-2026,Other,PA,2025.0,50000000.0,3410500,22,False
"CTV6 Holdings, LLC",17-JUN-2026,Other,TX,2026.0,35000000.0,28848742,21,False
Earlytrade US Holdings Corp.,17-JUN-2026,Other Technology,CO,2026.0,17575838.0,16825870,24,False
"Harmony AI, Inc.",17-JUN-2026,Other Technology,CA,2025.0,2000000.0,50000,1,False
"X International Holdings, Inc.",17-JUN-2026,Other,TX,2026.0,2500000.0,2500000,1,False
"Reservoir Neuroscience, Inc.",17-JUN-2026,Biotechnology,CA,,8000000.0,2999999,2,False
Portage AI Inc.,17-JUN-2026,Other Technology,RI,2023.0,7000000.0,3250000,4,False
ARGO GRAPHENE SOLUTIONS CORP.,17-JUN-2026,Other,A1,,44845.0,19732,1,False
PARLEY NEUROTECH INC,17-JUN-2026,Biotechnology,CO,2025.0,300000.0,140000,3,False
Knetyc Corp,17-JUN-2026,Other Technology,UT,2025.0,2500000.0,150000,3,False
SPINEOLOGY INC,17-JUN-2026,Biotechnology,MN,,14079337.0,12641849,11,False
"Livelyhood Health, Inc",17-JUN-2026,Other Health Care,FL,2025.0,525000.0,300000,1,False
"Livelyhood Health, Inc",17-JUN-2026,Other Health Care,FL,2025.0,200000.0,200000,1,False
"Stella Automotive AI, Inc.",17-JUN-2026,Other Technology,FL,2022.0,25996596.0,21994745,29,False
"BPRE Portfolio A, LLC",17-JUN-2026,Commercial,WI,2026.0,2175000.0,1945000,21,False
"Series 74-1, a series of StartEngine Private LLC",16-JUN-2026,Other,CA,2026.0,1560667.0,156345,6,False
ARES STRATEGIC MINING INC.,16-JUN-2026,Other,A1,,49688.0,49688,2,False
"X-Athletics, LLC",16-JUN-2026,Other Health Care,CA,2026.0,500000.0,50000,2,False
"Maverick Labs, Inc.",16-JUN-2026,Other Energy,TX,2022.0,7999999.0,7499999,1,False
Scales Corp Ltd,16-JUN-2026,Agriculture,Q2,,,0,1,False
TMJ LTH LLC,16-JUN-2026,Other,MA,2026.0,5500000.0,5500000,4,False
"Eyes Wide Open Collective, Public Benefit LLC",16-JUN-2026,Business Services,CO,2023.0,3500000.0,0,0,False
"Datalign Advisory, Inc.",16-JUN-2026,Other Technology,MA,2021.0,800000.0,800000,1,False
DWTRW LTH LLC,16-JUN-2026,Other,MA,2026.0,5000000.0,5000000,4,False
"Woolpert Topco, Inc.",16-JUN-2026,Other Technology,OH,,,1116750,26,False
Mother Always Knows Ltd Liability Co,16-JUN-2026,Other,NY,2026.0,750000.0,93750,3,False
Kibo Health Inc.,16-JUN-2026,Business Services,FL,2025.0,2500000.0,100000,1,False
Bell Copper Corp,16-JUN-2026,Other Energy,A1,,1495087.0,0,7,False
Ourea Energy Inc.,16-JUN-2026,Other Energy,IL,2025.0,1000000.0,250000,1,False
"Origin Nona, DST",16-JUN-2026,Other Real Estate,IL,2025.0,46256706.0,5709844,16,False
Nationwide Private Placement Variable Account PPLI - A,16-JUN-2026,Insurance,OH,,,2062600,5,False
FNX Oasis Fund 1 LLC,16-JUN-2026,Residential,CA,2025.0,25000000.0,0,0,False
"Peptaris, Inc.",16-JUN-2026,Biotechnology,PA,2025.0,4000000.0,4000000,8,False
States Capital LLC,16-JUN-2026,Other Real Estate,NY,,50000000.0,25059628,52,False
"Allied Group Holdings, LLC",16-JUN-2026,Other Energy,LA,,,300000,1,False
Ceramic Orthopedics Inc.,16-JUN-2026,Other Health Care,MI,2025.0,2000.0,2000,19,False
Cerberus Kaysville Fund 1 LLC,16-JUN-2026,Commercial,UT,2025.0,1800000.0,235000,7,False
"XA3, INC.",16-JUN-2026,Other Technology,TX,2025.0,500000.0,0,0,False
"Thunder GPU, Inc.",16-JUN-2026,Other Technology,CA,2024.0,17628966.0,15743918,27,False
"Copia Automation, Inc.",16-JUN-2026,Other Technology,NY,,2199999.0,2199999,6,False
"Copia Automation, Inc.",16-JUN-2026,Other Technology,NY,,12270350.0,12270350,10,False
"Copia Automation, Inc.",16-JUN-2026,Other Technology,NY,,14036575.0,14036575,7,False
Sky Holdco Corp,16-JUN-2026,Other,NY,,3859063.0,16563,1,False
"Copia Automation, Inc.",16-JUN-2026,Other Technology,NY,,23100000.0,17999966,10,False
"Memento Medicines, Inc.",16-JUN-2026,Biotechnology,MA,2025.0,93000383.0,38000159,7,False
Octaris Technologies Inc.,16-JUN-2026,Other,VA,2024.0,2350000.0,150000,1,False
BREX Net Lease Industrial I DST,16-JUN-2026,Other Real Estate,NY,2026.0,80055365.0,35071671,56,False
"Milhaus QOZF Aggregator, LLC",16-JUN-2026,Other Real Estate,IN,2025.0,2958473.0,2958473,6,False
SE LRC LAWSON CREEK MF LP,16-JUN-2026,Commercial,TX,2026.0,5050000.0,5050000,41,False
"Milhaus QOZF Silverheels, LLC",16-JUN-2026,Other Real Estate,IN,2023.0,22329.0,22329,4,False
"Milhaus QOZF Rockies, LLC",16-JUN-2026,Other Real Estate,IN,2022.0,2131692.0,2131692,3,False
"Automall at Halo Vista JV I, LLC",16-JUN-2026,Other,AZ,2025.0,83000000.0,82789988,5,False
"Milhaus, LLC",16-JUN-2026,Other Real Estate,IN,,37325216.0,37325216,7,False
CF Fleetwood Multifamily DST,16-JUN-2026,Residential,NY,2026.0,74900000.0,0,0,False
"JWCM Vivian, DST",16-JUN-2026,Other Real Estate,NY,2025.0,46170900.0,15747701,48,False
"AheadComputing, Inc.",16-JUN-2026,Other Technology,OR,2024.0,99999768.0,47830674,17,False
Southern Empire Resources Corp.,16-JUN-2026,Other,A1,,15177.0,15177,1,False
NexPoint Marina DST,16-JUN-2026,Other Real Estate,TX,2025.0,42710095.0,38377264,115,False
"One Point Five Capital, LLC",16-JUN-2026,Investing,AL,,250000.0,0,0,False
Cargofy Inc.,16-JUN-2026,Other Technology,CA,,6011821.0,6011821,18,False
"WPB RE VENTURES FUND i, LLC",16-JUN-2026,Residential,FL,2026.0,21250000.0,21250000,22,False
SCP AXIOM HOLDCO LLC,16-JUN-2026,Other,TX,2026.0,16062765.0,16062765,27,False
NexPoint Oasis DST,16-JUN-2026,Other Real Estate,TX,2025.0,46331389.0,26925763,93,False
Ironwood Ventures LLC,16-JUN-2026,Retailing,NJ,2023.0,1600000.0,1600000,19,False
South Star Battery Metals Corp.,16-JUN-2026,Other,A1,,193634.0,193634,3,False
"Arch Perception, Inc.",16-JUN-2026,Other Technology,CA,2026.0,364140.0,364140,2,False
Hew-Tex/Weston II Joint Venture,16-JUN-2026,Oil and Gas,TX,2026.0,112500.0,0,0,False
Phoros Azul LLC,16-JUN-2026,Other Real Estate,MA,2026.0,5800000.0,5800000,5,False
"Strobe Development, Inc.",16-JUN-2026,Other Technology,DE,2023.0,3000000.0,2550000,9,False
"CND Life Sciences, Inc.",16-JUN-2026,Biotechnology,AZ,,6250000.0,4314750,1,False
"Sandstorm Agave Company, Inc.",16-JUN-2026,Other,SC,2026.0,393333.0,330000,12,False
"MCG Wall Wash & Convenience Fund, LLC",16-JUN-2026,Commercial,NC,2026.0,50000000.0,165000,3,False
"Trinsic Technologies, Inc.",16-JUN-2026,Other Technology,UT,,3000000.0,3000000,6,False
"Milhaus QOZ Business, LLC",16-JUN-2026,Other Real Estate,IN,2023.0,4713756.0,4713756,2,False
"Trinsic Technologies, Inc.",16-JUN-2026,Other Technology,UT,,1699384.0,1699384,7,False
"Trinsic Technologies, Inc.",16-JUN-2026,Other Technology,UT,,1585000.0,1575000,7,False
Acretrader 282 LLC,16-JUN-2026,Other Real Estate,AR,2026.0,1229000.0,1229000,22,False
Two Cities Press Inc,16-JUN-2026,Other,PA,2025.0,50000.0,5000,1,False
Talwex Inc.,16-JUN-2026,Other Technology,I0,2026.0,,220000,5,False
"Foss Fields Development 2, LP",16-JUN-2026,Residential,SD,2025.0,11000000.0,2250000,3,False
Eco-Shelter Inc.,16-JUN-2026,Other Technology,WA,,1500000.0,550000,10,False
WEBULL MARKETS LTD.,16-JUN-2026,Investing,NY,2026.0,100000000.0,0,0,False
Gwkx Capital LLC,16-JUN-2026,Investing,CO,,100000000.0,0,0,False
"Healthcare Triangle, Inc.",16-JUN-2026,Other Technology,CA,2021.0,4235000.0,4235000,8,False
Generational Systems,16-JUN-2026,Other Technology,AL,,1500000.0,0,0,False
"EC Capital Fund, LP",16-JUN-2026,Other,TX,2026.0,50000000.0,0,0,False
"FORABYA, LLC",16-JUN-2026,Other Banking and Financial Services,FL,2024.0,5271406.0,5121406,27,False
Public Royalties Inc.,16-JUN-2026,Other Technology,NY,2024.0,,58700,9,False
"MyVillage, Inc.",16-JUN-2026,Other Technology,CA,2024.0,100000.0,100000,1,False
Jackpot Digital Inc.,16-JUN-2026,Manufacturing,A1,,2811123.0,1405562,1,False
"OuterSignal, Inc.",16-JUN-2026,Other Technology,DE,2025.0,2003000.0,2003000,41,False
"OuterSignal, Inc.",16-JUN-2026,Other Technology,DE,2025.0,2193237.0,2193237,18,False
"OuterSignal, Inc.",16-JUN-2026,Other Technology,DE,2025.0,100000.0,100000,1,False
Nonprofitly Inc.,16-JUN-2026,Other Technology,DE,2025.0,3000000.0,3000000,1,False
Claret Capital Brooklyn 1 LLC,16-JUN-2026,Residential,CA,2026.0,40000.0,40000,2,False
Stavatti Aerospace Ltd,16-JUN-2026,Manufacturing,NY,,2000000000.0,0,0,False
"Maisonette World, Inc.",16-JUN-2026,Business Services,NY,2025.0,850005.0,850005,1,False
"Capital United Casa Lucera I, LLC",16-JUN-2026,Other,OR,2026.0,16000000.0,500000,1,False
Zive SPV Manager LLC,15-JUN-2026,Other,CA,2025.0,,50000,3,False
Denovia Inc.,15-JUN-2026,Other,A1,2025.0,,270000,5,False
Vellintra Technologies LLC,15-JUN-2026,Other Technology,GA,2026.0,,1500000,17,False
"yTools, Inc.",15-JUN-2026,Other Technology,CA,2024.0,3000000.0,50000,14,False
Alpine Fitness Ventures LLC,15-JUN-2026,Other,NC,2025.0,400005.0,337014,4,False
"CLI - Parker 1, LLC",15-JUN-2026,Commercial,TX,2026.0,2440000.0,2196000,16,False
Brownsville Future Fund 1 LLC,15-JUN-2026,Commercial,TX,2026.0,5000000.0,0,0,False
Hall Street Estates LLC,15-JUN-2026,Residential,NY,2025.0,,0,0,False
"PNC LIHTC Fund 104, LLC",15-JUN-2026,Other Real Estate,OR,2025.0,251392176.0,251392176,6,True
EDGE COPPER Corp,15-JUN-2026,Other,A1,,1974525.0,1974525,5,False
THOMAS JOHNSON SURGERY CENTER LLC,15-JUN-2026,Other Health Care,MA,,165000.0,165000,1,False
CMR EB-5 Lender LLC,15-JUN-2026,Other Real Estate,MA,2024.0,110400000.0,0,0,False
Haley Communities Limited Partnership Fund No. 7,15-JUN-2026,Residential,NE,2026.0,150000000.0,0,0,False
Lotus Intelligence LLC,15-JUN-2026,Computers,PR,2026.0,700000.0,45000,2,False
Chiron Real Estate Inc.,15-JUN-2026,REITS and Finance,MD,,100000000.0,100000000,7,True
"Return Valets, LLC",15-JUN-2026,Business Services,TX,2021.0,2435000.0,2435000,7,False
THOMAS JOHNSON SURGERY CENTER LLC,15-JUN-2026,Other Health Care,MD,,165000.0,165000,1,False
Zive SPV Manager LLC,15-JUN-2026,Other,CA,2025.0,,100000,1,False
GAIA Legacy Circle LLC,15-JUN-2026,Other Technology,TX,2026.0,750000.0,125000,3,False
"Advanced Surgery Center of Clifton, LLC",15-JUN-2026,Other Health Care,NJ,,20000.0,0,0,False
"Westerra Materials Solutions, LLC",15-JUN-2026,Other,AZ,2026.0,11250000.0,1000000,2,False
"One Click Contractor, Inc.",15-JUN-2026,Other Technology,IN,2023.0,9360000.0,9360000,4,False
GENWELL CAPITAL LLC,15-JUN-2026,Commercial,WA,2024.0,20000000.0,0,0,False
GENWELL CAPITAL LLC,15-JUN-2026,Commercial,WA,2024.0,20000000.0,0,0,False
RNG Maritime Holdings LLC,15-JUN-2026,Other,NC,2025.0,20000000.0,0,0,False
"Panama City Surgery Center, LLC",15-JUN-2026,Other Health Care,FL,,341868.0,0,0,False
"Starboard Star Venus B, L.P.",15-JUN-2026,Other Technology,TX,2026.0,3000000.0,2920000,28,False
WGC Portfolio Fund LLC,15-JUN-2026,Other Real Estate,CA,2026.0,3750000.0,3125000,12,False
"PatientFi, Inc.",15-JUN-2026,Other Technology,CA,,15000000.0,13000000,3,False
Stardust Solar Energy Inc.,15-JUN-2026,Other,A1,,86977.0,37276,2,False
Robey Street Equity LLC,15-JUN-2026,Residential,NY,2026.0,10000000.0,1675000,4,False
"Fraud Protection Network, Inc.",15-JUN-2026,Other Technology,FL,,1100000.0,1000000,6,False
"Wash42 Ventures, LLC",15-JUN-2026,Manufacturing,TX,2025.0,8000000.0,6275000,21,False
"Pilothouse Real Estate Trust Operating Partnership, L.P.",15-JUN-2026,REITS and Finance,NJ,,,0,0,False
"Nirrin Technologies, Inc.",15-JUN-2026,Biotechnology,MA,,9711196.0,6699781,23,False
OTB Wealth Fund LLC,15-JUN-2026,Commercial,DE,2026.0,50000000.0,0,0,False
"CONTINENTAL PROPERTIES REAL ESTATE DEVELOPMENT FUND IV, L.P.",15-JUN-2026,Other,WI,2025.0,200000000.0,151255000,164,True
Heirloom UK Motor Finance Claim SPV,15-JUN-2026,Investing,E9,2025.0,,12865143,14,False
BONTERRA RESOURCES INC.,15-JUN-2026,Other,A8,,3032320.0,1339520,8,False
X1 Biotech Inc.,15-JUN-2026,Other Technology,MA,,2000000.0,40000,2,False
Vedic Village EB-5 Fund LLC,15-JUN-2026,Other,NC,2026.0,16000000.0,0,0,False
"Albatross Golf, Inc.",15-JUN-2026,Other,KS,2024.0,4400000.0,2750000,28,False
Welltower OP LLC,15-JUN-2026,REITS and Finance,OH,,,77609484,28,False
"Magnolia Bancshares, Inc.",15-JUN-2026,Commercial Banking,KY,,30000000.0,2250000,3,False
Glass Half Full Inc.,15-JUN-2026,Other,LA,2024.0,500000.0,175000,3,False
"NGD Capital Power Yield II, LLC",15-JUN-2026,Other,FL,2025.0,15000000.0,0,0,False
Canadian Energy Metals Corp.,15-JUN-2026,Other,A0,2021.0,2126680.0,2126680,6,False
Adaptive Logic Inc.,15-JUN-2026,Other Technology,WA,2026.0,250000.0,30000,1,False
MiRTLE Medical LLC,15-JUN-2026,Other Health Care,MA,,750000.0,590000,6,False
Electrolyte Boost Inc.,15-JUN-2026,Other,WY,2023.0,3000000.0,25000,1,False
Gaingels Tiny Health LLC,15-JUN-2026,Other,VT,2026.0,167501.0,167501,10,False
Gaingels Allara 2026 LLC,15-JUN-2026,Other,VT,2026.0,205503.0,205503,9,False
Vienza Global Ltd.,15-JUN-2026,Retailing,PA,2026.0,100000.0,100000,1,False
Acretrader 277 LLC,15-JUN-2026,Other Real Estate,AR,2025.0,1709000.0,1709000,40,False
Vadnais Heights Senior Coupon LLC,15-JUN-2026,Other Real Estate,MN,2026.0,5000000.0,0,0,False
"CS1031 Cacema Townhomes, DST",15-JUN-2026,Commercial,VA,2026.0,41850000.0,0,0,False
"Ambrose Fund II, LP",15-JUN-2026,Commercial,IN,2026.0,,0,0,False
"Sapphire Software Parent, LLC",15-JUN-2026,Other Technology,MA,2024.0,,0,142,False
"Taur, Inc.",15-JUN-2026,Other Technology,DE,2026.0,,100000,1,False
"Mae Labs, Inc.",15-JUN-2026,Other Technology,CA,2026.0,500000.0,50000,1,False
"TVC Fund Holdings, LLC",15-JUN-2026,Commercial,WY,2026.0,20000000.0,20000000,0,False
"HighT-Tech, Inc.",15-JUN-2026,Other Technology,MD,2023.0,700000.0,350000,2,False
"KW Apartments Holdings, LLC",15-JUN-2026,Commercial,AK,2025.0,1800000.0,0,0,False
"Juniper Cibolo Crossing Holdings, LLC",15-JUN-2026,Other Real Estate,TX,2025.0,16600000.0,16425000,16,False
Kingdom Energy Fund I Limited Partnership,15-JUN-2026,Oil and Gas,TX,2026.0,5000000.0,0,0,False
RH OG1 LIMITED PARTNERSHIP,15-JUN-2026,Oil and Gas,WY,2026.0,20000000.0,0,0,False
CIPHER V a Series of Opulentia Ventures X LLC,15-JUN-2026,Investing,VA,2026.0,6000000.0,6000000,70,False
Dancing With The Penguins Ltd Liability Co,15-JUN-2026,Other,NY,2024.0,10000000.0,1000000,2,False
"Qorra Health, Inc.",15-JUN-2026,Other Technology,DE,2026.0,150000.0,25000,1,False
Nexera Technologies Ltd,15-JUN-2026,Retailing,L3,2021.0,1200000.0,0,4,False
"HighGrove Holdings, LLC/MO",15-JUN-2026,Other,MO,2025.0,100000.0,100000,1,False
19 ROCKAWAY FUNDING L.P.,15-JUN-2026,Other Real Estate,NY,2026.0,1900000.0,1900000,16,False
ExchangeRight Essential Income 12 DST,15-JUN-2026,Commercial,CA,2026.0,123530000.0,0,0,False
14 BRASS CASTLE FUNDING L.P.,15-JUN-2026,Other Real Estate,NY,2026.0,2200000.0,2200000,21,False
"Immunis, Inc.",15-JUN-2026,Biotechnology,CA,,11975000.0,11975000,12,False
535 Hutchins LLC,15-JUN-2026,Residential,TX,2026.0,1500000.0,1450000,15,False
"Simplex Chat, Inc.",15-JUN-2026,Other Technology,DE,2026.0,2000000.0,17000,2,False
Setara Financial Corp.,15-JUN-2026,Other Banking and Financial Services,IL,2026.0,1000000.0,300000,3,False
Andrew The Home Buyer Income Fund LLC,15-JUN-2026,Other Real Estate,AZ,2026.0,100000000.0,0,0,False
"Vista Valley Fund, LLC",15-JUN-2026,Other Real Estate,SC,2024.0,100000000.0,0,0,False
Hillcrest Series of Loan LLC,15-JUN-2026,Residential,NV,2026.0,580000.0,580000,6,False
10th Street Series of Loan LLC,15-JUN-2026,Residential,NV,2026.0,1300000.0,1300000,12,False
Silverton Financial LLC,15-JUN-2026,Other,AZ,2025.0,,162000,3,False
123 OLD NYACK FUNDING L.P.,15-JUN-2026,Other Real Estate,NY,2026.0,2400000.0,2400000,24,False
El Paso Minerals Corp.,15-JUN-2026,Other Energy,TX,2025.0,15449997.0,2000000,3,False
Synthetics Inc.,15-JUN-2026,Other Technology,DE,2026.0,130000.0,130000,2,False
23 NEIL FUNDING L.P.,15-JUN-2026,Other Real Estate,NY,2026.0,1100000.0,1100000,14,False
"Ally Waste Services Topco, LLC",15-JUN-2026,Other,AZ,2023.0,53700000.0,53700000,3,False
301 BEACH 70 FUNDING L.P.,15-JUN-2026,Other Real Estate,NY,2026.0,2100000.0,2100000,11,False
"Utopic, Inc.",15-JUN-2026,Other,CA,2025.0,1000000.0,210000,2,False
AJC AUBURN HILLS INVESTMENTS LLC,12-JUN-2026,Other Real Estate,MI,2026.0,22200000.0,22200000,32,False
KineticArc Inc.,12-JUN-2026,Other Technology,OH,2026.0,,20000,1,False
"Waterview Apts Partners, LLC",12-JUN-2026,Commercial,GA,2022.0,22000000.0,16412615,123,False
"Meridian Energy Group, Inc.",12-JUN-2026,Oil and Gas,ND,,95000000.0,0,0,False
"BCP 240 Parkway SPV, LLC",12-JUN-2026,Commercial,TN,2026.0,3650603.0,3650603,12,False
Mielodia LLC,12-JUN-2026,Other,PR,2025.0,200000.0,20000,1,False
TriStar Gold Inc.,12-JUN-2026,Other,AZ,,5700547.0,3450331,8,False
"PG Austin Investors RC, LLC",12-JUN-2026,Other Real Estate,GA,2025.0,80300000.0,13126174,124,False
"PG Austin Investors RC, LLC",12-JUN-2026,Other Real Estate,GA,2025.0,80300000.0,13126174,124,False
"Open Air Hotels & Resorts, LLC",12-JUN-2026,Lodging and Conventions,NJ,2023.0,4000000.0,3021657,55,False
Graystoke Investors XI LLC,12-JUN-2026,Other Real Estate,ID,2026.0,3645000.0,3645000,33,False
Corient Partners US LP,12-JUN-2026,Other,DE,2021.0,954337.0,954337,3,False
Corient Global Partners Ltd,12-JUN-2026,Other,Y9,2025.0,94552707.0,94552707,231,False
"PG EB5 Sugar Lender, LLC",12-JUN-2026,Other Real Estate,GA,2025.0,28000000.0,6400000,8,False
"IMPACT CNC HOLDINGS, LLC",12-JUN-2026,Other,IA,2026.0,12500000.0,3880000,17,False
HPI Farmhouse DST,12-JUN-2026,Other Real Estate,CT,2025.0,28848598.0,26671992,82,False
"PG EB5 Gatlinburg Lender, LLC",12-JUN-2026,Other Real Estate,GA,2025.0,40000000.0,30400000,38,False
Geomorphic AI,12-JUN-2026,Other,NV,2026.0,75000.0,75000,3,False
"Nexara Health, Inc.",12-JUN-2026,Other Technology,TX,2026.0,3000000.0,350000,4,False
"Niural, Inc.",12-JUN-2026,Other Technology,TX,2022.0,20568384.0,20568384,11,False
Galaxy Plus Fund LLC - DFC STMS Feeder Fund (597),12-JUN-2026,Other Banking and Financial Services,IL,2026.0,,975000,3,False
Yukon Metals Corp.,12-JUN-2026,Other,A1,,2603020.0,1438133,2,False
"Eos SENOLYTIX, Inc.",12-JUN-2026,Pharmaceuticals,TX,2024.0,25000000.0,750000,2,False
"PG Portland Investors, LLC",12-JUN-2026,Other Real Estate,GA,2025.0,20900000.0,0,0,False
Moda Solar LLC,12-JUN-2026,Other Real Estate,DE,2026.0,50000000.0,150000,3,False
Conexeu Sciences Inc.,12-JUN-2026,Biotechnology,NV,2022.0,2200.0,1700,3,False
Xlue Inc.,12-JUN-2026,Other Health Care,PA,2025.0,5000000.0,450000,2,False
URZ3 ENERGY CORP.,12-JUN-2026,Other,A1,,757031.0,268624,9,False
Dish Intelligence Inc.,12-JUN-2026,Other Technology,NY,2026.0,1500000.0,435000,7,False
"Commense Bio, Inc.",12-JUN-2026,Biotechnology,CO,,2671875.0,2470334,31,False
"Villages at Weatherford, LLC",12-JUN-2026,Other Real Estate,TX,2025.0,13500000.0,1985000,13,False
"Griffin Capital Development Partners Fund III, L.P.",12-JUN-2026,Other Real Estate,CA,2025.0,100000000.0,19003853,100,False
"Egg Medical, Inc.",12-JUN-2026,Other Health Care,MN,,13000000.0,9500008,10,False
REVOBOTS INC,12-JUN-2026,Other Technology,OR,2025.0,100000.0,100000,1,False
Run-A-Muck Inc.,12-JUN-2026,Other,NY,2024.0,16630948.0,16630948,13,False
Texture Corp.,12-JUN-2026,Other Technology,NY,2023.0,12500000.0,12469994,7,False
"Buxton Helmsley, Inc.",12-JUN-2026,Business Services,NY,2025.0,,1655000,6,False
LYOS INC,12-JUN-2026,Other Health Care,NJ,2026.0,10000000.0,0,0,False
BCP Eagle Crest LP,12-JUN-2026,Residential,TX,2026.0,1750000.0,1750000,17,False
Gaingels Speedrun Fund I LLC,12-JUN-2026,Other,VT,2025.0,2000000.0,1207000,16,False
Queenofthewild LLC,12-JUN-2026,Business Services,CA,,475000.0,0,20,False
"11701 West 105th Street, LLC",12-JUN-2026,Commercial,CA,2026.0,6230000.0,1715000,38,False
"LUX AT GATEWAY INVESTOR, LLC",12-JUN-2026,Residential,TX,2022.0,4400000.0,400000,2,False
RSNPG Bristol Partners LLC,12-JUN-2026,Residential,DE,2026.0,5500000.0,1284000,16,False
"1World Online, Inc.",12-JUN-2026,Other Technology,CA,,8926481.0,8926481,31,False
"LUX AT GATEWAY INVESTOR, LLC",12-JUN-2026,Residential,TX,2022.0,5000000.0,5000000,46,False
"Huxley Medical, Inc.",12-JUN-2026,Other Health Care,GA,,3000000.0,2999568,20,False
"Erebor Bank, National Association",12-JUN-2026,Other Banking and Financial Services,OH,2025.0,276042425.0,276042425,76,True
"Hyperion Bancshares, Inc.",12-JUN-2026,Commercial Banking,PA,,15028500.0,14735000,13,False
"LUX AT GATEWAY INVESTOR, LLC",12-JUN-2026,Residential,TX,2022.0,5000000.0,3061111,34,False
"Reflection Games, Inc.",12-JUN-2026,Other Technology,WA,2021.0,4000000.0,1380000,2,False
IDEAL Columbus DST,12-JUN-2026,Residential,CA,2025.0,52840000.0,52840000,22,False
iFabric Corp.,12-JUN-2026,Other,A6,,398592.0,398592,1,False
"dynama, Inc.",12-JUN-2026,Other Technology,TX,2026.0,3000000.0,2850000,3,False
"Viatec, Inc.",12-JUN-2026,Other Technology,SC,,2000000.0,300000,3,False
"Everest PMC HoldCo, L.L.C.",12-JUN-2026,Other,NY,2026.0,,0,0,False
Valkere Opportunity Fund I LLC,12-JUN-2026,Other Real Estate,AZ,2023.0,15000000.0,2693233,43,False
Gaingels Hopscotch LLC,12-JUN-2026,Other,VT,2026.0,67509.0,67509,4,False
"KMF Investments SPV I, LLC",12-JUN-2026,Investing,TX,2026.0,,6000000,5,False
Fiera Comox Global Agriculture Open-End Fund (U.S.) L.P.,12-JUN-2026,Agriculture,A8,,,279498750,9,True
"TAILOR RIDGE REAL ESTATE LENDING FUND I, LP",12-JUN-2026,REITS and Finance,RI,,,186129528,149,True
Ironex Inc,12-JUN-2026,Investing,CO,,100000000.0,0,0,False
Gaingels Starpath LLC,12-JUN-2026,Other,VT,2026.0,522660.0,522660,16,False
MemryHealth LLC,12-JUN-2026,Other Technology,OH,2026.0,3000000.0,2080000,43,False
Fiera Comox Global Agriculture Open-End Fund (U.S. II) L.P.,12-JUN-2026,Agriculture,A8,2022.0,,125000000,1,True
Gaingels Narrative 2026 LLC,12-JUN-2026,Other,VT,2026.0,130173.0,130173,11,False
Century DE Management Aggregator LLC,12-JUN-2026,Other,NY,2023.0,,0,0,False
Gaingels Tav Drones LLC,12-JUN-2026,Other,VT,2026.0,102678.0,102678,11,False
Reformation Inc.,12-JUN-2026,Other,NY,,4930930.0,0,6,False
Gaingels One Robot 2026 LLC,12-JUN-2026,Other,VT,2026.0,113372.0,113372,15,False
"PCG Enterprises, Inc.",12-JUN-2026,Business Services,CA,,3200000.0,3200000,5,False
FreightHero.ai Corp,12-JUN-2026,Other Technology,CA,2024.0,6143765.0,6143765,8,False
"NSite Medical, Inc.",12-JUN-2026,Other Health Care,CA,,4000000.0,1710000,13,False
FortisX Ltd,12-JUN-2026,Investing,TX,2025.0,950000000.0,35000000,138,False
CIG CS6 Procurement LLC,12-JUN-2026,Other Energy,FL,2026.0,43000000.0,43000000,3,False
Bit Securities Alliance Net Dealing Ltd,12-JUN-2026,Investing,CO,2026.0,100000000.0,0,0,False
Aisona Care Inc.,12-JUN-2026,Other Health Care,CA,2026.0,200000.0,200000,2,False
"NPI Fund I, LLC",12-JUN-2026,Other Real Estate,DE,2026.0,60000000.0,0,0,False
Yieldwink Income Fund LLC,12-JUN-2026,Other Real Estate,DE,2026.0,500000000.0,0,0,False
Falcon Peak Capital LLC Series SpaceX 2026,12-JUN-2026,Other Banking and Financial Services,CA,2021.0,1749942.0,1749942,14,False
"Straight A, LLC",12-JUN-2026,Other,FL,2026.0,950000.0,930000,15,False
"CourtScribes, Inc.",12-JUN-2026,Business Services,CA,,500000.0,500000,4,False
Pursuit of Bella Inc.,12-JUN-2026,Manufacturing,DE,2025.0,1640000.0,1631800,2,False
"Verlo.ai, Inc.",12-JUN-2026,Business Services,CA,2025.0,3500000.0,1700000,5,False
Athletes Unlimited Softball PBLLC,12-JUN-2026,Other,NY,,95000000.0,38500000,5,False
E ESTATE GROUP INC.,12-JUN-2026,Investing,NY,2026.0,109440000.0,35000000,12532,False
CoachEm Inc.,12-JUN-2026,Other,CT,2022.0,100000.0,50000,1,False
"Capra Financial, Inc.",12-JUN-2026,Commercial Banking,IA,2022.0,30000000.0,30000000,23,False
Quebec Conversion Developers LLC,12-JUN-2026,Residential,TX,2026.0,8000000.0,6708304,20,False
"Rise Bluestone Partners, LLC",12-JUN-2026,Residential,AZ,2026.0,19860176.0,18228485,99,False
"Struct, Inc.",12-JUN-2026,Other Technology,AK,2025.0,5000000.0,300000,1,False
Crypto Co,11-JUN-2026,Other Technology,CA,,1000000.0,430000,5,False
Axion Minerals Corp.,11-JUN-2026,Other,A1,2025.0,8641.0,0,1,False
little by little LLC,11-JUN-2026,Other,MN,2023.0,200000.0,200000,3,False
Odysseus LLC,11-JUN-2026,Other Technology,TX,2025.0,500000.0,300000,5,False
Avantis Consulting LLC,11-JUN-2026,Other,MO,,,84000,33,False
"Contact Control Interfaces, Inc.",11-JUN-2026,Manufacturing,OH,2026.0,14000000.0,8499999,4,False
"RECOURSIFY, INC.",11-JUN-2026,Other Technology,VA,2026.0,99000.0,99000,1,False
FalconX Holdings Ltd,11-JUN-2026,Investing,CA,,2203807.0,280495,2,False
Palmer Lake MHP Investors LLC,11-JUN-2026,Residential,CO,2026.0,1400000.0,1400000,5,False
"Fundamental Brands, Inc",11-JUN-2026,Retailing,FL,2025.0,5000000.0,189200,3,False
"Energy Investment Fund - 2025-1, Limited Partnership",11-JUN-2026,Oil and Gas,OK,2025.0,20000000.0,50000,1,False
"EB5 United Park City, LLC",11-JUN-2026,Other Real Estate,OR,2025.0,35200000.0,35200000,44,False
Eastern Light Distilling LLC,11-JUN-2026,Other,KY,2022.0,30000000.0,15854425,83,False
CAM Investment 504 LLC,11-JUN-2026,Commercial,CA,2026.0,2000000.0,1750000,6,False
ATP 1056 Joint Venture,11-JUN-2026,Oil and Gas,TX,2026.0,780000.0,195000,2,False
Crypto Co,11-JUN-2026,Other Technology,CA,,0.0,0,6,False
"Landwise Fund I, LLC",11-JUN-2026,Other,IL,2025.0,1926500.0,1926500,11,False
"Clinexa Health, Inc.",11-JUN-2026,Other Health Care,NY,2026.0,1500000.0,25000,1,False
LaundrySucks.io Inc.,11-JUN-2026,Other Technology,GA,,9104998.0,9104998,28,False
"AX Essential Retail Portfolio, DST",11-JUN-2026,Other Real Estate,NY,2025.0,91520000.0,69315095,89,False
"IMG Advance Facility, LLC",11-JUN-2026,Commercial,CA,2026.0,5000000.0,400000,2,False
"Swastham, Inc",11-JUN-2026,Other Technology,CA,2026.0,1000000.0,275000,0,False
"Vista Winkler, Ltd.",11-JUN-2026,Commercial,TX,2026.0,1860000.0,1860000,29,False
"Nashville Flats, LLC",11-JUN-2026,Residential,TN,2026.0,1700106.0,1700106,13,False
"Ravee Optics, Inc.",11-JUN-2026,Manufacturing,OH,2024.0,5999984.0,5999984,6,False
Carna Inc.,11-JUN-2026,Biotechnology,MA,2021.0,10000000.0,9073160,27,False
Allenhurst Investor Equity LLC,11-JUN-2026,Residential,NY,2025.0,,15000000,15,False
PAKS LLC,11-JUN-2026,Restaurants,CA,2024.0,200000.0,50000,1,False
Opportunity Restaurant Group 2 LLC,11-JUN-2026,Restaurants,AL,2026.0,57500000.0,57500000,25,False
RIME LABS INC.,11-JUN-2026,Other Technology,CA,2022.0,26774995.0,22032965,16,False
Creatio Inc.,11-JUN-2026,Other Technology,MA,,,9532540,12,False
La Rosa Holdings Corp.,11-JUN-2026,Other,FL,2021.0,500000.0,500000,1,False
Duke Street Bio Ltd,11-JUN-2026,Biotechnology,X0,,4136978.0,4136978,2,False
"Dyme Medical, Inc.",11-JUN-2026,Other Health Care,TX,2023.0,10000000.0,10000000,18,False
"Aparagon, Inc.",11-JUN-2026,Other,MD,2025.0,3000000.0,1810000,11,False
Wndyr Inc.,11-JUN-2026,Other,TX,,,100000,4,False
"Wealth Building Technologies, LLC",11-JUN-2026,Other Technology,GA,2023.0,10000000.0,6960000,51,False
"Synapse HoldCo, LLC",11-JUN-2026,Other Technology,WA,2025.0,36333053.0,36333053,7,False
Architect Financial Technologies Inc.,11-JUN-2026,Other Technology,IL,2022.0,19444145.0,19273544,7,False
Harvest Invest 093 LLC A Series of Harvest Invest LLC,11-JUN-2026,Investing,TX,2026.0,10000000.0,360000,13,False
VonFinch Fixed Income Fund LLC,11-JUN-2026,Other Real Estate,CO,2023.0,10000000.0,5049330,27,False
"Quintic Labs, LLC",11-JUN-2026,Other Technology,NY,2025.0,30000000.0,0,0,False
VALHALLA METALS INC.,11-JUN-2026,Other,A1,,32265822.0,32265822,1,False
JONES FINANCIAL COMPANIES LLLP,11-JUN-2026,Other Banking and Financial Services,MO,,725000.0,725000,2,False
"Synapse InvestCo, LLC",11-JUN-2026,Other Technology,WA,2025.0,24789500.0,24789500,37,False
"TIZ, INC.",11-JUN-2026,Other Technology,IL,,28000000.0,16565921,29,False
Penso Macro Convexity US LP,11-JUN-2026,Investing,NY,2026.0,,7225000,4,False
Penso Macro Convexity Offshore Ltd.,11-JUN-2026,Investing,NY,2026.0,,28225000,6,False
"Series 18-1, a series of StartEngine Private Funds LLC",11-JUN-2026,Other,CA,2026.0,4133500.0,2780357,34,False
Ohio Equity Fund for Housing Limited Partnership 36A,11-JUN-2026,Residential,OH,2026.0,324000000.0,300000000,15,True
"Randell Industrial, LLC",11-JUN-2026,Other,FL,2026.0,600000.0,0,0,False
"Anodyne Nanotech, Inc.",11-JUN-2026,Other Health Care,MA,,17259023.0,12597058,47,False
Skanda Energy Inc.,11-JUN-2026,Other Technology,MA,2026.0,1000000.0,65000,4,False
"CompleteFarmer Technologies, Inc.",11-JUN-2026,Other Technology,CA,,12000000.0,9199998,6,False
"Meritum RJ Blocker, LLC",11-JUN-2026,Other,TX,2025.0,5901000.0,5901000,44,False
Bandera 2025 LLC,11-JUN-2026,Residential,WA,2025.0,2050000.0,0,0,False
"Meritum Energy Holdings, LP",11-JUN-2026,Other,TX,,54276000.0,54276000,228,False
"Quince Therapeutics, Inc.",11-JUN-2026,Biotechnology,CA,,7387671.0,0,66,False
"Quince Therapeutics, Inc.",11-JUN-2026,Biotechnology,CA,,186422679.0,114720542,27,True
"Vesta Hospitality Fund II, LLC",11-JUN-2026,Other Real Estate,WA,,50000000.0,10490000,47,False
"Vybright, Inc.",11-JUN-2026,Other,VA,2025.0,400000.0,100000,1,False
PDX OZ FUND LLC,11-JUN-2026,Commercial,WA,2024.0,13600000.0,12300000,23,False
KISH BANCORP INC,11-JUN-2026,Commercial Banking,PA,,35000000.0,35000000,26,False
BREX Net Lease Industrial I DST,11-JUN-2026,Other Real Estate,NY,2026.0,80055365.0,31708445,46,False
AMOR FELINE Inc,11-JUN-2026,Manufacturing,OH,2026.0,308000.0,308000,14,False
"BHM MRI Radiology, LLC - Series F",11-JUN-2026,Other Health Care,AL,2026.0,12000.0,12000,2,False
RIVR 316 LLC,11-JUN-2026,Restaurants,IL,2026.0,2500000.0,400000,2,False
"Starboard Star Venus B, L.P.",11-JUN-2026,Other Technology,TX,2026.0,3000000.0,2920000,27,False
"1104Health, Inc.",11-JUN-2026,Other Technology,MD,,,0,0,False
striVE Climbing & Fitness LLC,11-JUN-2026,Retailing,MN,2026.0,1725000.0,1625000,25,False
"Krystal Lake Holdings, LLC",11-JUN-2026,Other Real Estate,DE,2026.0,2500000.0,410000,6,False
Lyme Forest Fund VI LP,11-JUN-2026,Other Real Estate,NH,2023.0,,440638640,126,True
Orbio Health Inc.,11-JUN-2026,Other Health Care,CA,2025.0,2000000.0,949999,11,False
"Fellowship Milledgeville IL GP, LLC",11-JUN-2026,Residential,GA,2022.0,6900000.0,6900000,18,False
"Ambulatory Surgery Center Acquisition HoldCo, LLC",11-JUN-2026,Other,AZ,2026.0,22600000.0,21000000,27,False
SAN ANTONIO MULTIFAMILY 119 DST,11-JUN-2026,Commercial,CA,2026.0,15821820.0,5729968,18,False
BIG Valley View RV Park LLC,11-JUN-2026,Residential,TX,2026.0,1875000.0,1750000,8,False
SoFab Inks Inc.,11-JUN-2026,Manufacturing,KY,2024.0,5999969.0,2927990,11,False
OMG Goals Inc.,11-JUN-2026,Other Technology,CA,2026.0,500000.0,165000,1,False
Prana Growth Fund II L P,11-JUN-2026,Other Real Estate,CA,,50000000.0,26225000,116,False
"Apogee Semiconductor, Inc.",11-JUN-2026,Other Technology,TX,,5000000.0,4500000,6,False
"Litewave.AI, Inc",11-JUN-2026,Other Technology,CA,2024.0,3500000.0,1500000,13,False
PRINCETON KY OPPORTUNITY 117 DST,11-JUN-2026,Commercial,CA,2026.0,5311475.0,725970,3,False
RAZEX INC.,11-JUN-2026,Other Technology,TX,2026.0,76.0,76,7,False
"Ionava, Inc.",11-JUN-2026,Other,CA,2025.0,5000000.0,270000,6,False
SHREVEPORT OPPORTUNITY 120 DST,11-JUN-2026,Commercial,CA,2026.0,7068288.0,100000,1,False
East Side Games Group Inc.,11-JUN-2026,Other,A1,,36489.0,36489,1,False
"Safeguard Flex Fund, LLC",11-JUN-2026,Commercial,TX,2023.0,,735000,3,False
"Kite Partners Fund 7, LLC",11-JUN-2026,Residential,WA,2026.0,12750000.0,5353936,3,False
OpenReserve Holdings Inc.,11-JUN-2026,Other Technology,NY,2025.0,25000000.0,24005501,11,False
Venn Advisory LLC,11-JUN-2026,Business Services,UT,2026.0,60000.0,60000,1,False
"Energy Flex Fund 1, Limited Partnership",11-JUN-2026,Oil and Gas,TX,2023.0,100000000.0,31259714,238,False
"California Reserve Flower, LLC",10-JUN-2026,Agriculture,CA,2022.0,30000000.0,500000,1,False
"BEL AIR APARTMENT FUND ONE, LLC",10-JUN-2026,Residential,MD,2026.0,1000000.0,1000000,9,False
Roers Cross-Market Collective I LLC,10-JUN-2026,Other Real Estate,MN,2026.0,30600000.0,2161500,12,False
Roers Bozeman Apartments LLC,10-JUN-2026,Other Real Estate,MN,2025.0,18000000.0,0,0,False
Shoppes of Midtown Mobile LLC,10-JUN-2026,Other,NJ,2026.0,2600000.0,0,0,False
"Apex Tech Growth Partners I, LLC",10-JUN-2026,Investing,TN,2024.0,1000000.0,0,0,False
"Haku Bio, Inc.",10-JUN-2026,Biotechnology,MA,2026.0,2710000.0,1509000,6,False
Property Llama Corp.,10-JUN-2026,Commercial,CO,2022.0,4000000.0,607500,10,False
Lift Aircraft Inc.,10-JUN-2026,Manufacturing,TX,,3000000.0,1195150,9,False
"Climate First Bancorp, Inc.",10-JUN-2026,Business Services,FL,2022.0,67504968.0,67504968,237,False
GrowthIQ AI Inc.,10-JUN-2026,Other Technology,MN,2026.0,600000.0,400000,5,False
"OpenTeams Holdings, Inc.",10-JUN-2026,Other Technology,TX,2025.0,10000000.0,0,0,False
"CONX-USA, INC",10-JUN-2026,Other Technology,CO,2021.0,3000000.0,305000,5,False
Barricade Therapeutics Corp,10-JUN-2026,Biotechnology,TX,,,100000,1,False
"Vinyl Health, Inc.",10-JUN-2026,Other Technology,NJ,2024.0,2499998.0,1000000,1,False
299 BROADWAY HOLDING Co LLC,10-JUN-2026,Commercial,MA,2026.0,5470000.0,5470000,16,False
Grand Summit at BR 152 LLC,10-JUN-2026,Residential,UT,2026.0,300000.0,0,0,False
Stone Hollow at BR 142 LLC,10-JUN-2026,Residential,UT,2026.0,300000.0,0,0,False
Sunset Ridge at BR 138 LLC,10-JUN-2026,Residential,UT,2026.0,300000.0,0,0,False
Conexeu Sciences Inc.,10-JUN-2026,Biotechnology,NV,2022.0,137427.0,22905,1,False
"Gods.com,Inc.",10-JUN-2026,Other Technology,NH,2026.0,60000000.0,384770,6,False
"Swan Echo Investments, LLC",10-JUN-2026,Residential,MI,2025.0,9900000.0,0,0,False
"Contraline, Inc.",10-JUN-2026,Biotechnology,VA,,115929658.0,55804741,77,False
"Rocking K Technologies, Inc.",10-JUN-2026,Other Banking and Financial Services,MN,2025.0,3500000.0,100000,1,False
26N Partners LLC,10-JUN-2026,Residential,FL,2026.0,5000000.0,0,0,False
"Haku Bio, Inc.",10-JUN-2026,Biotechnology,MA,2026.0,2500000.0,1299000,5,False
"Proxima Bio, Inc.",10-JUN-2026,Other Health Care,NY,,91454999.0,91454999,11,False
Clout Kitchen Holdings Inc.,10-JUN-2026,Other,CA,2026.0,7005498.0,6996240,27,False
Orams Development LLC,10-JUN-2026,Residential,VA,2023.0,600000.0,42000,1,False
TYADU Fund LP,10-JUN-2026,Residential,CA,2025.0,12000000.0,1000000,8,False
"Transcendence On The Brazos, LLC",10-JUN-2026,Commercial,TX,2026.0,500000.0,80000,5,False
Buckner Industrial Phase I LLC,10-JUN-2026,Commercial,KY,2025.0,3100000.0,3100000,11,False
"Reactor Technologies, Inc.",10-JUN-2026,Other Technology,CA,2025.0,47999892.0,25232004,8,False
Rise Opportunities 16 LLC,10-JUN-2026,Other Real Estate,MN,2026.0,,3515000,8,False
Alternative Canning Solutions dba Aqua Beato,10-JUN-2026,Manufacturing,NC,2023.0,300000.0,180000,3,False
ReGen III Corp.,10-JUN-2026,Other Technology,A0,,188678.0,80862,1,False
NexPoint Small Bay III DST,10-JUN-2026,Other Real Estate,TX,2025.0,50382493.0,22414235,76,False
ZIP Capital LLC,10-JUN-2026,Commercial,PA,2025.0,20000000.0,6000000,33,False
"IL Joliet Executive Dr, LLC",10-JUN-2026,Commercial,SC,2026.0,,560000,6,False
Stilly Preserve 3 LLC,10-JUN-2026,Residential,OK,2026.0,2000000.0,0,0,False
RAR Acquisitions LLC,10-JUN-2026,Commercial,DE,2026.0,25000000.0,0,0,False
Private Bankers Mortgage Fund II LLC,10-JUN-2026,Other,AZ,2026.0,20000000.0,336000,2,False
trainedB.ai Inc.,10-JUN-2026,Other Technology,DE,2025.0,500000.0,0,0,False
Aeterna WYM LLC,10-JUN-2026,Other,NY,2026.0,,876000,19,False
"True SFR STI, LLC",10-JUN-2026,Residential,NC,2026.0,12655526.0,0,0,False
"ReadyBench, Inc.",10-JUN-2026,Other Technology,TX,2026.0,45000.0,10000,1,False
Ovelle Bio Corp.,10-JUN-2026,Biotechnology,DE,2024.0,9200000.0,7000000,1,False
Emory Investor II LLC,10-JUN-2026,Other Health Care,TN,2026.0,2500000.0,1600000,5,False
"MP Playa NE Investors, LLC",10-JUN-2026,Restaurants,PA,2024.0,600000.0,600000,36,False
"Niva Platforms, Inc.",10-JUN-2026,Other Technology,WA,2025.0,60000.0,60000,1,False
SILVER SPRUCE RESOURCES INC.,10-JUN-2026,Other,A5,,167816.0,114427,3,False
ISG Income Partners LLC,10-JUN-2026,Other Banking and Financial Services,FL,2025.0,200000000.0,0,0,False
IMM Arcova Salacia GP Ltd,10-JUN-2026,Investing,E9,2026.0,,130000,3,False
Aryming Capital LP,10-JUN-2026,REITS and Finance,NJ,,25000000.0,700000,2,False
Grove Carbon Fund I LP,10-JUN-2026,Other Energy,NY,2023.0,300000000.0,129500000,56,True
NJD Strategic Advisors HH Holding LLC,10-JUN-2026,Other,OH,2026.0,161000.0,0,0,False
"Storage4Community, LLC",10-JUN-2026,Commercial,KY,2022.0,6000000.0,0,0,False
SalivIQ Diagnostics Inc.,10-JUN-2026,Biotechnology,VA,2024.0,2470000.0,1205000,36,False
"GMI-URBAN TOWERS, LP",10-JUN-2026,Commercial,TX,2026.0,24919975.0,5060000,16,False
"Edelman Financial Engines, L.P.",10-JUN-2026,Other Banking and Financial Services,VA,,,0,0,False
CapConnectPlus Inc.,10-JUN-2026,Other Banking and Financial Services,CA,,8000000.0,2503250,6,False
Slight Ache LLC,10-JUN-2026,Restaurants,NY,2025.0,1500000.0,1000000,14,False
"Thrivvy, Inc.",10-JUN-2026,Other Technology,LA,2025.0,25000.0,25000,0,False
Western Highland Fund II LLC,10-JUN-2026,Investing,CA,,100000000.0,12792828,55,False
"Musaffa, Inc.",10-JUN-2026,Investing,NY,2022.0,5000000.0,445424,19,False
"Arovia, Inc.",10-JUN-2026,Other Technology,TX,,1500000.0,1005000,7,False
"POST.BID.SHIP., INC.",10-JUN-2026,Other,OK,,1000000.0,100000,3,False
"Secure Fidelity, LLC",10-JUN-2026,Other Technology,WY,2026.0,25129.0,25129,12,False
"TSUGICINEMA, INC.",09-JUN-2026,Other Technology,CA,2026.0,250000.0,250000,8,False
Roblox Corp,09-JUN-2026,Other,CA,,44575519.0,44575519,6,False
Brixmor Operating Partnership LP,09-JUN-2026,REITS and Finance,NY,,0.0,30498675,0,False
"SWARM Engineering, Inc.",09-JUN-2026,Other Technology,CA,,10151260.0,10151260,13,False
"Clovergrove Drive Fund, LLC",09-JUN-2026,Commercial,IL,2026.0,20000000.0,0,0,False
"Triptych Management, Inc.",09-JUN-2026,Business Services,NY,2026.0,,50000,1,False
SP Ashland LLC,09-JUN-2026,Investing,MN,2026.0,4500000.0,4500000,45,False
Project Edison 55 at Dripping Springs LLC,09-JUN-2026,Residential,TX,2026.0,3500000.0,3500000,2,False
FalconX Holdings Ltd,09-JUN-2026,Investing,CA,,280495.0,0,0,False
"EQT Exeter Real Estate Income Trust, Inc.",09-JUN-2026,REITS and Finance,PA,2022.0,190000000.0,28988551,251,False
UMEP Corp.,09-JUN-2026,Other,MN,2025.0,1950000.0,0,0,False
"Thiogenesis Therapeutics, Corp.",09-JUN-2026,Biotechnology,A6,,28964.0,28964,0,False
SYB Logistics Inc,09-JUN-2026,Other,NY,2026.0,500000.0,25000,1,False
Adoorn LLC,09-JUN-2026,Retailing,IL,,1675000.0,1675000,20,False
"Symitri, Inc.",09-JUN-2026,Other Technology,CT,2024.0,,365000,4,False
"DesiCorp, Inc.",09-JUN-2026,Biotechnology,KY,,6000000.0,3499999,12,False
"MPC NE Series LIHTC ICF, LLC",09-JUN-2026,Other Real Estate,GA,,,399900,1,False
"HMA V, Inc.",09-JUN-2026,Insurance,IA,2025.0,4449120.0,4449120,19,False
"HMA IV, LLC",09-JUN-2026,Insurance,IA,2022.0,526240.0,526240,1,False
Yakuru Inc.,09-JUN-2026,Other Technology,DE,2025.0,,325000,9,False
"HMA III, Inc.",09-JUN-2026,Insurance,IA,,12699680.0,12699680,37,False
"HMA II, Inc.",09-JUN-2026,Insurance,IA,,11558880.0,11558880,23,False
"HMA, Inc. /IA",09-JUN-2026,Insurance,IA,,16447760.0,16447760,29,False
"ITSA Partners, LLC",09-JUN-2026,Business Services,CO,2024.0,26220000.0,26220000,40,False
MG Sola Galleria Investments CYV L.P.,09-JUN-2026,Residential,CA,,825340.0,825340,5,False
Beacon Title Agency LLC,09-JUN-2026,Insurance,NC,,77189.0,77189,1,False
"Contra Healthcare Solutions, LLC",09-JUN-2026,Other Health Care,PA,2021.0,500000.0,500000,8,False
Rovex Technologies Corp,09-JUN-2026,Other Health Care,FL,2024.0,4750000.0,4062697,34,False
"Bricmore Capital I, LLC",09-JUN-2026,Residential,MA,2026.0,15000000.0,0,0,False
"Regional Market Makers, Inc.",09-JUN-2026,Other,CA,,2500000.0,2500000,16,False
Saunalounge Group LLC,09-JUN-2026,Other,FL,2026.0,3000000.0,1520000,40,False
CesiumAstro Inc.,09-JUN-2026,Other Technology,TX,2022.0,270514997.0,270514997,37,True
Fortitude Gold Corp,09-JUN-2026,Other,CO,,5543000.0,5543000,1,False
"Pretura Health, Inc.",09-JUN-2026,Other Health Care,PA,2026.0,2500000.0,50000,1,False
"Bold II, Inc.",09-JUN-2026,Other Technology,SC,2025.0,,0,0,False
"FURTHER TECHNOLOGY HOLDINGS, INC.",09-JUN-2026,Other Technology,SC,2022.0,8000000.0,0,0,False
Curiosities Inc.,09-JUN-2026,Other Technology,TX,2021.0,10354997.0,10354997,5,False
American Atomics Inc.,09-JUN-2026,Other,Z4,2022.0,470608.0,0,2,False
"TacticalMind AI, LLC",09-JUN-2026,Other Technology,MI,2026.0,1500000.0,0,0,False
DW OKLAHOMA 53 LP,09-JUN-2026,Oil and Gas,TX,2026.0,1250000.0,0,0,False
NEW TRENDS LTD,09-JUN-2026,Other Banking and Financial Services,CO,,,100000000,10000,True
Synaptic Spike GenAI LLC,09-JUN-2026,Computers,CA,2024.0,92500.0,0,0,False
Talwex Inc.,09-JUN-2026,Other Technology,I0,2026.0,,200000,4,False
AspireX Kabiria One LLC,09-JUN-2026,Residential,UT,2026.0,261000.0,50000,1,False
"Sustainable Forest Futures, Inc.",09-JUN-2026,Other,NH,,20000000.0,4010000,16,False
"Izvor Capital, LP",09-JUN-2026,Other Banking and Financial Services,VA,2026.0,100000000.0,774500,6,False
USEDC 2026 Drilling Fund 1 LP,09-JUN-2026,Oil and Gas,TX,2026.0,250000000.0,100000,0,False
GW 2121 Holding LLC,09-JUN-2026,Commercial,FL,2026.0,11400000.0,0,0,False
P/E Capital DAO LLC,09-JUN-2026,Other,WY,2022.0,10000000.0,0,0,False
Electrolyte Boost Inc.,09-JUN-2026,Other,WY,2023.0,2000000.0,25000,1,False
P/E Capital DAO LLC,09-JUN-2026,Other,WY,2022.0,10000000.0,0,0,False
USEDC 2026 Drilling Fund 1 LP,09-JUN-2026,Oil and Gas,TX,2026.0,250000000.0,370000,0,False
Zentek Ltd.,09-JUN-2026,Other,A6,,4645275.0,1807500,2,False
"MedVet Associates, LLC",09-JUN-2026,Other,OH,,3175000.0,3175000,36,False
PROVIDENT MORTGAGE TRUST INC,09-JUN-2026,REITS and Finance,CA,,,289931750,422,True
Fox Tungsten Ltd.,09-JUN-2026,Other,A1,,243549.0,146129,2,False
"USPD Hamburg Self Storage Development, LLC",09-JUN-2026,Construction,TX,2025.0,5137992.0,106383,0,False
USEDC 2026 Drilling Fund 2 LP,09-JUN-2026,Oil and Gas,TX,2026.0,250000000.0,50000,0,False
Empire Franchising LLC,09-JUN-2026,Business Services,FL,2026.0,30000.0,15000,2,False
"Acretrader 260, LLP",09-JUN-2026,Other Real Estate,AR,2024.0,1205000.0,1205000,51,False
USEDC 2026 Drilling Fund 1 LP,09-JUN-2026,Oil and Gas,TX,2026.0,250000000.0,225000,0,False
"AmPd Labs, Inc.",09-JUN-2026,Other,TX,2024.0,4000000.0,3525000,19,False
SAVA Capital Inc.,09-JUN-2026,Investing,FL,2021.0,50000.0,50000,1,False
Little Sister Goods Ltd,09-JUN-2026,Retailing,X0,2024.0,72633.0,58725,1,False
"Creative Planning Employee Investment, LLC",09-JUN-2026,Investing,KS,,4229679.0,4229679,7,False
Reliant/Midgard Self Storage DST I,09-JUN-2026,Commercial,GA,2026.0,8145740.0,0,0,False
"Battr AI, Inc.",09-JUN-2026,Other Technology,UT,2024.0,50000.0,50000,1,False
Ozark MHP Partners LLC,09-JUN-2026,Residential,NY,2026.0,750000.0,750000,12,False
VeriQual Inc.,09-JUN-2026,Other Technology,TN,2026.0,1000000.0,250000,5,False
Bankers Title of East Tennessee LLC,09-JUN-2026,Insurance,TN,,44821.0,44821,5,False
CRESVOW LTD,09-JUN-2026,Other Banking and Financial Services,CO,,,100000000,10000,True
"MPC FED 2026 Energy Fund Echo, LLC",09-JUN-2026,Other Real Estate,GA,2026.0,,0,0,False
ADBX Holdings Ltd,09-JUN-2026,Other,C0,2025.0,,50000,1,False
"Grainfield Partners II, LLP",09-JUN-2026,Other Real Estate,IA,2025.0,25000000.0,2800000,17,False
CELLPAY Corp,09-JUN-2026,Other Technology,FL,,,5000,1,False
"LMRE Fund III, LLC",09-JUN-2026,Commercial,CT,2026.0,200000000.0,39596000,47,False
Filament Sciences Inc,09-JUN-2026,Other,NV,2025.0,2000000.0,2000000,3,False
Duo Oncology Inc.,09-JUN-2026,Pharmaceuticals,PA,,3000000.0,1425000,13,False
"HabitGlasses, Inc.",09-JUN-2026,Other Technology,CA,2026.0,100000.0,5000,1,False
"EnerVenue Holdings, Ltd.",09-JUN-2026,Other Energy,CA,,350000000.0,339600316,3,True
"DPEG Royal Vista, LP",09-JUN-2026,Other Real Estate,TX,2026.0,6350000.0,6350000,90,False
"Incalmo, Inc.",08-JUN-2026,Other Technology,CA,2025.0,10000000.0,8654991,6,False
"Infinant Health, Inc.",08-JUN-2026,Other Health Care,CA,,118230513.0,39247552,29,False
"Entravia, Inc.",08-JUN-2026,Other Technology,MN,2025.0,2604947.0,2604947,7,False
"MyWayv Holding, Inc.",08-JUN-2026,Other Technology,FL,2025.0,1500000.0,1208374,4,False
CCVII Co-Invest LLC Follow-On Series,08-JUN-2026,Investing,LA,2024.0,,2505000,14,False
Vedic Village EB-5 Fund LLC,08-JUN-2026,Other,NC,2026.0,16000000.0,0,0,False
BTC NOW INC.,08-JUN-2026,Other,DE,2025.0,,1125000,4,False
"CT Fund III, LLC",08-JUN-2026,Residential,FL,2025.0,35000000.0,9150000,11,False
"CT Louisiana, LLC",08-JUN-2026,Residential,FL,2026.0,2550000.0,2550000,3,False
"CT Louisiana, LLC",08-JUN-2026,Residential,FL,2026.0,1700000.0,1700000,1,False
HCW Biologics Inc.,08-JUN-2026,Biotechnology,FL,,4000000.0,4000000,7,False
VFC Soccer Holdings 2026 LLC,08-JUN-2026,Other,NJ,2026.0,5000000.0,0,0,False
"LinqAlpha, Inc.",08-JUN-2026,Other Technology,MA,2022.0,20002626.0,6999994,2,False
"ShredPay, Inc.",08-JUN-2026,Other Technology,CA,2025.0,2500000.0,1805000,29,False
"Matternet, Inc.",08-JUN-2026,Other Technology,CA,2025.0,36719997.0,29636586,165,False
"Hivers & Strivers Capital Series 4 (Independence Hydrogen - CPN), LLC",08-JUN-2026,Investing,VA,2026.0,2500000.0,0,0,False
Frost Methane Labs Co.,08-JUN-2026,Other Energy,AK,,4000000.0,1600000,27,False
Project Nootropic Ltd,08-JUN-2026,Other,X0,,1067520.0,1067520,13,False
Biostax Corp.,08-JUN-2026,Biotechnology,FL,2023.0,7453728.0,0,20,False
HSS Malden Revere 1 Westley LLC,08-JUN-2026,Commercial,PA,2026.0,7750000.0,1425000,7,False
1030(c)apital Investment Club LLC,08-JUN-2026,Other,IL,2026.0,,2000,2,False
Texas Home & Auto LLC,08-JUN-2026,Other,TX,2024.0,180000.0,21000,44,False
Irongate Home & Auto LLC,08-JUN-2026,Other,PA,2026.0,180000.0,14400,22,False
TRO Specialty Private Credit Fund LLC,08-JUN-2026,Other,IL,2025.0,,20000000,43,False
"RMR Ortho, Inc.",08-JUN-2026,Other,TX,2022.0,1191900.0,1130000,17,False
"Matternet, Inc.",08-JUN-2026,Other Technology,CA,2025.0,135000000.0,0,220,False
"RMR Ortho, Inc.",08-JUN-2026,Other,TX,2022.0,1656800.0,1656800,7,False
Los Angeles Project Inc,08-JUN-2026,Biotechnology,TX,2023.0,6909088.0,4909088,13,False
"RMR Ortho, Inc.",08-JUN-2026,Other,TX,2022.0,1230000.0,1230000,25,False
16 & One Investment LLC,08-JUN-2026,Other Banking and Financial Services,IL,2026.0,945000.0,945000,18,False
"JCV VENTURES, INC.",08-JUN-2026,Other,FL,2022.0,1000000.0,850000,3,False
"Roomongo, Inc.",08-JUN-2026,Tourism and Travel Services,CO,,1000000.0,30000,1,False
CREE EQUITY FUND LLC,08-JUN-2026,Residential,FL,2023.0,,15353000,138,False
"Whitecap Care, LLC",08-JUN-2026,Other Health Care,VA,,400000.0,400000,1,False
"AI Buddy, Inc.",08-JUN-2026,Other Technology,CA,,3000000.0,995000,8,False
"RMR Ortho, Inc.",08-JUN-2026,Other,TX,2022.0,460000.0,460000,14,False
"FutureState, Inc.",08-JUN-2026,Other Technology,AZ,2026.0,937500.0,12500,1,False
"AMBOSS TECHNOLOGIES, INC.",08-JUN-2026,Other Technology,FL,,3000000.0,80000,2,False
"Egret Therapeeutics I, a series of Capitalize Investments LLC",08-JUN-2026,Other,NV,2026.0,,75000,4,False
"Algae Cooking Club, Inc.",08-JUN-2026,Other,CA,2023.0,11698422.0,11698422,39,False
Rivvun AI Inc.,08-JUN-2026,Other Technology,WA,2026.0,450000.0,450000,2,False
CROWDFUNZ 860 LLC,08-JUN-2026,Other Real Estate,NY,,4000000.0,0,0,False
"Velocity at Sehoy, LLC",08-JUN-2026,Commercial,FL,2026.0,3200000.0,0,0,False
"Canopii I, a series of Capitalize Investments LLC",08-JUN-2026,Other,NV,2026.0,,75500,7,False
"X26 Orange Fund, a series of Capitalize Funds LP",08-JUN-2026,Other,NV,2026.0,,777879,180,False
Champions Storage LLC,08-JUN-2026,Commercial,VA,2026.0,5000000.0,0,0,False
"Corgi 3, a series of Capitalize Investments LLC",08-JUN-2026,Other,NV,2026.0,,555556,63,False
Magvation Inc.,08-JUN-2026,Other Health Care,NV,2023.0,9000000.0,5547582,36,False
Rise Select Fund 2 LLC,08-JUN-2026,Other,MN,2024.0,,2080000,6,False
Q2 Metals Corp.,08-JUN-2026,Other,A1,,2128584.0,2128584,5,False
DEP Devonshire Lake Dallas LLC,08-JUN-2026,Commercial,IL,2026.0,1000000.0,0,0,False
AGPF Houston Investor 1 LLC,08-JUN-2026,Other Real Estate,FL,2026.0,,20100000,25,False
Jubilee Quest Capital Ltd,08-JUN-2026,Other Banking and Financial Services,CO,,,100000000,10000,True
Attotude Inc.,08-JUN-2026,Other Technology,CA,2024.0,69999786.0,49749802,35,False
La Docta SPV I LLC,08-JUN-2026,Investing,TX,2026.0,7000000.0,2950000,7,False
"WillMax Celina Investor, L.P.",08-JUN-2026,Other Real Estate,TX,2024.0,14900000.0,0,46,False
"Reservble, Inc.",08-JUN-2026,Other Technology,DE,2023.0,115990.0,115990,1,False
"PYTHON NEXT, INC.",08-JUN-2026,Computers,NY,2025.0,,70000,5,False
"Supervest Investments, LLC, Series D",08-JUN-2026,Other Banking and Financial Services,NY,2024.0,23178487.0,23178487,185,False
"Supervest Investments, LLC, Series B",08-JUN-2026,Other Banking and Financial Services,NY,2023.0,5532509.0,5532509,64,False
Krone Lending LLC,08-JUN-2026,REITS and Finance,UT,2026.0,10000000.0,0,0,False
"FutureYou AI, Inc.",08-JUN-2026,Other Technology,WA,2026.0,6000.0,6000,2,False
"Heat Safety Solutions, LLC Series 7",08-JUN-2026,Other Technology,OK,2024.0,5000000.0,5000000,66,False
Gaingels Robodock LLC,08-JUN-2026,Other,VT,2026.0,146067.0,146067,15,False
"Supervest Investments, LLC, Series A",08-JUN-2026,Other Banking and Financial Services,NY,2021.0,11856350.0,11856350,92,False
"Weston AI, Inc.",08-JUN-2026,Other Technology,NY,2026.0,500000.0,100000,2,False
Journal for Innovation Corp,08-JUN-2026,Other,NV,,,0,0,False
Gaingels Early Stage Fund II LLC,08-JUN-2026,Other,VT,2026.0,5000000.0,1667001,31,False
4hash Inc.,08-JUN-2026,Computers,DE,2025.0,200000.0,100000,1,False
Green Acres R&D Processors LLC,08-JUN-2026,Agriculture,PR,2022.0,500000.0,25000,1,False
Horizon Growth & Income Fund LLC,08-JUN-2026,Commercial,DE,2026.0,125000000.0,0,0,False
"BREP Residential, LLC",08-JUN-2026,Residential,CA,2026.0,2300000.0,2300000,14,False
Sunrun Inc.,08-JUN-2026,Other Energy,CA,,75.0,0,2,False
Champion Capital LLC,08-JUN-2026,Other Banking and Financial Services,CO,2025.0,,1000000,1,False
Magnolia Developments LLC,08-JUN-2026,Residential,WA,2026.0,1890000.0,1890000,13,False
"Heat Safety Solutions II, LLC Series 10",08-JUN-2026,Other Technology,OK,2025.0,5000000.0,4999000,79,False
"MC QOF, LLC",08-JUN-2026,Residential,AZ,2024.0,13250000.0,4070000,26,False
Lunaris NNN Fund I L.P.,08-JUN-2026,Commercial,CA,2026.0,114528000.0,114528000,151,True
SPACE CITY ABODES LLC,08-JUN-2026,Residential,TX,2021.0,,0,0,False
"Heat Safety Solutions, LLC Series 6",08-JUN-2026,Other Technology,OK,2024.0,5000000.0,5000000,76,False
"Occam Edge, Inc.",08-JUN-2026,Other Technology,CA,2025.0,2000000.0,65000,2,False
"NV MEDTECH, Inc.",08-JUN-2026,Other Health Care,NV,2021.0,20890293.0,20890275,4,False
palma ai Inc.,08-JUN-2026,Computers,CA,2024.0,2000000.0,1345666,1,False
Outlast Power Inc.,08-JUN-2026,Other Energy,NY,2025.0,4000000.0,4000000,11,False
"Peak Debt Fund I, LLC",08-JUN-2026,REITS and Finance,TX,2025.0,20000000.0,4850000,28,False
"S4N Holdings, LLC",08-JUN-2026,Other Banking and Financial Services,PA,2026.0,8098474.0,8098474,7,False
"VIDOR-TX PROPERTY, LLC",05-JUN-2026,Other Real Estate,CA,2026.0,2750000.0,2750000,25,False
MT BASE INC.,05-JUN-2026,Investing,NY,2026.0,,100000000,1000,True
"Aqua Membranes, Inc.",05-JUN-2026,Other,NM,,13200000.0,6534759,18,False
Atlas Capital Ex INC.,05-JUN-2026,Investing,NY,2026.0,,100000000,1000,True
"Journey Storage Ventures 01, LLC",05-JUN-2026,Other Real Estate,TX,2026.0,5000000.0,1740000,7,False
"Aqua Membranes, Inc.",05-JUN-2026,Other,NM,,25074995.0,25074995,11,False
SignalCraft Analytics Group Inc.,05-JUN-2026,Investing,NY,2026.0,,100000000,1000,True
"Heat Safety Solutions II, LLC Series 9",05-JUN-2026,Other Technology,OK,2025.0,5000000.0,5000000,71,False
"Spine BioPharma, Inc.",05-JUN-2026,Pharmaceuticals,NY,,8500000.0,384798,3,False
GPUs Print Money LLC,05-JUN-2026,Computers,MA,2025.0,435000.0,435000,10,False
"Heat Safety Solutions II, LLC Series 8",05-JUN-2026,Other Technology,OK,2025.0,5000000.0,5000000,71,False
"Heat Safety Solutions, LLC Series 8",05-JUN-2026,Other Technology,OK,2024.0,5000000.0,5000000,54,False
"ECHO Realty, L.P.",05-JUN-2026,Commercial,PA,,6903129.0,6903129,15,False
"Heat Safety Solutions II, LLC Series 7",05-JUN-2026,Other Technology,OK,2025.0,5000000.0,5000000,75,False
"Heat Safety Solutions II, LLC Series 6",05-JUN-2026,Other Technology,OK,2025.0,5000000.0,5000000,19,False
Land South Capital LLC,05-JUN-2026,Other Real Estate,DE,2025.0,25000000.0,0,0,False
"Insula Capital Group, LLC",05-JUN-2026,REITS and Finance,NY,,75000000.0,33981036,68,False
"Green Exchange, PBC",05-JUN-2026,Other Banking and Financial Services,NY,2022.0,10000000.0,1325000,7,False
"CIRE Real Estate Investment Trust, LLC",05-JUN-2026,REITS and Finance,CA,,,172321604,979,True
German-Immo Inc,05-JUN-2026,Residential,FL,2026.0,50000000.0,0,0,False
"Water Es Vida Technologies, Inc.",05-JUN-2026,Other Technology,FL,2024.0,,3353133,25,False
"WC/WRK Crossroads, LP",05-JUN-2026,Other Real Estate,UT,2025.0,100000000.0,29850000,45,False
INFIN8 Inc.,05-JUN-2026,Other Technology,WY,2026.0,,100000,1,False
"PG San Antonio OZ, L.P.",05-JUN-2026,Other Real Estate,GA,2023.0,44500000.0,21618673,95,False
"Cagent Vascular, Inc.",05-JUN-2026,Other Health Care,PA,,40999992.0,24477945,51,False
"Hilton Ashland Partners, LLC",05-JUN-2026,Other Real Estate,AZ,2025.0,8000000.0,800000,1,False
STRINGER INC.,05-JUN-2026,Other Technology,NJ,2024.0,100000.0,7500,1,False
"Charlotte's Web Holdings, Inc.",05-JUN-2026,Other Health Care,CO,,10000000.0,10000000,1,False
"Venu FireSuite Income, LLC",05-JUN-2026,Other,CO,2026.0,55000000.0,20000,1,False
"Heat Safety Solutions, LLC Series 9",05-JUN-2026,Other Technology,OK,2024.0,5000000.0,5000000,67,False
"PARADYME FUND A II, LLC",05-JUN-2026,Commercial,AZ,2023.0,8000000.0,0,0,False
"Heat Safety Solutions II, LLC Series 5",05-JUN-2026,Other Technology,OK,2025.0,5000000.0,5000000,57,False
Ember Health Inc.,05-JUN-2026,Other Technology,NC,2025.0,1500000.0,250000,1,False
"Strata Platforms, Inc.",05-JUN-2026,Other Technology,SC,2024.0,600000.0,370000,4,False
"PG Austin Investors, LLC",05-JUN-2026,Other Real Estate,GA,2025.0,80300000.0,10774867,84,False
VORBECK MATERIALS CORP.,05-JUN-2026,Other Technology,MD,,7500000.0,0,0,False
"Heat Safety Solutions II, LLC Series 4",05-JUN-2026,Other Technology,OK,2025.0,5000000.0,5000000,62,False
"Heat Safety Solutions II, LLC Series 3",05-JUN-2026,Other Technology,OK,2025.0,5000000.0,5000000,50,False
"Capital Funding Bancorp, Inc.",05-JUN-2026,Commercial Banking,MD,,45000000.0,45000000,1,False
"Generalist AI, Inc.",05-JUN-2026,Other Technology,CA,2024.0,399998660.0,363810091,39,True
Los Angeles Project Inc,05-JUN-2026,Biotechnology,TX,2023.0,625000.0,625000,4,False
"Heat Safety Solutions, LLC Series 10",05-JUN-2026,Other Technology,OK,2024.0,5000000.0,5000000,61,False
Los Angeles Project Inc,05-JUN-2026,Biotechnology,TX,2023.0,730000.0,730000,4,False
Los Angeles Project Inc,05-JUN-2026,Biotechnology,TX,2023.0,79100.0,79100,1,False
"Skipper Pets, Inc.",05-JUN-2026,Other,NC,,,9029249,10,False
Los Angeles Project Inc,05-JUN-2026,Biotechnology,TX,2023.0,1475000.0,1475000,5,False
FXSUITES LTD,05-JUN-2026,Other Banking and Financial Services,NY,,,100000000,10000,True
PREX MIRAGE STUDENT HOUSING DST,05-JUN-2026,Commercial,TX,,44900000.0,3403000,2,False
Klinic Inc,05-JUN-2026,Other Health Care,TX,,24217489.0,23917489,34,False
"KindSight, Inc.",05-JUN-2026,Other Health Care,NC,2026.0,250000.0,50000,1,False
"Peachtree Credit Fund IV, LP",05-JUN-2026,Other Real Estate,GA,2024.0,500000000.0,243814828,595,True
"Aortic Solutions, Inc.",05-JUN-2026,Other Health Care,PA,2026.0,6000000.0,3715279,30,False
312 BOSTON POST FUNDING L.P.,05-JUN-2026,Other Real Estate,NY,2026.0,750000.0,750000,2,False
"Supabase, Inc.",05-JUN-2026,Other Technology,DE,,499999427.0,439999433,25,True
"MHR Acquisitions, Inc.",05-JUN-2026,Construction,NY,,60000000.0,0,0,False
"Texas Health Surgery Center Forney, LLC",05-JUN-2026,Other Health Care,AL,2023.0,187500.0,187500,2,False
"Ponchi, LLC",05-JUN-2026,Computers,MO,2025.0,,709000,4,False
"Packforkids, Inc.",05-JUN-2026,Other Technology,CA,2026.0,500000.0,50000,1,False
"Texas Health Surgery Center Forney, LLC",05-JUN-2026,Other Health Care,AL,2023.0,187500.0,187500,2,False
GPUs Print Money LLC,05-JUN-2026,Computers,NY,2026.0,435000.0,435000,10,False
"Lightfighter, Inc.",05-JUN-2026,Other,CA,2024.0,2500000.0,2500000,2,False
"AMPeers, Inc.",05-JUN-2026,Other Technology,TX,2026.0,10999995.0,10999995,6,False
"Tanager Bancshares, Inc.",05-JUN-2026,Commercial Banking,WY,2024.0,50000000.0,45177727,159,False
OZE Taco Bell III LLC,05-JUN-2026,Investing,NJ,2026.0,25000000.0,21975000,60,False
MCI Exchange Bellagio A Series DST,05-JUN-2026,Other Real Estate,TX,2026.0,48435000.0,4299713,8,False
"Series 86-1, a series of StartEngine Private LLC",05-JUN-2026,Other,CA,2025.0,3936355.0,3336325,30,False
"Gameway, Inc.",05-JUN-2026,Other Technology,TX,,2000000.0,400000,2,False
"Providence Multifamily Fund II, LLC",05-JUN-2026,Residential,IL,2024.0,300000000.0,17460000,22,False
Devenue Inc.,05-JUN-2026,Other Technology,K7,2024.0,11315000.0,10849990,11,False
Quantum Eretz II LLC,05-JUN-2026,Investing,NY,2026.0,6305000.0,0,37,False
"Mangrove Insurance Solutions, PCC",05-JUN-2026,Insurance,DC,,,203060,102,False
"Raich Edina Diamond Fund I, LLC",05-JUN-2026,Other Real Estate,MN,2024.0,5000000.0,0,0,False
VORBECK MATERIALS CORP.,05-JUN-2026,Other Technology,MD,,7500000.0,0,0,False
Houston Bank & Trust,05-JUN-2026,Commercial Banking,TX,2026.0,40217720.0,40217720,173,False
Lattrex Inc.,05-JUN-2026,Other Technology,TN,2026.0,25000.0,25000,2,False
Huacheng Club Private Equity Fundation Inc,05-JUN-2026,Investing,CO,2026.0,100000000.0,0,0,False
"Memori AI, Inc.",05-JUN-2026,Other Technology,CA,2026.0,5000000.0,4750000,1,False
"Wolf Fork Minerals, LLC",05-JUN-2026,Oil and Gas,TX,2026.0,20910000.0,8072121,23,False
Nonprofitly Inc.,05-JUN-2026,Other Technology,DE,2025.0,3760000.0,3760000,32,False
"Golden Analytics, Inc",05-JUN-2026,Other Technology,WA,2026.0,21636492.0,21636492,9,False
District Metals Corp.,05-JUN-2026,Other Energy,A1,,1438366.0,1438366,1,False
"FarmTogether Sustainable Farmland Fund, LP fka FarmTogether US Farmland Fund, LP",05-JUN-2026,Other Real Estate,DE,,,17126856,162,False
SNEM EXCHANGE LTD,05-JUN-2026,Investing,CO,2026.0,100000000.0,0,0,False
"Creto Elevated Imaging, LLC",05-JUN-2026,Other,FL,2026.0,4400000.0,4400000,34,False
Redwood Cincinnati Tealtown Road OH P2 LLC,05-JUN-2026,Residential,OH,,3500000.0,0,0,False
Crossject SA,05-JUN-2026,Pharmaceuticals,I0,,10259936.0,0,2,False
2000 HXR LLC,05-JUN-2026,Commercial,MN,2026.0,3500000.0,0,0,False
Yakuru Inc.,05-JUN-2026,Other Technology,DE,2025.0,,300000,8,False
Gaingels Reality Defender 2026 LLC,05-JUN-2026,Other,VT,2026.0,106844.0,106844,14,False
1421 Investor LLC,05-JUN-2026,Other Real Estate,MD,2026.0,,0,0,False
Standard Intelligence PBC,05-JUN-2026,Other Technology,CA,2024.0,44199974.0,44199974,10,False
Countach Medical Corp,05-JUN-2026,Other Health Care,SD,2026.0,750000.0,400000,4,False
Standard Intelligence PBC,05-JUN-2026,Other Technology,CA,2024.0,35613499.0,35613499,36,False
NovaCore Core Assets INC.,05-JUN-2026,Business Services,CO,2026.0,175000000.0,57500,5,False
NovaCore Core Assets INC.,05-JUN-2026,Business Services,CO,2026.0,175000000.0,57500,5,False
La Rosa Holdings Corp.,05-JUN-2026,Other,FL,2021.0,500000.0,250000,1,False
SIMCO Real Estate Fund I LP,05-JUN-2026,Residential,MO,2025.0,65000000.0,12500000,5,False
"Heat Safety Solutions II, LLC Series 2",05-JUN-2026,Other Technology,OK,2025.0,5000000.0,5000000,42,False
Senior Year Inc.,05-JUN-2026,Computers,WA,2024.0,500000.0,35000,2,False
Human Continuum Inc.,05-JUN-2026,Other,FL,2025.0,2445000.0,2445000,64,False
"Antlia Bioscience, Inc.",05-JUN-2026,Biotechnology,CA,,20000000.0,6000000,3,False
"Narthex Two, LLC",05-JUN-2026,Commercial,KS,2023.0,10000000.0,0,0,False
"jfish, Inc.",05-JUN-2026,Other Technology,UT,2025.0,650000.0,42500,3,False
VOP Mustang Member LLC,05-JUN-2026,Other Real Estate,IL,2026.0,35000000.0,18125000,33,False
"Arden Prometheus Fund I, LLC",05-JUN-2026,Other,CA,2026.0,5500000.0,5500000,2,False
Billy Co,05-JUN-2026,Other Technology,CA,2026.0,10000000.0,100000,1,False
Imhoff Road Holdco LLC,05-JUN-2026,Commercial,RI,2026.0,31442671.0,31442671,18,False
Agility Retail Holdings LLC,05-JUN-2026,Retailing,CA,2025.0,15000000.0,15000000,2,False
Human Continuum Inc.,05-JUN-2026,Other,FL,2025.0,722500.0,722500,12,False
Elderwood Production LLC,05-JUN-2026,Other,NY,2026.0,55000.0,51300,3,False
"Starfighters Space, Inc.",05-JUN-2026,Other,FL,2022.0,17499995.0,17499995,3,False
GPUs Print Money LLC,05-JUN-2026,Computers,NY,2026.0,435000.0,435000,10,False
"Heat Safety Solutions II, LLC Series 2",05-JUN-2026,Other Technology,OK,2025.0,5000000.0,5000000,42,False
"Heat Safety Solutions II, LLC Series 1",04-JUN-2026,Other Technology,OK,2025.0,5000000.0,5000000,25,False
"DILLARD'S, INC.",04-JUN-2026,Retailing,AR,,2386710625.0,2386710625,41,True
"Ozark Resort Capital, LLC",04-JUN-2026,Other Real Estate,OK,2025.0,13525000.0,4096000,69,False
"Ember Management Aggregator, L.P.",04-JUN-2026,Other Health Care,NY,2022.0,,130765200,59,True
Unison Risk Advisors Inc.,04-JUN-2026,Insurance,OH,,1145380.0,1145380,1,False
Global Innovative Platforms Inc.,04-JUN-2026,Other Technology,FL,,5000000.0,0,0,False
"327 KG, LLC",04-JUN-2026,Other,TX,2025.0,98450000.0,98450000,33,False
Exp Eq Nationwide Pave I LLC,04-JUN-2026,Commercial,GA,2026.0,5000000.0,0,0,False
"CUMBERLAND ADDITIVE HOLDINGS, LLC",04-JUN-2026,Other,PA,,3000000.0,0,0,False
"KredosAI, Inc.",04-JUN-2026,Other Technology,WA,,7000000.0,7000000,9,False
FIRM OF JOHN DICKINSON SCHNEIDER INC,04-JUN-2026,Other Health Care,IL,,,0,0,False
Bluera Inc.,04-JUN-2026,Other Technology,NY,2025.0,200000.0,25000,1,False
Blue Owl Real Estate Exchange VI DST,04-JUN-2026,Other Real Estate,IL,2026.0,342909896.0,4803027,4,False
NRG Small Balance LP,04-JUN-2026,Residential,TX,2023.0,18131149.0,18131149,69,False
F42 Corp,04-JUN-2026,Other Technology,CA,2026.0,30000000.0,4000000,8,False
"Town.com, Inc.",04-JUN-2026,Other Technology,CA,2024.0,60148593.0,60148593,6,False
"Protect3d, Inc.",04-JUN-2026,Other Health Care,NC,,1000000.0,845000,15,False
McGaw Irvine Capital LP,04-JUN-2026,Residential,CA,2025.0,40000000.0,0,0,False
Noble Pillar Capital Ltd,04-JUN-2026,Other Banking and Financial Services,NY,,,100000000,10000,True
"Blue Group Properties II, LLC",04-JUN-2026,Other Real Estate,PA,2021.0,9000000.0,3000000,1,False
"Series 18-3, a series of StartEngine Private LLC",04-JUN-2026,Other,CA,2025.0,1205415.0,1180440,35,False
"BioIntelliSense, Inc.",04-JUN-2026,Other,CO,,58350027.0,58349365,14,False
"Capital Dealer Funding, LLC",04-JUN-2026,Other Banking and Financial Services,NC,2021.0,15000000.0,0,0,False
BAM Multifamily Growth Fund V LLC,04-JUN-2026,Other Real Estate,IN,2024.0,100000000.0,8504000,33,False
"MagneTec, LLC",04-JUN-2026,Retailing,AL,2023.0,250000.0,250000,1,False
"EB5 UNITED TIH, LLC",04-JUN-2026,Commercial,OR,2025.0,216800000.0,50400000,0,False
Jordan Carriages LLC,04-JUN-2026,Other Real Estate,PA,2026.0,600000.0,577500,7,False
"Destination Hospitality Group, LLC",04-JUN-2026,Restaurants,CO,2022.0,1500000.0,1500000,1,False
Cahero Holding Off Chain DAO LLC,04-JUN-2026,Other Banking and Financial Services,WY,2025.0,3694201982.0,0,0,False
"Health for Everyone, Inc.",04-JUN-2026,Other Health Care,TX,2026.0,5000000.0,4000000,1,False
"CSR Leasehold III, LP",04-JUN-2026,Oil and Gas,CO,2026.0,865343.0,0,2,False
"CSR Leasehold II, LP",04-JUN-2026,Oil and Gas,CO,2026.0,410000.0,0,2,False
1910 SE Stark LLC,04-JUN-2026,Commercial,OR,2026.0,450000.0,0,5,False
Inland Long Island Residential DST,04-JUN-2026,Other Real Estate,IL,2025.0,107581888.0,18620273,37,False
"Wolf Fork Minerals, LLC",04-JUN-2026,Oil and Gas,TX,2026.0,20910000.0,8072121,23,False
12180 SW Calico LLC,04-JUN-2026,Commercial,OR,2026.0,300000.0,0,3,False
"Filmless AI, Inc.",04-JUN-2026,Other,CA,2025.0,4000000.0,500000,1,False
RSA HoldCo LLC,04-JUN-2026,Manufacturing,NY,2026.0,2000000.0,1895000,11,False
Elevator Holdco Inc.,04-JUN-2026,Other,WI,,11340551.0,0,6,False
"Bond Biosciences, Inc.",04-JUN-2026,Other Health Care,MO,,15000000.0,5927939,83,False
"RGP Income Fund II, LP",04-JUN-2026,Oil and Gas,TX,2025.0,125000000.0,112239386,882,True
Illuminare Biotechnologies Inc,04-JUN-2026,Biotechnology,NY,,4000000.0,3650000,42,False
"Lighthouse Life Capital, LLC",04-JUN-2026,Insurance,PA,,50000000.0,5477554,32,False
"Mastermind Multifamily Investments, LLC",04-JUN-2026,Residential,MO,2024.0,10000000.0,10000000,25,False
Ginkgo GP Fund II LLC,04-JUN-2026,Other Real Estate,NC,2026.0,25000000.0,0,0,False
"Clear Sky Industrial Fund I, LP",04-JUN-2026,Commercial,IN,2026.0,8500000.0,1257964,11,False
AS 1 LLC,04-JUN-2026,REITS and Finance,IL,,,32297734,80,False
Olive Springs 1109 LLC,04-JUN-2026,Residential,MD,2026.0,5000000.0,0,0,False
"Cailum Blue, Inc.",04-JUN-2026,Other Technology,FL,2025.0,1000000.0,500000,2,False
"Weston AI, Inc.",04-JUN-2026,Other Technology,NY,2026.0,500000.0,0,1,False
"1TECH Intelligence, Inc.",04-JUN-2026,Other Technology,SC,2025.0,125000.0,0,0,False
Gravity GTM Inc.,04-JUN-2026,Other Technology,CO,2025.0,1000000.0,100000,2,False
"RIP Brands, Inc.",04-JUN-2026,Manufacturing,CA,2025.0,500000.0,140000,3,False
Frankfort MHP LLC,04-JUN-2026,Residential,ID,2026.0,2000000.0,0,0,False
Federal Economic Digital Assets Exchange INC,04-JUN-2026,Other Banking and Financial Services,CO,2025.0,100000000.0,0,0,False
"CORGI INSURANCE SERVICES, INC.",04-JUN-2026,Insurance,CA,2024.0,266091580.0,266091580,43,True
Rebel Medicine Inc,04-JUN-2026,Other Health Care,UT,,8924100.0,8787200,43,False
BE Energy Ironhorse II Limited Partnership,04-JUN-2026,Commercial,OR,2026.0,2000000.0,0,0,False
Quilla Resources Inc.,04-JUN-2026,Other Energy,A6,2024.0,19998000.0,19998000,3,False
"ToolBox OS, Inc.",04-JUN-2026,Other Technology,NV,,,1765000,9,False
Quilla Resources Inc.,04-JUN-2026,Other Energy,A6,2024.0,15000000.0,8784000,6,False
Valley View Duckers ORC RS LP LLC,04-JUN-2026,Commercial,TX,2026.0,1025000.0,0,0,False
L2L Fund I LLC,04-JUN-2026,Other Real Estate,WA,2022.0,100000000.0,45168131,100,False
"ToolBox OS, Inc.",04-JUN-2026,Other Technology,NV,,30000000.0,5120000,24,False
UGH Multifamily Portfolios 2026 LLC,04-JUN-2026,Commercial,GA,2026.0,1000000.0,0,0,False
Vidas Capital Fund LLC,04-JUN-2026,Other Real Estate,MO,2026.0,75000000.0,0,0,False
RLS Wealth Management LP LLC,04-JUN-2026,Commercial,NC,2026.0,1200000.0,0,0,False
Lakeside Place LLC,04-JUN-2026,Residential,TX,2026.0,2000000.0,2000000,15,False
"Yardsworth Duplex I, LLC",04-JUN-2026,Residential,CA,2026.0,1100000.0,200000,1,False
"Senti Biosciences Holdings, Inc.",04-JUN-2026,Biotechnology,CA,,40000000.0,10000000,1,False
"8ALPHA AI, LLC",04-JUN-2026,Other Technology,CA,2025.0,2000000.0,681275,37,False
Studio Golf Newport LLC,03-JUN-2026,Other,CA,2025.0,2000000.0,2000000,12,False
"Imagen Floss Dentistry Support Services, LLC",03-JUN-2026,Other Health Care,AZ,2026.0,737856.0,737856,1,False
iQure Pharma Inc.,03-JUN-2026,Other,NJ,,4000000.0,650000,1,False
Minnie's Golf LLC,03-JUN-2026,Other,AL,2024.0,750000.0,487500,6,False
Black Forest Labs Inc.,03-JUN-2026,Other Technology,2M,2024.0,343309894.0,307572022,36,True
"Goldenrod Therapeutics, Inc.",03-JUN-2026,Biotechnology,TX,2023.0,6510000.0,3245355,2,False
"Civic Media, Inc.",03-JUN-2026,Other,WI,2022.0,,2725000,3,False
Akari Therapeutics Plc,03-JUN-2026,Other Health Care,FL,,5500000.0,1833333,6,False
"WillMax FW Multi-Family, L.P.",03-JUN-2026,Other Real Estate,TX,2025.0,22000000.0,22000000,64,False
"Judicaid, Inc.",03-JUN-2026,Other Technology,CA,2025.0,100000.0,15000,3,False
"Arselle Fund I Investment, LLC",03-JUN-2026,Other Real Estate,CA,2026.0,15000000.0,0,0,False
"Arselle Real Estate Fund I, LP",03-JUN-2026,Other Real Estate,CA,2026.0,150000000.0,0,0,False
"Simply Agnostic Controls, Inc.",03-JUN-2026,Other,NJ,2025.0,3000000.0,250000,3,False
"AQ Carver Parent, L.P.",03-JUN-2026,Other,NY,,,113832748,32,True
Biolexis Therapeutics Inc.,03-JUN-2026,Biotechnology,UT,2021.0,12000000.0,1600000,2,False
MLG/LF West Grove LLC,03-JUN-2026,Commercial,WI,2026.0,32000000.0,0,0,False
Nordic Sloane LLC,03-JUN-2026,Other,WA,2026.0,5164000.0,0,0,False
"Strategic Growth Fund, LLC",03-JUN-2026,Other,KS,2026.0,2000000.0,0,0,False
Kingman Development Fund LLC,03-JUN-2026,Other Real Estate,NV,2025.0,100000000.0,250000,1,False
BNB PLUS CORP.,03-JUN-2026,Other,NY,,5000000.0,2500000,1,False
Eagle Vision Fund LLC,03-JUN-2026,Commercial,WI,2026.0,5000000.0,0,0,False
Complete Robot Inc.,03-JUN-2026,Other Technology,CA,2026.0,1200005.0,1000005,2,False
AG Capital Fund 1 LLC,03-JUN-2026,Commercial,GA,2026.0,10000000.0,0,0,False
"TCIF Dixon Fitzgerald Dr, LLC",03-JUN-2026,Commercial,OK,2026.0,2300000.0,0,0,False
"Stockton Crusaders I, a series of Capitalize Investments LLC",03-JUN-2026,Other,NV,2026.0,,50000,2,False
BLV Pinnacle Investor LLC,03-JUN-2026,Commercial,WY,2026.0,10049200.0,0,0,False
"Helios AquaMem Partners II, LLC",03-JUN-2026,Investing,CO,2026.0,1655800.0,1647200,18,False
Manhattan Metals Corp.,03-JUN-2026,Other,A1,2026.0,666272.0,666272,41,False
TITE LLC,03-JUN-2026,Retailing,MA,2025.0,100000.0,30000,1,False
Manhattan Metals Corp.,03-JUN-2026,Other,A1,2026.0,237750.0,237750,12,False
"SANTIAGO COPPER COUNTRY, A CALIFORNIA LIMITED PARTNERSHIP",03-JUN-2026,Other,CA,,500000.0,100000,1,False
"BioStem Technologies, Inc.",03-JUN-2026,Biotechnology,FL,,2500000.0,2500000,1,False
"WeBuild Ventures O&G, LP",03-JUN-2026,Oil and Gas,TX,2026.0,480000.0,480000,12,False
3230ZacharyLn LLC,03-JUN-2026,Residential,AZ,2026.0,205000.0,205000,1,False
LSPedia Inc.,03-JUN-2026,Computers,MI,,30500000.0,30500000,3,False
"albane meaningful giving, Inc.",03-JUN-2026,Other Technology,NY,2025.0,950000.0,80000,3,False
Reversii Finance Inc.,03-JUN-2026,Other Technology,DE,2025.0,,61000,17,False
HPI Farmhouse DST,03-JUN-2026,Other Real Estate,CT,2025.0,28848598.0,23580039,78,False
"Asignio, Inc.",03-JUN-2026,Other Technology,WA,,4000000.0,0,0,False
Mack the Tour LLC,03-JUN-2026,Other,NY,2025.0,7500000.0,195000,17,False
Calico Infrastructure Holdings LLC,03-JUN-2026,Other Energy,CA,2024.0,2000000.0,1200000,2,False
"VILLAS AT HIDDEN LAKES PHASE I, LLC",03-JUN-2026,Other,OH,2025.0,3522500.0,2000000,1,False
Hotel Paisano Partners LLC,03-JUN-2026,Commercial,TX,2026.0,8500000.0,8500000,47,False
"Swish Cush, Inc.",03-JUN-2026,Retailing,CA,2026.0,1650000.0,1650000,6,False
"Human Biotech, Inc.",03-JUN-2026,Biotechnology,MA,2025.0,9999997.0,9999997,6,False
Conamix Inc.,03-JUN-2026,Other Technology,NY,,6000000.0,6000000,3,False
"Nia Therapeutics, Inc.",03-JUN-2026,Other Health Care,MA,,26499997.0,23573844,37,False
"Creative Planning Employee Investment, LLC",03-JUN-2026,Investing,KS,,5250000.0,5250000,2,False
"USA Emergency Centers - San Marcos, LLC",03-JUN-2026,Hospitals and Physicians,TX,2025.0,2400000.0,2400000,19,False
ExchangeRight Essential Income 11 DST,03-JUN-2026,Commercial,CA,2026.0,33370000.0,0,0,False
"Milestone Capital Partners, Inc.",03-JUN-2026,Other,MI,,11500000.0,11500000,3,False
"Galaxy Diagnostics, Inc.",03-JUN-2026,Biotechnology,NC,,5699460.0,3019645,45,False
"Entact Bio, Inc.",03-JUN-2026,Biotechnology,MA,2021.0,9999997.0,9999997,7,False
"Maxymune Therapeutics, Inc.",03-JUN-2026,Biotechnology,CA,2023.0,4500000.0,2675000,15,False
"WestAshley SC Holdings, LLC",03-JUN-2026,Residential,CA,2026.0,14210000.0,14210000,53,False
White Rhino Energy Inc.,03-JUN-2026,Oil and Gas,A1,2021.0,157250.0,157250,14,False
"Siena Farms, LLC",03-JUN-2026,Agriculture,MA,,1000000.0,500000,4,False
PACIFIC LIFE INSURANCE CO,03-JUN-2026,Insurance,CA,,791379835.0,791379835,1,True
SitePulse AI Inc,03-JUN-2026,Other Technology,MO,2026.0,1000000.0,1000000,1,False
Vale Street LLC,03-JUN-2026,Other,IA,2025.0,705000.0,705000,11,False
"Weston AI, Inc.",03-JUN-2026,Other Technology,NY,2026.0,500000.0,100000,1,False
Fifth Down Cap LLC,03-JUN-2026,Investing,MA,,145000000.0,145000000,61,True
"BetterComp, Inc.",03-JUN-2026,Other Technology,CA,,2499991.0,349967,4,False
"Checkmate AI Holdings, Inc.",03-JUN-2026,Other,OH,2024.0,1000000.0,40000,4,False
Griffin CT Apartments LLC,03-JUN-2026,Residential,MN,2026.0,1703500.0,545000,13,False
"Baldi Management Group, Inc.",03-JUN-2026,Other,DC,2023.0,26000000.0,5402419,1,False
"Circadian Health, Inc.",03-JUN-2026,Other Health Care,FL,2024.0,12000000.0,8783884,14,False
FOMO Labs Inc.,03-JUN-2026,Other,NY,2024.0,73999844.0,67324492,19,False
Paloma Learning Inc.,03-JUN-2026,Other Technology,CA,2023.0,8834994.0,8834994,14,False
Paloma Learning Inc.,03-JUN-2026,Other Technology,CA,2023.0,4085000.0,4085000,13,False
Primary Record Inc.,03-JUN-2026,Other Technology,IN,2023.0,95000.0,10000,1,False
"EB5 United Big Sky V, LLC",03-JUN-2026,Other,OR,2025.0,120000000.0,60800000,76,False
"Optimeos Life Sciences, Inc.",03-JUN-2026,Biotechnology,NJ,,2000000.0,1000000,1,False
Gaingels Feather LLC,03-JUN-2026,Other,VT,2026.0,200215.0,200215,16,False
"Dexterity, Inc.",03-JUN-2026,Other Technology,CA,,50000000.0,4999995,1,False
Voyadoc Inc.,03-JUN-2026,Other Technology,IL,2024.0,517.0,517,4,False
Oro Valley ALC LLC,03-JUN-2026,Commercial,WA,2022.0,6425000.0,6425000,33,False
"Know Kancer, Inc.",03-JUN-2026,Other Health Care,DC,2026.0,1000000.0,50000,2,False
"SouthBoston MA Holdings, LLC",03-JUN-2026,Residential,CA,2026.0,12510000.0,12510000,46,False
"Perimeter Medical Imaging AI, Inc.",03-JUN-2026,Other Health Care,A6,,5000000.0,2000000,1,False
"CHANNEL ROBOTICS, INC.",03-JUN-2026,Other Health Care,CA,2023.0,4718586.0,4718586,45,False
"i3 Specialty, Inc.",03-JUN-2026,Other Technology,CA,2026.0,1400000.0,1026388,4,False
"Quel Health, Inc.",03-JUN-2026,Other Health Care,NM,2026.0,,385000,5,False
"Ardego Therapeutics, Inc.",03-JUN-2026,Biotechnology,MD,2026.0,3000000.0,50000,1,False
"Perimeter Medical Imaging AI, Inc.",03-JUN-2026,Other Health Care,A6,,1075653.0,1075653,5,False
"CSR Leasehold II, LP",03-JUN-2026,Oil and Gas,CO,2026.0,410000.0,0,2,False
PLENTI LLC,03-JUN-2026,Other Technology,TX,2025.0,10000000.0,0,0,False
"100 East HoldCo, LLC",02-JUN-2026,Commercial,WI,2023.0,,10204000,23,False
FEB BANCSHARES INC,02-JUN-2026,Commercial Banking,AL,,7500000.0,1700000,6,False
"Castle Rock Energy Fund I, LP",02-JUN-2026,Oil and Gas,TX,2026.0,100000.0,100000,1,False
Paragon Park Apartments LLC,02-JUN-2026,Commercial,OH,2026.0,10000000.0,7925000,31,False
6601 PARK OF COMMERCE HOLDINGS LLLP,02-JUN-2026,Commercial,FL,2024.0,13365000.0,13068000,46,False
JASTLabs Corp,02-JUN-2026,Biotechnology,A6,2022.0,50000000.0,0,0,False
Maykr Inc,02-JUN-2026,Other Technology,DE,,10000000.0,1145000,8,False
"GEP Fox Run, LLC",02-JUN-2026,Residential,AL,2025.0,6400000.0,750000,3,False
Gopher Apple Investments LLC,02-JUN-2026,Residential,FL,2024.0,,1800000,1,False
S2N Health Inc.,02-JUN-2026,Other,MA,2023.0,3000000.0,3000000,25,False
MLG/LF Trails at Creekside LLC,02-JUN-2026,Commercial,WI,2026.0,52000000.0,0,0,False
IREX V Diversified Portfolio DST,02-JUN-2026,Commercial,TX,2026.0,97634409.0,6766425,4,False
"Cortlandt Legal Fund 1, LLC",02-JUN-2026,Commercial,CA,2026.0,3000000.0,0,0,False
Qualitas McLendon-Chisholm LLC,02-JUN-2026,Commercial,TX,2026.0,2200000.0,0,0,False
Hew-Tex/Bakken Sioux Trail II Joint Venture,02-JUN-2026,Oil and Gas,TX,2026.0,154688.0,0,0,False
"USPD Hamburg Self Storage Development, LLC",02-JUN-2026,Construction,TX,2025.0,5137992.0,100000,0,False
"Honey Run Retreats, LLC",02-JUN-2026,Lodging and Conventions,OH,,1650000.0,0,1,False
USEDC 2026 Drilling Fund 2 LP,02-JUN-2026,Oil and Gas,TX,2026.0,250000000.0,128000,0,False
USEDC Opportunity Zone IV LP,02-JUN-2026,Oil and Gas,TX,2026.0,100000000.0,250000,0,False
"VP Modern Way Holdings, LLC",02-JUN-2026,Commercial,OH,2026.0,4600000.0,4600000,1,False
NexPoint Marina DST,02-JUN-2026,Other Real Estate,TX,2025.0,42710095.0,29097181,94,False
"PG Austin Investors RC, LLC",02-JUN-2026,Other Real Estate,GA,2025.0,80300000.0,12074791,114,False
"PG Austin Investors RC, LLC",02-JUN-2026,Other Real Estate,GA,2025.0,80300000.0,12074791,114,False
"HOLYOKE HOLDINGS, LLC",02-JUN-2026,Commercial,TN,2026.0,1000000.0,0,0,False
Hightainment Corp,02-JUN-2026,Other Technology,NJ,2024.0,1000000.0,90000,4,False
"CFO AI, Inc.",02-JUN-2026,Investing,DE,2025.0,,170000,3,False
"GHC Multi-Family Income Generation, LLC",02-JUN-2026,Other,OH,2026.0,25000000.0,2350000,4,False
"Intelligent Legal Solutions (ILS), Inc.",02-JUN-2026,Other Technology,DE,2026.0,3762658.0,3762658,5,False
NexPoint Oasis DST,02-JUN-2026,Other Real Estate,TX,2025.0,46331389.0,26089007,90,False
"MSR Tuscany Woods Fund, LP",02-JUN-2026,Other Real Estate,WA,2024.0,4800000.0,4800000,6,False
Radar Midtown LLC,02-JUN-2026,Residential,MI,2023.0,156074.0,28093,1,False
"Cosknorr Properties, LLC",02-JUN-2026,Commercial,NC,2022.0,400000.0,0,0,False
NexPoint Waterford DST,02-JUN-2026,Other Real Estate,TX,2025.0,31360817.0,1235705,5,False
"Spark GHC Big Apple, L.P.",02-JUN-2026,Commercial,OH,2026.0,16150000.0,2655000,7,False
"VP Modern Way LWSK, LLC",02-JUN-2026,Commercial,OH,2026.0,700000.0,700000,1,False
"PG Prattville Investors, LLC",02-JUN-2026,Other Real Estate,GA,2026.0,7236000.0,1870000,16,False
"PG EB5 Bradenton Lender, LLC",02-JUN-2026,Other Real Estate,GA,2024.0,46400000.0,2400000,3,False
"Peachtree Special Situations Fund I A, LP",02-JUN-2026,Other Real Estate,GA,2025.0,250000000.0,800000,6,False
"Schoonover Oil, LLC",02-JUN-2026,Oil and Gas,TX,,6000000.0,750000,4,False
"Impulse Space, Inc.",02-JUN-2026,Other,CA,2021.0,500000001.0,499832346,63,True
Land Capital Fund I LLC,02-JUN-2026,Commercial,WY,2024.0,15000000.0,0,0,False
BP Liquid Cash Flow Fund LLC,02-JUN-2026,Other,WA,2025.0,100000000.0,3673000,23,False
SREG LONG BEACH 2 LLC,02-JUN-2026,Construction,CA,2025.0,2510320.0,2510320,8,False
"Vecna AI, Inc.",02-JUN-2026,Other Technology,DE,2026.0,6000000.0,5049996,5,False
"Fellowship Carolina Park Holdco, LLC",02-JUN-2026,Residential,GA,2025.0,3059375.0,3059375,12,False
CERTOVIS Corp,02-JUN-2026,Computers,NJ,2026.0,5000000.0,3787879,1,False
Paperboy Abstract LLC,02-JUN-2026,Other,PA,2021.0,90000.0,0,0,False
"Trius Lending Partners Fund I, LLC",02-JUN-2026,Other Real Estate,MD,,150000000.0,98597366,141,False
"DFY MICRO-OWNERSHIP Co 1, LLC",02-JUN-2026,Other,UT,2025.0,2000000.0,1533192,31,False
BREX Net Lease Industrial I DST,02-JUN-2026,Other Real Estate,NY,2026.0,80055365.0,11350654,19,False
Lancaster Avenue J Limited Partnership,02-JUN-2026,Other Real Estate,WA,2024.0,18400000.0,800000,1,False
"ClusterTruck, Inc.",02-JUN-2026,Other Technology,IN,,1000000.0,425521,4,False
MM CRE Ascent Fund LLC,02-JUN-2026,Residential,TX,2026.0,30000000.0,650000,5,False
"TEAM PROCURE, INC.",02-JUN-2026,Other Technology,ID,2021.0,100000.0,100000,2,False
"Peerwise Medical, Corp.",02-JUN-2026,Other Technology,NY,2023.0,4999980.0,4999980,31,False
1375792 Canada Inc,02-JUN-2026,Investing,A6,2025.0,50000000.0,50000000,1,False
PVI Co Inc.,02-JUN-2026,Other Technology,A6,2025.0,500000.0,150000,2,False
Sycamore Honey Partners IV LLC,02-JUN-2026,Other,CA,2026.0,2000000.0,0,0,False
"LAW OFFICES OF COREY D. BODDIE, ESQ. LLC",02-JUN-2026,Other,GA,,100000000.0,100000000,1,True
Enduring Climate Fund 2 LLC,02-JUN-2026,Other,DC,2021.0,20000000.0,11580829,56,False
North40 Sound View Development Fund LLC,02-JUN-2026,Other,WA,2026.0,3500000.0,0,0,False
"Throne, Inc.",02-JUN-2026,Other,TX,2023.0,17710500.0,16073488,47,False
"Forman Capital REIT Feeder Fund, LP",02-JUN-2026,REITS and Finance,FL,2026.0,,1500000,1,False
"Forman Capital Mortgage REIT, Inc.",02-JUN-2026,REITS and Finance,FL,2026.0,,10000000,1,False
"APEX TECH GROWTH PARTNERS II, LLC",02-JUN-2026,Investing,TN,2024.0,1000000.0,0,0,False
Uniform Bio Inc.,02-JUN-2026,Biotechnology,NC,2026.0,2680000.0,1680000,7,False
"Lavender SFR, LP",02-JUN-2026,Residential,NC,2026.0,100000.0,100000,1,False
"Beckley Clinical, P.B.C.",02-JUN-2026,Other Health Care,NH,2023.0,7384599.0,7384599,15,False
Greenpro Capital Corp.,02-JUN-2026,Business Services,N8,,50000.0,50000,1,False
Kilo Royalty Corp.,02-JUN-2026,Other,NC,2025.0,2150000.0,2150000,3,False
"Secured Income Fund-II, LLC.",02-JUN-2026,Other Banking and Financial Services,CA,,,300392879,1250,True
"Socrates Health Solutions, Inc.",02-JUN-2026,Other Health Care,TX,,1500000.0,0,0,False
EWCP OZ Fund LLC,02-JUN-2026,Residential,CA,2021.0,50000000.0,2453107,19,False
Kilo Royalty Corp.,02-JUN-2026,Other,NC,2025.0,125000.0,125000,2,False
PeriOp Ortho LLC,02-JUN-2026,Other Technology,AL,2023.0,1600000.0,100000,2,False
Madison & Main Investment LLC,02-JUN-2026,Residential,WI,2025.0,6100000.0,6100000,11,False
Kilo Royalty Corp.,02-JUN-2026,Other,NC,2025.0,141000.0,141000,8,False
Public Royalties Inc.,02-JUN-2026,Other Technology,NY,2024.0,,96500,37,False
"DC500 Infrastructure, LP",02-JUN-2026,Other Real Estate,TX,2026.0,48000000.0,1178812,17,False
Green Evolution Technologies,02-JUN-2026,Other Technology,NV,2022.0,1500000.0,400000,5,False
Kilo Royalty Corp.,02-JUN-2026,Other,NC,2025.0,100000.0,100000,1,False
Aviation Equity LLC,02-JUN-2026,Other,AR,2026.0,4000000.0,4000000,7,False
Kilo Royalty Corp.,02-JUN-2026,Other,NC,2025.0,175000.0,175000,2,False
CrediMovil Capital I LLC,01-JUN-2026,Other Banking and Financial Services,FL,2026.0,5000000.0,450000,2,False
"Geo Fantasy Sports, LLC",01-JUN-2026,Other,AZ,,600000.0,75000,1,False
"Runway Acquisition Holdings, LLC",01-JUN-2026,Other Banking and Financial Services,DC,2026.0,,0,0,False
Poolhouse Technologies Ltd,01-JUN-2026,Manufacturing,WY,2025.0,100000.0,60000,4,False
"OPC Fund I, LP",01-JUN-2026,Other Real Estate,CA,2024.0,300000000.0,11250000,20,False
"Runway Feeder 1, LLC",01-JUN-2026,Other Banking and Financial Services,DC,2026.0,,0,0,False
"Runway Feeder 2, LLC",01-JUN-2026,Other Banking and Financial Services,DC,2026.0,,0,0,False
"Runway Feeder 3, LLC",01-JUN-2026,Other Banking and Financial Services,DC,2026.0,,0,0,False
Runway Holdings Topco LP,01-JUN-2026,Other Banking and Financial Services,DC,2026.0,,0,0,False
"Midloch Value Fund III, LLC",01-JUN-2026,Other Real Estate,IL,2023.0,80000000.0,8418000,48,False
"Levartia, Inc.",01-JUN-2026,Other Technology,CO,2026.0,450000.0,450000,1,False
"Pasena, Inc.",01-JUN-2026,Computers,CA,2025.0,2.0,2,1,False
Madison & Main Investment LLC,01-JUN-2026,Residential,NJ,2025.0,6100000.0,6100000,11,False
"Chileno Bay U.S. Holdings, LLC",01-JUN-2026,Other Real Estate,AZ,2025.0,98835000.0,0,0,False
"703 Van Rossum, LLC",01-JUN-2026,Commercial,NY,2025.0,1175000.0,1175000,18,False
Tara 8051 LLC,01-JUN-2026,Commercial,TX,2026.0,5600000.0,4345000,16,False
"Carmyn, Inc.",01-JUN-2026,Other,MA,,4000000.0,299996,2,False
Redrock Investments LLC,01-JUN-2026,Investing,KY,2024.0,7200000.0,2400000,3,False
DCP Santa Fe Commons LLC,01-JUN-2026,Commercial,CO,2026.0,2550000.0,2550000,25,False
Talos Devices Inc.,01-JUN-2026,Other Technology,DE,2025.0,10999998.0,10999998,3,False
Cambridge Avenue Partners II LLC,01-JUN-2026,Other,MI,2026.0,20000000.0,20000000,15,False
"Notable Systems, Inc.",01-JUN-2026,Other Technology,CO,,21028484.0,21028484,20,False
High Tide Ventures LLC,01-JUN-2026,Investing,PR,2024.0,25000000.0,0,0,False
"Francis JV Prop Co, LP",01-JUN-2026,Other,LA,2025.0,26000000.0,26000000,22,False
"BR Diversified Industrial Portfolio 8, DST",01-JUN-2026,Other Real Estate,NY,2025.0,58423431.0,0,0,False
"Gemenon Mineral Fund VII, LLC",01-JUN-2026,Oil and Gas,TX,2026.0,5000000.0,0,0,False
Sloan Agricultural Society,01-JUN-2026,Business Services,MA,2025.0,500000.0,235000,5,False
"PT Motion Works, Inc.",01-JUN-2026,Other,CA,,,9100000,25,False
Lakril Technologies Corp,01-JUN-2026,Other Technology,IL,,1600000.0,30000,3,False
InspectionGo Inc.,01-JUN-2026,Other Technology,PA,,2000000.0,1100000,9,False
"PT Motion Works, Inc.",01-JUN-2026,Other,CA,,,3138080,25,False
555 Cypress Lake LP,01-JUN-2026,Residential,TX,2021.0,3000000.0,230958,12,False
AE Fuels Corp,01-JUN-2026,Other,A1,,18180.0,18180,1,False
Northern Investor Member LLC,01-JUN-2026,Commercial,MA,2026.0,890000.0,890000,6,False
FFR GROUP LLC,01-JUN-2026,Insurance,CA,,,0,0,False
"Ellington Real Estate Income Trust, Inc.",01-JUN-2026,REITS and Finance,CT,2024.0,287500000.0,0,0,False
"DIVIROD, Inc.",01-JUN-2026,Other Technology,CO,,2000000.0,2000000,5,False
"Rely Intelligence, Inc.",01-JUN-2026,Other Technology,ME,2025.0,6031500.0,4481499,20,False
"CB-Emmanuel Realty, LLC",01-JUN-2026,Other Real Estate,NY,,6000000.0,6000000,1,False
Kydra Capital Fund I LLC,01-JUN-2026,Other Real Estate,NY,2026.0,50000000.0,195000,3,False
"Matthias Therapeutics, LLC",01-JUN-2026,Pharmaceuticals,NJ,2023.0,500000.0,50000,1,False
Evergold Corp.,01-JUN-2026,Other,A6,,14839.0,8591,1,False
"Piston Technologies, Inc.",01-JUN-2026,Other,CA,2023.0,14999991.0,14999991,4,False
U.S. Property Development - Springfield DST,01-JUN-2026,Commercial,TX,2024.0,13212143.0,107764,0,False
"Strucvue Medical, Inc.",01-JUN-2026,Other Health Care,CA,2026.0,100.0,100,0,False
Route 9 Acq Co LLC,01-JUN-2026,Other Real Estate,PA,2026.0,3100000.0,1950000,15,False
Star Catcher Industries Inc.,01-JUN-2026,Other Technology,FL,2024.0,64999966.0,64999966,10,False
"USPD Hamburg Self Storage Development, LLC",01-JUN-2026,Construction,TX,2025.0,5137992.0,200000,0,False
U.S. Energy Private Capital III LP,01-JUN-2026,Oil and Gas,TX,2023.0,100000000.0,100000,0,False
Institutional Drilling Fund III LP,01-JUN-2026,Oil and Gas,TX,2026.0,250000000.0,150000,0,False
GL-Carriage House LLC,01-JUN-2026,Commercial,OR,2026.0,2500000.0,2365000,17,False
"OpsCo, Inc.",01-JUN-2026,Other Technology,KS,2026.0,48500.0,14500,3,False
BAM Holdings 2 LLC,01-JUN-2026,Business Services,FL,2026.0,10000000.0,0,0,False
"EB5 Capital - Jobs Fund 49, LLC",01-JUN-2026,Residential,MD,2026.0,48000000.0,0,0,False
"Saluna, Inc.",01-JUN-2026,Agriculture,MO,2023.0,4499845.0,1999861,7,False
Sangtera Inc.,01-JUN-2026,Other Technology,MA,2022.0,2500000.0,2500000,1,False
"BIRGO INCOME FUND III, LP",01-JUN-2026,Residential,PA,,,14398454,161,False
"Wizards & Misfits, Inc.",01-JUN-2026,Other Technology,MN,2024.0,4000000.0,50000,1,False
"Miami Club, LLC",01-JUN-2026,Other,TN,2025.0,,5400000,13,False
"HIG Holdings, LLC",01-JUN-2026,Insurance,TX,,41000000.0,41000000,12,False
VALKYRIE III a Series of Opulentia Ventures X LLC,01-JUN-2026,Investing,VA,2026.0,250000.0,250000,7,False
Horizon Growth & Income Fund LLC,01-JUN-2026,Commercial,DE,2026.0,50000000.0,0,0,False
"Element8 Holdings I, LLC",01-JUN-2026,Commercial,NY,2024.0,70000000.0,28375000,65,False
"Use Steward, Inc.",01-JUN-2026,Other Banking and Financial Services,CA,2024.0,3000000.0,2999990,2,False
"Aarogya Tech, Inc.",01-JUN-2026,Other Technology,PA,2022.0,1925000.0,1925000,5,False
"Endeavor Orthopaedics, Inc.",01-JUN-2026,Other Health Care,OK,2026.0,8000000.0,3209998,38,False
Tencent Music Entertainment Group,01-JUN-2026,Telecommunications,F4,,20201154.0,20201154,1,False
Reformation Inc.,01-JUN-2026,Other,NY,,194304.0,0,0,False
"Beyond Workspace, LLC",01-JUN-2026,Commercial,TX,2023.0,,6600000,12,False
Jals Inc.,01-JUN-2026,Other,NY,2025.0,,50000,1,False
Heirloom Litigation Funding 2022 SPV XI,01-JUN-2026,Investing,E9,2022.0,,20500000,12,False
Heirloom UK Legal Funding SPV 2024,01-JUN-2026,Investing,E9,2024.0,,8100000,3,False
KKR Private Equity Conglomerate LLC,01-JUN-2026,Other,NY,2022.0,,10159286124,55426,True
"PCG-Designer, Inc.",01-JUN-2026,Other,CA,,1053612.0,1053612,13,False
"DoneCast, Inc.",01-JUN-2026,Business Services,CA,2026.0,500000.0,45000,3,False
Beyond Loan 5 LLC,01-JUN-2026,Other Real Estate,TX,2024.0,,1265676,8,False
Dynamic Creatures Inc.,01-JUN-2026,Other Technology,CA,2026.0,6000000.0,6000000,7,False
"D & H Fire Protection, Inc.",01-JUN-2026,Other Real Estate,CA,,100.0,100,4,False
KKR Infrastructure Conglomerate LLC,01-JUN-2026,Other,NY,2022.0,,7443571084,47222,True
"Farmers State Bancshares, Inc./NE",01-JUN-2026,Commercial Banking,NE,,15000000.0,15000000,16,False
"WillMax Pavilion Enclave Co-Invest, L.P.",29-MAY-2026,Other Real Estate,TX,2026.0,1200000.0,1200000,40,False
TEN4 INTELLIGENCE INC.,29-MAY-2026,Other Technology,FL,2026.0,460000.0,460000,3,False
"Virtual Peaker, Inc.",29-MAY-2026,Other Technology,KY,,5000000.0,1000000,2,False
"Rubisc, Inc.",29-MAY-2026,Agriculture,TX,2025.0,90000.0,30000,2,False
Hongli Group Inc.,29-MAY-2026,Manufacturing,F4,,325000.0,325000,1,False
Cahero Atzwars Off Chain DAO LLC,29-MAY-2026,Other Banking and Financial Services,WY,2025.0,1179858973.0,0,0,False
"FRED-Crest Hill, LLC",29-MAY-2026,Commercial,WI,2026.0,23620000.0,0,0,False
"Stardust Teas, Inc.",29-MAY-2026,Retailing,TN,2026.0,1250000.0,300000,3,False
Cahero Capital Off Chain DAO LLC,29-MAY-2026,Other Banking and Financial Services,WY,2025.0,2372991105.0,0,0,False
Cahero Society Off Chain DAO LLC,29-MAY-2026,Other Banking and Financial Services,WY,2025.0,1896523669.0,0,0,False
"Utility Global, Inc.",29-MAY-2026,Other Energy,TX,,99999997.0,99999997,1,False
Northern Smilodon Energy Inc.,29-MAY-2026,Other,A0,2022.0,1714992.0,1714992,3,False
Cahero Enterprises Off Chain DAO LLC,29-MAY-2026,Other Banking and Financial Services,WY,2025.0,1726397936.0,0,0,False
EPower Capital US LLC,29-MAY-2026,Investing,WY,2022.0,50000000.0,50000000,1,False
"GTOWN CENTURY LP, LLC",29-MAY-2026,Commercial,VA,2025.0,3650000.0,1450000,7,False
"Socket, Inc.",29-MAY-2026,Other Technology,DE,,60003954.0,59371976,8,False
"Portal Biotechnologies, Inc.",29-MAY-2026,Biotechnology,MA,2022.0,8999999.0,8999999,12,False
ELGH INDIAN SCHOOL RD & 371ST AVE LLC,29-MAY-2026,Other Real Estate,AZ,2026.0,12495000.0,12115000,72,False
Skyline Village MHC Partners LLC,29-MAY-2026,Residential,VA,2026.0,2300000.0,0,0,False
"Vecna AI, Inc.",29-MAY-2026,Other Technology,IL,2026.0,6000000.0,1549997,5,False
"ACB Acquisition Group, LLC",29-MAY-2026,Investing,GA,2025.0,25000000.0,21887525,30,False
"Texas Health Craig Ranch Surgery Center, LLC",29-MAY-2026,Other Health Care,TX,,941169.0,0,0,False
"Penn Flatz Holdings, LLC",29-MAY-2026,Commercial,WY,2026.0,450000.0,450000,5,False
"Marquee Capital Fund 1 REIT, LLC",29-MAY-2026,REITS and Finance,CA,2021.0,125000.0,0,0,False
"AccuCast Holdings, LLC",29-MAY-2026,Other,FL,2026.0,,12869500,12,False
Edgar 11 Holdings LLC,29-MAY-2026,Residential,DE,2026.0,750000.0,300000,5,False
Umajin Inc.,29-MAY-2026,Other Technology,MA,,1000000.0,200000,2,False
"SERVA ENERGY, INC.",29-MAY-2026,Other Technology,AZ,,12000000.0,2500000,1,False
"8ALPHA AI, LLC",29-MAY-2026,Other Technology,CA,2025.0,2000000.0,689275,39,False
"Allira Systems, Inc.",29-MAY-2026,Other Technology,IN,2026.0,,50000,1,False
Gaingels Zerodrift LLC,29-MAY-2026,Other,VT,2026.0,58011.0,58011,9,False
"Circle Oak Acquisitions Fund I, LP",29-MAY-2026,Investing,NY,2023.0,50000000.0,12294550,47,False
Orthomod LLC,29-MAY-2026,Biotechnology,OH,,2000000.0,0,0,False
"Restora Medical, Inc.",29-MAY-2026,Biotechnology,CA,2023.0,15000000.0,11500000,5,False
Gaingels EdVisorly LLC,29-MAY-2026,Other,VT,2026.0,80511.0,80511,6,False
Attuned Corp.,29-MAY-2026,Other Technology,CA,2023.0,24777489.0,24777489,55,False
"House of Bricks Holdings, LLC",29-MAY-2026,Commercial,OH,2026.0,5500000.0,0,0,False
Grant Moresco Ltd Liability Co,29-MAY-2026,Other,NY,2026.0,300000.0,65000,5,False
Gaingels Path Robotics 2026 LLC,29-MAY-2026,Other,VT,2026.0,346021.0,346021,13,False
"San Diego Apartment Investors Group 31, LLC",29-MAY-2026,Residential,CA,2025.0,6350000.0,6350000,15,False
"Portal Biotechnologies, Inc.",29-MAY-2026,Biotechnology,MA,2022.0,11905000.0,11694998,43,False
"Blood Brothers Productions, LLC",29-MAY-2026,Other,OH,2026.0,,0,0,False
"Accend Group Holdings, Inc.",29-MAY-2026,Other,UT,2023.0,,0,2,False
Rose Management Group Inc.,29-MAY-2026,Other,CO,2023.0,6000000.0,5999971,8,False
L2L Fund I LLC,29-MAY-2026,Other Real Estate,WA,2022.0,100000000.0,45168131,100,False
"42NBH LAL LP, LLC",29-MAY-2026,Residential,GA,2026.0,7537500.0,0,0,False
VALHALLA METALS INC.,29-MAY-2026,Other,A1,,479227.0,479227,12,False
"Qlutch, Inc.",29-MAY-2026,Other Technology,VA,2024.0,750000.0,310000,12,False
"MnemoShare,Inc.",29-MAY-2026,Other Technology,MO,2026.0,500000.0,100000,1,False
"Elemental Machines, Inc.",29-MAY-2026,Other Technology,MA,,5702935.0,5702935,16,False
"Potrero Medical, Inc.",29-MAY-2026,Biotechnology,CA,,6500000.0,6500000,56,False
Planar Inc.,29-MAY-2026,Other Technology,CA,2026.0,,100000,1,False
"Cohen & Steers Income Opportunities REIT, Inc.",29-MAY-2026,REITS and Finance,NY,2022.0,,0,0,False
"Drink Pixeldust, Inc.",29-MAY-2026,Retailing,NY,2026.0,300000.0,25000,1,False
"Verve, Inc.",29-MAY-2026,Other Technology,MA,,16407416.0,12754417,36,False
Like Lightning OKC LLC,29-MAY-2026,Other,CA,2026.0,,0,0,False
"Kele Holdings, Inc.",29-MAY-2026,Other,AR,,3478500.0,3478500,1,False
Gaingels Flipside Crypto LLC,29-MAY-2026,Other,VT,2022.0,458068.0,458068,41,False
Paragon Park Apartments LLC,29-MAY-2026,Commercial,OH,2026.0,10000000.0,7925000,31,False
Danvers Dentistry PC,29-MAY-2026,Hospitals and Physicians,MA,2026.0,5000000.0,0,0,False
"IMAGINOSTICS, INC.",29-MAY-2026,Biotechnology,FL,,,40000,1,False
"Circle Oak Debt Fund, LLC",29-MAY-2026,Investing,NY,2024.0,25000000.0,6349500,20,False
AWM Venture Fund VI LP,29-MAY-2026,Investing,AZ,2025.0,,22585000,35,False
Gaingels Begin II LLC,29-MAY-2026,Other,VT,2021.0,33044.0,33044,8,False
"GMI-URBAN TOWERS, LP",29-MAY-2026,Commercial,TX,2026.0,24919975.0,1060000,4,False
Encore Berea H1A Off-Set II,29-MAY-2026,Oil and Gas,KY,,3000000.0,125000,1,False
"Bayezon AI, Inc.",29-MAY-2026,Other Technology,IN,2025.0,2000000.0,50000,1,False
HelloCounsel Inc,29-MAY-2026,Other Technology,DE,2025.0,3089919.0,3089919,9,False
Specialty Healthcare Consortium LLC,29-MAY-2026,Other Health Care,TX,2026.0,480000.0,400000,20,False
"NexTitle Washington Partners, LLC",29-MAY-2026,Other Real Estate,WA,2026.0,250000.0,7500,1,False
18 North Sterling Park LP,29-MAY-2026,Commercial,OK,2026.0,3800000.0,3320000,22,False
474 Holdco LLC,29-MAY-2026,Restaurants,FL,2026.0,8000000.0,8000000,1,False
474 Investment Co LLC,29-MAY-2026,Restaurants,FL,2026.0,2000000.0,2000000,14,False
Scannable Inc,29-MAY-2026,Other Technology,Q2,2022.0,4687907.0,4687907,16,False
Campus Village Management LLC,29-MAY-2026,Residential,WA,2026.0,1500000.0,0,0,False
"Griffin Capital (Union - Kansas City, MO) DST",29-MAY-2026,Other Real Estate,CA,2025.0,59873419.0,37704048,86,False
"SSGF I REIT Holdings, LLC",29-MAY-2026,REITS and Finance,PA,2026.0,125000.0,125000,125,False
"SYMULAT, INC.",29-MAY-2026,Computers,CA,2023.0,115000.0,115000,1,False
"M.J.E.R.D Enterprise, Inc.",29-MAY-2026,Other Banking and Financial Services,FL,2023.0,1500000.0,0,0,False
North Titus 1 Joint Venture,29-MAY-2026,Oil and Gas,LA,2026.0,985000.0,98500,1,False
Alpha Compute Corp,29-MAY-2026,Other Technology,D8,,5500000.0,2000000,1,False
"Griffin Capital Development Partners Fund III, L.P.",29-MAY-2026,Other Real Estate,CA,2025.0,100000000.0,15896771,75,False
GSP Resource Corp.,28-MAY-2026,Other,Z4,,465714.0,186285,16,False
"DEPTH Health, Inc.",28-MAY-2026,Other Technology,CA,2024.0,1000000.0,1000000,1,False
"Elm Westermark Investors, LLC",28-MAY-2026,Other Real Estate,IN,2025.0,6500000.0,250000,1,False
Liberty Flats TIC XII Investor LP,28-MAY-2026,Other Real Estate,MD,2026.0,,0,0,False
"WillMax FW Multi-Family, L.P.",28-MAY-2026,Other Real Estate,TX,2025.0,22500000.0,22000000,64,False
UMEP Corp.,28-MAY-2026,Other,MN,2025.0,1099980.0,1099980,5,False
Liberty Flats JSB Ativore Investor LLC,28-MAY-2026,Other Real Estate,MD,2026.0,,0,0,False
"Panther Park Phase I, LP",28-MAY-2026,Residential,TX,2026.0,600000.0,600000,5,False
"Klothea Bio, Inc.",28-MAY-2026,Other Health Care,FL,2024.0,10385000.0,5935000,18,False
"Intelligent Therapeutics, Inc.",28-MAY-2026,Other Technology,OR,2025.0,700000.0,100000,2,False
La Sirena HoldCo WPB LLC,28-MAY-2026,Restaurants,CT,2026.0,6000000.0,3275000,13,False
"Live Event Partners, Inc.",28-MAY-2026,Retailing,NY,,25000000.0,600000,3,False
Benefitbay Inc.,28-MAY-2026,Other,MO,2021.0,18998178.0,17500000,4,False
InspectionGo Inc.,28-MAY-2026,Other Technology,PA,,10200000.0,10192707,19,False
Bayou Bouillon Field Development Joint Venture,28-MAY-2026,Oil and Gas,TX,2026.0,3690000.0,0,0,False
"Specialty Surgical Center, LLC/NJ",28-MAY-2026,Other Health Care,AL,,492000.0,246000,1,False
"Legacy NW Fund, LLC",28-MAY-2026,Other Real Estate,WA,,300000000.0,108783406,376,True
"TCG Lunatic, LLC",28-MAY-2026,Retailing,CA,2025.0,333000.0,333000,3,False
NRG South Point LP,28-MAY-2026,Residential,TX,2021.0,,13785630,83,False
"RCP Tarleton State Hotel, LLC",28-MAY-2026,Other Real Estate,TX,2026.0,5000000.0,5000000,78,False
"Parc at Palmera, LLC",28-MAY-2026,Other Real Estate,FL,2026.0,15200000.0,15200000,24,False
"ONCE & FUTURE GAMES, LLC",28-MAY-2026,Other,MO,2026.0,900000.0,100000,1,False
"Vita Inclinata Technologies, Inc.",28-MAY-2026,Other Technology,CO,,,445000,6,False
"Reframe Beverage, Inc.",28-MAY-2026,Other,SC,2024.0,4000000.0,0,0,False
Beam Reach GP Partners III LLC,28-MAY-2026,Commercial,TX,2026.0,60000000.0,0,0,False
BRP 605 Harbor Side Car LLC,28-MAY-2026,Commercial,TX,2026.0,13000000.0,0,0,False
"Madison Equipment Rental, LLC",28-MAY-2026,Other,NC,2026.0,,0,0,False
Omnis Solidity Capital Limited Partnership,28-MAY-2026,Other Real Estate,FL,2022.0,30000000.0,14690427,45,False
"Empire Village at Centerpoint Station, LLC",28-MAY-2026,Residential,AZ,2023.0,40000000.0,34466315,487,False
MLG Private Fund VII LLC,28-MAY-2026,Commercial,WI,2025.0,400000000.0,99346000,305,False
"Epping Forest Opportunity Fund I, LLC",28-MAY-2026,Investing,FL,2026.0,50001671.0,50001671,197,False
MLG Legacy Fund LLC,28-MAY-2026,Commercial,WI,,,937666687,241,True
"Chavez NVISNx HoldCo, LLC",28-MAY-2026,Other,NC,2024.0,1583250.0,1583250,62,False
StromaGenesis LLC,28-MAY-2026,Biotechnology,PA,2022.0,10000000.0,175000,1,False
EQT Infrastructure Co LLC,28-MAY-2026,Other,NY,2024.0,,539645744,226,True
"ICE GEMS, Inc.",28-MAY-2026,Other Technology,MA,2023.0,10000000.0,200000,1,False
"Empire Village at Hyde Park, LLC",28-MAY-2026,Residential,AZ,2022.0,35000000.0,27213035,334,False
"Blue Gate Management, LLC",28-MAY-2026,Commercial,NC,2021.0,6746338.0,3216224,9,False
Growth Stalk Holdings Corp,28-MAY-2026,Other,OK,2021.0,,0,0,False
"Water Timer, Inc.",28-MAY-2026,Other,FL,2026.0,150000.0,150000,1,False
Passco Toscana DST,28-MAY-2026,Residential,CA,2026.0,77400000.0,546807,12,False
Highland Lending LLC,28-MAY-2026,Other Real Estate,MD,2024.0,,2135000,2,False
"MDS 2026-Shale Development, LP",28-MAY-2026,Oil and Gas,PA,2025.0,200000000.0,6270750,45,False
USEDC Opportunity Zone IV LP,28-MAY-2026,Oil and Gas,TX,2026.0,100000000.0,1000000,0,False
USEDC 2026 Drilling Fund 1 LP,28-MAY-2026,Oil and Gas,TX,2026.0,250000000.0,425000,0,False
"Water Timer, Inc.",28-MAY-2026,Other,FL,2026.0,200000.0,200000,9,False
USEDC Opportunity Zone IV LP,28-MAY-2026,Oil and Gas,TX,2026.0,100000000.0,100000,0,False
"Red Stag Fund 1, LP",28-MAY-2026,Oil and Gas,TX,2025.0,24750000.0,800000,8,False
USEDC 2026 Drilling Fund 1 LP,28-MAY-2026,Oil and Gas,TX,2026.0,250000000.0,150000,0,False
OSWALD CO. LTD.,28-MAY-2026,Other,NY,,4999997.0,4999997,1,False
"GCX Events, Inc.",28-MAY-2026,Other,FL,2026.0,1000000.0,1000000,1,False
"MPC FED 2026 Energy Fund Golf, LLC",28-MAY-2026,Other Real Estate,GA,2026.0,,0,0,False
"MPC FED 2026 Energy Fund Delta, LLC",28-MAY-2026,Other Real Estate,GA,2026.0,,0,0,False
Neuro Group LLC,28-MAY-2026,Other,WY,2026.0,300000.0,125000,3,False
"TRICAN HEALTH, INC.",28-MAY-2026,Other Health Care,MA,2022.0,550000.0,100000,2,False
NEUROPTIMA LLC,28-MAY-2026,Other,IA,2023.0,75000.0,75000,1,False
FXFUNDS LTD,28-MAY-2026,Other Banking and Financial Services,NY,,,100000000,10000,True
"KELO WELLNESS, INC.",28-MAY-2026,Other Health Care,CA,2026.0,500000.0,50000,1,False
KJ Capital LLC,28-MAY-2026,Other Real Estate,IN,2026.0,10000000.0,0,0,False
"Pipe Force AI, Inc.",28-MAY-2026,Other Technology,PA,2025.0,150000.0,150000,1,False
"Blake at Chattanooga, LLC",28-MAY-2026,Other,MS,2026.0,11061774.0,8296331,22,False
"Robin Bay Capital I, LLC",28-MAY-2026,Other Health Care,CA,2025.0,200000.0,200000,1,False
VC Bay Island LLC,28-MAY-2026,Commercial,TX,2026.0,4300000.0,0,0,False
"Pipe Force AI, Inc.",28-MAY-2026,Other Technology,PA,2025.0,850000.0,850000,4,False
"RSF Wallick REIT I, LLC",28-MAY-2026,REITS and Finance,TX,2025.0,250000.0,250000,250,False
"ATS Small Pool Fund, LLC",28-MAY-2026,Residential,CA,2026.0,802500.0,107000,3,False
"Alba Capital Group, LLC",28-MAY-2026,Other Real Estate,CA,2026.0,100000000.0,0,0,False
"WCOH CBUS THIRD STREET EBFUND, LLC",28-MAY-2026,Other,OH,2026.0,8000000.0,0,0,False
Eckard Gardendale LLC,28-MAY-2026,Oil and Gas,TX,2026.0,30000000.0,3518307,43,False
"EMK Development Group, Inc.",28-MAY-2026,Residential,CA,2026.0,,0,0,False
"ATS Systems, Inc.",28-MAY-2026,Investing,CA,2026.0,2250000.0,257000,3,False
Rua Diagnostics Inc.,27-MAY-2026,Other Health Care,NY,2023.0,3650000.0,3650000,5,False
Townbridge Income Strategy 2 LLC,27-MAY-2026,REITS and Finance,TX,2026.0,20000000.0,50000,2,False
"Rally Topco, L.P.",27-MAY-2026,Other Technology,NY,2024.0,,49735166,60,False
Hummingbird Development Fund A LLC,27-MAY-2026,Commercial,CA,2026.0,10000000.0,0,0,False
Voltic Shipping Corp.,27-MAY-2026,Other Technology,PA,2022.0,2000000.0,1263000,20,False
AIFeeS Inc,27-MAY-2026,Computers,WY,2026.0,500000.0,50012,2,False
Equal Edge U Inc.,27-MAY-2026,Other Technology,OH,2024.0,750000.0,525000,10,False
Terminal Technologies Inc. /Canada,27-MAY-2026,Other Technology,A6,2022.0,,0,0,False
YNVISIBLE INTERACTIVE INC.,27-MAY-2026,Other,A1,,119098.0,49624,2,False
Havenly Tebow Member LLC,27-MAY-2026,Other Real Estate,NY,2026.0,5500000.0,0,0,False
Monocacy Therapeutics Inc.,27-MAY-2026,Biotechnology,MD,2025.0,,114450,2,False
Definition II-D LLC,27-MAY-2026,Other,NY,2026.0,50500000.0,50500000,4,False
Kingsbury Pictures LLC,27-MAY-2026,Other,MI,2025.0,650000.0,71000,5,False
Lack of Riesling LLC,27-MAY-2026,Business Services,CA,,450000.0,0,10,False
"CSW AS VII WW, L.P.",27-MAY-2026,Residential,PA,2026.0,16700000.0,16700000,115,False
"Litewave.AI, Inc",27-MAY-2026,Other Technology,CA,2024.0,3500000.0,1475000,12,False
KSRE Holdings LLC,27-MAY-2026,Restaurants,FL,2024.0,,577000,12,False
"Madison Richmond Cube Opportunity Fund, LLC",27-MAY-2026,Commercial,NC,2026.0,2612584.0,0,0,False
PL Leeward 2 LLC,27-MAY-2026,Other Real Estate,CO,2026.0,25000000.0,0,0,False
Cube Safety HoldCo Ltd,27-MAY-2026,Other,X0,2025.0,37635300.0,37635300,1,False
Havenly Tebow LLC,27-MAY-2026,Other Real Estate,NY,2026.0,16500000.0,0,0,False
"Madison GP Opportunity Fund I, LLC",27-MAY-2026,Other Real Estate,NC,2026.0,50000000.0,0,0,False
"2ClickFit, Inc.",27-MAY-2026,Other Technology,NJ,2025.0,,120824,5,False
MOTA Holding LLC,27-MAY-2026,Commercial,KS,2025.0,4000000.0,3000000,3,False
Relterra LLC,27-MAY-2026,Retailing,NY,2025.0,200000.0,80000,4,False
"Valvara, Inc",27-MAY-2026,Other Health Care,IL,2026.0,250000.0,10000,1,False
Essential Net Lease Industrial 116 DST,27-MAY-2026,Commercial,CA,2026.0,14554008.0,7651669,26,False
3XBA Inc.,27-MAY-2026,Other,WA,2026.0,3500000.0,0,0,False
"Cuadra Bottleworks I JV, LLC",27-MAY-2026,Commercial,NC,2026.0,6900000.0,6300000,27,False
SRRT 5902 Industrial DST,27-MAY-2026,Other Real Estate,MN,2025.0,15292000.0,5600153,5,False
"Maisonette World, Inc.",27-MAY-2026,Business Services,NY,2025.0,850005.0,850005,1,False
SYB Logistics Inc,27-MAY-2026,Other,NY,2026.0,500000.0,0,0,False
Station Lofts LLC,27-MAY-2026,Other Real Estate,MN,,6500000.0,0,0,False
"Central Kansas Laser Solutions, LLC",27-MAY-2026,Other Health Care,TX,2026.0,144928.0,144928,7,False
"AKF, Inc.",27-MAY-2026,Other Banking and Financial Services,NY,,,29350000,9,False
"Capitan Orthopedics, Inc.",27-MAY-2026,Other Health Care,MI,2025.0,3000000.0,1970000,21,False
Telos Artifex LLC,27-MAY-2026,Other,NY,2026.0,5075026.0,5075026,2,False
Acretrader 281 LLC,27-MAY-2026,Other Real Estate,AR,2026.0,2260000.0,2260000,39,False
Arrival Wellness Inc,27-MAY-2026,Other,TX,2025.0,,700000,1,False
"SCG SNA, LLC",27-MAY-2026,Other Real Estate,CA,2026.0,5500000.0,3647000,22,False
"ModRetro, Inc.",27-MAY-2026,Other Technology,CA,2023.0,150000000.0,145199347,41,True
Yieldstone Capital LLC,27-MAY-2026,Other Banking and Financial Services,FL,2026.0,25000000.0,0,0,False
Porter Legacy Real Estate Opportunities Fund LLC,27-MAY-2026,Other Real Estate,CA,2026.0,20000000.0,650000,6,False
"Rampart Cavalier Investors, LLC",27-MAY-2026,Other Real Estate,NJ,2026.0,10250000.0,0,0,False
"American Terawatt, Inc.",27-MAY-2026,Other Energy,CA,2025.0,52564341.0,52564341,85,False
"Kavia AI, Inc.",27-MAY-2026,Other Technology,CA,2025.0,2500000.0,2000000,9,False
SCI Diversified Loan Portfolio II LLC,27-MAY-2026,Investing,IL,2026.0,5000000.0,0,0,False
Breakthrough Gold Fund I LP,27-MAY-2026,Other,WA,2025.0,25000000.0,200000,1,False
"My-Shop Holdings, Inc.",27-MAY-2026,Other Technology,FL,2025.0,2000000.0,250000,2,False
"Kitsap Opportunity Fund, LLC",27-MAY-2026,REITS and Finance,WA,2026.0,16000000.0,16000000,56,False
Growth Stalk Holdings Corp,27-MAY-2026,Other,OK,2021.0,,1086500,17,False
USEDC 2026 Drilling Fund 1 LP,27-MAY-2026,Oil and Gas,TX,2026.0,250000000.0,100000,0,False
"Pristine Energy, Inc.",27-MAY-2026,Other Energy,CA,2025.0,2000000.0,0,0,False
USEDC Opportunity Zone IV LP,27-MAY-2026,Oil and Gas,TX,2026.0,100000000.0,927382,0,False
"EVMS Holdco, LLC",27-MAY-2026,Other Health Care,NJ,2026.0,129821124.0,129821124,5,True
USEDC 2026 Drilling Fund 2 LP,27-MAY-2026,Oil and Gas,TX,2026.0,250000000.0,100000,0,False
U.S. Property Development - Springfield DST,27-MAY-2026,Commercial,TX,2024.0,13212143.0,42895,0,False
"Meaningful Toys, LLC",27-MAY-2026,Retailing,DE,2023.0,600000.0,25000,1,False
"Kayak Therapeutics, Inc.",27-MAY-2026,Biotechnology,TX,2025.0,25000000.0,11940000,55,False
Volli Entertainment LLC,27-MAY-2026,Other,WA,2022.0,3150000.0,2303767,9,False
"VOC Partners SPV Lehigh Street, LLC",27-MAY-2026,Other,PA,2026.0,3120000.0,1000000,9,False
"Tectonica Labs, Inc",27-MAY-2026,Other,DE,2025.0,,43500,6,False
"WASHINGTON CAPITAL MANAGEMENT, INC",27-MAY-2026,Investing,WA,,971560.0,971560,16,False
THERALASE TECHNOLOGIES INC /FI,27-MAY-2026,Other,A6,,262156.0,109080,1,False
"Dalton Mills, Inc.",27-MAY-2026,Other Technology,NJ,2026.0,9199981.0,9199981,17,False
JVEC Alliance Mixed Use LLC,27-MAY-2026,Commercial,TX,2026.0,3300000.0,0,0,False
JLC Much Ado Limited Partnership,27-MAY-2026,Other,NY,2026.0,7500000.0,0,0,False
S Lenders LLC,27-MAY-2026,Other Banking and Financial Services,KY,2026.0,1500000.0,1300000,8,False
"CP NNN Portfolio 1, LLC",27-MAY-2026,Other Real Estate,NC,2026.0,7000000.0,7000000,21,False
Lighthouse Technology Holdings Inc.,27-MAY-2026,Other Technology,FL,2022.0,3836326.0,3836326,13,False
NovaCore Core Assets INC.,27-MAY-2026,Business Services,CO,2026.0,175000000.0,57500,5,False
"MPC FED 2026 Energy Fund Foxtrot, LLC",27-MAY-2026,Other Real Estate,GA,2026.0,,0,0,False
"Coatue Investimentos Lisboa, Inc",27-MAY-2026,Business Services,CO,2026.0,575000.0,575000,5,False
"CP NNN Portfolio 2, LLC",27-MAY-2026,Other Real Estate,NC,2026.0,3000000.0,3000000,21,False
Alexander Capital Ventures LLC,27-MAY-2026,Other Banking and Financial Services,NJ,,1180000.0,1180000,33,False
CarePaladin Inc.,27-MAY-2026,Other Technology,CA,2026.0,,25000,1,False
Alexander Capital Ventures LLC,27-MAY-2026,Other Banking and Financial Services,NJ,,1425000.0,1425000,29,False
Idom Capital Inc,27-MAY-2026,Investing,NY,,100000000.0,0,0,False
BIDWELL CAPITAL OIL FUND VII LP,27-MAY-2026,Oil and Gas,WY,2026.0,6000000.0,650000,6,False
"Atomic Technologies, Inc.",27-MAY-2026,Other Technology,DE,2025.0,5000000.0,1102500,12,False
"Infinite Outdoors, Inc.",27-MAY-2026,Other Technology,WY,,12000000.0,8500007,7,False
"Proper Voltage, Inc.",27-MAY-2026,Other Technology,CA,,18480733.0,18480733,42,False
"Proper Voltage, Inc.",27-MAY-2026,Other Technology,CA,,9999998.0,6549990,19,False
Kingfisher Topco Holdings LP,27-MAY-2026,Other,TX,2024.0,,0,0,False
"Vivamed, Inc.",27-MAY-2026,Biotechnology,CA,2024.0,3000000.0,3000000,1,False
Legacy Apartments at Breman Park LLC,27-MAY-2026,Residential,MA,2026.0,,0,0,False
"Inherence, Inc",27-MAY-2026,Other Technology,CA,2026.0,150000.0,150000,1,False
Kingfisher Topco Holdings GP LLC,27-MAY-2026,Other,TX,2024.0,,0,0,False
All Pro Crystal LLLP,27-MAY-2026,Residential,CO,2026.0,9500000.0,4504000,56,False
GridAI Technologies Corp.,27-MAY-2026,Pharmaceuticals,FL,,2540000.0,2540000,4,False
"LAUREL INNOVATIONS, INC.",27-MAY-2026,Other Technology,UT,2025.0,5000000.0,660000,17,False
"Farm to People, P.B.C.",27-MAY-2026,Other Technology,NY,2021.0,4999995.0,4253763,7,False
"Haystack Collective, Inc.",27-MAY-2026,Other Technology,OR,2023.0,2500000.0,100000,1,False
ORNN AI INC,27-MAY-2026,Other Technology,NY,2025.0,33717924.0,33667935,35,False
GridAI Technologies Corp.,27-MAY-2026,Pharmaceuticals,FL,,5250000.0,5250000,4,False
Silver Horizon Funding LLC,26-MAY-2026,Investing,PR,2024.0,34760000.0,34760000,1,False
Vantage Risk Ltd. Series 7 LLC,26-MAY-2026,Investing,PR,2025.0,32860000.0,32860000,1,False
"ALT Sports Data, Inc.",26-MAY-2026,Other Technology,CA,2021.0,4479888.0,4479888,3,False
Cypress Point Funding LLC/DE,26-MAY-2026,Investing,PR,2024.0,41660000.0,41660000,1,False
Blue Water 1 LLC,26-MAY-2026,Investing,PR,2024.0,31650000.0,31650000,1,False
"Varsity Emergency Care Holdings, LLC",26-MAY-2026,Hospitals and Physicians,CA,,220000.0,220000,8,False
"Southern Villas RV Park, LLC",26-MAY-2026,Residential,FL,,1200000.0,228000,2,False
Dorado 2024-1 LLC,26-MAY-2026,Investing,PR,2024.0,29840000.0,29840000,1,False
"Centese, Inc.",26-MAY-2026,Other,NE,,5000000.0,250000,1,False
Madison Avenue Funding LLC,26-MAY-2026,Investing,PR,2024.0,30300000.0,30300000,1,False
"Crown Affair, Inc.",26-MAY-2026,Retailing,NY,,4999988.0,4999988,8,False
Fossil Creek Minerals LLC,26-MAY-2026,Other Energy,CO,2025.0,3300000.0,2663037,21,False
"Magnus Medical, Inc.",26-MAY-2026,Biotechnology,CA,,77000000.0,49030035,10,False
Sterling Office & Industrial Trust,26-MAY-2026,REITS and Finance,ND,,30000000.0,2594501,2,False
"Hempel Industrial Outdoor Storage Fund I, LLC",26-MAY-2026,Other Real Estate,MN,2026.0,15000000.0,150000,2,False
"Labels Buyer, LLC",26-MAY-2026,Other,GA,2021.0,558161900.0,558161900,521,True
"Armada Capital, LLC / OK",26-MAY-2026,Other Energy,OK,2025.0,181185204.0,156185204,2,True
"HS Santa Barbara, LLC",26-MAY-2026,Commercial,TX,2023.0,4300000.0,100000,1,False
Unison Risk Advisors Inc.,26-MAY-2026,Insurance,OH,,200000.0,200000,1,False
"HS Durango, LLC",26-MAY-2026,Commercial,TX,2025.0,5000000.0,200000,3,False
Sky Holdco Corp,26-MAY-2026,Other,NY,,7072000.0,0,0,False
Silicon Ranch Corp,26-MAY-2026,Other Energy,TN,,7622594.0,7622594,1,False
Sky Holdco Corp,26-MAY-2026,Other,NY,,4481150.0,0,0,False
Multi-Color Corp,26-MAY-2026,Other,GA,,1296723037.0,1296723037,437,True
NoHo APC Inc.,26-MAY-2026,Other Health Care,MN,2022.0,20000000.0,13351958,5,False
NexPoint Lodging II DST,26-MAY-2026,Commercial,TX,2026.0,72452000.0,0,0,False
"rBar, LLC",26-MAY-2026,Other Technology,TN,,350000.0,70000,2,False
"HoloTheater Developer I, LLC",26-MAY-2026,Other,TX,2026.0,1100000.0,545000,12,False
GMF Group Fund III LLC,26-MAY-2026,Commercial,FL,2026.0,150000000.0,0,0,False
"Ruby Lifestyle Group, LLC",26-MAY-2026,Commercial,NE,2024.0,30000000.0,906991,2,False
"Neela Therapeutics, Inc.",26-MAY-2026,Other Health Care,MA,2025.0,21510000.0,13821643,21,False
Gaingels Edera 2026 LLC,26-MAY-2026,Other,VT,2026.0,77567.0,77567,13,False
Helios Gaingels Coreshell LLC,26-MAY-2026,Other,VT,2026.0,485010.0,485010,13,False
NLC Financial Service HQ DST,26-MAY-2026,Other Real Estate,NH,2026.0,137692566.0,21907989,8,False
AIFeeS Inc,26-MAY-2026,Computers,WY,2026.0,,50012,2,False
NCM Secured Credit Fund I LLC,26-MAY-2026,Other Real Estate,OH,2025.0,,0,0,False
"KB Fairfield, DST",26-MAY-2026,Commercial,NV,2026.0,50560000.0,38853419,18,False
Pardus Ventures Inc.,26-MAY-2026,Other,A1,2022.0,725.0,725,1,False
"LQD Assets, LLC",26-MAY-2026,Other,KY,2022.0,,164726,11,False
ABN Touring LLC,26-MAY-2026,Other,MD,2026.0,3600000.0,300000,2,False
Gaingels The Residency LLC,26-MAY-2026,Other,VT,2026.0,65067.0,65067,10,False
LC CAPITAL PARTNERS IV LLC,26-MAY-2026,Investing,FL,2026.0,100000.0,100000,1,False
"MODELIA, INC.",26-MAY-2026,Computers,DE,2024.0,1875390.0,1875344,6,False
Southeastern Fiber Corp,26-MAY-2026,Agriculture,NC,2022.0,280000.0,280000,1,False
"ONCOSYNERGY, INC.",26-MAY-2026,Biotechnology,CT,,8208830.0,6608832,5,False
"Lani Quantum Solutions, Inc.",26-MAY-2026,Computers,WA,2024.0,10000000.0,4050000,3,False
A4CP Investor LLC,26-MAY-2026,Other Real Estate,NY,2026.0,,9895000,18,False
WYTEC INTERNATIONAL INC,26-MAY-2026,Telecommunications,TX,,1000000.0,60000,2,False
"Stakeholders VR Aggregator, LLC",26-MAY-2026,Lodging and Conventions,FL,2026.0,100398066.0,100398066,36,True
"Blue Dot Tours, LLC",26-MAY-2026,Other Travel,MA,2025.0,2000000.0,0,0,False
Byrd In Hand Holdings LLC,26-MAY-2026,Residential,AR,2025.0,1200000.0,0,0,False
"SEMPRE, Inc.",26-MAY-2026,Other Technology,CO,2023.0,10000000.0,10000000,2,False
"Benchmark Space Systems, Inc.",26-MAY-2026,Manufacturing,VT,,10000000.0,0,0,False
"Ameri Financial Group, Inc.",26-MAY-2026,Commercial Banking,MN,,16983040.0,16983040,86,False
"Clip Collective, LLC",26-MAY-2026,Other Technology,TN,2024.0,100000.0,50000,1,False
"Balboa GeoLocation, Inc.",26-MAY-2026,Other Technology,CA,,7449998.0,4519006,30,False
"Simple Lending Co, LLC",26-MAY-2026,Other Banking and Financial Services,PA,,5000000.0,0,0,False
Abitibi Metals Corp.,26-MAY-2026,Other,A6,,1661746.0,1661746,2,False
Ognomy Inc.,26-MAY-2026,Other Health Care,NY,,21550000.0,14899628,7,False
"Stord, Inc.",26-MAY-2026,Other Technology,GA,,300000000.0,61749622,10,False
JLAM KSQ East State Street LP,26-MAY-2026,Other Real Estate,DE,2026.0,3800000.0,3800000,10,False
Tern AI Inc.,26-MAY-2026,Other Technology,TX,2024.0,11735000.0,11735000,19,False
TenNor Therapeutics (Suzhou) Ltd,26-MAY-2026,Biotechnology,F4,,14699667.0,14699667,1,False
"Koolbridge Energy, Inc.",26-MAY-2026,Other Energy,NC,,870000.0,870000,3,False
"Desert Forge Industrial, LLC",26-MAY-2026,Other Real Estate,UT,2026.0,8200000.0,0,0,False
Cancer IQ Inc.,26-MAY-2026,Other Technology,IL,,6000000.0,4284000,9,False
ZECKCO LTD,26-MAY-2026,Other Banking and Financial Services,CO,,,100000000,10000,True
"Guidelight Technologies, Inc.",26-MAY-2026,Other,NY,2022.0,7987496.0,7987496,27,False
"Fast Forward, Inc.",26-MAY-2026,Other Technology,NE,,1000000.0,360000,6,False
Iron Gate Capital Partners LLC,26-MAY-2026,Other Real Estate,FL,2026.0,50000000.0,0,0,False
"High Street Holdco, LLC",26-MAY-2026,Insurance,MI,,,2300000,1,False
Hopewell Portfolio 2026 LLC,26-MAY-2026,Commercial,VA,2026.0,1452632.0,1452632,23,False
"Cosmetic Physician Partners, LLC",26-MAY-2026,Other Health Care,TX,2021.0,1138259.0,0,0,False
"Reprogram Biosciences, Inc.",26-MAY-2026,Biotechnology,CA,2025.0,5000000.0,5000000,2,False
"208 Post Falls, LLC",26-MAY-2026,Other,ID,2026.0,8377700.0,0,0,False
Veyrion Laxentum Capital Ltd,26-MAY-2026,Investing,CO,,100000000.0,0,0,False
Remoasset Corp,26-MAY-2026,Computers,TX,2025.0,,100000,1,False
Horizon Accounting Partners LLC,26-MAY-2026,Business Services,MA,2026.0,1500000.0,275000,4,False
"SKIPPER LABS, INC.",26-MAY-2026,Other Technology,WA,2026.0,230000.0,230000,1,False
NHIT: Core Disciplined Alpha Trust,26-MAY-2026,Investing,MA,,,1624747729,21,True
Willow LTD,26-MAY-2026,Investing,CO,,100000000.0,0,0,False
Brand Engagement Network Inc.,26-MAY-2026,Other Technology,DE,,8000000.0,500000,1,False
"Pillar Financing, Inc.",26-MAY-2026,Other Technology,DC,2025.0,500000.0,0,1,False
ShiftUp Inc.,26-MAY-2026,Other Technology,AZ,2025.0,2500000.0,1200000,8,False
ECM Fund 66 LLC,26-MAY-2026,Commercial,WY,2026.0,19860176.0,0,0,False
Ironsides LLC,26-MAY-2026,Other,IN,2026.0,4000000.0,0,0,False
"TauriPay, a Public Benefit Corp",26-MAY-2026,Other Banking and Financial Services,AZ,2021.0,,200000,2,False
Beckett's Inc.,26-MAY-2026,Other,A6,,1500000.0,500000,6,False
"HGR Hankamer Foundation 1, LP",26-MAY-2026,Other,KY,2025.0,859000.0,79875,3,False
"Imagen San Antonio Aesthetic Support Services, LLC",26-MAY-2026,Other Health Care,AZ,2026.0,742434.0,742434,1,False
"Shellback Real Estate Fund I, LLC",22-MAY-2026,Commercial,NV,2024.0,65000000.0,0,0,False
"Flux Power Holdings, Inc.",22-MAY-2026,Other,CA,,40000000.0,0,0,False
"Lone Gull Holdings, Ltd.",22-MAY-2026,Other Technology,OR,,94059630.0,94059630,67,False
Huntress Wealth Co.,22-MAY-2026,Other Technology,DE,2024.0,1000000.0,100000,1,False
JEFF MEYER LAW FIRM P.C.,22-MAY-2026,Other,AZ,2025.0,17000000.0,17000000,3,False
"ThrivePoint Injury Law, LLC",22-MAY-2026,Other,AZ,2025.0,21400000.0,9100000,3,False
"Circle Internet Group, Inc.",22-MAY-2026,Other Technology,NY,2024.0,221999998.0,221999998,14,True
GISNZ LTD,22-MAY-2026,Other Banking and Financial Services,CO,,,100000000,10000,True
"Altillion TopCo, Inc.",22-MAY-2026,Other Energy,TX,2026.0,12714041.0,4450000,12,False
"BP Commercial Funding Trust II, Series SPL-II",22-MAY-2026,Other Banking and Financial Services,NY,2022.0,,29810300,12,False
Novascan Inc.,22-MAY-2026,Other Health Care,IL,,3500000.0,671492,4,False
Reset Health Inc.,22-MAY-2026,Other Technology,DE,2024.0,2000000.0,122000,2,False
"Khloud, Inc.",22-MAY-2026,Other,CA,2024.0,15000011.0,15000011,20,False
FREX DB Series I DST,22-MAY-2026,Other Real Estate,NY,2025.0,40178939.0,2191772,6,False
Quiet Alpha Opportunities LLC,22-MAY-2026,Other,NY,2025.0,100000000.0,0,0,False
Cerberus Kaysville Fund 1 LLC,22-MAY-2026,Commercial,UT,2025.0,1800000.0,235000,7,False
310 Russlyn LLC,22-MAY-2026,Residential,FL,2025.0,1850000.0,1425000,13,False
BREX Net Lease Industrial I DST,22-MAY-2026,Other Real Estate,NY,2026.0,80055365.0,8149517,13,False
Norway Pines Syndicate LLC,22-MAY-2026,Residential,WI,2026.0,1900000.0,1788000,17,False
"KYG Trade, Inc.",22-MAY-2026,Other Technology,CA,,18656908.0,18656908,33,False
Reflux Co,22-MAY-2026,Other Health Care,WA,2024.0,1000000.0,525000,3,False
AEI Healthcare Portfolio VII DST,22-MAY-2026,Commercial,MN,2026.0,50500000.0,22478862,61,False
Western CAM Inc.,22-MAY-2026,Manufacturing,ME,2023.0,10000000.0,2225000,3,False
"Series 75-2, a series of StartEngine Private LLC",22-MAY-2026,Other,CA,2025.0,667095.0,409860,17,False
Cresal Investments LLC,22-MAY-2026,Residential,FL,2026.0,10000000.0,0,0,False
"Clarke Oil & Gas JV, LP",22-MAY-2026,Oil and Gas,VA,,,0,68,False
"GROWABILITY EQUITY OIL & GAS FUND III & IV, LIMITED PARTNERSHIP",22-MAY-2026,Oil and Gas,FL,2026.0,5000000.0,0,0,False
"FingerMotion, Inc.",22-MAY-2026,Other Technology,U0,,5000000.0,5000000,1,False
OG5 Limited Partnership,22-MAY-2026,Oil and Gas,WY,2026.0,20000000.0,0,0,False
"MCI Preferred Income Fund VIII, LLC",22-MAY-2026,Other Real Estate,TX,2024.0,500000000.0,26105500,200,False
Alpine Fitness Ventures LLC,22-MAY-2026,Other,NC,2025.0,400005.0,292005,4,False
Blue Owl Real Estate Exchange V DST,22-MAY-2026,Other Real Estate,IL,2025.0,269491892.0,179934703,165,True
Dorset Agriculture Opportunity Fund LP,22-MAY-2026,Other Real Estate,MA,2023.0,,18270000,59,False
Atomic Object LLC,22-MAY-2026,Computers,MI,,2458265.0,1165369,30,False
Gaingels Speedrun Fund I LLC,22-MAY-2026,Other,VT,2025.0,2000000.0,1170000,15,False
Trent Micro SPV II LP,22-MAY-2026,Other,FL,2026.0,9151679.0,9151679,10,False
"Micro Co-Invest Holdco II, LLC",22-MAY-2026,Other,FL,2026.0,7356360.0,7356360,22,False
Series VII - AV Master LLC,22-MAY-2026,Other,VT,2026.0,1458200.0,1458200,28,False
Post Rock Ag LLC,22-MAY-2026,Agriculture,KS,2026.0,10000000.0,1950000,9,False
Twirl Jam LRF LLC,22-MAY-2026,Business Services,CA,,375000.0,0,20,False
"Stilta IP, Inc.",22-MAY-2026,Other Technology,DE,2025.0,10259219.0,10259219,54,False
"Micro Parent, LLC",22-MAY-2026,Other,FL,2023.0,37000000.0,37000000,2,False
"Flagship Healthcare Trust, Inc.",22-MAY-2026,REITS and Finance,NC,,500000000.0,95060171,204,False
"College Sports Company, Inc.",22-MAY-2026,Other,NY,,2000000.0,350000,3,False
"Junction Health, Inc.",22-MAY-2026,Other Health Care,CO,2024.0,3555000.0,3545000,5,False
Rocky Creek Apartments LLC,22-MAY-2026,Residential,NC,,4000000.0,2355000,13,False
"Advanced AI Applications, Inc.",22-MAY-2026,Other,DE,2026.0,1500000.0,525000,7,False
SE RV Investors III LLC,22-MAY-2026,Residential,FL,2026.0,15000000.0,15000000,18,False
"RREEF Property Trust, Inc.",22-MAY-2026,REITS and Finance,NY,,350000000.0,23692846,6,False
Wealth Minerals Ltd.,22-MAY-2026,Other,A1,,975156.0,116917,2,False
MILL HILL GARAGE INC.,22-MAY-2026,Other Technology,CA,2023.0,120000.0,120000,2,False
"Dhitantra, Inc.",22-MAY-2026,Other Technology,MA,2026.0,500000.0,225000,5,False
Stone Tavern Investors LLC,22-MAY-2026,Other,NC,2026.0,3000000.0,0,0,False
IREX V Diversified Portfolio DST,22-MAY-2026,Commercial,TX,2026.0,97634409.0,1518486,2,False
Adauctus Capital Group LLC,22-MAY-2026,Other Real Estate,WA,2026.0,2000000.0,30000,1,False
"Salt Athletic, Inc.",22-MAY-2026,Other,CO,2022.0,1000000.0,365000,1,False
Cosmos Fund LLC,22-MAY-2026,Other,FL,2024.0,,2046850,53,False
"Better For You Snacks, Inc.",22-MAY-2026,Other,NY,2026.0,2000000.0,1000000,1,False
Pitch Aeronautics Inc,22-MAY-2026,Manufacturing,ID,2022.0,3500000.0,1924993,10,False
Southeastern Fiber Corp,22-MAY-2026,Agriculture,NC,2022.0,4500000.0,0,0,False
Alethian Corp,22-MAY-2026,Other Technology,WA,2023.0,,0,0,False
"Cedar Build, Inc.",22-MAY-2026,Other Technology,TX,2022.0,22223336.0,22152615,30,False
International Hospital Corp/Tx,22-MAY-2026,Hospitals and Physicians,TX,,13500000.0,6997675,0,False
"Did You Catch It, Inc",22-MAY-2026,Other Banking and Financial Services,GA,2023.0,1500000.0,200000,2,False
"Outer Spaces, Inc.",22-MAY-2026,Other,CA,2025.0,8000000.0,8000000,27,False
"4L Data Intelligence, Inc.",22-MAY-2026,Other Technology,FL,,,1350900,4,False
"Imagen Pineview Support Services, LLC",21-MAY-2026,Other Health Care,AZ,2026.0,875571.0,875571,1,False
ARES STRATEGIC MINING INC.,21-MAY-2026,Other,A1,,49234.0,49234,1,False
Revival Gold Inc.,21-MAY-2026,Other,A6,,8493013.0,8493013,6,False
"AIFC Secured Lending Fund, LLC",21-MAY-2026,Other Real Estate,NJ,2025.0,100000000.0,4600000,13,False
Conexeu Sciences Inc.,21-MAY-2026,Biotechnology,NV,2022.0,44700.0,44700,1,False
Conexeu Sciences Inc.,21-MAY-2026,Biotechnology,NV,2022.0,1248634.0,543,3,False
Enviro.Farm Systems Inc,21-MAY-2026,Agriculture,MA,2023.0,25000000.0,0,25,False
EpicQuest Education Group International Ltd,21-MAY-2026,Other,OH,,600000.0,600000,5,False
"Venture Animal Group, Inc.",21-MAY-2026,Other Health Care,CA,2026.0,2000000.0,0,0,False
"Onyx Integrity SPV, LLC",21-MAY-2026,Other,IL,2025.0,7500000.0,7500000,7,False
Omcare Inc.,21-MAY-2026,Other Technology,MN,,6000000.0,2750000,5,False
"Buildy, Inc",21-MAY-2026,Other Technology,DE,2026.0,1500000.0,100000,1,False
Michigan State University Federal Credit Union,21-MAY-2026,Other Banking and Financial Services,MI,,75000000.0,75000000,41,False
"Be Afraid Media, Inc.",21-MAY-2026,Other,CA,2025.0,1000000.0,300000,1,False
"HH Bronzeville Investors QOF, LLC",21-MAY-2026,Commercial,IN,2026.0,1644197.0,1644197,8,False
"Hotel Mankato, LLC",21-MAY-2026,Lodging and Conventions,MN,2021.0,9000000.0,500000,1,False
"Intalus, Inc.",21-MAY-2026,Other,VA,,15000000.0,5047395,2,False
"RadiusAI, Inc.",21-MAY-2026,Other Technology,AZ,,1200000.0,1023756,33,False
SGGF FEEDER INVESTMENTS II ULC,21-MAY-2026,Commercial,A1,2025.0,,10000000,5,False
SGGF FEEDER INVESTMENTS I INC.,21-MAY-2026,Commercial,A1,2025.0,,15750000,6,False
"Commonwealth Sterile Solutions, Inc.",21-MAY-2026,Other Health Care,VA,2023.0,1000000.0,130000,6,False
HNM Holdings LLC,21-MAY-2026,Other Real Estate,AZ,2026.0,3500000.0,0,0,False
Inland Long Island Residential DST,21-MAY-2026,Other Real Estate,IL,2025.0,107581888.0,17992773,35,False
"Pantheon Wealth OS, Inc.",21-MAY-2026,Other,FL,2025.0,500000.0,249000,4,False
Strait Capital LP,21-MAY-2026,Other,DE,2026.0,100000000.0,0,0,False
FREP Preferred Investors LLC,21-MAY-2026,Commercial,VA,2026.0,15000000.0,0,0,False
133 W William St LLC,21-MAY-2026,Residential,MN,2025.0,700000.0,271960,9,False
"Pureskin, Inc.",21-MAY-2026,Other,CA,2026.0,1249999.0,250000,1,False
"Sterling College Station Class A, LLC",21-MAY-2026,Commercial,TX,2026.0,2345605.0,2345605,15,False
"Renew Power Systems, Inc.",21-MAY-2026,Other Technology,MN,,1000000.0,675000,4,False
"Juniper Health, Inc.",21-MAY-2026,Other Health Care,MN,,800000.0,0,0,False
"Gro Real Estate Fund III, LP",21-MAY-2026,Commercial,ND,2026.0,15000000.0,4450000,33,False
"Atum Works I, a series of Capitalize Investments LLC",21-MAY-2026,Other,NV,2026.0,,436600,8,False
InZinc Mining Ltd.,21-MAY-2026,Other,A1,,599810.0,182869,1,False
Browning Nickel Plate North Associates LLC,21-MAY-2026,Other Real Estate,IN,2025.0,2695000.0,2695000,14,False
Censys Technologies Corp,21-MAY-2026,Other Technology,FL,,5000000.0,500000,3,False
"Ad-Shield, Inc.",21-MAY-2026,Other Technology,NJ,2024.0,13655.0,13655,12,False
"Griffin Capital Development Partners Fund III, L.P.",21-MAY-2026,Other Real Estate,CA,2025.0,100000000.0,15750271,73,False
Lantern Pharma Inc.,21-MAY-2026,Pharmaceuticals,TX,,0.0,0,6,False
BluCarbon Investment Fund (UK) LLC,21-MAY-2026,Other,DE,2022.0,,2827745,28,False
Cowboy Space Corp,21-MAY-2026,Other Technology,CA,2023.0,304999997.0,304999997,78,True
"Oshi I, a series of Capitalize Investments LLC",21-MAY-2026,Other,NV,2026.0,,25000,4,False
Vintrader Inc,21-MAY-2026,Retailing,CA,,,0,0,False
93X INVESTMENTS INC,21-MAY-2026,Investing,FL,2025.0,400000.0,400000,1,False
"Foundation Surgery Affiliate of Huntingdon Valley, L.P.",21-MAY-2026,Other Health Care,AL,,54010.0,0,0,False
"Kiwi Voice Assistant I I, a series of Capitalize Investments LLC",21-MAY-2026,Other,NV,2026.0,,83000,7,False
AFFINITY BIOSENSORS LLC,21-MAY-2026,Other,CA,,18000000.0,2317385,6,False
93X INVESTMENTS INC,21-MAY-2026,Investing,FL,2025.0,400000.0,400000,1,False
Invisia Space Inc,21-MAY-2026,Other,MN,2025.0,800000.0,280000,8,False
BG223 Holdings LLC,21-MAY-2026,Commercial,PA,2024.0,9657435.0,9657435,33,False
93X INVESTMENTS INC,21-MAY-2026,Investing,FL,2025.0,400000.0,400000,1,False
Definition II-B LLC,21-MAY-2026,Other,NY,2026.0,40399999.0,40399999,13,False
"Pirouette Medical I, a series of Wefunds LLC",21-MAY-2026,Other,NV,2025.0,,2745800,186,False
"Thoroughcare, Inc.",21-MAY-2026,Other Technology,PA,,2250000.0,2250000,4,False
"Gen Alpha Fund, a series of Capitalize Funds LP",21-MAY-2026,Other,NV,2025.0,,640120,147,False
"Messenger I, a series of Capitalize Investments LLC",21-MAY-2026,Other,NV,2026.0,,222241,58,False
"Pirouette D 2026 I, a series of Capitalize Investments LLC",21-MAY-2026,Other,NV,2026.0,,2403173,150,False
IMPOSSIBLE COLLECTION COMICS LLC,21-MAY-2026,Business Services,NY,2026.0,1000000000.0,0,0,False
"Revolution Motherhood, LLC",21-MAY-2026,Other,NY,,3000000.0,1000000,1,False
"ViCardia Therapeutics, Inc.",21-MAY-2026,Biotechnology,CA,,700000.0,700000,1,False
"Nuvo I, a series of Capitalize Investments LLC",21-MAY-2026,Other,NV,2026.0,,100000,1,False
"EL CASTILLO INVESTMENTS, LLC",21-MAY-2026,Investing,FL,2021.0,,1472000,19,False
SILVER SPRUCE RESOURCES INC.,21-MAY-2026,Other,A5,,158326.0,107127,2,False
"LB HiLo SPE, LLC",21-MAY-2026,Other Real Estate,UT,2026.0,1200000.0,1200000,1,False
"Battalion Fund II, a series of Capitalize Funds LP",21-MAY-2026,Other,NV,2026.0,,100000,1,False
Impossible Collection Inc,21-MAY-2026,Business Services,NY,2026.0,50000000.0,0,0,False
"LBNB Investments AZ, LLC",21-MAY-2026,Other Real Estate,UT,2026.0,6800000.0,6800000,3,False
VASTAIR INC.,21-MAY-2026,Other Technology,CA,2025.0,200000.0,200000,4,False
Sycamore Apts LLC,21-MAY-2026,Residential,PA,2026.0,12000000.0,12000000,172,False
BB-LG One L.P.,21-MAY-2026,Other Real Estate,CA,2026.0,5751005.0,463085,27,False
"EL CASTILLO INVESTMENTS, LLC",21-MAY-2026,Investing,FL,2021.0,,1472000,19,False
"Griffin Capital (Union - Kansas City, MO) DST",21-MAY-2026,Other Real Estate,CA,2025.0,59873419.0,36705267,81,False
Scuba Sense Inc.,21-MAY-2026,Other Technology,DE,2026.0,500000.0,30000,1,False
"Reprise Biomedical, Inc.",21-MAY-2026,Biotechnology,MN,,8000000.0,1450000,4,False
NVL HVL Retail Investment LLC,21-MAY-2026,Commercial,FL,2026.0,7150000.0,7150000,14,False
Seven24 Holdings LLC,21-MAY-2026,Commercial,MO,2026.0,12000000.0,0,0,False
"LOVM, LLC",21-MAY-2026,Retailing,FL,2023.0,,35000,2,False
NVL HVL Retail Investment Feeder LLC,21-MAY-2026,Commercial,FL,2026.0,2650000.0,2650000,7,False
beyondGREEN biotech Inc.,21-MAY-2026,Manufacturing,CA,,,300000,3,False
"Avadain, Inc.",21-MAY-2026,Other Technology,TN,2021.0,2500000.0,0,0,False
CALWEBSOLUTIONS.COM INC,21-MAY-2026,Other Technology,TX,2025.0,80000.0,80000,1,False
4 GUYS BEVERAGE CO.,21-MAY-2026,Other,WA,,1000000.0,0,0,False
"AX Essential Retail Portfolio, DST",21-MAY-2026,Other Real Estate,NY,2025.0,91520000.0,67269864,82,False
Cxmyfz Ltd,21-MAY-2026,Other Banking and Financial Services,NY,,,100000000,10000,True
Chip Data Centers Inc.,21-MAY-2026,Computers,A1,2025.0,98349.0,98349,1,False
"Seyon Industrial Fund II-Q, LLC",21-MAY-2026,Other Real Estate,MA,2025.0,,29275000,48,False
"ThrivePoint Injury Law, LLC",21-MAY-2026,Other,AZ,2025.0,21400000.0,9100000,3,False
"VillaFact, Inc.",21-MAY-2026,Other Technology,OR,2024.0,3000000.0,250000,1,False
"MicroMGx, Inc.",21-MAY-2026,Agriculture,IL,2022.0,500000.0,0,0,False
"Seyon Industrial Fund II-A, LLC",21-MAY-2026,Other Real Estate,MA,2025.0,,1825000,7,False
"MINNOW TECHNOLOGIES, INC.",21-MAY-2026,Other Technology,WA,,1000000.0,300000,1,False
TAKARAFX LTD,21-MAY-2026,Other Banking and Financial Services,CO,,,100000000,10000,True
"Origin Charlotte NoDa, DST",21-MAY-2026,Other Real Estate,IL,2025.0,48917049.0,47883537,94,False
JEFF MEYER LAW FIRM P.C.,21-MAY-2026,Other,AZ,2025.0,17000000.0,17000000,3,False
"Slipstream AI Fund I, LLC",21-MAY-2026,Commercial,TX,2026.0,75000000.0,75000000,0,False
ACER HOUSE QOF LLC,21-MAY-2026,Other Real Estate,WA,,15000000.0,7647215,26,False
"Origin Nona, DST",21-MAY-2026,Other Real Estate,IL,2025.0,46256706.0,3113772,11,False
"St. Louis Growth & Impact Fund, LLC",21-MAY-2026,Other,MO,2022.0,13750000.0,0,0,False
"Paralign Health, Inc.",21-MAY-2026,Other Technology,NY,2023.0,3719020.0,3719020,10,False
"Weed Investment Group, Inc.",21-MAY-2026,Commercial Banking,CO,,18000000.0,18000000,25,False
X-Growth Funding LLC,21-MAY-2026,Other,DE,2025.0,14000000.0,0,0,False
1500 Damen Ashland LLC,21-MAY-2026,Residential,IL,2026.0,3579000.0,3579000,22,False
Ashland Manors LLC,21-MAY-2026,Residential,IL,2026.0,3000000.0,3000000,27,False
EC Lex Holdings LLC,21-MAY-2026,Residential,FL,2026.0,,4500000,3,False
Talwex Inc.,21-MAY-2026,Other Technology,I0,2026.0,,120000,1,False
"Brighthouse Services, LLC",21-MAY-2026,Insurance,NC,,,5150000,7,False
TALENT SOURCE SOLUTIONS CORP.,21-MAY-2026,Business Services,FL,2023.0,,7421000,31,False
"Pilothouse Real Estate Trust Operating Partnership, L.P.",21-MAY-2026,REITS and Finance,NJ,,,0,0,False
NovaCore Core Assets INC.,21-MAY-2026,Business Services,CO,2026.0,175000000.0,57500,5,False
"LFH Tonka Investment 1, LLC",21-MAY-2026,Other,PA,2026.0,5000000.0,0,0,False
SNOCHIP INC,21-MAY-2026,Other Technology,NJ,2022.0,5000000.0,800000,4,False
"Foxfern IH 30 Grand Prairie Investors, LLC",21-MAY-2026,Commercial,TX,2026.0,6570000.0,6570000,21,False
"SRC Ecoplastic Fund VII, LLC",21-MAY-2026,Manufacturing,GA,2025.0,79200000.0,800000,1,False
"FC-Experlogix 3, LLC",21-MAY-2026,Other Technology,AL,2023.0,2596353.0,2596353,21,False
LIFE SURGE CAPITAL 2 LLC,21-MAY-2026,Commercial,FL,2026.0,10000000.0,0,0,False
"Summit Dynamics Group, Inc.",21-MAY-2026,Other,NV,2023.0,,36593465,109,False
"Amoofy, Inc.",21-MAY-2026,Other Technology,CO,2023.0,2000000.0,33754,1,False
LIMEN MARKETS SERIES 2026-A LLC,21-MAY-2026,Investing,WY,2026.0,10000000.0,0,0,False
"Mercury Technologies, Inc.",20-MAY-2026,Other Technology,CA,,199999824.0,199999824,21,True
authID Inc.,20-MAY-2026,Other,CO,,4165000.0,4165000,0,False
CSM Blue Mountain NCE LLC,20-MAY-2026,Construction,DE,2025.0,27200000.0,0,0,False
ARIIA AI LLC,20-MAY-2026,Other Technology,IL,2024.0,70000.0,70000,3,False
"Chalk Talk Solutions, Inc.",20-MAY-2026,Other Technology,NY,,1200000.0,880211,7,False
"Culture AIP, Inc.",20-MAY-2026,Other,KS,2023.0,277285.0,277285,3,False
Transient.AI Inc.,20-MAY-2026,Other Technology,NY,2024.0,9999976.0,9999976,1,False
Liongard Inc.,20-MAY-2026,Other Technology,TX,,3500000.0,3500000,3,False
"Culture AIP, Inc.",20-MAY-2026,Other,KS,2023.0,277285.0,277285,3,False
"Artists Writers & Artisans, Inc.",20-MAY-2026,Other,NY,,7385000.0,7385000,5,False
Passco Allure DST,20-MAY-2026,Residential,CA,2026.0,58575000.0,0,0,False
"Direct Digital Holdings, Inc.",20-MAY-2026,Other Technology,TX,2021.0,50000000.0,0,1,False
ROSS LANE DEVELOPMENT LLC - ELBURN SERIES,20-MAY-2026,Other,IL,2026.0,1700000.0,0,0,False
SK Orchard Park Holdings LP,20-MAY-2026,Other,NY,2026.0,,25541307,22,False
"Storage Plus 125 Investors, LLC",20-MAY-2026,Other Real Estate,OH,2026.0,1178553.0,1178553,10,False
FARADAY FUTURE INTELLIGENT ELECTRIC INC.,20-MAY-2026,Manufacturing,CA,,25000000.0,25000000,2,False
"Advanced Manufacturing Co of America, Inc.",20-MAY-2026,Manufacturing,CA,2024.0,255395000.0,244844882,21,True
WestMET Group Holdings LLC,20-MAY-2026,Other,CO,2023.0,12500000.0,12500000,24,False
CHAUNCEY SH ASSOCIATES REIT LLC,20-MAY-2026,REITS and Finance,NY,2026.0,125000.0,125000,125,False
Blacksmith Software Inc.,20-MAY-2026,Other Technology,CA,2024.0,44999913.0,44999913,8,False
SVCV Group Inc,20-MAY-2026,Other Banking and Financial Services,NY,2024.0,2000000.0,0,0,False
Somo Labs Inc.,20-MAY-2026,Other,X0,2023.0,23249939.0,22914951,7,False
101 East Court Street LLC,20-MAY-2026,Other,SC,2026.0,12650000.0,12650000,14,False
Legacy of Georgetown LLC,20-MAY-2026,Investing,MD,2026.0,3550000.0,3550000,18,False
"SI NVA05A AGGREGATOR REIT, LLC",20-MAY-2026,REITS and Finance,CO,2026.0,500000.0,500000,125,False
"Verismo Therapeutics, Inc.",20-MAY-2026,Other Health Care,PA,,28000000.0,28000000,1,False
Cascara Capital LLC,20-MAY-2026,Other Banking and Financial Services,WA,,50000000.0,24519216,23,False
777 Summer SubREIT LLC,20-MAY-2026,REITS and Finance,MA,2026.0,125000.0,125000,125,False
"UgenticAI, Inc.",20-MAY-2026,Business Services,MD,2025.0,5000000.0,0,0,False
"Healios Integrative Health, LLC",20-MAY-2026,Other Health Care,ME,2022.0,5000000.0,2080000,8,False
Carter Boyd Exploration Co LLC,20-MAY-2026,Oil and Gas,NE,2026.0,1300000.0,500000,2,False
"Yuj Medical, Inc.",20-MAY-2026,Other Health Care,CA,2026.0,750000.0,300000,3,False
Hot Chili Ltd,20-MAY-2026,Other,C3,,2143253.0,2143253,4,False
"JLLX Industrial Portfolio, DST",20-MAY-2026,Other Real Estate,IL,2026.0,253383866.0,0,0,False
Midland Exploration Inc.,20-MAY-2026,Other,A8,,3886124.0,1589778,20,False
"Project Geyser, LP",20-MAY-2026,Oil and Gas,CO,2025.0,,563843,5,False
DW OKLAHOMA 52 LP,20-MAY-2026,Oil and Gas,TX,2026.0,1600000.0,0,0,False
"Project Teton, LP",20-MAY-2026,Oil and Gas,CO,2025.0,,542744,10,False
"Peachtree Credit Fund IV, LP",20-MAY-2026,Other Real Estate,GA,2024.0,500000000.0,241441828,583,True
"Sea Pharmaceuticals, LLC",20-MAY-2026,Pharmaceuticals,MA,,1742321.0,71100,7,False
"Forney FM741 EB5 Fund, LP",20-MAY-2026,Other Real Estate,TX,2026.0,7200000.0,1600000,2,False
AlphaFund Inc,20-MAY-2026,Other Technology,UT,2022.0,1000000.0,330000,4,False
"Datavyne, Inc.",20-MAY-2026,Other Health Care,SD,2026.0,,55000,4,False
Jemal's 99 M LLC,20-MAY-2026,Commercial,DC,2026.0,,25500000,8,False
"TERRAFLOW ENERGY, INC.",20-MAY-2026,Other Energy,TX,2024.0,,20395942,24,False
Series 76-3 a series of StartEngine Private LLC,20-MAY-2026,Other,CA,2025.0,808500.0,503600,30,False
Stone & Skillet Inc.,20-MAY-2026,Other,MA,,4099983.0,4054992,5,False
FramePop AI Inc.,20-MAY-2026,Other Technology,CA,2024.0,,25000,2,False
Ropana Vascular Inc.,20-MAY-2026,Biotechnology,TX,2026.0,1000000.0,100000,1,False
OxyDial Inc,20-MAY-2026,Other Health Care,PA,2022.0,1500000.0,700000,8,False
"CRE Capital P010, LLC",20-MAY-2026,Commercial,GA,2026.0,775000.0,775000,11,False
"Swyft Group, Inc.",20-MAY-2026,Other Technology,TX,2025.0,10000000.0,0,0,False
Switched Source Inc.,20-MAY-2026,Other Technology,IL,,20000000.0,9999992,4,False
TLB New York Ltd Liability Co,20-MAY-2026,Other,NY,2024.0,25000000.0,25000000,214,False
Beaconsfield Growth Partners LLC,20-MAY-2026,Other,NY,2026.0,620000.0,620000,14,False
"St. Paul Terrace, LP",20-MAY-2026,Residential,CA,2022.0,19998000.0,19998000,1,False
"CBC IOS Fund II, LP",20-MAY-2026,Other Banking and Financial Services,IL,2026.0,,0,0,False
"Cahoon Capital Strategic Income Fund II, LLC",20-MAY-2026,REITS and Finance,MA,2022.0,250000000.0,143335472,518,True
"Helios ZincFive Partners IX, LLC",20-MAY-2026,Investing,CO,2025.0,2295265.0,2295265,17,False
"TireTutor, Inc.",20-MAY-2026,Other Technology,MA,,350000.0,350000,6,False
Camp Friends Development Ltd Liability Co,20-MAY-2026,Other,NY,2023.0,3900000.0,2637500,47,False
Beyond Data Centers LLC,20-MAY-2026,Other,NY,2025.0,,4714076,3,False
BQB Residences EB5 LLLP,20-MAY-2026,Other,FL,2024.0,72000000.0,0,0,False
"Lending Alliance Resort Partners, LP",20-MAY-2026,Other Real Estate,FL,2024.0,100000000.0,49490249,69,False
"Kittredge Investment Partners, LLC",20-MAY-2026,Other,MT,2026.0,10000000.0,10000000,10,False
Carnivore Bar Inc,20-MAY-2026,Retailing,MO,,142423.0,142423,4,False
"Signature Athletics, Inc.",20-MAY-2026,Other,FL,,2000000.0,0,0,False
"Forecastr, Inc.",20-MAY-2026,Other Banking and Financial Services,KY,,8000000.0,5007491,27,False
Loliware Inc.,20-MAY-2026,Other,CA,,5000000.0,3042342,33,False
"MARA POLING TOTAL RETURN FUND, LLC",20-MAY-2026,Other Real Estate,TX,,25000000.0,20144211,171,False
HH Fixed Income LLC,20-MAY-2026,Commercial,MD,2026.0,10000000.0,500000,1,False
"Send Cut Send, Inc.",20-MAY-2026,Manufacturing,NV,,110000000.0,110000000,8,True
BRANCHLAB INC.,20-MAY-2026,Other Technology,NY,,28784986.0,28784986,27,False
next robot inc,20-MAY-2026,Other Technology,CA,2023.0,4975000.0,4275000,11,False
"Isaac Labs, Inc.",20-MAY-2026,Tourism and Travel Services,C9,2026.0,100000.0,100000,1,False
"ISLAND FACILITY SERVICES HOLDINGS, LLC",20-MAY-2026,Other,HI,2026.0,500000.0,500000,1,False
Gross Water Inc.,20-MAY-2026,Retailing,NY,2025.0,85000.0,85000,7,False
AZI Canon St 3034 LP,20-MAY-2026,Residential,CA,2026.0,3175000.0,3175000,45,False
"Neurun, Inc.",19-MAY-2026,Other Technology,MA,,1000000.0,100000,1,False
"Farther Finance, Inc.",19-MAY-2026,Investing,CA,,150000000.0,145613613,9,True
"BAMF Health Parent, Inc.",19-MAY-2026,Other Health Care,MI,2022.0,129558326.0,59652075,12,False
"CNS Pharmaceuticals, Inc.",19-MAY-2026,Pharmaceuticals,TX,,22525000.0,22525000,13,False
"Eugene Brewing OR Investments, LLC",19-MAY-2026,Other Real Estate,TX,2026.0,,0,0,False
"PG Austin Investors, LLC",19-MAY-2026,Other Real Estate,GA,2025.0,80300000.0,10449867,80,False
"Influence Craft, Inc.",19-MAY-2026,Other Technology,CA,2026.0,,350000,4,False
"PG Austin Investors RC, LLC",19-MAY-2026,Other Real Estate,GA,2025.0,80300000.0,11524791,105,False
OLIVE JFK QB LLC,19-MAY-2026,Other Banking and Financial Services,NY,2025.0,56000000.0,7200000,9,False
"PG Austin Investors RC, LLC",19-MAY-2026,Other Real Estate,GA,2025.0,80300000.0,11425791,105,False
"200 North Seventh Avenue Joint Venture, LLC",19-MAY-2026,Residential,CO,2026.0,,0,0,False
"Let Go Film, LLC",19-MAY-2026,Other,CO,2025.0,3850000.0,350000,2,False
Brighton 48 LLC,19-MAY-2026,Commercial,CO,2025.0,6000000.0,700000,5,False
"PG Austin Investors RC, LLC",19-MAY-2026,Other Real Estate,GA,2025.0,80300000.0,11524791,105,False
"Caliber HS Georgetown FundCo, LLC",19-MAY-2026,Other Real Estate,AZ,2024.0,8000000.0,25000,1,False
Are You Now Ltd Liability Co,19-MAY-2026,Other,NY,2026.0,1650000.0,0,0,False
"PG Prattville Investors, LLC",19-MAY-2026,Other Real Estate,GA,2026.0,7236000.0,1470000,13,False
"PG EB5 Sugar Lender, LLC",19-MAY-2026,Other Real Estate,GA,2025.0,28000000.0,5600000,7,False
Investorresidences.com 10 Property Fund LP,19-MAY-2026,Other Real Estate,HI,2022.0,,4189080,46,False
"Fresenius Medical Care Council Bluffs, LLC",19-MAY-2026,Other Health Care,MA,2024.0,3771986.0,3771986,2,False
"PG EB5 Gatlinburg Lender, LLC",19-MAY-2026,Other Real Estate,GA,2025.0,40000000.0,28800000,36,False
JACKSONVILLE AVENUES PICKLERAGE HOLDING LLC,19-MAY-2026,Retailing,FL,2024.0,925000.0,0,0,False
"Centre City Residential OZF, LLC",19-MAY-2026,Other Real Estate,OH,2026.0,2890000.0,2890000,5,False
NexPoint Small Bay III DST,19-MAY-2026,Other Real Estate,TX,2025.0,50382493.0,21716927,71,False
"CLEATUS, Inc.",19-MAY-2026,Other Technology,VA,2026.0,3999994.0,3999994,3,False
Glen Burnie PickleRage Holding LLC,19-MAY-2026,Retailing,FL,2023.0,700000.0,211176,2,False
dml.solutions Inc.,19-MAY-2026,Other Technology,CA,2023.0,2000000.0,125000,5,False
King Arthur Fund 1 LLC,19-MAY-2026,Other Real Estate,WA,2025.0,50000000.0,2170000,12,False
22100 Johnson Dr LLC,19-MAY-2026,Commercial,WI,2026.0,1586280.0,1351840,17,False
Nationwide PPVUL Separate Account 7,19-MAY-2026,Insurance,OH,2022.0,,78825451,2,False
Roers Affordable Housing Fund LLC,19-MAY-2026,Other Real Estate,MN,2025.0,50000000.0,28500000,5,False
NATIONWIDE PPVUL SEPARATE ACCOUNT 6,19-MAY-2026,Insurance,OH,,,3806252689,4,True
Nationwide PPVUL Separate Account - 5,19-MAY-2026,Insurance,OH,,,26812037,11,False
Integro Bank,19-MAY-2026,Commercial Banking,AZ,2022.0,10500000.0,2403471,25,False
"Merger Financial, Inc.",19-MAY-2026,Other Technology,WA,2025.0,479120.0,479120,2,False
Nationwide PPVUL Separate Account - 4,19-MAY-2026,Insurance,OH,,,5377606474,9,True
Nationwide PPVUL Separate Account - 3,19-MAY-2026,Insurance,OH,,,1917373804,164,True
Nationwide Private Placement Variable Account PPLI - A,19-MAY-2026,Insurance,OH,,,2042600,4,False
NexPoint Waterford DST,19-MAY-2026,Other Real Estate,TX,2025.0,31360817.0,633297,3,False
Nationwide PPVUL Separate Account - AC1,19-MAY-2026,Insurance,OH,2021.0,,162974028,30,True
GREEN CETA UK Ltd,19-MAY-2026,Other Technology,K3,2024.0,5000000.0,0,0,False
RAS Technologies Income Fund LLC,19-MAY-2026,Agriculture,FL,2026.0,30000000.0,0,0,False
NATIONWIDE PRIVATE PLACEMENT VARIABLE ACCOUNT,19-MAY-2026,Insurance,OH,,,10064230210,443,True
Nationwide Private Placement Variable Account - E,19-MAY-2026,Insurance,OH,,,133364197,4,True
"Capital Funding Bancorp, Inc.",19-MAY-2026,Commercial Banking,MD,,35000000.0,35000000,8,False
Nationwide BOLI Private Placement Variable Account,19-MAY-2026,Insurance,OH,,,6004555092,66,True
"ProcessMiner, Inc.",19-MAY-2026,Other Technology,CA,2025.0,3400000.0,2649999,1,False
"JV Management, Inc.",19-MAY-2026,Residential,TX,2026.0,344000.0,344000,2,False
"LB Investments AZ, LLC",19-MAY-2026,Other Real Estate,UT,2026.0,30600000.0,30600000,92,False
NexPoint Oasis DST,19-MAY-2026,Other Real Estate,TX,2025.0,46331389.0,24356374,83,False
BLDG Woodmark LP,19-MAY-2026,Residential,CA,2025.0,11994700.0,11994700,76,False
Finresi Bridge GP LLC,19-MAY-2026,Other Real Estate,PA,2023.0,,6644135,54,False
"Guickly, Inc.",19-MAY-2026,Other Technology,CA,2025.0,5000000.0,4234993,7,False
"685ARD-CO, LLC",19-MAY-2026,Commercial,AZ,2023.0,2000000.0,195000,6,False
"WGV Real Estate Fund I, LLC",19-MAY-2026,Other Real Estate,IN,2025.0,100000000.0,4585699,28,False
"Lirio, Inc.",19-MAY-2026,Other Technology,TN,,20000000.0,1600000,10,False
CF Biscayne Multifamily DST,19-MAY-2026,Residential,NY,2026.0,112650000.0,0,0,False
"E DRAY 20/20, LLC",19-MAY-2026,Other,NC,,3000000.0,3000000,2,False
RPX Gold Inc.,19-MAY-2026,Other,A6,,1730777.0,1496123,2,False
Everline Income Strategy LLC,19-MAY-2026,Other,FL,2026.0,10000000.0,210000,3,False
"E DRAY 20/20, LLC",19-MAY-2026,Other,NC,,1000000.0,1000000,1,False
"Flora Coatings, Inc.",19-MAY-2026,Other,AZ,2022.0,100000.0,100000,2,False
"LightenUp Acquisition Co., LLC",19-MAY-2026,Other,AZ,2026.0,10721500.0,10721500,101,False
Commonwealth Glass Services LLC,19-MAY-2026,Manufacturing,VA,2025.0,550000.0,550000,9,False
HPI Farmhouse DST,19-MAY-2026,Other Real Estate,CT,2025.0,28848598.0,22819652,75,False
"BR Diversified Industrial Portfolio 6, DST",19-MAY-2026,Other Real Estate,NY,2025.0,71017713.0,71017713,128,False
"HRE Terasa Pref Investors, LLC",19-MAY-2026,Other Real Estate,MN,2026.0,8275000.0,350000,2,False
Secon,19-MAY-2026,Other Health Care,AL,,2000000.0,200000,1,False
"E DRAY 20/20, LLC",19-MAY-2026,Other,NC,,5453453.0,5453453,5,False
Old Glory Holding Co,19-MAY-2026,Other Banking and Financial Services,OK,2021.0,7000000.0,6100000,68,False
"E DRAY 20/20, LLC",19-MAY-2026,Other,NC,,1445000.0,1445000,6,False
MEDICAL EXERCISE INC.,19-MAY-2026,Other Health Care,A9,2023.0,1000000.0,110500,10,False
"FirstParty, Inc.",19-MAY-2026,Other Technology,NY,,1000000.0,500000,2,False
WaCap - O Transportation Infrastructure Capital Partners Feeder LLC,19-MAY-2026,Investing,WA,2022.0,,127716428,12,True
Apex Lending Advisors,19-MAY-2026,REITS and Finance,CA,2024.0,1000000.0,1000000,5,False
"1080 Network, Inc.",19-MAY-2026,Other Technology,TX,,7052499.0,5609793,2,False
Cerberus Kaysville Fund 1 LLC,19-MAY-2026,Commercial,UT,2025.0,1800000.0,235000,7,False
"Fiera US Real Estate Debt Fund, L.P.",19-MAY-2026,Other Real Estate,NY,2024.0,,100000000,1,True
Case For Christmas Movie LLC,19-MAY-2026,Other,FL,2026.0,1500000.0,0,0,False
BLDG Sycamore LP,19-MAY-2026,Residential,CA,2025.0,7419300.0,7419300,74,False
FORTRESS CREDIT REALTY INCOME TRUST,19-MAY-2026,REITS and Finance,NY,2024.0,,1334593143,3384,True
Fortress Net Lease REIT,19-MAY-2026,REITS and Finance,NY,2023.0,,1784413739,7019,True
Willow Park 51 LLC,19-MAY-2026,Commercial,OR,2026.0,2460000.0,2460000,6,False
"HYPERION RETAIL OPPORTUNITY FUND II, LP",19-MAY-2026,Commercial,CA,,100000000.0,35975000,306,False
"Med AI Diagnostics, LLC",19-MAY-2026,Other,MI,2024.0,1000000.0,1000000,1,False
"FAC Badger, LLC",19-MAY-2026,Commercial,WA,2026.0,6910000.0,6910000,40,False
Saginaw RV LLC,19-MAY-2026,Commercial,TX,2025.0,825000.0,0,0,False
DaisyChain Energy Inc.,19-MAY-2026,Other Technology,NY,2024.0,6679982.0,5349978,34,False
Method Film LLC,19-MAY-2026,Other,CA,2025.0,225000.0,25000,1,False
Cambrian Network Inc.,19-MAY-2026,Other Technology,TX,2024.0,4278500.0,3701500,2,False
Cosmos Fund LLC,19-MAY-2026,Other,FL,2024.0,,5848106,99,False
Intentful Inc,19-MAY-2026,Other Technology,NY,2025.0,1500000.0,100000,1,False
SecondAppraisal Inc,19-MAY-2026,Other,UT,2026.0,50000.0,50000,1,False
Maisa AI Inc.,19-MAY-2026,Other Technology,DE,2024.0,5000000.0,5000000,1,False
Caliber Core Plus Growth & Income Fund LLC,18-MAY-2026,Other Real Estate,AZ,2022.0,,2937543,31,False
"4L Data Intelligence, Inc.",18-MAY-2026,Other Technology,FL,,,1000000,3,False
Remedium Bio Inc.,18-MAY-2026,Biotechnology,MA,,10000000.0,1500000,1,False
"QRH Prop Five, LLC",18-MAY-2026,Commercial,TX,2025.0,13000000.0,0,0,False
"Alta Smiles, Inc.",18-MAY-2026,Other Health Care,PA,2024.0,5000000.0,4300000,7,False
TheHouse x 120 Landmark Holding Co LLC,18-MAY-2026,Commercial,DE,2026.0,100000.0,100000,1,False
"BLONSKYS GOURMET, LLC",18-MAY-2026,Other,FL,,1000000.0,790000,15,False
"Series Fund T, a series of UM Pre-IPO Portfolio Fund II LLC",18-MAY-2026,Other,NY,2021.0,,0,0,False
Alachua Outparcel LLC,18-MAY-2026,Commercial,FL,2026.0,1800000.0,1800000,6,False
"Old Brooklyn Cheese Company, LLC",18-MAY-2026,Other,OH,,3000000.0,649976,10,False
"Canyon QOF FundCo, LLC",18-MAY-2026,Other Real Estate,AZ,2025.0,,5895000,17,False
"Wipeout Beverages Company, LLC",18-MAY-2026,Manufacturing,TX,2025.0,1500000.0,50000,1,False
Kachuwa Investment Cooperative PBC,18-MAY-2026,Commercial,CO,,5000000.0,0,0,False
Ameyalli Resort LLC,18-MAY-2026,Other Real Estate,UT,2024.0,20000000.0,15000000,2,False
Domestic Metals Corp.,18-MAY-2026,Other,A1,,3293142.0,25516,1,False
"HighGrove Holdings, LLC/MO",18-MAY-2026,Other,MO,2025.0,2000000.0,2000000,1,False
"Nomad Development, Inc.",18-MAY-2026,Other Real Estate,NC,,2500000.0,85000,2,False
AB Science S.A.,18-MAY-2026,Biotechnology,I0,,2989368.0,2989368,2,False
"Continental Realty Opportunistic Retail Fund II, L.P.",18-MAY-2026,Other Real Estate,MD,2025.0,,187471000,179,True
HowToo Inc.,18-MAY-2026,Other Technology,NV,2022.0,3500000.0,3032500,19,False
Beasley 318 LB LP,18-MAY-2026,Residential,TX,2026.0,10700000.0,6600090,27,False
"Heartland Fund I, LLC",18-MAY-2026,Commercial,FL,2026.0,3500000.0,3500000,11,False
"Continental Realty Opportunistic Retail Fund II-B, L.P.",18-MAY-2026,Other Real Estate,MD,2025.0,,20650000,12,False
ARCTRUST Exchange DST,18-MAY-2026,Commercial,NJ,2026.0,12245000.0,0,0,False
"ReelReactor, Inc.",18-MAY-2026,Biotechnology,ID,2022.0,500000.0,500000,1,False
DVR FARM TRUST,18-MAY-2026,Other Real Estate,KY,,50000000.0,0,0,False
BLAVIN CAPITAL PARTNERS LLC,18-MAY-2026,Investing,MI,2026.0,100000000.0,3000000,1,False
Vulnetic Inc.,18-MAY-2026,Computers,VA,2025.0,,35000,2,False
Smash the Mirror LLC,18-MAY-2026,Other,NJ,2026.0,3700000.0,0,0,False
"ATP Energy, Inc.",18-MAY-2026,Other Technology,CA,2025.0,1000000.0,1000000,1,False
BP Opportunity I LLC,18-MAY-2026,Other,NY,2026.0,2150000.0,2150000,9,False
"Imagen Cosmetic Smiles Support Services, LLC",18-MAY-2026,Other Health Care,AZ,2026.0,801667.0,801667,1,False
"SJBC Commercial XXVII, LLC",18-MAY-2026,Commercial,TX,2022.0,8250000.0,8250000,12,False
"Blue Sky Miners, Inc.",18-MAY-2026,Retailing,MN,2021.0,2000000.0,108000,1,False
Ezra AI Labs Inc.,18-MAY-2026,Other Technology,CA,2024.0,4618495.0,4618495,10,False
Honor & Fire LLC,18-MAY-2026,Business Services,MI,,1000000.0,500000,5,False
Cloudsmith Inc.,18-MAY-2026,Other Technology,NY,2024.0,49999992.0,49999992,8,False
"Journify Learning, Inc.",18-MAY-2026,Other,CA,2025.0,3849998.0,3849998,10,False
Two Six Technologies Holdings Inc.,18-MAY-2026,Other Technology,VA,2021.0,,2200000,3,False
StreamLayer Inc.,18-MAY-2026,Other Technology,IL,,2500000.0,1750000,5,False
"MPC Federal 2026 Historic ICF 1, LLC",18-MAY-2026,Other Real Estate,GA,2026.0,,0,0,False
Neuraville Inc,18-MAY-2026,Computers,PA,2023.0,1000000.0,135000,5,False
"Mason Street Training, Inc.",18-MAY-2026,Other,CT,2025.0,4000000.0,0,0,False
HTI TECHNOLOGIES HOLDING CORP.,18-MAY-2026,Other Technology,CT,,3705516.0,3061224,1,False
"ThinkBio.Ai, Inc",18-MAY-2026,Biotechnology,CA,2024.0,20000000.0,0,0,False
Staymatic Inc,18-MAY-2026,Computers,FL,2026.0,700000.0,50000,1,False
USEDC Opportunity Zone IV LP,18-MAY-2026,Oil and Gas,TX,2026.0,100000000.0,300000,0,False
USEDC 2026 Drilling Fund 1 LP,18-MAY-2026,Oil and Gas,TX,2026.0,250000000.0,400000,0,False
"CultureRoot, Inc.",18-MAY-2026,Other,NY,2026.0,,150000,1,False
Gaingels PredictEX LLC,18-MAY-2026,Other,VT,2026.0,97609.0,97609,7,False
"Tencarva Coinvest, LLC",18-MAY-2026,Other,NC,2021.0,971344.0,971344,20,False
FARE Holding LLC,18-MAY-2026,Restaurants,IL,,3000000.0,792997,8,False
"SKIPPER LABS, INC.",18-MAY-2026,Other Technology,WA,2026.0,329998.0,329998,2,False
"Evallo's Laboratories, Corp.",18-MAY-2026,Other Technology,NJ,2025.0,700000.0,700000,1,False
"Carka American Fund II, LLC",18-MAY-2026,Commercial,VA,2023.0,10000000.0,8104000,98,False
MEDICAL EXERCISE INC.,18-MAY-2026,Other Health Care,A9,2023.0,100000.0,52200,46,False
"Cotan Labs, Inc.",18-MAY-2026,Other Technology,CA,2025.0,10000000.0,300000,19,False
WindowEdge AI Inc.,18-MAY-2026,Other Technology,WA,2025.0,3000000.0,125000,1,False
"MPSC 2257 HIGH, LP",18-MAY-2026,Commercial,TX,2026.0,40300000.0,40300000,20,False
"PAVA Holdings, LLC",18-MAY-2026,Business Services,FL,2026.0,86076211.0,86076211,30,False
"Hide Production, LLC",18-MAY-2026,Other,IA,2025.0,1750000.0,1000000,2,False
MIM CORNERSTONE LLC,18-MAY-2026,REITS and Finance,CA,2024.0,32000000.0,1600000,2,False
"Courseview SPV II, LLC",18-MAY-2026,Business Services,FL,2024.0,46500000.0,46500000,10,False
Peppermist Co,18-MAY-2026,Retailing,DE,2025.0,20000.0,20000,2,False
Shape Memory Medical Inc.,18-MAY-2026,Other Health Care,CA,,17000000.0,17000000,44,False
Cerberus Kaysville Fund 1 LLC,18-MAY-2026,Commercial,UT,2025.0,1500000.0,235000,7,False
JR Hyde Park Blvd LLC,15-MAY-2026,Residential,CA,2026.0,6550000.0,6550000,15,False
SKYX Platforms Corp.,15-MAY-2026,Other Technology,FL,,186984.0,186984,2,False
Future Star Wealth Investment Center Ltd.,15-MAY-2026,Investing,CO,2025.0,,100000000,1000,True
RenX Enterprises Corp.,15-MAY-2026,Other,FL,2021.0,100000000.0,6300000,3,False
"MC Bancshares, Inc./LA",15-MAY-2026,Commercial Banking,LA,2025.0,59927202.0,57119149,133,False
Estately Operations LLC,15-MAY-2026,Other Real Estate,IL,2026.0,,0,0,False
"MapperHealth, LLC",15-MAY-2026,Other Health Care,AZ,,9950000.0,8200000,47,False
LV MONT SPV LLC,15-MAY-2026,Commercial,UT,2026.0,10000000.0,2000000,1,False
"Shuttle Pharmaceuticals Holdings, Inc.",15-MAY-2026,Other Technology,MD,,9955000.0,9955000,47,False
Zero Motorcycles Inc.,15-MAY-2026,Manufacturing,CA,,,15000000,1,False
GS Finance Corp.,15-MAY-2026,Investment Banking,NY,,399000.0,399000,1,False
"Prism Layer AI, Inc.",15-MAY-2026,Other Technology,DE,2026.0,1000000.0,1000000,8,False
Aurexus Capital Solutions LLC,15-MAY-2026,Investing,PR,2025.0,18210000.0,18210000,2,False
MEDICAL EXERCISE INC.,15-MAY-2026,Other Health Care,FL,2023.0,,110500,1,False
Solvanta Funding 2025-1 LLC,15-MAY-2026,Investing,PR,2025.0,18020000.0,18020000,2,False
Summit Ridge 2024 LLC,15-MAY-2026,Investing,PR,2024.0,18020000.0,18020000,2,False
Pinnacle Harbor LLC,15-MAY-2026,Investing,PR,2024.0,17460000.0,17460000,2,False
"IB Multifamily Investments, LLC",15-MAY-2026,Other Real Estate,NE,2026.0,10000000.0,750000,1,False
"Auxilium Health, Inc.",15-MAY-2026,Biotechnology,OH,2022.0,4000000.0,3000000,13,False
"EMIP 24, LLC",15-MAY-2026,REITS and Finance,NY,2025.0,,730000,38,False
Solinas Technologies Inc.,15-MAY-2026,Other Technology,A0,2022.0,72859.0,72859,1,False
"Majesty Therapeutics, Inc.",15-MAY-2026,Biotechnology,FL,2024.0,5000000.0,100000,3,False
Copper State Credit Union,15-MAY-2026,Commercial Banking,AZ,,10000000.0,10000000,1,False
"Shortcut Mobile, Inc.",15-MAY-2026,Other Technology,PA,,,100000,1,False
"PETROVYBE PARTNERS, LP",15-MAY-2026,Oil and Gas,TX,2023.0,250000000.0,32131500,180,False
"Spring Care, Inc.",15-MAY-2026,Other,NY,,,0,577,False
VST Operating Corp.,15-MAY-2026,Biotechnology,WI,2023.0,2187490.0,1684732,29,False
Cupressus Apartments LLC,15-MAY-2026,Other Real Estate,WA,2026.0,3500000.0,0,0,False
Vigo Special Opportunity I LLC,15-MAY-2026,Other,FL,2026.0,100000000.0,1000000,1,False
Robey Street Equity LLC,15-MAY-2026,Residential,NY,2026.0,10000000.0,1675000,4,False
"Veradermics, Inc",15-MAY-2026,Other Health Care,CT,2021.0,29999997.0,29999997,2,False
"Tencarva Holdings I, Inc.",15-MAY-2026,Other,NC,,4776131.0,4776131,60,False
"MOVA Technologies, Inc.",15-MAY-2026,Agriculture,VA,,2500000.0,2500000,51,False
"Blitzy, Inc.",15-MAY-2026,Other Technology,MA,2023.0,190000000.0,188797694,38,True
DPCK LLC,15-MAY-2026,Other Technology,WA,2026.0,250000.0,250000,5,False
"DPF Resolutions, LLC",15-MAY-2026,Other,TX,2021.0,3840000.0,768000,2,False
"GENI COMPUTERS, INC.",15-MAY-2026,Other Technology,NY,2025.0,2000000.0,1840000,6,False
"Brooklyn Dumpling Parent Holdings, Inc.",15-MAY-2026,Other,NJ,2023.0,80000.0,80000,2,False
Tugboat Solutions Inc.,15-MAY-2026,Other,ND,2023.0,3999999.0,2769998,10,False
LV MONT SPV LLC,15-MAY-2026,Commercial,UT,2026.0,10000000.0,0,0,False
Counterpart Holdings Inc.,15-MAY-2026,Other Technology,CA,2021.0,50000000.0,50000000,7,False
Hancock Timberland & Farmland Fund LP,15-MAY-2026,Other Real Estate,MA,,4250000.0,4250000,1,False
"Hickory Portfolio Ltd Partners, LLC",15-MAY-2026,Residential,NC,2026.0,1090000.0,315000,8,False
KeyRooted Inc.,15-MAY-2026,Business Services,TN,2026.0,750000.0,750000,1,False
SKAI INNOVATIONS INC.,15-MAY-2026,Other Technology,AZ,2026.0,600000.0,300000,4,False
"Kepler Software, Inc.",15-MAY-2026,Other Technology,CA,2023.0,36164297.0,36164297,157,False
"Bayesline, Inc.",15-MAY-2026,Other Technology,NY,2024.0,6194999.0,5785478,47,False
"Trellis Bioscience, Inc.",15-MAY-2026,Biotechnology,CA,,,6093000,16,False
PRidge Investors LLC,15-MAY-2026,Residential,NC,2026.0,8506543.0,8506543,30,False
7FF B Fund LLC,15-MAY-2026,Commercial,FL,2026.0,50000000.0,0,0,False
Acretrader 278 LLC,15-MAY-2026,Other Real Estate,AR,2025.0,1558000.0,1558000,35,False
Sportsline Technologies Inc.,15-MAY-2026,Other,NY,2024.0,18784236.0,18784236,43,False
Kin Denver DVM Group LLC,15-MAY-2026,Other Health Care,CO,2025.0,,625000,8,False
7FF C Fund LLC,15-MAY-2026,Commercial,FL,2026.0,50000000.0,0,0,False
TALENT SOURCE SOLUTIONS CORP.,15-MAY-2026,Business Services,FL,2023.0,,7421000,31,False
Polly-Armist Properties LLC,15-MAY-2026,Commercial,IL,2026.0,800000.0,800000,0,False
Northern Blvd Holding LLC,15-MAY-2026,Commercial,PA,2026.0,1460000.0,1460000,0,False
"Legacy Property Trust, Inc.",15-MAY-2026,REITS and Finance,MN,2026.0,500000000.0,0,0,False
Posh Nutrition LLC,15-MAY-2026,Other,AZ,2026.0,1000000.0,200000,1,False
Vadnais Heights Senior Coupon LLC,15-MAY-2026,Other Real Estate,MN,2026.0,2000000.0,0,0,False
Vadnais Heights H.A. LLC,15-MAY-2026,Other Real Estate,MN,2026.0,8000000.0,0,0,False
"ForGood Technologies, LLC",15-MAY-2026,Other Technology,WY,2025.0,1500000.0,0,1,False
"SC Honea Path N Shirley, LLC",15-MAY-2026,Commercial,SC,2026.0,,500000,6,False
Pearl Street Hospitality LLC,15-MAY-2026,Other Real Estate,TX,2026.0,1200000.0,0,0,False
Blink Technologies Inc.,15-MAY-2026,Other Technology,CA,,9000000.0,8400000,43,False
"Spin Joy Holdings, LLC",15-MAY-2026,Other,AR,2025.0,8631875.0,8631875,33,False
"Data Management & Compliance, Inc. DBA Warchest",15-MAY-2026,Computers,MA,2024.0,3500000.0,2203000,25,False
"HeroWear Holdings, Inc.",15-MAY-2026,Other,TN,,3001970.0,3000000,1,False
"Xenagos Bio, Inc.",15-MAY-2026,Biotechnology,PA,2025.0,2520000.0,2520000,23,False
ZRP Avalon Crossing LLC,15-MAY-2026,Commercial,SC,2026.0,5680000.0,5680000,52,False
"Ananya Health, Inc.",15-MAY-2026,Other Health Care,CA,,,404000,5,False
New Club Investment. LLC,15-MAY-2026,Other,OH,2023.0,1470000.0,1184000,14,False
Momentum Commercial Management LLC,15-MAY-2026,Commercial,OK,2022.0,3473374.0,3473374,15,False
Flowtex Apex Joint Venture,15-MAY-2026,Oil and Gas,TX,2026.0,6809925.0,150000,1,False
ZRP Avalon Crossing LLC,15-MAY-2026,Commercial,SC,2026.0,5680000.0,5680000,52,False
TALENT SOURCE SOLUTIONS CORP.,15-MAY-2026,Business Services,FL,2023.0,,7551400,37,False
"Arabella Real Estate Fund, LLC",15-MAY-2026,Residential,GA,2022.0,75000000.0,14062404,188,False
"Mel Fisher Expeditions 2026, LLC",15-MAY-2026,Other,FL,2025.0,3500000.0,548500,35,False
"Scope Anesthesia of North Carolina, PLLC",15-MAY-2026,Other Health Care,NC,,77270.0,77270,5,False
TFND Inc,15-MAY-2026,REITS and Finance,NY,2026.0,1500000.0,600000,6,False
Greenheart Gold Inc.,15-MAY-2026,Other,A8,2024.0,3449800.0,3449800,1,False
"FSB Financial Services, Inc.",15-MAY-2026,Other Banking and Financial Services,IA,,30000000.0,30000000,24,False
Graton Station,15-MAY-2026,Restaurants,CA,2025.0,750000.0,625000,11,False
"MedZero, Inc.",15-MAY-2026,Other Technology,OR,,4500000.0,3905000,25,False
SpeedBridge Fund D LLC,15-MAY-2026,REITS and Finance,UT,2026.0,75000000.0,0,0,False
"UNIVERSITY VILLAGE LIVING, LLC",15-MAY-2026,Commercial,OH,2026.0,2200000.0,0,0,False
"Reno City Center Owner, LLC",15-MAY-2026,Commercial,NC,2022.0,51422000.0,2206000,1,False
"Athos Therapeutics, Inc.",15-MAY-2026,Pharmaceuticals,CA,,20000000.0,10282887,40,False
Bitcoin Secured Yield Fund 1 LLC,15-MAY-2026,Other,CO,2026.0,40000000.0,0,0,False
Global Gardens LLC,15-MAY-2026,Other,FL,2025.0,7500000.0,4335000,25,False
Mason/Avant Infrastructure Fund LLC,14-MAY-2026,Oil and Gas,CA,2026.0,6000000.0,0,0,False
"CineFund Holdings, Inc.",14-MAY-2026,Other Technology,TX,2026.0,500000.0,40000,1,False
151 N Chestnut Holdings LLC,14-MAY-2026,Other,NY,2025.0,7200000.0,0,0,False
"SG 5Q Holdings, LLC",14-MAY-2026,Other,NY,2026.0,32755000.0,32755000,6,False
"7819 Kensington CT, LLC",14-MAY-2026,Residential,AZ,,24225000.0,0,0,False
"SG 5Q Management Holdings, LLC",14-MAY-2026,Other,NY,2026.0,549220.0,549220,4,False
"SG 5Q Investment, LLC",14-MAY-2026,Other,NY,2026.0,19525000.0,19525000,7,False
LCH 4 LLC,14-MAY-2026,Commercial,TX,2026.0,3000000.0,0,0,False
Omega Property Fund LLC,14-MAY-2026,Other Real Estate,NC,2026.0,10000000.0,0,0,False
Mason Avant Fund LLC,14-MAY-2026,Commercial,CA,2026.0,6000000.0,0,0,False
Patriot Critical Minerals Corp.,14-MAY-2026,Other,A1,2023.0,395000.0,395000,7,False
"IK Start USA, LLC",14-MAY-2026,Other,PA,2024.0,4000000.0,3975000,29,False
"Aspiriant Holdings, LLC",14-MAY-2026,Investing,CA,,6920334.0,6920334,28,False
iSpecimen Inc.,14-MAY-2026,Other,MA,,2500000.0,2500000,2,False
R. Homes Capital LLC,14-MAY-2026,Residential,DE,2026.0,30000000.0,0,0,False
"Tamiami Medical Properties, L.P.",14-MAY-2026,Commercial,OH,2026.0,5685000.0,0,0,False
Birgo Opportunistic Fund LP,14-MAY-2026,Commercial,PA,2023.0,50000000.0,9108198,50,False
"2026.001 WWS Acquisition Investors, LLC",14-MAY-2026,Other,FL,2025.0,15000000.0,0,0,False
"WWS Enterprises, LLC",14-MAY-2026,Other,FL,2021.0,15000000.0,100000,1,False
Dwight Mortgage Trust LLC,14-MAY-2026,REITS and Finance,NY,,,505154120,678,True
Zeller Centennial Investors LP,14-MAY-2026,Commercial,IL,2026.0,9175000.0,9175000,16,False
Momentum Commercial Management LLC,14-MAY-2026,Commercial,OK,2022.0,12923460.0,12923460,20,False
This Bank Ltd,14-MAY-2026,Other Banking and Financial Services,X0,,6926310.0,6926310,3,False
"BRIDGE STREET 11 HOTEL INVESTORS, LLC",14-MAY-2026,Commercial,NY,2025.0,4830000.0,4830000,20,False
"MCR Macon Investco, LLC",14-MAY-2026,Residential,AZ,2026.0,11575000.0,0,0,False
Evolution Metals & Technologies Corp.,14-MAY-2026,Other,FL,2021.0,100000000.0,20000000,1,False
"Cue Biopharma, Inc.",14-MAY-2026,Biotechnology,MA,,29999992.0,29999992,118,False
TALENT SOURCE SOLUTIONS CORP.,14-MAY-2026,Business Services,FL,2023.0,,7251400,37,False
TALENT SOURCE SOLUTIONS CORP.,14-MAY-2026,Business Services,FL,2023.0,,7251400,37,False
SF Insuretech Inc.,14-MAY-2026,Insurance,CA,,4000000.0,1400000,4,False
PPUSA B Partners 2 LP,14-MAY-2026,Commercial,FL,2026.0,120000000.0,500000,1,False
"ProximityParks USA-FFF, LP",14-MAY-2026,Commercial,FL,2026.0,120000000.0,1600000,5,False
"CM2 Holdings, LLC",14-MAY-2026,Manufacturing,MN,2026.0,25800000.0,25800000,1,False
ProximityParks USA Founders Fund LP,14-MAY-2026,Commercial,FL,2025.0,120000000.0,25150000,18,False
LRE SAVANNAH CO-INVEST LLC,14-MAY-2026,Other Real Estate,NY,2026.0,5000000.0,2600000,20,False
"Track Group, Inc.",14-MAY-2026,Other Technology,IL,,10315000.0,10315000,10,False
"Frontier Community Bancshares, Inc.",14-MAY-2026,Commercial Banking,TX,,29000000.0,29000000,30,False
"cultivate(MD) Capital Focus Fund, L.P.",14-MAY-2026,Investing,MI,2026.0,50000000.0,2170000,16,False
Wedge Alternative Fund LLC,14-MAY-2026,Other,CA,2026.0,100000000.0,100000,1,False
BAYHORSE SILVER INC.,14-MAY-2026,Other,A1,,465948.0,191861,1,False
"ECPH, LLC",14-MAY-2026,Other Health Care,TX,,,74609369,277,False
"EB5 Lauderdale Lender, LLC",14-MAY-2026,Other,FL,2025.0,144000000.0,800000,0,False
West Street Private Credit Offshore LP,14-MAY-2026,Investing,NY,2022.0,,10136541,8,False
"Solius Labs, Inc.",14-MAY-2026,Other Health Care,WA,,17911021.0,3500000,2,False
"Griffin Capital (Union - Kansas City, MO) DST",14-MAY-2026,Other Real Estate,CA,2025.0,59873419.0,35319582,75,False
StratGrid Inc.,14-MAY-2026,Business Services,A0,2025.0,2532500.0,10000,1,False
Swish Holdings Inc.,14-MAY-2026,Other Technology,NY,2026.0,27000000.0,1200000,0,False
"Solius Labs, Inc.",14-MAY-2026,Other Health Care,WA,,23493691.0,23493691,11,False
Level 5 Stone Ridge Centerville Ohio LLC,14-MAY-2026,Commercial,OH,2026.0,500000.0,0,0,False
Anabaptist Equities LLC,14-MAY-2026,Other,TX,2025.0,15000000.0,1555000,6,False
"Carolina Lithotripsy, A Ltd Partnership",14-MAY-2026,Other Health Care,TX,,23942.0,23942,2,False
Level 5 Multifamily Growth 1 LLC,14-MAY-2026,Commercial,OH,2026.0,5000000.0,0,0,False
"Resource Management Service, LLC",14-MAY-2026,Other Real Estate,AL,,3532167.0,3532167,9,False
"Griffin Capital Development Partners Fund III, L.P.",14-MAY-2026,Other Real Estate,CA,2025.0,100000000.0,15225271,70,False
Level 5 Texas Triangle SA LLC,14-MAY-2026,Commercial,OH,2026.0,2000000.0,0,0,False
HC DHME Member LLC,14-MAY-2026,Commercial,TX,2026.0,2287500.0,2050000,7,False
OG Acquisitions LLC,14-MAY-2026,Other Banking and Financial Services,NY,2026.0,,0,0,False
"Super League Enterprise, Inc.",14-MAY-2026,Other Technology,CA,,5142846.0,4313058,1,False
"Brook, Inc.",14-MAY-2026,Other Technology,WA,,27000000.0,20042000,3,False
"Truepointe Brick House Blue, LLC",14-MAY-2026,Commercial,OH,2024.0,1186400.0,700000,4,False
Lunar Outpost Inc,14-MAY-2026,Other Technology,CO,,37115096.0,32115099,18,False
EMT XVI LLC,14-MAY-2026,Commercial,KY,2022.0,125000.0,125000,3,False
EMT XI LLC,14-MAY-2026,Commercial,KY,,2210000.0,2210000,19,False
"Resource Management Service, LLC",14-MAY-2026,Other Real Estate,AL,,3532167.0,3532167,9,False
EMT XIII LLC,14-MAY-2026,Commercial,KY,2022.0,205000.0,205000,7,False
EMT IV LLC,14-MAY-2026,Commercial,KY,,15000.0,15000,1,False
"Veritas Water Royalties, LP",14-MAY-2026,Other,TX,2026.0,30000000.0,30000000,19,False
GovWell Technologies Inc.,14-MAY-2026,Other Technology,NY,2023.0,28999981.0,28999981,10,False
NovaData Solutions Inc.,14-MAY-2026,Other Technology,PA,2021.0,3465000.0,1694691,15,False
"GAFI INVESTOR HOLDCO, LLC",14-MAY-2026,Other Real Estate,FL,2023.0,13775510.0,13775510,12,False
"Modular Capital Investments, LLC",14-MAY-2026,Other Banking and Financial Services,CA,2022.0,,2850000,13,False
"Southwestern Livestock Leasing 2026, LLC",14-MAY-2026,Agriculture,TX,2026.0,10000000.0,0,0,False
Drone Volt S.A.,14-MAY-2026,Other Technology,I0,,3570824.0,3570824,3,False
Torquem Technologies Ltd.,14-MAY-2026,Other Technology,DE,2025.0,48000.0,12000,1,False
"Southwestern Livestock Leasing 2026-A, LLC",14-MAY-2026,Agriculture,TX,2026.0,10000000.0,0,0,False
"BROWN, BROWN & BROWN, INC.",14-MAY-2026,Other,NY,2022.0,2000000.0,1655751,4,False
Selkirk Copper Mines Inc.,14-MAY-2026,Other,A1,,2644987.0,2644987,6,False
Oakridge Dairy LLC,14-MAY-2026,Agriculture,CT,,1000000.0,220000,7,False
Investing Wolf LLC,14-MAY-2026,Investing,MT,2025.0,,7000000,11,False
Liqid Inc.,14-MAY-2026,Other Technology,CO,,15000000.0,8049983,5,False
Goldman Sachs Private Credit Corp.,14-MAY-2026,Investing,NY,2022.0,,9903446852,13758,True
"FSH INVESTOR, LLC",14-MAY-2026,Other Real Estate,FL,2023.0,75250000.0,38571429,9,False
"STUDENT FIRST, INC.",14-MAY-2026,Other Technology,FL,2021.0,5175030.0,5175030,1,False
"CleanHaus, Inc.",14-MAY-2026,Other Technology,OR,2024.0,1781000.0,1531000,13,False
Cognisolv Inc.,14-MAY-2026,Other Technology,DE,2022.0,480001.0,480001,0,False
"Gaius Therapeutics, Inc,",14-MAY-2026,Biotechnology,CA,2026.0,250000.0,60000,2,False
"DADoES, Inc.",14-MAY-2026,Other Technology,WA,,1000000.0,1000000,5,False
"HASTA Strategic Multifamily Fund 2023, LP",14-MAY-2026,Commercial,FL,2023.0,,4423378,6,False
MO TOWER LLC,14-MAY-2026,Commercial,MA,2024.0,14000000.0,4127000,18,False
"OLILO, Inc",14-MAY-2026,Other,CA,2025.0,500000.0,25000,1,False
Squad Technologies LLC,14-MAY-2026,Other Technology,PA,,8000000.0,6092000,11,False
Hotai Securities Inc,14-MAY-2026,Investing,DE,2026.0,100000000.0,0,0,False
VALKYRIE IV a Series of Opulentia Ventures X LLC,14-MAY-2026,Investing,VA,2026.0,522000.0,522000,17,False
VOLTX EX LTD.,14-MAY-2026,Investing,NY,2026.0,100000000.0,0,0,False
"Public Policy Holding Company, Inc.",14-MAY-2026,Other,DC,,300000.0,300000,2,False
VALKYRIE IV a Series of Opulentia Ventures X LLC,14-MAY-2026,Investing,VA,2026.0,440000.0,440000,13,False
NeuroMuse Inc.,14-MAY-2026,Other Technology,CA,2025.0,250000.0,110000,4,False
Hexa Capital LP,14-MAY-2026,Other,WA,2024.0,15000000.0,3900000,8,False
"Fellowship WL Investors, LLC",14-MAY-2026,Residential,GA,2026.0,25215432.0,25215432,20,False
"Innovatio Group, LLC",14-MAY-2026,Other Technology,IL,2024.0,1500000.0,1000000,11,False
"Indy Commerce, LP",14-MAY-2026,Commercial,FL,2026.0,4650000.0,4650000,20,False
PulsedLogic Inc.,14-MAY-2026,Other Health Care,CA,2025.0,5100000.0,2019000,3,False
Paxos Medical Inc.,14-MAY-2026,Other Health Care,MN,2023.0,5100000.0,2073000,3,False
"Biologic Capital, Inc.",14-MAY-2026,Other Banking and Financial Services,CA,2024.0,,25000,1,False
"315 Meigs Investors, LP",14-MAY-2026,Commercial,CA,2026.0,2500000.0,2050000,10,False
"EtiraRX, Inc.",14-MAY-2026,Biotechnology,TX,,3000003.0,2277533,21,False
Peakstone Realty Trust,14-MAY-2026,REITS and Finance,NY,,125000.0,123000,123,False
"CircuitHub, Inc.",13-MAY-2026,Other Technology,MA,,29361370.0,25472485,3,False
Grant Moresco Ltd Liability Co,13-MAY-2026,Other,NY,2026.0,,0,4,False
"MigmaAI, Inc",13-MAY-2026,Other Technology,U3,2025.0,330000.0,329989,1,False
"Milika, Inc.",13-MAY-2026,Other,NY,,4999993.0,4999993,3,False
"Adelphi Technology, Inc.",13-MAY-2026,Manufacturing,CA,,2637144.0,2637144,1,False
"Timely Topco, LLC",13-MAY-2026,Other Health Care,TX,2022.0,2708560.0,2708560,4,False
TCP-Velocity Fund II LLC,13-MAY-2026,Other Health Care,MA,2021.0,2306000.0,2306000,30,False
"Pillar Therapeutics, Inc.",13-MAY-2026,Biotechnology,MA,2026.0,25000000.0,14000000,2,False
OTTera Inc,13-MAY-2026,Other Technology,CA,,12000000.0,75000,1,False
Nova AI Software Inc.,13-MAY-2026,Other Technology,CA,2024.0,38434315.0,33534318,22,False
Red Light Holland Corp.,13-MAY-2026,Other,A6,,996757.0,996757,4,False
"Kettering Apartments I, LLC",13-MAY-2026,Residential,OH,2025.0,13400000.0,13000000,74,False
"Real American Wrestling, Inc.",13-MAY-2026,Other,FL,2025.0,16500000.0,11400000,10,False
Burr World Tour Ltd Liability Co,13-MAY-2026,Other,NY,2026.0,5000000.0,0,0,False
Meli Technologies Inc,13-MAY-2026,Other Technology,LA,2025.0,,100000,3,False
"Golden Waves Grain, LLC",13-MAY-2026,Agriculture,KS,2022.0,65000000.0,1700000,16,False
"Aunthentica AI, Inc",13-MAY-2026,Other Technology,LA,2025.0,100000.0,42000,7,False
"Golden Waves Grain, LLC",13-MAY-2026,Agriculture,KS,2022.0,15000000.0,4900000,51,False
ASK Signature Capital Partners LP,13-MAY-2026,Other Real Estate,TX,2025.0,3500000.0,180000,5,False
"CMB Infrastructure Investment Group 103, LP",13-MAY-2026,Commercial,TX,2025.0,54810000.0,0,0,False
EQ Inc.,13-MAY-2026,Other,A6,,410460.0,205230,1,False
ROQ LLC,13-MAY-2026,Retailing,WA,2023.0,1606250.0,0,0,False
Maneva Inc.,13-MAY-2026,Other,A6,2025.0,38407991.0,38407991,37,False
Seaboard Assets Corp.,13-MAY-2026,Other,DE,,10000000.0,10000000,27,False
Southside Industrial Development Partners LLC,13-MAY-2026,Commercial,DE,2026.0,4500000.0,152493,2,False
UNITED BANCSHARES INC/OH,13-MAY-2026,Commercial Banking,OH,,30000000.0,30000000,37,False
"Sentrimed, Inc.",13-MAY-2026,Biotechnology,NJ,2023.0,1000000.0,250000,1,False
Orchard Aviation Holdings LLC - RS Orchard Aviation Holdings VI,13-MAY-2026,Investing,DE,2026.0,1860000.0,1860000,4,False
Tycho AI Inc.,13-MAY-2026,Other Technology,MA,2022.0,8000000.0,8000000,2,False
Exp RE II Medical NNN LLC,13-MAY-2026,Commercial,GA,2026.0,3000000.0,0,0,False
Daria Credit Consulting LLC,13-MAY-2026,Other,FL,2023.0,6000000.0,0,0,False
"Villages at Weatherford, LLC",13-MAY-2026,Other Real Estate,TX,2025.0,6900000.0,450000,3,False
"First Oklahoma Holdings, Inc.",13-MAY-2026,Other Banking and Financial Services,OK,,3686683.0,0,0,False
mQOL Data Inc.,13-MAY-2026,Other Technology,CA,2026.0,1000000.0,1000000,3,False
Federated Biologics Inc.,13-MAY-2026,Biotechnology,C3,2026.0,4400000.0,2455000,4,False
Banyan Gold Corp.,13-MAY-2026,Other,A1,,12329520.0,12329520,1,False
"Premins Company, Inc.",13-MAY-2026,Other Banking and Financial Services,NY,,,2704010,19,False
"Legacy Security Fund I, LLC",13-MAY-2026,Other Real Estate,WA,2021.0,150000000.0,7274940,36,False
LP Kirtley Road LLC,13-MAY-2026,Construction,MD,2023.0,14564083.0,2147367,0,False
Claimtra LLC,13-MAY-2026,Other Technology,MS,2025.0,50000.0,50000,2,False
"Amwins Holding Company, LLC",13-MAY-2026,Insurance,NC,,32629089.0,32629089,868,False
Memoramedia Inc.,13-MAY-2026,Other,NJ,2024.0,2000000.0,318424,8,False
"Secured Income Turbine, LLC",13-MAY-2026,Other Real Estate,NV,2026.0,5000000.0,0,0,False
"STUDENT FIRST, INC.",13-MAY-2026,Other Technology,FL,2021.0,3500020.0,3500020,1,False
Health Wealth Fund One Series 3 LLC,13-MAY-2026,Commercial,CO,2026.0,40000000.0,900000,9,False
EQUAL PLATFORM SOLUTIONS INC,13-MAY-2026,Other Technology,TX,2024.0,28075632.0,27894992,12,False
"XYMOGEN, INC.",13-MAY-2026,Other Health Care,FL,,4000000.0,0,0,False
Health Wealth Fund One Series 2 LLC,13-MAY-2026,Commercial,CO,2025.0,21203260.0,21203260,90,False
"Hedy Cyber, Inc.",13-MAY-2026,Other Technology,OH,2024.0,5000000.0,850000,2,False
"Santa Barbara Homes Fund I, LP",13-MAY-2026,Residential,TX,2026.0,5000000.0,5000000,10,False
"Westplan Sugarloaf Atlanta Holdings, LLC",13-MAY-2026,Residential,GA,2026.0,22900000.0,0,0,False
NxtStep Athletics Inc.,13-MAY-2026,Other Technology,OR,2025.0,300000.0,100000,1,False
"Decision Logic Holdings, LLC",13-MAY-2026,Other Banking and Financial Services,TX,2025.0,,2000000,2,False
"Sugarloaf Atlanta FO Investors, LP",13-MAY-2026,Residential,GA,2026.0,22900000.0,0,0,False
Mesa Residential Co LLC,13-MAY-2026,Other,CA,2025.0,18750000.0,18750000,21,False
SNC HOLDCO LLC,13-MAY-2026,Other,NV,2023.0,61700000.0,61700000,161,False
"Westplan Sugarloaf Atlanta, LP",13-MAY-2026,Residential,GA,2026.0,22900000.0,0,0,False
"Weston AI, Inc.",13-MAY-2026,Other Technology,NY,2026.0,500000.0,50000,1,False
MidAtlantic MHC Partners LLC,13-MAY-2026,Commercial,VA,2025.0,8250000.0,8131579,40,False
AEI Healthcare Portfolio VII DST,13-MAY-2026,Commercial,MN,2026.0,50500000.0,18852452,47,False
SiteVue AI Inc.,13-MAY-2026,Other Technology,TN,2025.0,7000000.0,7000000,11,False
Koinetra Ltd,13-MAY-2026,Other Banking and Financial Services,NY,,,100000000,10000,True
FXTRAD LTD,13-MAY-2026,Other Banking and Financial Services,NY,,,100000000,10000,True
"FSH SERIES D PREFERRED HOLDCO, LLC",13-MAY-2026,Other Real Estate,FL,2026.0,25000000.0,8939156,25,False
EXTER GOLD CORP.,13-MAY-2026,Other,A2,,490000.0,490000,7,False
Guardian Land Fund I LLC,13-MAY-2026,Other Real Estate,TX,2026.0,100000000.0,0,0,False
BUMM Pretty Mom Corp,13-MAY-2026,Other Health Care,F4,2026.0,100000000.0,25000000,0,False
PRAIRIE FARMS DAIRY INC,13-MAY-2026,Other,IL,,2000000.0,0,0,False
Oaklin Lane Partnership LLC,13-MAY-2026,Investing,DE,2026.0,3239000.0,3239000,1,False
"PFDSelect Medical Receivables 1020, LLC",13-MAY-2026,Other Banking and Financial Services,NV,2026.0,10000000.0,0,0,False
"SUMMITS, Inc.",13-MAY-2026,Restaurants,CA,2025.0,,25000,1,False
"Austelle, Inc.",13-MAY-2026,Retailing,NJ,2026.0,500000.0,147500,7,False
3D-P2 LLC,13-MAY-2026,Other,MN,2026.0,10000000.0,100000,1,False
Meta Critical Minerals Inc.,13-MAY-2026,Other,A1,,5876791.0,2350716,19,False
NewcelX Ltd.,13-MAY-2026,Biotechnology,V8,,3428989.0,3428989,4,False
"SUMMITS, Inc.",13-MAY-2026,Restaurants,CA,2025.0,500000.0,213000,9,False
CAP8 FAIRWAY LLC,12-MAY-2026,Commercial,TX,2026.0,3200000.0,3200000,42,False
POPWTR Co,12-MAY-2026,Other,NV,2025.0,16500000.0,7302114,15,False
"Axenic Health Solutions, Inc.",12-MAY-2026,Biotechnology,IL,,1000000.0,175029,3,False
"SmartMedia Technologies HoldCo, Inc.",12-MAY-2026,Other Technology,CO,,750314.0,750314,8,False
"Hockey Parent Holdings, L.P.",12-MAY-2026,Other,IL,,1025280.0,1025280,3,False
Magnolia Grove Investment Group LLC,12-MAY-2026,Commercial,OH,2026.0,3800000.0,0,0,False
"Positron AI, Inc.",12-MAY-2026,Other,NV,2023.0,233885560.0,233885560,55,True
"SCA Murrells Inlet, LLC",12-MAY-2026,Other Health Care,AL,2021.0,258182.0,258182,6,False
Ondas Inc.,12-MAY-2026,Other,FL,,,0,1,False
"TuvaK Global Alpha Fund, LP",12-MAY-2026,Other Banking and Financial Services,VA,2024.0,,11700201,3,False
"Keystone Real Estate Investment Trust, LLC",12-MAY-2026,REITS and Finance,UT,2024.0,,57597766,167,False
Honduras Prospera Inc.,12-MAY-2026,Other Real Estate,DC,,66300000.0,32276999,1,False
Midnight High Houston LLC,12-MAY-2026,Other,TX,2026.0,120000.0,120000,7,False
Unite Parent Corp.,12-MAY-2026,Other,FL,,,0,0,False
North Star Duplex LLC,12-MAY-2026,Residential,TX,2026.0,36500000.0,0,0,False
"Eloo, LLC",12-MAY-2026,Other Technology,OH,2025.0,500000.0,340000,1,False
Private Credit Income Opportunity Fund LLC,12-MAY-2026,Other Real Estate,DE,2026.0,500000.0,0,0,False
"Lyogenesis Holdings, LLC",12-MAY-2026,Other,WI,2026.0,5000000.0,1000000,1,False
HavocAI Inc.,12-MAY-2026,Other Technology,MA,2022.0,187485471.0,187485471,42,True
LandX Freedom Fund II LLC,12-MAY-2026,Other Real Estate,DE,2026.0,500000.0,0,0,False
"BG305 Properties, LLC",12-MAY-2026,Residential,PA,2026.0,5650000.0,500000,3,False
"MMF Red Hawk Investments, LLC",12-MAY-2026,Residential,CO,2025.0,10600100.0,400000,5,False
"Dela Stanford, LLC",12-MAY-2026,Restaurants,CA,2022.0,2500000.0,2500000,10,False
Dreaming Tree Film Studios LLC,12-MAY-2026,Other,IL,2025.0,4600000.0,517500,3,False
Config Intelligence Inc.,12-MAY-2026,Other Technology,CA,2024.0,35330883.0,33330884,21,False
Sovereign Capital LP,12-MAY-2026,Oil and Gas,OK,2026.0,10000000.0,0,0,False
Phenom Resources Corp.,12-MAY-2026,Other,A1,,48253.0,48253,1,False
Gotham Pickleball LIC2 LLC,12-MAY-2026,Other,NY,2026.0,1000000.0,0,8,False
"THINKSTRUCT, INC.",12-MAY-2026,Other Technology,MA,2025.0,1000000.0,1000000,2,False
Mach Speed Capital Debt Fund LLC,12-MAY-2026,Commercial,VA,2025.0,1768000.0,0,0,False
"SentiAR, Inc.",12-MAY-2026,Other Health Care,MO,,2500000.0,1485000,9,False
"Foresight Holdings Group, LP",12-MAY-2026,Other,NY,2025.0,30000000.0,25000000,46,False
Keystone Energy Fund 2026 LP,12-MAY-2026,Oil and Gas,PA,2025.0,150000000.0,0,0,False
PYURE Co INC.,12-MAY-2026,Other,FL,,5000000.0,2000000,1,False
FL Coastal Storage 1 LLC,12-MAY-2026,Commercial,NJ,2026.0,6835000.0,6272213,2,False
"Evolve Medicus, Inc.",12-MAY-2026,Other Technology,TX,2022.0,3000000.0,2245000,23,False
"Quantasonix Technologies, Inc.",12-MAY-2026,Other Technology,IN,2025.0,2000000.0,1900000,6,False
ThriveCoin Inc.,12-MAY-2026,Computers,DE,2021.0,2181662.0,2181662,18,False
NWX REIT I LLC,12-MAY-2026,Other Real Estate,GA,2026.0,,0,0,False
"Absolute Recomp HoldCo, LLC",12-MAY-2026,Other,TX,2025.0,12000000.0,10000000,1,False
"High Entropy Security Holdings, Inc.",12-MAY-2026,Other Technology,AZ,2026.0,500000.0,500000,1,False
ThriveCoin Inc.,12-MAY-2026,Computers,DE,2021.0,1000000.0,1000000,1,False
Vapi Inc.,12-MAY-2026,Other,CA,,49999998.0,49999998,18,False
ThriveCoin Inc.,12-MAY-2026,Computers,DE,2021.0,2626383.0,2626383,16,False
"Sided, Inc.",12-MAY-2026,Other Technology,CA,,500000.0,175000,7,False
ThriveCoin Inc.,12-MAY-2026,Computers,DE,2021.0,315000.0,315000,7,False
"YCurb, Inc.",12-MAY-2026,Computers,CA,2024.0,300000.0,300000,1,False
Empower Success Holdings Inc.,12-MAY-2026,Other Health Care,NY,2023.0,30000000.0,2500000,2,False
ThriveCoin Inc.,12-MAY-2026,Computers,DE,2021.0,505000.0,505000,12,False
"GILDED SPIRITS, INC.",12-MAY-2026,Other,CA,2024.0,5000000.0,250000,1,False
ThriveCoin Inc.,12-MAY-2026,Computers,DE,2021.0,550000.0,550000,10,False
iuxp exchange Ltd,12-MAY-2026,Other Banking and Financial Services,CO,,,100000000,10000,True
"California Compounding Company, Inc.",12-MAY-2026,Pharmaceuticals,CA,2026.0,14520001.0,4923273,4,False
INW Opportunity Zone Fund I LLC,12-MAY-2026,Commercial,DE,2025.0,15000000.0,2395765,4,False
ThriveCoin Inc.,12-MAY-2026,Computers,DE,2021.0,450000.0,450000,11,False
"California Naturals, Inc.",12-MAY-2026,Other,CA,,19009703.0,15007546,3,False
Inland Long Island Residential DST,12-MAY-2026,Other Real Estate,IL,2025.0,107581888.0,16609596,30,False
"SGC Winx Health Investors 2026, LLC",12-MAY-2026,Investing,ID,2026.0,350000.0,328800,10,False
DARIA US COMMUNITY LLC,12-MAY-2026,Other,FL,2025.0,6000000.0,0,0,False
"Spark GHC Bluegrass, L.P.",12-MAY-2026,Commercial,OH,2026.0,17000000.0,850000,6,False
OP Bender LLC,12-MAY-2026,Commercial,TX,2026.0,4275000.0,2630000,54,False
"Edge Capital IX, LLC",12-MAY-2026,Other Real Estate,NM,2026.0,5000000.0,0,0,False
Station Drive Hotel Group LLC,12-MAY-2026,Commercial,VA,2025.0,13700000.0,4870000,2,False
Cedris Capital LP,12-MAY-2026,Other Banking and Financial Services,NY,2026.0,1000000.0,0,0,False
"Solum, Inc.",12-MAY-2026,Other Technology,MT,2025.0,1075378.0,1075378,19,False
"Mivium, Inc.",12-MAY-2026,Other,CA,2022.0,3000000.0,1799633,287,False
Saint Raphael Health LLC,12-MAY-2026,Hospitals and Physicians,TX,2025.0,3000000.0,2600000,7,False
"Another Nine Holdings, Inc.",12-MAY-2026,Other,OH,2025.0,3045000.0,3045000,22,False
RIVERCREST CAPITAL LLC,12-MAY-2026,Investing,VA,,,0,5,False
NexPoint Marina DST,12-MAY-2026,Other Real Estate,TX,2025.0,42710095.0,23076282,74,False
BERKSHIRE APARTMENT HOLDINGS LLC,12-MAY-2026,Other Real Estate,OH,2026.0,1800000.0,1637500,21,False
"Buildz, LLC",12-MAY-2026,Manufacturing,NC,,30000000.0,5000000,1,False
GolfHires Inc.,12-MAY-2026,Other Technology,FL,2026.0,500000.0,25000,1,False
"Galvanic Fund II, LLLP",12-MAY-2026,Other Energy,OK,2024.0,10500000.0,10235000,31,False
"Mivium, Inc.",12-MAY-2026,Other,CA,2022.0,3000000.0,0,0,False
"E4N GROUP HOLDING, INC.",12-MAY-2026,Other Technology,NY,2026.0,20000000.0,12545000,38,False
Anthem Financial Corp,12-MAY-2026,Other Banking and Financial Services,FL,2025.0,56999996.0,56999996,113,False
NH 2416 Eastman LLC,12-MAY-2026,Residential,TX,2026.0,900000.0,0,0,False
Happydahg LLC,12-MAY-2026,Other,WA,2024.0,1200000.0,0,0,False
Fluidstack Ltd,12-MAY-2026,Other Technology,X0,,849999997.0,842478689,30,True
Food Nerd Inc.,12-MAY-2026,Other,NY,,4000000.0,1120000,9,False
"Capital Fund II, LLC",12-MAY-2026,Other Real Estate,AZ,,,1013128081,1149,True
Neil Apartments LLC,12-MAY-2026,Commercial,CA,2026.0,4000000.0,0,0,False
CZ FRANCHISING INC,12-MAY-2026,Other,FL,2024.0,250000.0,75000,2,False
NexPoint Small Bay III DST,12-MAY-2026,Other Real Estate,TX,2025.0,50382493.0,20882923,67,False
"Azra AI Holdings, Inc.",12-MAY-2026,Other Technology,TN,2021.0,10500000.0,10500000,73,False
Artlocal Inc.,12-MAY-2026,Other Technology,A6,,,2414256,17,False
One Bullion Ltd,12-MAY-2026,Other,A6,,69062.0,69062,1,False
CHATHAM SMALL CAP INVESTMENT GROUP TRUST,12-MAY-2026,Investing,GA,,,435335,0,False
Pagari Life Science Corp.,12-MAY-2026,Pharmaceuticals,IL,2022.0,300000.0,97494,8,False
Nth Cycle Inc.,12-MAY-2026,Other,MA,,15000000.0,5496228,5,False
NorthcrestCapital LTD,12-MAY-2026,Other Technology,CO,2025.0,5500000.0,500000,0,False
Digital Intelligence Robotics Ltd,12-MAY-2026,Other Technology,K3,2026.0,5000000.0,0,0,False
KRIVOX INC.,12-MAY-2026,Other Technology,DE,2026.0,,300000,5,False
"Bridge Purchasing Solutions, Inc.",12-MAY-2026,Other Banking and Financial Services,AR,,2500000.0,1500000,1,False
"OTTUMWA-IOWA PROPERTY, LLC",12-MAY-2026,Other Real Estate,CA,2026.0,3500000.0,3500000,37,False
SEP Capital Fund I LLC,12-MAY-2026,Other Real Estate,FL,2026.0,,0,0,False
"IMA Financial Group, Inc.",12-MAY-2026,Insurance,KS,,4125000.0,4125000,3,False
"Hive Health, LLC",12-MAY-2026,Hospitals and Physicians,FL,2022.0,6500000.0,3475000,13,False
Harvey Capital Income Fund LLC,12-MAY-2026,Other Banking and Financial Services,VA,2026.0,100000000.0,0,0,False
"Hadron Energy, Inc.",12-MAY-2026,Other Energy,CA,2024.0,,0,12,False
"Classmate Playdate, Inc.",12-MAY-2026,Other Technology,FL,2024.0,,141000,1,False
Honest Mary's Inc.,12-MAY-2026,Restaurants,TX,,1500000.0,1303288,10,False
"Enclave Marston Gainesville JV, LLC",12-MAY-2026,Other Real Estate,DE,2026.0,8892000.0,0,0,False
SERTEXITY LABS INC.,12-MAY-2026,Investing,FL,2026.0,5000000.0,0,0,False
Teamblind Inc.,12-MAY-2026,Other Technology,CA,,1999998.0,709352,2,False
"Valion Real Estate Fund I, LP",12-MAY-2026,Other Real Estate,DE,2026.0,2500000000.0,0,0,False
"Creekside Investors, LLC, a California Ltd liability Co",12-MAY-2026,Commercial,CA,2026.0,3000000.0,0,0,False
"Chatham Small Cap Partnership I, LP",11-MAY-2026,Investing,GA,,,2775000,14,False
Camlyn Capital Fund 1 LLC,11-MAY-2026,Other Real Estate,DE,2025.0,10000000.0,0,0,False
"Watsonville Enterprise, LP",11-MAY-2026,Commercial,CA,2024.0,9600000.0,1600000,2,False
"Summer Street ASC, LLC",11-MAY-2026,Other Health Care,CT,,233993.0,0,0,False
Mamba Fund 2 LLC,11-MAY-2026,Commercial,DE,2026.0,100000000.0,0,0,False
SCOUT Space Inc.,11-MAY-2026,Other Technology,VA,,15671658.0,10946661,16,False
HIG Lending Opportunities LLC,11-MAY-2026,Other Real Estate,MI,2025.0,10000000.0,2572050,15,False
ADAS AI TRAK Corp,11-MAY-2026,Business Services,FL,2025.0,3000000.0,1672400,10,False
Fun Loving Co Inc.,11-MAY-2026,Manufacturing,DE,2025.0,,66656,1,False
Mamba Fund 1 LLC,11-MAY-2026,Commercial,DE,2025.0,50000000.0,0,0,False
Animal Variety Show Ltd Liability Co,11-MAY-2026,Other,NY,2026.0,4200000.0,0,0,False
VALUATION RESEARCH CORP,11-MAY-2026,Business Services,WI,,900000.0,900000,5,False
"First Guaranty Bancshares, Inc.",11-MAY-2026,Commercial Banking,LA,,3999990.0,3999990,4,False
"Nexscient, Inc.",11-MAY-2026,Other Technology,CA,2023.0,750000.0,475000,11,False
"UW Labs, Inc.",11-MAY-2026,Other Technology,TX,2026.0,230000.0,230000,1,False
"cosmon, Inc.",11-MAY-2026,Other Technology,CA,2025.0,31719999.0,31242585,10,False
"Syncromune, Inc.",11-MAY-2026,Biotechnology,FL,,144828791.0,144828791,77,True
EVDU Holdings Series 01 LLC,11-MAY-2026,Commercial,DE,2026.0,2093000.0,0,0,False
MyPro Services Inc.,11-MAY-2026,Computers,WY,,7500000.0,6000,3,False
"Renovo Concepts, Inc.",11-MAY-2026,Other Health Care,TX,,8550000.0,7391541,7,False
USEDC 2026 Drilling Fund 1 LP,11-MAY-2026,Oil and Gas,TX,2026.0,250000000.0,100000,0,False
"Alpha Design AI, Inc.",11-MAY-2026,Other Technology,CA,2024.0,49999237.0,49999237,9,False
Safehaven Settlement Fund II LLC,11-MAY-2026,Other,FL,2026.0,25000000.0,0,0,False
Quantropi Inc.,11-MAY-2026,Other Technology,A6,,1250000.0,1250000,3,False
"Alpha Design AI, Inc.",11-MAY-2026,Other Technology,CA,2024.0,21022474.0,21022474,15,False
"APEX TECH GROWTH PARTNERS III, LLC",11-MAY-2026,Investing,TN,2024.0,500000.0,0,0,False
U.S. Property Development - Springfield DST,11-MAY-2026,Commercial,TX,2024.0,13212143.0,300000,0,False
"Fluxnium, Inc.",11-MAY-2026,Other,CA,2026.0,6999998.0,6999998,3,False
USEDC 2026 Drilling Fund 1 LP,11-MAY-2026,Oil and Gas,TX,2026.0,250000000.0,100000,0,False
"UFLO1, INC.",11-MAY-2026,Other,CA,2024.0,200000.0,200000,4,False
Institutional Drilling Fund III LP,11-MAY-2026,Oil and Gas,TX,2026.0,250000000.0,234000,0,False
"Ceresti Health, Inc.",11-MAY-2026,Other Health Care,CA,,9999996.0,9999996,12,False
PW4168 SPV LLC,11-MAY-2026,Other Travel,TX,2026.0,13125000.0,13125000,24,False
"Renao Group Austin, LLC",11-MAY-2026,Other,TX,2025.0,5000000.0,5000000,29,False
"Resi Fi Debt Fund, LLC",11-MAY-2026,Other Real Estate,NV,2025.0,50000000.0,0,0,False
Bathhouse Holdings Inc.,11-MAY-2026,Other,NY,2021.0,6000000.0,500000,1,False
INTERMOUNTAIN FINANCE GROUP LLC,11-MAY-2026,Other Banking and Financial Services,ID,2023.0,7500000.0,50000,1,False
Hexa Partners LLC,11-MAY-2026,Other,WA,2024.0,1000.0,1000,1,False
Hexa Management Group LLC,11-MAY-2026,Other,WA,2025.0,1000.0,1000,1,False
Gaingels Crafty LLC,11-MAY-2026,Other,VT,2021.0,119588.0,119588,14,False
"Private Money Funding, LLC",11-MAY-2026,Commercial Banking,AZ,2023.0,,9422152,12,False
Dak Dynamics LLC,11-MAY-2026,Business Services,AL,2024.0,25000.0,25000,1,False
Gaingels Mushroom LLC,11-MAY-2026,Other,VT,2021.0,221590.0,221590,17,False
"Madison Richmond Bishop Opportunity Fund, LLC",11-MAY-2026,Commercial,NC,2025.0,1000000.0,121605,4,False
"Harpoon Holdings, L.P.",11-MAY-2026,Insurance,DC,,9900000.0,9900000,2,False
1031CF Bridge Fund III LLC,11-MAY-2026,REITS and Finance,TX,2024.0,50000000.0,35410674,156,False
"Lending Alliance Resort Partners, LP",11-MAY-2026,Other Real Estate,FL,2024.0,100000000.0,47510249,66,False
Fillmore Micro-Core Properties LLC,11-MAY-2026,Other Real Estate,OH,2023.0,,5000000,1,False
Doughbriks Global LLC,11-MAY-2026,Restaurants,CA,2025.0,4000000.0,125000,1,False
BXREX Portfolio II DST,11-MAY-2026,Commercial,NY,2026.0,187308863.0,0,0,False
Homestead Wealth Partners LLC,11-MAY-2026,Commercial,TX,2025.0,800000.0,800000,1,False
FMC Operating Partnership LP,11-MAY-2026,Other Real Estate,OH,2023.0,,181593970,2,True
"Virtuoso Surgical, Inc.",11-MAY-2026,Biotechnology,TN,,10000000.0,2900000,36,False
FMC Common Fund LLC,11-MAY-2026,Other Real Estate,OH,2023.0,,0,0,False
"PANGIA BIOTECH, INC.",11-MAY-2026,Biotechnology,FL,2023.0,1580000.0,1580000,18,False
"Witan Labs, Inc.",11-MAY-2026,Other Technology,X0,2025.0,7360992.0,7360979,25,False
Fourcore Capital Inc.,11-MAY-2026,Investment Banking,GA,,15000000.0,100000,1,False
Gaingels Stream AI LLC,11-MAY-2026,Other,VT,2026.0,175566.0,175566,13,False
"Fowler Creek Investors, LLC",11-MAY-2026,Residential,OH,2026.0,6500000.0,6463000,11,False
"DIFRATECH, INC.",11-MAY-2026,Other Technology,MA,2025.0,5000000.0,105000,9,False
Gaingels Ampaire LLC,11-MAY-2026,Other,VT,2026.0,335055.0,335055,7,False
"Allyx Therapeutics, Inc.",11-MAY-2026,Biotechnology,CT,,29999999.0,26427730,32,False
"ContactImmed, Inc.",11-MAY-2026,Other Technology,NY,2024.0,499999.0,30000,1,False
"Providence Bancshares, Inc.",11-MAY-2026,Commercial Banking,SD,2025.0,6500000.0,0,0,False
Niche Biopharmaceuticals LLC,11-MAY-2026,Pharmaceuticals,MN,,200000.0,200000,4,False
MF Income Fund II LLC,11-MAY-2026,Residential,TX,2025.0,10000000.0,3238000,48,False
ACE Omni Exchange Ltd,11-MAY-2026,Other,CO,2026.0,,1000,0,False
"Paramount Baltimore, LLC",11-MAY-2026,Commercial,MD,,11250000.0,5284250,13,False
"BANCREEK CAPITAL STRATEGIES, LLC",11-MAY-2026,Other Banking and Financial Services,CA,2026.0,325000.0,325000,5,False
"Kensington Ridge Investors, LLC",11-MAY-2026,Other Real Estate,AL,2026.0,,7375000,11,False
Seneca Gateway LLC,11-MAY-2026,Other,CA,2026.0,4000000.0,0,0,False
"K Level Labs, Inc.",11-MAY-2026,Other Technology,NY,2025.0,3500000.0,2065500,15,False
Beluga Corp,11-MAY-2026,Other Technology,CA,2026.0,30000.0,30000,3,False
"CRA Funding VIII, LLC",11-MAY-2026,Other Banking and Financial Services,NY,2022.0,,272765000,41,True
"Massive Artemis, LLC",11-MAY-2026,Investing,CO,2026.0,252700.0,252700,13,False
AMOR FELINE Inc,11-MAY-2026,Manufacturing,OH,2026.0,250000.0,70000,7,False
"Task Force VA, Inc.",11-MAY-2026,Other Technology,FL,2026.0,500000.0,15000,1,False
Bespoke Studios Inc.,11-MAY-2026,Other Technology,CA,2023.0,,150000,6,False
"Lodging Fund REIT III OP, LP",11-MAY-2026,Commercial,ND,,50000000.0,0,0,False
"Why We, Inc.",11-MAY-2026,Other,ID,2025.0,1000000.0,525000,3,False
MatchED HMSS Inc.,11-MAY-2026,Other,CO,2022.0,1000000.0,50000,1,False
"Hadron Energy, Inc.",11-MAY-2026,Other Energy,CA,2024.0,9935500.0,9935500,76,False
"Apex ER I, LLC",11-MAY-2026,Hospitals and Physicians,TX,2026.0,1600000.0,1600000,6,False
MPS Platform Services Inc.,11-MAY-2026,Other Technology,FL,2024.0,,650000,6,False
ExchangeRight Net-Leased All-Cash 20 DST,11-MAY-2026,Commercial,CA,2026.0,17800000.0,0,0,False
"Zum Services, Inc.",11-MAY-2026,Other Technology,CA,,99999994.0,99999994,1,False
CytoDyn Inc.,11-MAY-2026,Pharmaceuticals,WA,,18600392.0,18600392,194,False
Inferal Inc.,11-MAY-2026,Other Technology,CA,2023.0,1000000.0,250000,1,False
"Cadense, Inc.",11-MAY-2026,Other,CA,2021.0,2000000.0,775000,17,False
Carlylese INC.,08-MAY-2026,Investing,CO,,,100000000,1000,True
"ReservoirCo, Inc.",08-MAY-2026,Other Technology,FL,2026.0,350000.0,350000,1,False
"Wildlight BD, LLC",08-MAY-2026,Commercial,NV,2026.0,5000000.0,0,0,False
Wildlight Senior Living Development LLC,08-MAY-2026,Commercial,NV,2026.0,10000000.0,5962426,87,False
"EMIP 26, LLC",08-MAY-2026,REITS and Finance,NY,2025.0,,1170000,39,False
OZE GA Group LLC,08-MAY-2026,Investing,NJ,2025.0,25000000.0,23250000,34,False
"Neighbor Serve, Inc.",08-MAY-2026,Business Services,IN,2025.0,1500000.0,656954,9,False
"TriVita, Inc.",08-MAY-2026,Other,AZ,,3000000.0,0,0,False
"Warner Law Offices, pllc",08-MAY-2026,Other,WV,,450000.0,450000,4,False
Direct Notice LLC,08-MAY-2026,Other,OH,,1000000.0,991100,15,False
Camelthorn LTI LLC,08-MAY-2026,Investing,TN,2026.0,2500000.0,280000,2,False
"Good Lag GGC, LLC",08-MAY-2026,Other,FL,2024.0,4000000.0,2675000,33,False
DocAide Inc,08-MAY-2026,Other Technology,VA,2025.0,1000000.0,0,0,False
Good Lag NAL LLC,08-MAY-2026,Other,FL,2026.0,5500000.0,3000000,29,False
Trade Insight LLC,08-MAY-2026,Other Technology,WY,2026.0,36000.0,30000,4,False
GS Finance Corp.,08-MAY-2026,Investment Banking,NY,,247000.0,247000,1,False
Hoonify Technologies Inc.,08-MAY-2026,Other Technology,NM,2021.0,8000000.0,5999998,2,False
"THERMAXIS, LLC",08-MAY-2026,Manufacturing,MI,2026.0,1500000.0,325000,3,False
JBG SMITH Properties,08-MAY-2026,REITS and Finance,MD,,1873907.0,1873907,9,False
Agathos AEC Partners LLC,08-MAY-2026,Other,TX,2025.0,24403333.0,23653333,8,False
Prudent Resources Fund LP,08-MAY-2026,Oil and Gas,TX,2022.0,10000000.0,0,0,False
Inferal Inc.,08-MAY-2026,Other Technology,CA,2023.0,1000000.0,250000,1,False
Agathos FF LLC,08-MAY-2026,Other,TX,2025.0,2972343.0,2550000,19,False
Stellr Power Corp,08-MAY-2026,Retailing,AZ,2023.0,25000000.0,0,0,False
Noble Pillar Capital Ltd,08-MAY-2026,Other Banking and Financial Services,NY,,,100000000,10000,True
"Deep Root Biolabs, Inc.",08-MAY-2026,Other,MD,2025.0,2500000.0,1865000,11,False
"PridCor Therapeutics, LLC",08-MAY-2026,Pharmaceuticals,AL,2025.0,6045000.0,0,0,False
Orca Node Ltd,08-MAY-2026,Other Banking and Financial Services,CO,,,100000000,10000,True
Makersquare LLC,08-MAY-2026,Other Technology,TX,2026.0,100000.0,100000,1,False
"FOURTH PICK VENTURES, LLC",08-MAY-2026,Other,CA,2026.0,525000.0,525000,2,False
Hermetic AI Inc.,08-MAY-2026,Other Technology,NY,2025.0,10925000.0,10925000,29,False
VERTEXA Ltd,08-MAY-2026,Other Banking and Financial Services,CO,,,100000000,10000,True
VECTORMAX Corp,08-MAY-2026,Other Technology,NY,,30000000.0,2000,1,False
Hermetic AI Inc.,08-MAY-2026,Other Technology,NY,2025.0,1500000.0,1500000,2,False
Hermetic AI Inc.,08-MAY-2026,Other Technology,NY,2025.0,1925000.0,1925000,20,False
Skinny Flav INC,08-MAY-2026,Manufacturing,NJ,,300000.0,24000,1,False
Le Nose Inc.,08-MAY-2026,Other,NY,2025.0,1800000.0,1785000,6,False
"ADQUICK, INC.",08-MAY-2026,Other Technology,TX,,21248398.0,5248393,8,False
"Pantheon Drilling Fund III, LLC",08-MAY-2026,Oil and Gas,FL,2026.0,15000000.0,0,0,False
BD Ventures III S2 LLC,08-MAY-2026,Investing,CT,2024.0,431500.0,431500,22,False
"Benton Holdings, LLC",08-MAY-2026,Other,AR,2025.0,7075000.0,7075000,6,False
Lodges of Prospect WD LLC,08-MAY-2026,Residential,KY,2025.0,1000000.0,1000000,8,False
"Sniffies Holdings, Inc.",08-MAY-2026,Other,NY,2026.0,100000000.0,100000000,1,True
2820 College Capital LLC,08-MAY-2026,Commercial,AR,2026.0,1150000.0,1150000,9,False
Earthineering Co,08-MAY-2026,Manufacturing,DE,2024.0,600000.0,200000,2,False
"Benton Land Company, LLC",08-MAY-2026,Commercial,AR,2025.0,2020000.0,2020000,8,False
Synaptic Era Inc.,08-MAY-2026,Other Technology,MD,2024.0,3000000.0,2049999,4,False
"BRT Biotechnologies, Inc.",08-MAY-2026,Biotechnology,CA,2021.0,607300.0,607300,12,False
"Navi AI, Inc.",08-MAY-2026,Other Technology,CA,2024.0,1476000.0,1476000,16,False
Blue Owl Real Estate Exchange V DST,08-MAY-2026,Other Real Estate,IL,2025.0,269491892.0,170339323,152,True
Bi-One Inc.,08-MAY-2026,Biotechnology,GA,2025.0,25000000.0,0,0,False
Exp RE I BTR Waco LLC,08-MAY-2026,Other Real Estate,GA,2026.0,2000000.0,0,0,False
Khanosis Investment Management LLC,08-MAY-2026,Other,TX,2025.0,250000.0,250000,6,False
"XE-6 Tech, LLC",08-MAY-2026,Other Energy,MA,2024.0,8625000.0,125000,1,False
MycoRx LLC,08-MAY-2026,Pharmaceuticals,SC,,,600000,1,False
109 SE 5th Partners LLC,08-MAY-2026,Construction,DE,2026.0,6095136.0,500000,1,False
RENEWABUILD GREAT PLAINS INC,08-MAY-2026,Other Real Estate,SD,2025.0,5250000.0,1300000,17,False
GMT Exploration Co LLC,08-MAY-2026,Oil and Gas,CO,,115000000.0,113645710,36,True
Tiny Miracles Prescribed Pediatric Day Center llc,08-MAY-2026,Other Health Care,MS,2026.0,50000.0,50000,1,False
"Paira Technologies, Inc.",08-MAY-2026,Other Technology,IL,2025.0,435000.0,130420,4,False
Crest Vista Equity Inc.,08-MAY-2026,Investing,CO,,100000000.0,0,0,False
"Additive Monitoring, Inc.",08-MAY-2026,Manufacturing,DE,2023.0,3500000.0,2450000,40,False
"Highland Manor JV, LLC",08-MAY-2026,Other Real Estate,GA,2026.0,2200000.0,2000000,18,False
Sonoro Gold Corp.,08-MAY-2026,Other,A1,,5345803.0,5345803,4,False
"Upwing Energy, Inc.",08-MAY-2026,Oil and Gas,CA,,8912000.0,8912000,1,False
"Industrious Spirit Company, LLC",08-MAY-2026,Manufacturing,X1,,1587000.0,1587000,5,False
"Kennesaw EF 1, LLC",08-MAY-2026,Commercial,GA,2026.0,,0,0,False
"Telepathy Center, Inc.",08-MAY-2026,Other Technology,DE,2025.0,144000.0,144000,1,False
3BE Holdings LLC,08-MAY-2026,Construction,MO,2024.0,260000.0,260000,2,False
OmniFi Vault Inc.,08-MAY-2026,Investing,CO,2026.0,1000000000.0,0,0,False
Oasis Core INC,08-MAY-2026,Investing,TX,2026.0,100000000.0,0,0,False
Neror Global Inc,08-MAY-2026,Investing,CO,,100000000.0,0,0,False
"Cottonwood Residential O.P., LP",08-MAY-2026,Residential,UT,,,240347009,885,True
Gold Strike Resources Corp.,08-MAY-2026,Other,A1,,3220654.0,0,2,False
"CV Access Permian IV, LP",08-MAY-2026,Oil and Gas,TX,2026.0,,8000000,8,False
"Pearl Music, Inc.",08-MAY-2026,Other Technology,CA,2025.0,,15000,1,False
Alume Biosciences Inc,08-MAY-2026,Biotechnology,CA,,8000000.0,2160000,4,False
"Natsar Pharmaceuticals, Inc.",08-MAY-2026,Pharmaceuticals,MD,,,4221000,15,False
Federated Biologics Inc.,08-MAY-2026,Biotechnology,C3,2026.0,5999997.0,5999997,7,False
"GMI Real Estate Fund III, LP",08-MAY-2026,Other Real Estate,NV,2026.0,250000000.0,10500000,7,False
"SPKL,LLC",08-MAY-2026,Biotechnology,FL,,,135000,9,False
"Illexcor Therapeutics, Inc.",08-MAY-2026,Biotechnology,VA,2026.0,69000000.0,13000000,6,False
"Cyrus Biotechnology, Inc.",08-MAY-2026,Biotechnology,WA,,3000000.0,1481812,17,False
"PFDSELECT MEDICAL RECEIVABLES 1019, LLC",08-MAY-2026,Other Banking and Financial Services,NV,2026.0,10000000.0,0,0,False
"Glaze AI, Inc.",08-MAY-2026,Other Technology,NY,2025.0,41301628.0,39551564,30,False
Liberia Organic Cocoa & Agricultural Co,08-MAY-2026,Agriculture,DC,2021.0,150000.0,150000,13,False
Liberia Organic Cocoa & Agricultural Co,08-MAY-2026,Agriculture,DC,2021.0,150000.0,130000,12,False
Gold Strike Resources Corp.,08-MAY-2026,Other,A1,,2361814.0,2361814,2,False
"Blyngz Luxury Technologies, Inc.",08-MAY-2026,Other Technology,MN,2023.0,1000000.0,181250,10,False
Plantations International USA LLC,07-MAY-2026,Agriculture,FL,2025.0,13948000.0,0,0,False
Valio Labs Inc.,07-MAY-2026,Other Banking and Financial Services,WY,2026.0,30000000.0,0,0,False
Japan Gold Corp.,07-MAY-2026,Other,A1,,1000000.0,1000000,1,False
Kinect Opportunity Fund II LLC,07-MAY-2026,Other Real Estate,WA,2022.0,70000000.0,63335100,89,False
"Kirkland Income Fund REIT I, LLC",07-MAY-2026,REITS and Finance,WA,2023.0,62500.0,62500,125,False
"ASAPP, Inc.",07-MAY-2026,Other Technology,NY,,24101987.0,24101987,56,False
Modern Mining Technology Corp.,07-MAY-2026,Other,A1,2021.0,1997500.0,1997500,1,False
Elevare Corp,07-MAY-2026,Other Real Estate,PA,,4000000.0,250000,1,False
"Called It, Inc.",07-MAY-2026,Other,DE,2026.0,450000.0,450000,8,False
"forml, Inc.",07-MAY-2026,Other Technology,NV,2023.0,3000000.0,3000000,3,False
"Ladybird Taco Holding, LLC",07-MAY-2026,Restaurants,AL,2022.0,2500000.0,1690000,16,False
"Outlook Therapeutics, Inc.",07-MAY-2026,Biotechnology,NJ,,5000000.0,0,2,False
FORGE INVESTORS LLC,07-MAY-2026,Investing,WI,,100000000.0,91133608,18,False
"Metisculpt, Inc",07-MAY-2026,Biotechnology,TX,2025.0,,550000,5,False
"Physicians' Medical Center, LLC",07-MAY-2026,Other Health Care,IN,,1905243.0,0,0,False
"Pentra Robotics, inc.",07-MAY-2026,Computers,CA,2026.0,100000.0,100000,1,False
Titiminas Silver Inc.,07-MAY-2026,Other,A1,2021.0,2174072.0,2174072,1,False
Darkhive Inc.,07-MAY-2026,Other Technology,TX,,30000000.0,29999986,13,False
"Texas Health Surgery Center Bedford, LLC",07-MAY-2026,Other Health Care,TX,,210584.0,0,0,False
DW BAKKEN 79 LP,07-MAY-2026,Oil and Gas,TX,2026.0,500000.0,0,0,False
"APEXIA LABS, INC.",07-MAY-2026,Other Technology,NV,2026.0,500000.0,200000,2,False
"Project Orca, Inc.",07-MAY-2026,Other Technology,CT,2023.0,69998462.0,69998462,13,False
"TRIBRIDGE CO-INVEST 69, LLC",07-MAY-2026,Commercial,GA,2026.0,3713000.0,3713000,11,False
"Physicians' Medical Center, LLC",07-MAY-2026,Other Health Care,IN,,743340.0,0,0,False
"Coin Lion, LLC",07-MAY-2026,Other Banking and Financial Services,SD,,7000000.0,5030000,12,False
Furever Home Film LLC,07-MAY-2026,Other Technology,OH,2025.0,,0,3,False
BSR Real Estate Investment Trust,07-MAY-2026,REITS and Finance,AR,,,0,246,False
"APC Fund Manager, LLC",07-MAY-2026,Commercial,DE,2025.0,2500000.0,0,0,False
MCP Oaks Holdings LLC,07-MAY-2026,Commercial,PA,2026.0,4100000.0,4100000,24,False
"Alpha Pacific Opportunity Fund I, LLC",07-MAY-2026,Commercial,DE,2025.0,50000000.0,0,0,False
MHC Affordable Housing DST IV,07-MAY-2026,Residential,CA,2025.0,60149921.0,0,0,False
"Endlyz Therapeutics, Inc.",07-MAY-2026,Other,MA,,19650393.0,17250395,7,False
"Summit Medical Group Holdings, LLC",07-MAY-2026,Hospitals and Physicians,TN,,,1262000,32,False
"Bristlecone Holdings, Inc.",07-MAY-2026,Business Services,CA,2026.0,120000.0,120000,2,False
"ZoneLex, Inc.",07-MAY-2026,Other,WA,2026.0,1000000.0,250000,1,False
"Signature Athletics, Inc.",07-MAY-2026,Other,FL,,3000000.0,694971,14,False
NexPoint Waterford DST,07-MAY-2026,Other Real Estate,TX,2025.0,31360817.0,483297,2,False
Swish Holdings Inc.,07-MAY-2026,Other Technology,NY,2026.0,1200000.0,1200000,0,False
Una Software US Corp.,07-MAY-2026,Computers,A6,2024.0,812000.0,812000,4,False
"Zertesa, Inc.",07-MAY-2026,Other Technology,FL,2026.0,700000.0,700000,2,False
"AXOFT, INC.",07-MAY-2026,Biotechnology,MA,2021.0,34245399.0,34245380,13,False
"Lighthouse Pharmaceuticals, Inc.",07-MAY-2026,Other,CA,2022.0,15206800.0,15206800,25,False
"GracePay, Inc.",07-MAY-2026,Other Technology,IA,2026.0,1000000.0,100000,1,False
SRRT 5902 Industrial DST,07-MAY-2026,Other Real Estate,MN,2025.0,15292000.0,3914932,4,False
"MSL Equity 2025, LLC",07-MAY-2026,Residential,NJ,2026.0,5484265.0,5484265,60,False
"Highland Mains Partners, LLC",07-MAY-2026,Other Real Estate,CA,2024.0,7186640.0,7186640,32,False
"Neopenda, PBC",07-MAY-2026,Biotechnology,IL,,1500000.0,35000,1,False
Snowfall Holding LLC,07-MAY-2026,Commercial,PA,2026.0,2000000.0,0,0,False
"Raynmaker, Inc.",07-MAY-2026,Other Technology,CO,2024.0,5000000.0,45000,1,False
Triple Seven Land LLC,07-MAY-2026,Other Real Estate,OK,,25000000.0,149158,1,False
"EQX Labs, Inc.",07-MAY-2026,Other,NY,2026.0,3500000.0,3260000,14,False
"Blue Metric Group Fund, LP, Tennessee RV Park",07-MAY-2026,Other,TN,2026.0,2500000.0,2351850,10,False
Geoship SPC,07-MAY-2026,Manufacturing,CA,,10000000.0,6003695,71,False
OTD Investor Member LLC,07-MAY-2026,Commercial,MA,2025.0,,1317,22,False
Wedge Alternative Fund LLC,07-MAY-2026,Other,CA,2026.0,100000000.0,100000,1,False
"Hallmark Mayfair Lofts, LLC",07-MAY-2026,Commercial,GA,2026.0,5900000.0,0,0,False
Passage Inc.,07-MAY-2026,Other Technology,MI,,1175000.0,610000,4,False
"Y Plus X Drama, Inc.",07-MAY-2026,Other Technology,WA,2026.0,5000000.0,0,0,False
FREX DB Series I DST,07-MAY-2026,Other Real Estate,NY,2025.0,40178939.0,100000,1,False
"ByHeart, Inc.",07-MAY-2026,Other Health Care,NY,,95499340.0,95493537,46,False
Canter Resources Corp.,07-MAY-2026,Other,A1,,40000.0,40000,1,False
T2 Metals Corp.,07-MAY-2026,Other,A1,,559745.0,559745,35,False
American Metal LLC,07-MAY-2026,Manufacturing,CT,2024.0,,0,0,False
Acretrader 276 LLC,07-MAY-2026,Other Real Estate,AR,2025.0,3432000.0,3432000,56,False
Kindra Corp,07-MAY-2026,Other Health Care,CA,,4000000.0,2600000,2,False
Miach Orthopaedics Inc.,07-MAY-2026,Other Health Care,MA,,6500000.0,6500000,14,False
LuckyLiquor LLC,07-MAY-2026,Other,CA,2022.0,,919950,12,False
"MPC SC 2030 LIHTC ICF, LLC",07-MAY-2026,Other Real Estate,GA,2026.0,,0,0,False
"MPC SC 2029 LIHTC ICF, LLC",07-MAY-2026,Other Real Estate,GA,2026.0,,0,0,False
"MPC SC 2028 LIHTC ICF, LLC",07-MAY-2026,Other Real Estate,GA,2026.0,,0,0,False
"MPC SC 2027 LIHTC ICF, LLC",07-MAY-2026,Other Real Estate,GA,2026.0,,0,0,False
CaveKraft Technology LLC,07-MAY-2026,Other Technology,CT,2026.0,87500.0,10000,2,False
Harvest Drone LLC,07-MAY-2026,Other Technology,MN,2025.0,70000.0,0,0,False
"Payprweight, Inc.",07-MAY-2026,Other,VA,2026.0,400000.0,10000,1,False
"Boddle Learning, Inc.",07-MAY-2026,Other Technology,OK,,1300000.0,1300000,10,False
"DTC Private Equity IX, L.P.",07-MAY-2026,Investing,TN,2026.0,,0,0,False
"TEICHOS ENERGY, LLC",07-MAY-2026,Other Energy,WA,,6000000.0,2376000,12,False
Kona Wave M7 LLC,07-MAY-2026,Other,NC,2026.0,,1155000,11,False
"Calypso Curate, Inc.",07-MAY-2026,Other Technology,OK,2025.0,,77750,7,False
Juno Industries Inc.,07-MAY-2026,Other Technology,A1,2025.0,219000.0,219000,3,False
Sabine Valley Resource Development Joint Venture - First Amended,07-MAY-2026,Oil and Gas,TX,2026.0,5400000.0,5400000,18,False
"Western Connecticut Orthopedic Surgical Center, LLC",07-MAY-2026,Other Health Care,CT,,1809271.0,149076,2,False
Silicon Valley Exercise Analytics Inc.,07-MAY-2026,Other,DE,,2750000.0,2750000,13,False
SIDIS CAPITAL LLC,07-MAY-2026,Other,CO,2021.0,10000000.0,100000,1,False
Sterling Home Tech Inc.,07-MAY-2026,Other,AZ,2025.0,400000.0,200000,1,False
ONclick Healthcare Inc,07-MAY-2026,Other Health Care,CA,,3178292.0,3178292,16,False
"Aviator Capital Fund VI Global Feeder, LP",06-MAY-2026,Other,FL,2025.0,,500000,1,False
Canadian Energy Metals Corp.,06-MAY-2026,Other,A0,2021.0,75000.0,75000,1,False
"Tinuiti Group Holdings, L.P.",06-MAY-2026,Business Services,NY,,,91312300,83,False
"Red Stone Royalties IV, LP",06-MAY-2026,Oil and Gas,OK,2026.0,20000000.0,0,0,False
FalconX Holdings Ltd,06-MAY-2026,Investing,CA,,929624.0,0,0,False
New Kings Rd Self Storage Equity Partners LLC,06-MAY-2026,Commercial,DE,2026.0,2000000.0,20000,2,False
"Wonder Group, Inc.",06-MAY-2026,Restaurants,NY,,1679790.0,1679790,1,False
"Bobo CV CRE Fund, LLC",06-MAY-2026,Commercial,TX,2026.0,25000000.0,25000000,0,False
"ReFiBuy, Inc.",06-MAY-2026,Other,NC,2025.0,15415000.0,15315000,28,False
MERCANTILE APARTMENTS LLC,06-MAY-2026,Residential,DC,2026.0,4100000.0,2704305,11,False
MEAD VALLEY GATEWAY JV LLC,06-MAY-2026,Other Real Estate,CA,2025.0,38000000.0,38000000,2,False
MV DEVELOPER JV LLC,06-MAY-2026,Other Real Estate,CA,2025.0,1026531.0,1026531,3,False
"BREAKAWAY GROUP, INC.",06-MAY-2026,Other,OH,,48943261.0,48943261,81,False
MV GATEWAY HOLDINGS LLC,06-MAY-2026,Other Real Estate,CA,2025.0,21326531.0,21326531,10,False
Cosmos Fund LLC,06-MAY-2026,Other,FL,2024.0,,3340000,73,False
"Signature Athletics, Inc.",06-MAY-2026,Other,FL,,2500000.0,2362018,27,False
SRRT 5902 Industrial DST,06-MAY-2026,Other Real Estate,MN,2025.0,15292000.0,2002752,3,False
Interstate Equipment Co LLC,06-MAY-2026,Manufacturing,TX,2026.0,27000000.0,27000000,1,False
"Signature Athletics, Inc.",06-MAY-2026,Other,FL,,1000000.0,835000,17,False
"Signature Athletics, Inc.",06-MAY-2026,Other,FL,,1100000.0,1085000,16,False
"Signature Athletics, Inc.",06-MAY-2026,Other,FL,,1000000.0,350000,3,False
"Whisker Labs, Inc.",06-MAY-2026,Other Technology,MD,,6614990.0,6614990,10,False
Shorepointe Ventures LLC,06-MAY-2026,Other Real Estate,NV,2026.0,10000000.0,0,0,False
"Kagin's Digital, Inc.",06-MAY-2026,Other Banking and Financial Services,CA,2025.0,6500000.0,17400,4,False
Phoenix Capital LP 1 LLC,06-MAY-2026,Other Real Estate,DE,2024.0,5000000.0,0,0,False
Gaingels SiPhox LLC,06-MAY-2026,Other,VT,2026.0,75064.0,75064,10,False
"Cobblestone Crossings, LLC",06-MAY-2026,Manufacturing,OH,2024.0,1500000.0,1500000,6,False
"CarbonDrop, Inc.",06-MAY-2026,Other Technology,CA,2021.0,19624984.0,19624984,18,False
Gaingels Foundation 2026 LLC,06-MAY-2026,Other,VT,2026.0,140010.0,140010,9,False
"BMP II Katydid Holdco, LLC",06-MAY-2026,Investing,TX,2026.0,5789000.0,5789000,4,False
Gaingels Infinity LLC,06-MAY-2026,Other,VT,2026.0,313468.0,313468,11,False
Welara Capital Partners LLC Series 6,06-MAY-2026,Other,NY,2025.0,1900000.0,1900000,3,False
"BR Distilling Barrel Finance SPV 1, LLC",06-MAY-2026,Investing,TN,2026.0,1600000.0,1600000,8,False
"Opal Intelligence Labs, Inc.",06-MAY-2026,Other Technology,DE,2026.0,500000.0,250000,1,False
Gaingels Mage AI LLC,06-MAY-2026,Other,VT,2026.0,82066.0,82066,10,False
Mitera Biosciences Inc.,06-MAY-2026,Biotechnology,WA,,3000000.0,1100000,2,False
"Wilshire Quinn Income Fund, LLC",06-MAY-2026,Other Real Estate,CA,,300000000.0,186447066,594,True
Attestiv Inc.,06-MAY-2026,Other Technology,UT,,1000000.0,834000,16,False
AEI Healthcare Portfolio VII DST,06-MAY-2026,Commercial,MN,2026.0,50500000.0,16239238,42,False
"Brooklyn Dumpling Parent Holdings, Inc.",06-MAY-2026,Other,NJ,2023.0,150000.0,150000,3,False
"IRA Sunshine Holdings, LLC",06-MAY-2026,Other,CA,2026.0,5700000.0,5700000,57,False
Caramel Productions LLC,06-MAY-2026,Other,TX,2021.0,750000.0,10000,1,False
"Long Iron Technologies, LLC",06-MAY-2026,Investing,MA,2024.0,,605000,16,False
Finresi Fund 1 LP,06-MAY-2026,REITS and Finance,PA,2025.0,,0,0,False
"GPODS, INC.",06-MAY-2026,Other,CA,,750000.0,678000,33,False
Autoimmunity Biologic Solutions Inc.,06-MAY-2026,Biotechnology,TX,,3209233.0,3209233,15,False
"Pumpcade, Inc.",06-MAY-2026,Other Technology,DE,2025.0,6053885.0,1375442,26,False
Logan Energy Corp.,06-MAY-2026,Other,A0,2023.0,14020721.0,14020721,8,False
"RGP Income Fund II, LP",06-MAY-2026,Oil and Gas,TX,2025.0,125000000.0,106162713,833,True
5211 Village Parkway LLC,06-MAY-2026,Commercial,AR,2026.0,1150000.0,1150000,4,False
Bat Boy Cast Album Ltd Liability Co,06-MAY-2026,Other,NY,2026.0,400000.0,0,0,False
MedVector Corp,06-MAY-2026,Biotechnology,CA,,1100000.0,1005000,1,False
"Kingsland Pointe Holdings, LLC",06-MAY-2026,Other,NY,2025.0,,35144999,20,False
"Kingsland Pointe AP Holdings, LLC",06-MAY-2026,Other,NY,2025.0,,6230347,48,False
"Kingsland Pointe Blocker, LLC",06-MAY-2026,Other,NY,2025.0,,1397306,10,False
"Scalpel Ventures, LLC",06-MAY-2026,Biotechnology,NC,2023.0,10000000.0,2586305,43,False
MARS Markets Corp.,06-MAY-2026,Other,NJ,2021.0,11000000.0,50000,1,False
Fusion Fuel Green PLC,06-MAY-2026,Other Energy,L2,,15000000.0,0,0,False
Delta Hedge Capital LLC,06-MAY-2026,Other Banking and Financial Services,CA,2025.0,8000000.0,200000,1,False
"Origin Nona, DST",06-MAY-2026,Other Real Estate,IL,2025.0,46256706.0,2368494,7,False
"HGR Hankamer Foundation 1, LP",06-MAY-2026,Other,KY,2025.0,429500.0,79875,3,False
"BP WSG HOLDINGS, LLC",06-MAY-2026,Other Real Estate,NY,2026.0,2200000.0,0,0,False
Alexander Capital Ventures LLC,06-MAY-2026,Other Banking and Financial Services,NJ,,3832965.0,3832965,35,False
Alexander Capital Ventures LLC,06-MAY-2026,Other Banking and Financial Services,NJ,,4213012.0,4213012,71,False
LGP Associates IX-B LLC,06-MAY-2026,Investing,CA,2023.0,,0,0,False
"Hockey Parent Holdings, L.P.",06-MAY-2026,Other,IL,,5507525.0,5507525,11,False
"Brevondale Capital, Inc.",06-MAY-2026,Investing,CO,,100000000.0,0,0,False
"EGX ENERGY, INC.",06-MAY-2026,Other Energy,TX,2024.0,3000000.0,0,0,False
Groundbreaker Capital Fund 1 LLC,06-MAY-2026,Residential,IL,2026.0,750000.0,472500,8,False
"PI Durfee Avenue, LLC",06-MAY-2026,Residential,CA,2026.0,6350000.0,6306076,71,False
Ninety One Emerging Markets Transition Debt Opportunities Fund LLC,06-MAY-2026,Investing,NY,2024.0,,100001000,1,True
SmellCo Inc.,06-MAY-2026,Other,DE,2024.0,9249972.0,9249972,12,False
"Flint Trails Investment, LP",06-MAY-2026,Residential,MO,2026.0,18000000.0,5200000,41,False
"Venchrz, Inc.",06-MAY-2026,Other Technology,TN,2023.0,4547500.0,3867326,14,False
"Marshwater, Inc.",06-MAY-2026,Restaurants,WY,2026.0,250000.0,250000,1,False
Slight Ache LLC,06-MAY-2026,Restaurants,NY,2025.0,1500000.0,825000,11,False
"BK Development, LLC",06-MAY-2026,Commercial,LA,2024.0,2175000.0,675000,10,False
Momentum Lake Dallas LLC,06-MAY-2026,Residential,TX,2026.0,17000000.0,250000,2,False
"RE Equity Labs, Inc",06-MAY-2026,Other Technology,NV,2026.0,1900000.0,1900000,3,False
Ninety One Global Select LLC - Ninety One Emerging Markets Local Currency Total Return Debt Fund,06-MAY-2026,Investing,NY,,,1285460297,2,True
"Vista 468, LLC",06-MAY-2026,Other Real Estate,CA,2025.0,3025000.0,1525000,6,False
"UCSD Center for Surgery of Encinitas, L.P.",06-MAY-2026,Other Health Care,CA,,1147500.0,0,0,False
CXI Holdings Inc.,06-MAY-2026,Other Technology,DC,2026.0,41088220.0,39162200,5,False
"Vernon Rose, LLC",06-MAY-2026,Residential,CA,2025.0,2995000.0,2995000,21,False
"SYNERGY APEX PARTNERS, LLC",05-MAY-2026,Other Technology,DE,2026.0,20000000.0,1806001,10,False
"Move Fund II, LP",05-MAY-2026,Other,NE,2026.0,10000000.0,0,0,False
"Fantail, Inc.",05-MAY-2026,Other,MD,2025.0,20000.0,20000,1,False
"Lime Social - Totem Lake, LLC",05-MAY-2026,Restaurants,WA,2026.0,900000.0,125000,2,False
"451-455 South Galvez Qualified Opportunity Fund, LLC",05-MAY-2026,Commercial,DE,2024.0,2675000.0,1175000,2,False
"EEA - The Mill, LLC",05-MAY-2026,Other Real Estate,NC,2025.0,11327000.0,4615000,20,False
"Mansa Micro, Inc.",05-MAY-2026,Other Technology,CA,2026.0,2000000.0,1000000,1,False
Venture at Laster Farms Developer LLC,05-MAY-2026,Other Real Estate,IN,2025.0,2027351.0,2027351,16,False
"Jupiter Biomedical Research, Inc.",05-MAY-2026,Biotechnology,FL,,500000.0,500000,30,False
Sielo Robotics Inc.,05-MAY-2026,Other Technology,A6,2025.0,732000.0,243000,5,False
Tollway Lovers LP,05-MAY-2026,Commercial,TX,2023.0,14900000.0,14900000,140,False
HTP Preferred LLC,05-MAY-2026,Other Real Estate,NY,2026.0,10000000.0,10000000,45,False
Preston Pavilion LP,05-MAY-2026,Commercial,TX,2025.0,28400000.0,28400000,230,False
LC CAPITAL PARTNERS IV LLC,05-MAY-2026,Investing,FL,2026.0,100000.0,100000,1,False
RESOLUTE RGL LLC,05-MAY-2026,Manufacturing,DE,2026.0,1200000.0,700000,6,False
LC CAPITAL PARTNERS IV LLC,05-MAY-2026,Investing,FL,2026.0,100000.0,100000,1,False
PPP 100 DEV LLC,05-MAY-2026,Commercial,TX,2023.0,36000.0,36000,42,False
LC CAPITAL PARTNERS IV LLC,05-MAY-2026,Investing,FL,2026.0,120000.0,120000,1,False
Stowzilla Inc.,05-MAY-2026,Retailing,FL,2026.0,,8000,1,False
D44 Ventures SPV LLC,05-MAY-2026,Biotechnology,DE,2026.0,3000000.0,3000000,1,False
BaR 814 LLC,05-MAY-2026,Commercial,IN,2024.0,195000.0,195000,4,False
LC CAPITAL PARTNERS IV LLC,05-MAY-2026,Investing,FL,2026.0,500000.0,500000,1,False
CT 8 BW 510 Corliss JV LLC,05-MAY-2026,Commercial,NY,2026.0,1311111.0,1311111,16,False
"AH-DTS-00024750, LLC",05-MAY-2026,Other Real Estate,TX,2026.0,1955836.0,1955836,1,False
"Susquehanna Solar, LLC",05-MAY-2026,Other,SC,2023.0,500000.0,500000,1,False
LC CAPITAL PARTNERS IV LLC,05-MAY-2026,Investing,FL,2026.0,500000.0,500000,1,False
"SGP - Mobile Homes II, LLC",05-MAY-2026,Commercial,NC,2026.0,6240000.0,0,0,False
TEXAKOMA EXPLORATION & PRODUCTION LLC,05-MAY-2026,Oil and Gas,TX,,4700000.0,282000,4,False
"SGP - RSTRS Davidson, LLC",05-MAY-2026,Commercial,NC,2026.0,2100000.0,0,0,False
LC CAPITAL PARTNERS III LLC,05-MAY-2026,Investing,FL,2026.0,100000.0,100000,1,False
"Relay, Inc.",05-MAY-2026,Other Technology,NC,,42060525.0,42060525,16,False
"Eckard Prospector Blocker, LLC",05-MAY-2026,Oil and Gas,TX,2025.0,,4435120,58,False
Vitanova Biomedical Inc.,05-MAY-2026,Biotechnology,TX,,8000000.0,0,0,False
LC CAPITAL PARTNERS III LLC,05-MAY-2026,Investing,FL,2026.0,350000.0,350000,1,False
JONES FINANCIAL COMPANIES LLLP,05-MAY-2026,Other Banking and Financial Services,MO,,680000.0,675000,135,False
Park Place Village LP,05-MAY-2026,Commercial,TX,2025.0,70000000.0,58000000,269,False
"Artax Biopharma, Inc.",05-MAY-2026,Pharmaceuticals,MA,,19000000.0,19000000,30,False
LC CAPITAL PARTNERS III LLC,05-MAY-2026,Investing,FL,2026.0,350000.0,350000,1,False
LC CAPITAL PARTNERS III LLC,05-MAY-2026,Investing,FL,2026.0,500000.0,500000,1,False
Hemingway 2026 LLC,05-MAY-2026,REITS and Finance,SC,2026.0,1482500.0,1482500,21,False
Cloud Diagnostics Canada Inc.,05-MAY-2026,Other Health Care,A6,2026.0,578147.0,578147,9,False
EXPO INC.,05-MAY-2026,Lodging and Conventions,IL,,350000.0,350000,1,False
Vitaliti Technologies Inc.,05-MAY-2026,Other Health Care,A6,2024.0,21413.0,21413,2,False
Duck Haven LP,05-MAY-2026,Commercial,TX,2025.0,16500000.0,16500000,146,False
"Series Fund S, a series of UM Pre-IPO Portfolio Fund II LLC",05-MAY-2026,Other,NY,2021.0,,905000,12,False
Prosper 380 Tollway LP,05-MAY-2026,Commercial,TX,2024.0,29500000.0,29500000,186,False
"Meili Holdings, LLC",05-MAY-2026,Other,MT,2021.0,5000000.0,4185000,16,False
Conserve Safari Asset Management Ltd,05-MAY-2026,Other Real Estate,W0,2024.0,750000.0,250000,6,False
TEXAKOMA EXPLORATION & PRODUCTION LLC,05-MAY-2026,Oil and Gas,TX,,6600000.0,88000,2,False
Essayons Change Corp,05-MAY-2026,Other Technology,IN,2026.0,1000000.0,0,0,False
KD.SPUR LLC,05-MAY-2026,Other,NH,,1500000.0,1024380,10,False
"Phyto Teq, Inc.",05-MAY-2026,Other,CA,2021.0,3000000.0,3000000,1,False
"Legacy Holdings Topco, L.P.",05-MAY-2026,Business Services,MA,2024.0,,0,1,False
Avistar Technologies Inc.,05-MAY-2026,Other Technology,IL,2025.0,1000000.0,300000,1,False
"Legacy Holdings Topco, L.P.",05-MAY-2026,Business Services,MA,2024.0,6951509.0,6951509,43,False
4MINDSAI INC.,05-MAY-2026,Other Technology,TX,2024.0,29429965.0,5429998,51,False
VP 3 LLC,05-MAY-2026,Commercial,KS,2026.0,6500000.0,0,0,False
"Alitheon, Inc.",05-MAY-2026,Other Technology,WA,,8000000.0,8000000,9,False
TN I FF LLC,05-MAY-2026,Other,MA,2026.0,2500000.0,0,0,False
"Dealer Alchemist, Inc.",05-MAY-2026,Other,ID,2023.0,3000000.0,3000000,4,False
WILDLIFE PARTNERS EBP 2026A,05-MAY-2026,Other,TX,2026.0,11000000.0,0,0,False
TN I Founders LLC,05-MAY-2026,Other,MA,2026.0,2200000.0,0,0,False
"Eckard Prospector, LLC",05-MAY-2026,Oil and Gas,TX,2025.0,40000000.0,13017395,144,False
"Levee Medical, Inc.",05-MAY-2026,Other Health Care,NC,,12500000.0,12500000,130,False
"Barreleye US, Inc.",05-MAY-2026,Other Technology,CA,2025.0,11262619.0,11262619,4,False
McKinney Hill Park LP,05-MAY-2026,Commercial,TX,,11500000.0,11500000,11,False
"Meili Holdings, LLC",05-MAY-2026,Other,MT,2021.0,1000000.0,1000000,1,False
"Landmark Tuscaloosa Sidecar, LLC",05-MAY-2026,Commercial,GA,2026.0,5500000.0,4780000,21,False
LaunchPad Access Fund LP,05-MAY-2026,Other Real Estate,TX,2025.0,10000000.0,1125000,45,False
ProteinIQ Inc.,05-MAY-2026,Other Technology,AL,2026.0,475000.0,475000,4,False
"Meili Holdings, LLC",05-MAY-2026,Other,MT,2021.0,2000000.0,2000000,1,False
LUV Holdings LLC,05-MAY-2026,Manufacturing,MN,2026.0,9000000.0,0,0,False
"Series Fund R, a series of UM Pre-IPO Portfolio Fund II LLC",05-MAY-2026,Other,NY,2021.0,,490000,12,False
"Meili Holdings, LLC",05-MAY-2026,Other,MT,2021.0,5000000.0,2650000,2,False
"MPC SC 2028 ICF, LLC",05-MAY-2026,Other Real Estate,GA,2025.0,,3993000,3,False
"Resource Royalty 27, LLC",05-MAY-2026,Oil and Gas,TX,2026.0,6124950.0,0,0,False
"Meili Holdings, LLC",05-MAY-2026,Other,MT,2021.0,1000000.0,1000000,4,False
"Concord 101, LLC",05-MAY-2026,Residential,VA,2026.0,8000000.0,1025000,3,False
Tokma Digital Corp,05-MAY-2026,Other Technology,NE,2025.0,240000.0,0,0,False
SAVA Capital Inc.,05-MAY-2026,Investing,FL,2021.0,250000.0,250000,1,False
SAVA Capital Inc.,05-MAY-2026,Investing,FL,2021.0,50000.0,50000,1,False
"NAME ABOVE FILM, LLC",05-MAY-2026,Other,CA,2026.0,12000000.0,54000,1,False
"Series 73-4, a series of StartEngine Private LLC",05-MAY-2026,Other,CA,2025.0,711937.0,80812,2,False
"Series 73-3, a series of StartEngine Private LLC",05-MAY-2026,Other,CA,2025.0,1461750.0,87562,3,False
INTRAMOTEV INC.,05-MAY-2026,Manufacturing,MO,2022.0,12000000.0,10760000,23,False
"Parthion, LLC",05-MAY-2026,Other Technology,NJ,2025.0,1000000.0,300000,2,False
"MB Mezzanine Fund, LP",05-MAY-2026,REITS and Finance,UT,2024.0,,13000000,24,False
"GPODS, INC.",05-MAY-2026,Other,CA,,750000.0,300000,1,False
"Hotel Mayhew Equity Partners, LLC",05-MAY-2026,Commercial,MN,2026.0,2000000.0,0,0,False
"MB Primary Fund, LP",05-MAY-2026,REITS and Finance,UT,2024.0,,40000000,45,False
"HBS Research Farms, LLC",05-MAY-2026,Other,SD,,50000000.0,5650000,4,False
Battery Mineral Resources Corp.,05-MAY-2026,Other,A1,,330606.0,330606,2,False
"Aviator Capital Fund VI US Feeder, LP",05-MAY-2026,Other,FL,2025.0,,104500000,2,True
Charleston FC PickleRage Holding LLC,05-MAY-2026,Retailing,FL,2025.0,1250000.0,0,0,False
BayFirst Financial Corp.,05-MAY-2026,Commercial Banking,FL,,80000000.0,80000000,33,False
Bella SV Holding LLC,05-MAY-2026,Commercial,TX,2026.0,1200000.0,1200000,25,False
Blu Clarity PBC,05-MAY-2026,Insurance,TX,,2000000.0,582000,6,False
INTER ALIA BROADWAY Ltd LIABILITY Co,05-MAY-2026,Other,NY,2025.0,7000000.0,425000,3,False
"Newport LandVest5, LLC",05-MAY-2026,Residential,VA,2026.0,11000000.0,11000000,74,False
"Chad & Barney's HPF, Inc.",05-MAY-2026,Other,WA,2023.0,6000000.0,1540000,11,False
Calgary Institute of Counselling Inc.,05-MAY-2026,Other,A0,,100000.0,100000,1,False
GS Finance Corp.,05-MAY-2026,Investment Banking,NY,,322781.0,322781,1,False
"CGP Net Lease Mezz Equity VIII, LLC",05-MAY-2026,Commercial,AL,2026.0,4600000.0,4600000,1,False
SB College Park Investors LLC,05-MAY-2026,Other Real Estate,CA,2026.0,221808.0,221808,1,False
"BrandCapsule, Inc.",05-MAY-2026,Other Technology,CA,2026.0,56250.0,56250,2,False
GS Finance Corp.,05-MAY-2026,Investment Banking,NY,,184454.0,184454,1,False
"JTC Development, LLC",05-MAY-2026,Agriculture,MD,,20000000.0,8250000,30,False
"Zenprexi, Inc.",05-MAY-2026,Computers,NC,2025.0,1500000.0,50000,1,False
"Greenview Labs, Inc.",05-MAY-2026,Other Technology,CA,2026.0,,30000,3,False
GS Finance Corp.,05-MAY-2026,Investment Banking,NY,,184443.0,184443,1,False
"Megantic Opportunity Portfolio, LLC",04-MAY-2026,Other,CA,2024.0,20000000.0,5200000,15,False
Venus Aerospace Corp.,04-MAY-2026,Other Technology,TX,,99999989.0,63045751,39,False
Sage Credit Income Fund LP,04-MAY-2026,Other Real Estate,NC,2024.0,300000000.0,53789613,17,False
Vitro3d Inc,04-MAY-2026,Other Technology,CO,2022.0,2000000.0,1100000,9,False
"OC Sortera Partners 2, LLC",04-MAY-2026,Other,GA,2026.0,2100000.0,1500000,10,False
Talbot Portage LLC,04-MAY-2026,Residential,MI,2025.0,5000000.0,450000,3,False
"TalesVision, Inc.",04-MAY-2026,Other Technology,CA,2023.0,2000000.0,2000000,1,False
NexPoint Marina DST,04-MAY-2026,Other Real Estate,TX,2025.0,42710095.0,19788316,63,False
Like & Subscribe Co.,04-MAY-2026,Other Technology,TX,2024.0,,100000,1,False
"Infinity Industrial Building III, LLC",04-MAY-2026,Commercial,IA,2025.0,7710000.0,0,0,False
"Clinware Solutions, Inc.",04-MAY-2026,Computers,NC,2025.0,5500000.0,2000000,1,False
"Enveric Biosciences, Inc.",04-MAY-2026,Biotechnology,MA,,5000002.0,5000002,4,False
"Origami Space Development, Inc.",04-MAY-2026,Other Technology,CO,2024.0,220000.0,220000,1,False
"Inflammasome Therapeutics, Inc.",04-MAY-2026,Biotechnology,MA,,13155645.0,13155645,62,False
"Climb Bio, Inc.",04-MAY-2026,Biotechnology,MA,,110076289.0,110076289,22,True
"Call Up Fund 1, LLC",04-MAY-2026,Investing,MI,2025.0,10000000.0,825000,5,False
"DPEG Market Square, LP",04-MAY-2026,Other Real Estate,TX,2026.0,6950000.0,6950000,77,False
Howard Hughes Holdings Inc.,04-MAY-2026,Other Real Estate,TX,2023.0,10000000.0,10000000,1,False
"AI Commerce Solutions, Inc.",04-MAY-2026,Business Services,CA,2025.0,100000.0,100000,1,False
Phia Holdings Inc.,04-MAY-2026,Other Technology,NY,2022.0,35500031.0,35324001,30,False
DE GALA HOLDINGS,04-MAY-2026,Commercial,WA,,116665.0,116665,5,False
APEXIS GROUP Ltd,04-MAY-2026,Other Banking and Financial Services,CO,,,100000,10000,False
Fox Run Ventures LLC,04-MAY-2026,Other Real Estate,NY,2026.0,2175000.0,2175000,9,False
Vaughn & Liu LLC,04-MAY-2026,Other Real Estate,CO,2026.0,2500000.0,0,0,False
Phia Holdings Inc.,04-MAY-2026,Other Technology,NY,2022.0,9472195.0,9472195,12,False
"WGV Real Estate Fund I, LLC",04-MAY-2026,Other Real Estate,IN,2025.0,100000000.0,3435699,23,False
Gaingels Seeing Systems LLC,04-MAY-2026,Other,VT,2026.0,95233.0,95233,7,False
Friona Dairy EB5 Investors Fund LP,04-MAY-2026,Agriculture,TX,2026.0,28000000.0,0,0,False
"Retropsoas Technologies, LLC",04-MAY-2026,Other Health Care,MO,,4500000.0,3112500,38,False
"Pathways Research, Inc.",04-MAY-2026,Other Technology,CA,2026.0,250000.0,20000,2,False
"Yapa Tech, Inc.",04-MAY-2026,Other Technology,CA,2026.0,,150000,1,False
"Peachtree Credit Fund IV, LP",04-MAY-2026,Other Real Estate,GA,2024.0,500000000.0,240723828,578,True
MyPro Services Inc.,04-MAY-2026,Computers,WY,,7500000.0,5500,2,False
Inforens Global Ltd,04-MAY-2026,Other Technology,X0,2022.0,1621402.0,168844,5,False
Gaingels Red6 LLC,04-MAY-2026,Other,VT,2026.0,68622.0,68622,4,False
"Lyzr, Inc.",04-MAY-2026,Other Technology,NJ,2023.0,10460986.0,10460986,29,False
Friona Dairy EB5 Investors Fund LP,04-MAY-2026,Agriculture,TX,2026.0,28000000.0,0,0,False
MyPro Services Inc.,04-MAY-2026,Computers,CA,,7500000.0,500,1,False
"Dakota Financial, LLC",04-MAY-2026,Other Banking and Financial Services,CA,,20000000.0,20000000,5,False
Phinney Ridge 503 LLC,04-MAY-2026,Residential,WA,2025.0,1843000.0,1843000,4,False
Swipe Savvy Inc.,04-MAY-2026,Other Technology,FL,2026.0,10000000.0,0,0,False
"JuliaHub, Inc.",04-MAY-2026,Other Technology,MA,,69914061.0,46656804,1,False
Nexben Inc.,04-MAY-2026,Other Technology,MN,,28176656.0,24084114,26,False
"YRC Dallas EB-5 Fund, LP",04-MAY-2026,Other Real Estate,TX,2025.0,79200000.0,3200000,4,False
Sage Credit Income Fund LP,04-MAY-2026,Other Real Estate,NC,2024.0,300000000.0,53789613,17,False
Alvee Health Inc.,04-MAY-2026,Other Health Care,FL,2021.0,2500023.0,2500023,3,False
"FullPAC, Inc.",04-MAY-2026,Other,VA,,2596290.0,2596290,14,False
"Fresh Produce IN OK Investments, LLC",04-MAY-2026,Other Real Estate,TX,2026.0,,8478100,72,False
Buckeye QOF LLC,04-MAY-2026,Commercial,CA,2025.0,4500000.0,1725000,10,False
Oceanfront Holdings QOZB LLC,04-MAY-2026,Commercial,CA,2025.0,4500000.0,450000,2,False
CROWDFUNZ 859 LLC,04-MAY-2026,Other Real Estate,NY,,5000000.0,0,0,False
"RYP LABS, INC.",04-MAY-2026,Other Technology,WA,,2000000.0,107500,2,False
"Daintree Group Partners NT, LP",04-MAY-2026,Investing,NY,2025.0,,64260000,1,False
"GPODS, INC.",04-MAY-2026,Other,CA,,750000.0,7050,9,False
PharmassetX Inc.,04-MAY-2026,Pharmaceuticals,KY,2024.0,6000000.0,100000,1,False
CIG DS1 Procurement LLC,04-MAY-2026,Other Energy,FL,2025.0,100000000.0,100000000,2,True
Ferret Systems Inc.,04-MAY-2026,Other Technology,CA,,12000000.0,6799995,2,False
Icon on Pima II LLC,04-MAY-2026,Other,CA,2026.0,1400000.0,0,0,False
Developer Capital Inc.,04-MAY-2026,Other Banking and Financial Services,A6,2023.0,3631500.0,3395318,3,False
Red Spring Racing 10 LLC,04-MAY-2026,Agriculture,NY,2025.0,16000.0,4800,1,False
"RMFF HoldCo, LLC",04-MAY-2026,Manufacturing,CO,2025.0,4727000.0,4727000,14,False
rootberry llc,04-MAY-2026,Other,MO,,1500000.0,1001202,1,False
"melten.ai, Inc.",04-MAY-2026,Other Technology,CA,2026.0,2199999.0,2199999,1,False
"One of One Ventures Technology, Inc.",04-MAY-2026,Other Technology,NY,2026.0,4000000.0,0,0,False
"Vaulterra Storage Durango, LLC",04-MAY-2026,Commercial,TX,2024.0,4000000.0,4000000,0,False
"Ameri Financial Group, Inc.",04-MAY-2026,Commercial Banking,MN,,16983040.0,0,0,False
"Perplexity AI Insider Stock Acquisitions, LLC",04-MAY-2026,Other,AZ,2026.0,,1900000,26,False
"SPA Properties III, LLC",04-MAY-2026,Commercial,NC,,3526000.0,3526000,27,False
USEDC 2026 Drilling Fund 1 LP,04-MAY-2026,Oil and Gas,TX,2026.0,250000000.0,150000,0,False
USEDC Opportunity Zone IV LP,04-MAY-2026,Oil and Gas,TX,2026.0,100000000.0,300000,0,False
"Vertical Bridge Financing Fund I, LLC",04-MAY-2026,Other Banking and Financial Services,FL,2025.0,10000000.0,300000,2,False
Acacia Property Corp 2025,04-MAY-2026,REITS and Finance,CA,2025.0,700000000.0,344330000,53,True
"Qaimera Technologies, Inc.",04-MAY-2026,Other Technology,IL,2024.0,600000.0,360000,3,False
"ContactImmed, Inc.",04-MAY-2026,Other Technology,NY,2024.0,,30000,1,False
Moto Acquire LLC,04-MAY-2026,Other Technology,IL,2023.0,810000.0,810000,6,False
JNR Equity Fund II LLC,04-MAY-2026,Other Real Estate,MA,2025.0,100000000.0,19148001,61,False
"BCM Equity, LP",04-MAY-2026,Investing,TX,2026.0,400000.0,379000,8,False
"MDS 2026-Shale Development, LP",04-MAY-2026,Oil and Gas,PA,2025.0,200000000.0,0,0,False
Walholding LLC,04-MAY-2026,Commercial,OH,2026.0,395311.0,395311,5,False
Locksmith Bio Inc.,04-MAY-2026,Other Technology,DE,2024.0,1900000.0,1900000,2,False
Sxsvi Tech Corp,04-MAY-2026,Investing,CO,2026.0,100000000.0,0,0,False
BUMM Pretty Mom Corp,04-MAY-2026,Other Health Care,F4,2026.0,100000000.0,25000000,0,False
"Launchpoint Electric Propulsion Solutions, Inc.",04-MAY-2026,Other,CA,,237810.0,237810,1,False
"Mentat Biotechnology, Corp.",04-MAY-2026,Biotechnology,CA,2023.0,10000.0,10000,1,False
SharonAI Holdings Inc.,04-MAY-2026,Other Technology,NY,,350000000.0,350000000,7,True
"RWA Flood, Inc.",04-MAY-2026,Other,WY,2026.0,1200000.0,142500,8,False
"Landbank III, LP",04-MAY-2026,Oil and Gas,TX,2026.0,50000000.0,200000,2,False
Midcon Magnesium,04-MAY-2026,Other Energy,WY,2026.0,2000000.0,150000,3,False
Latitude Energy Holdings Inc.,04-MAY-2026,Other Energy,DC,2025.0,100000.0,100000,2,False
"ANYROSE, INC.",04-MAY-2026,Other Technology,CA,2026.0,,100000,1,False
"Taylor 58, Ltd.",01-MAY-2026,Other Real Estate,TX,2025.0,15000000.0,3200000,2,False
Latitude Energy Holdings Inc.,01-MAY-2026,Other Energy,DC,2025.0,75000.0,75000,1,False
"Auxilia, Inc.",01-MAY-2026,Business Services,CO,,5000000.0,1408000,14,False
Caris Inc,01-MAY-2026,Other Energy,CA,,,338700,45,False
"Fabric.AI, Inc.",01-MAY-2026,Other,NY,,73075000.0,73075000,15,False
Palomino Laboratories Inc.,01-MAY-2026,Other Technology,CA,2022.0,30000000.0,16975412,76,False
"Templum, Inc.",01-MAY-2026,Other,FL,,13500000.0,13500000,3,False
"UCSD Center for Surgery of Encinitas, L.P.",01-MAY-2026,Other Health Care,CA,,943500.0,0,0,False
Carlin Gold Corp,01-MAY-2026,Other,A1,,198197.0,79279,4,False
"Three Years Gone, LLC",01-MAY-2026,Other,NY,2022.0,500000.0,435000,13,False
"Nok Therapeutics, Inc.",01-MAY-2026,Biotechnology,PA,2024.0,,750500,5,False
"Nok Therapeutics, Inc.",01-MAY-2026,Biotechnology,PA,2024.0,3200.0,3200,14,False
BKAI Dove Ridge LLC,01-MAY-2026,Investing,TX,2026.0,2000000.0,0,0,False
"UCSD Center for Surgery of Encinitas, L.P.",01-MAY-2026,Other Health Care,CA,,943500.0,0,0,False
Timbertop Growth Investment Fund LLC,01-MAY-2026,Residential,TN,2025.0,100000000.0,1700000,9,False
"BP Commercial Funding Trust, Series SPL-XII",01-MAY-2026,Other Banking and Financial Services,NY,,,172319188,29,True
Big Watt Digital LLC,01-MAY-2026,Other,DE,2021.0,,31400984,26,False
"SmartNews, Inc.",01-MAY-2026,Other Technology,M0,,,0,0,False
"Series Fund S, a series of UM Pre-IPO Portfolio Fund II LLC",01-MAY-2026,Other,NY,2021.0,,905000,12,False
"VenoStent, Inc.",01-MAY-2026,Other Health Care,TX,,10000000.0,10000000,29,False
"MAGIC FIND STUDIOS, INC.",01-MAY-2026,Other Technology,FL,2025.0,10000000.0,2999999,1,False
Timbertop Growth Investment Fund LLC,01-MAY-2026,Residential,TN,2025.0,100000000.0,1700000,9,False
"AirMid Critical Care Products, Inc.",01-MAY-2026,Other Health Care,VA,,2000000.0,102500,3,False
Persefoni AI Inc.,01-MAY-2026,Other Technology,AZ,,4349962.0,4349962,6,False
Haevek Inc.,01-MAY-2026,Other Technology,VA,2023.0,6730356.0,6410317,25,False
Ineffable Intelligence Ltd,01-MAY-2026,Other Technology,X0,2025.0,1111419525.0,1104867535,33,True
"Cosmetic Physician Partners, LLC",01-MAY-2026,Other Health Care,TX,2021.0,261445.0,0,0,False
Venki Energy LLC,01-MAY-2026,Other Energy,MD,2024.0,100000.0,43000,4,False
"Sufficiently Advanced, Inc.",01-MAY-2026,Computers,DE,2023.0,6099982.0,6099982,14,False
"CALIBER HS TSMC FUNDCO, LLC",01-MAY-2026,Other Real Estate,AZ,2025.0,25000000.0,100000,1,False
"East Bay Permanent Real Estate Cooperative, Inc.",01-MAY-2026,Other Real Estate,CA,,15000000.0,1971000,19,False
"Parnassus Labs, Inc.",01-MAY-2026,Other Technology,CA,2022.0,32462270.0,29662278,6,False
nira innovations Inc,01-MAY-2026,Biotechnology,NH,,1500000.0,25000,1,False
SAYARI LABS INC.,01-MAY-2026,Other Technology,DC,,,0,0,False
"Danville 2025 QOF, LLC",01-MAY-2026,Commercial,VA,2026.0,1683000.0,1683000,15,False
"TiGR, LLC",01-MAY-2026,Other,DE,2025.0,10000000.0,2036333,1,False
"PG Austin Investors RC, LLC",01-MAY-2026,Other Real Estate,GA,2025.0,80300000.0,9903969,84,False
Blue Energy Global Inc.,01-MAY-2026,Other Energy,MD,2023.0,399999949.0,177476834,11,True
AEI Healthcare Portfolio VII DST,01-MAY-2026,Commercial,MN,2026.0,50500000.0,13573589,34,False
"Circadian Health, Inc.",01-MAY-2026,Other Health Care,FL,2024.0,12000000.0,8780909,8,False
"PG Austin Investors RC, LLC",01-MAY-2026,Other Real Estate,GA,2025.0,80300000.0,9903969,84,False
"HIG Holdings, LLC",01-MAY-2026,Insurance,TX,,12175000.0,12175000,9,False
"Circadian Health, Inc.",01-MAY-2026,Other Health Care,FL,2024.0,12000000.0,8226867,4,False
"Title Solutions Group, LLC",01-MAY-2026,Insurance,IL,2025.0,35955.0,35955,1,False
"NeuroGeneces, Inc.",01-MAY-2026,Other Health Care,NM,2021.0,750000.0,425000,13,False
Haply Robotics inc.,01-MAY-2026,Other Technology,A8,,,3273494,6,False
"PG Austin Investors, LLC",01-MAY-2026,Other Real Estate,GA,2025.0,80300000.0,10023271,76,False
"Preceptis Medical, Inc.",01-MAY-2026,Other Health Care,MN,,6900000.0,2561370,27,False
Shield AI Inc,01-MAY-2026,Other Technology,CA,,591806870.0,591806870,32,True
Automated Water Machines Inc d/b/a Kadeya,01-MAY-2026,Retailing,IL,,475000.0,150000,3,False
"Benefit Harbor, LP",01-MAY-2026,Business Services,TX,,6540000.0,6000000,13,False
Real to Reel Capital LLC,01-MAY-2026,Other Real Estate,NV,2026.0,2500000.0,0,0,False
"DADOS Technology, Inc.",01-MAY-2026,Other Technology,CA,2023.0,3298971.0,1513971,5,False
"RS Hunting Ridge Apartments, LLC",01-MAY-2026,Other Real Estate,UT,,3900000.0,0,0,False
Canopy NRG LLC,01-MAY-2026,Other Energy,MS,2026.0,6000000.0,1700000,4,False
"Midas Fore, LLC",01-MAY-2026,Other Banking and Financial Services,VA,2025.0,1000000.0,0,0,False
"Morningside Sunrise Holdings, LLC",01-MAY-2026,Residential,FL,2025.0,22000000.0,9890000,5,False
"Arbiom, Inc.",01-MAY-2026,Other,NC,,21000000.0,18900000,9,False
"5280 Waste Group, LLC",01-MAY-2026,Other,PA,2025.0,,11742937,7,False
Grace Ryan Organics Inc.,01-MAY-2026,Other,CT,2023.0,1500000.0,1500000,0,False
"TUTUS INVESTMENT FUND I, LLC",01-MAY-2026,Other,TX,2026.0,10000000.0,0,0,False
"Eyas Medical Imaging, Inc.",01-MAY-2026,Other Health Care,OH,,10000000.0,2200000,7,False
"Spark GHC Lighthouse, L.P.",01-MAY-2026,Commercial,OH,2026.0,17000000.0,500000,1,False
"SKIPPER LABS, INC.",01-MAY-2026,Other Technology,WA,2026.0,329998.0,164999,1,False
"SKIPPER LABS, INC.",01-MAY-2026,Other Technology,WA,2026.0,329999.0,0,0,False
KryptonQ LTD.,01-MAY-2026,Investing,CO,2026.0,,100000000,1000,True
TEP Fund 2026 LP,01-MAY-2026,Oil and Gas,TX,2026.0,65000000.0,0,0,False
Affordable Housing Fund III LLC,01-MAY-2026,Other Real Estate,FL,2026.0,,0,0,False
FARADAY FUTURE INTELLIGENT ELECTRIC INC.,01-MAY-2026,Manufacturing,CA,,45000000.0,45000000,1,False
FARADAY FUTURE INTELLIGENT ELECTRIC INC.,01-MAY-2026,Manufacturing,CA,,12000000.0,12000000,1,False
CAVALRY MANAGEMENT AGGREGATOR LLC,01-MAY-2026,Other,TX,2022.0,,69119655,89,False
Elevate North Investors LP,01-MAY-2026,Residential,TX,2026.0,30000000.0,24500000,18,False
40950 Chapel Way LLC,01-MAY-2026,Residential,CA,2025.0,12000000.0,1648000,14,False
"BP Commercial Funding Trust III, Series SPL-XV",01-MAY-2026,Other Banking and Financial Services,NY,2023.0,,0,0,False
Arches Medical Independents LLC,01-MAY-2026,Other Health Care,MA,2024.0,5398585.0,5398585,37,False
"GT 56 Land Holdings, LLC",01-MAY-2026,Other Real Estate,TX,2026.0,1900000.0,1900000,9,False
"Allbirds, Inc.",01-MAY-2026,Retailing,CA,,50000000.0,3250000,1,False
"KONSTRUCTIQ, INC.",01-MAY-2026,Other Technology,CA,2023.0,6001856.0,4783106,14,False
Willows Resyndication LP,01-MAY-2026,Residential,CA,2024.0,30330299.0,30330299,1,False
HOME CARE PLACEMENT LLC,01-MAY-2026,Other Health Care,CA,2021.0,200000.0,15002,1,False
"Larson Strategic Capital, LLC",01-MAY-2026,Other Real Estate,MO,2026.0,,37000,1,False
"NEMO Rollover Aggregator, LLC",01-MAY-2026,Other Health Care,MA,2026.0,3250000.0,0,28,False
SRRT SQUARE 2 DST,01-MAY-2026,Other Real Estate,MN,2025.0,5400000.0,5372288,6,False
DasiSimulations LLC,01-MAY-2026,Other,OH,,2000000.0,1050558,10,False
"Bison II, LP",01-MAY-2026,Oil and Gas,IL,2024.0,50000000.0,19721100,124,False
"TheShape Sensing Company, Inc.",01-MAY-2026,Other Technology,TX,2022.0,2000000.0,100000,1,False
Kimchi Pop IT LLC,01-MAY-2026,Other,WY,2026.0,50000.0,15000,3,False
"OPEN DOORS PARTNERS, LLC",30-APR-2026,Other,CA,,9784008.0,9784008,42,False
Laser Photonics Corp,30-APR-2026,Manufacturing,FL,,4000559.0,4000559,4,False
"LiquidX, Inc.",30-APR-2026,Other Technology,NY,,5715400.0,3493178,1,False
"Finzly, Inc.",30-APR-2026,Other Technology,NC,2025.0,6000000.0,6000000,1,False
"BLUSHIFT AEROSPACE I, A SERIES OF CAPITALIZE INVESTMENTS LLC",30-APR-2026,Other,NV,2023.0,,510219,56,False
Keller Park Vista Buligo LP,30-APR-2026,Commercial,DE,2026.0,,303444,2,False
"Fusion Energy Solutions, Inc.",30-APR-2026,Other Technology,AZ,,,371030,1,False
Gladius Christi Co,30-APR-2026,Other,IL,2026.0,3000000.0,1900000,6,False
Mosyle Corp,30-APR-2026,Other Technology,FL,,99999960.0,99999960,2,False
Tri-City Buligo LP,30-APR-2026,Commercial,DE,2026.0,,0,0,False
Sage Credit Income Fund LP,30-APR-2026,Other Real Estate,NC,2024.0,300000000.0,0,0,False
"Stag HDG 1, LLC",30-APR-2026,Commercial,TX,2026.0,4600000.0,0,0,False
"GMI-URBAN TOWERS, LP",30-APR-2026,Commercial,TX,2026.0,24919975.0,0,0,False
117 BAKERTOWN FUNDING L.P.,30-APR-2026,Other Real Estate,NY,2026.0,3000000.0,3000000,27,False
733 DAVIS FUNDING L.P.,30-APR-2026,Other Real Estate,NY,2026.0,3525000.0,3525000,36,False
"Project Horntail, LLC",30-APR-2026,Manufacturing,LA,,7500000.0,7500000,39,False
"AurellaAI, Inc.",30-APR-2026,Other Technology,CA,2026.0,250000.0,250000,1,False
"Talea Music, Inc.",30-APR-2026,Other,AZ,2025.0,300000.0,50000,2,False
"T4F, Inc.",30-APR-2026,Other Technology,NJ,2021.0,1238200.0,238200,7,False
RoughRider Energy Holdings LLC,30-APR-2026,Agriculture,IA,2026.0,500000000.0,4275000,11,False
"TB Bond, LLC",30-APR-2026,Business Services,FL,2024.0,100000000.0,34662000,342,False
"OPEN DOORS PARTNERS, LLC",30-APR-2026,Other,CA,,4811184.0,4811184,19,False
"Olam P, L.P.",30-APR-2026,Other,NY,2026.0,,0,0,False
"Residences at White Rock Lake IR, LLC",30-APR-2026,Residential,TX,2026.0,4700000.0,1925000,20,False
Kobo Resources Inc.,30-APR-2026,Other,A8,2023.0,363451.0,363451,1,False
"White Creek, LLC",30-APR-2026,Other Real Estate,ND,2026.0,2275000.0,2275000,8,False
MHC VICTORIA SQUARE OWNER LLC,30-APR-2026,Commercial,FL,2026.0,4045000.0,4045000,41,False
UnityAI Inc,30-APR-2026,Other Technology,TN,2023.0,15019994.0,15019994,16,False
Hillcrest 100 LP,30-APR-2026,Commercial,TX,2026.0,20800000.0,20800000,124,False
Frisco Main LP,30-APR-2026,Commercial,TX,,13500000.0,13500000,30,False
"Insure Automation Solutions, Inc.",30-APR-2026,Other Technology,FL,2026.0,500000.0,100000,1,False
"Regent Surgical Health Topco, L.P.",30-APR-2026,Other,NY,,,11194741,53,False
Kitsap Nearshore UMB LLC,30-APR-2026,Other,WA,2025.0,6000000.0,300000,1,False
"Pet Metrics, Inc.",30-APR-2026,Other,CA,2022.0,500000.0,250000,4,False
Gelum Resources Ltd.,30-APR-2026,Other,A1,,427990.0,427990,2,False
"Fresenius Medical Care Northern Lancaster, LLC",30-APR-2026,Other Health Care,MA,2024.0,4584414.0,4584414,2,False
Second Star Aviation,30-APR-2026,Airlines and Airports,CA,2024.0,1000000.0,900000,5,False
"Jawbreaker Topco, L.P.",30-APR-2026,Other Technology,CA,2026.0,,0,0,False
Greenpro Capital Corp.,30-APR-2026,Business Services,N8,,250000.0,250000,1,False
SIH INCOME & GROWTH FUND II LLC,30-APR-2026,Other,NJ,2026.0,10000000.0,0,0,False
SIH 12 Investor LLC,30-APR-2026,Other,NJ,2026.0,2000000.0,0,0,False
"Cognovi Labs, Inc.",30-APR-2026,Other Technology,OH,,7000000.0,6677212,35,False
"Fermeate, Inc.",30-APR-2026,Other,CA,2024.0,2524998.0,2524998,9,False
VILLAGER INVESTORS LLC,30-APR-2026,Commercial,WY,2025.0,10650000.0,7795000,41,False
Smith Medical Holdings Inc.,30-APR-2026,Other Health Care,FL,2022.0,24874000.0,22874000,52,False
"AeroDominance, Inc.",30-APR-2026,Other Technology,VA,2026.0,7500000.0,7500000,10,False
"Genesis New Ventures, LLC",30-APR-2026,Biotechnology,MT,2022.0,6500000.0,4227939,19,False
Garron Properties AAA Storage 1 LLC,30-APR-2026,Other Real Estate,IL,2026.0,1000000.0,0,0,False
JMD INC.,30-APR-2026,Other,OH,,50000000.0,20000000,2,False
"Series 68-2, a series of StartEngine Private LLC",30-APR-2026,Other,CA,2026.0,940950.0,614250,16,False
"Yellow Hammer Title Company, LLC",30-APR-2026,Insurance,AL,2022.0,25000.0,17500,19,False
"Spectrohm, Inc.",30-APR-2026,Other,VA,,15499962.0,8999992,32,False
"Luminous Robotics, Inc.",30-APR-2026,Other Technology,MA,2023.0,2000000.0,1280000,11,False
Netta Craft SPV LLC,30-APR-2026,Investing,MA,2026.0,,25000,1,False
"AX Essential Retail Portfolio, DST",30-APR-2026,Other Real Estate,NY,2025.0,91520000.0,57439268,68,False
SUBCOIN LTD.,30-APR-2026,Investing,CO,2026.0,,100000000,1000,True
Series 68-1 a series of StartEngine Private LLC,30-APR-2026,Other,CA,2026.0,2430000.0,1494450,45,False
"C-PORT EQUITY IV, LLC",30-APR-2026,Other Real Estate,MA,2025.0,1900000.0,1900000,13,False
MERCANTILE APARTMENTS LLC,30-APR-2026,Residential,DC,2026.0,4100000.0,100210,1,False
Jahpoo Outdoors Ltd,30-APR-2026,Retailing,TX,,2000000.0,100000,1,False
Hernandez Development Industrial GP Fund I LLC,30-APR-2026,Commercial,FL,2026.0,10500000.0,5250000,6,False
"Parabolica Therapeutics, Inc.",30-APR-2026,Biotechnology,TX,2025.0,250000.0,50000,2,False
"Esanik Therapeutics, Inc.",30-APR-2026,Pharmaceuticals,MI,,375000.0,200000,1,False
"GelMEDIX, Inc.",30-APR-2026,Biotechnology,MA,,2500000.0,747000,5,False
MCW InvestCo LLC,30-APR-2026,Other,AZ,2026.0,4000000.0,0,0,False
Zero Coupon Essential Portfolio II DST,30-APR-2026,Other Real Estate,IL,2022.0,3670402.0,3670402,36,False
"TUTUS REAL ESTATE FUND I, LLC",30-APR-2026,Commercial,TX,2025.0,20000000.0,0,0,False
"Patlytics, Inc.",30-APR-2026,Other Technology,NY,2023.0,40524991.0,40524991,9,False
WILLIAMSON 99 LLC,30-APR-2026,Commercial,TX,2021.0,2200075.0,2200075,9,False
Penelope Health Inc.,30-APR-2026,Other Technology,DE,2026.0,2900000.0,2725000,5,False
Grid Runner Labs LLC,30-APR-2026,Other,NY,2025.0,100000.0,35000,5,False
"Slab to Ridge, Inc.",30-APR-2026,Manufacturing,SC,2026.0,90.0,90,3,False
"Cartigan, Inc",30-APR-2026,Other Technology,TX,2025.0,,100000,1,False
"Oskaloosa Multifamily, LLC",30-APR-2026,Residential,IA,2025.0,2150000.0,0,0,False
Avatar Commercial Mortgage REIT LLC,30-APR-2026,REITS and Finance,WA,,500000000.0,261969234,249,True
BuildSync Inc,30-APR-2026,Other Technology,CO,2022.0,,226000,7,False
SILVER OAK FUTURES INC.,30-APR-2026,Investing,NY,2026.0,100000000.0,0,0,False
102-106 S. Washington Street Bubble LLC,30-APR-2026,Commercial,IL,2026.0,2350000.0,2350000,22,False
Onnix Global Inc.,30-APR-2026,Other Health Care,TN,2023.0,30000000.0,0,0,False
M/ Kierland JV LLC,30-APR-2026,Commercial,HI,2025.0,,0,0,False
Gladius Christi Co,30-APR-2026,Other,IL,2026.0,3000000.0,3000000,12,False
Ace Padel LA Partners LLC,30-APR-2026,Retailing,FL,2026.0,5000000.0,200000,1,False
"Marquee Capital Fund 1, LLC",30-APR-2026,REITS and Finance,CA,2021.0,250000000.0,42071920,122,False
"Everdane Technologies, Inc.",30-APR-2026,Other Energy,TX,2026.0,1000000.0,0,0,False
Ballcrank LLC,30-APR-2026,Other,NC,2026.0,450000.0,450000,4,False
Epi Labs Inc.,30-APR-2026,Biotechnology,CA,2023.0,16149989.0,14849996,15,False
Sofi Newby 34-2 & 34-3 Joint Venture,30-APR-2026,Oil and Gas,TX,2026.0,920000.0,0,0,False
"EarliTec Diagnostics, Inc.",30-APR-2026,Other Health Care,GA,,7000000.0,3500000,3,False
MCGA DC Westend Core Fund LLC,30-APR-2026,Commercial,MD,2026.0,10000000.0,0,0,False
"Phoenix Real Estate Fund XI-B, L.P.",30-APR-2026,Other Real Estate,TX,2024.0,,36700000,9,False
"Phoenix Real Estate Fund XI, L.P.",30-APR-2026,Other Real Estate,TX,2024.0,,495838300,475,True
TWE 2026 Energy Fund Limited Partnership,30-APR-2026,Oil and Gas,WY,2026.0,2000000.0,973000,18,False
"Kirkland Opportunity Fund, LLC",30-APR-2026,REITS and Finance,WA,2026.0,15500000.0,9500000,43,False
Digital Intelligence Robotics Ltd,30-APR-2026,Other Technology,K3,2026.0,5000000.0,0,0,False
"Recovery Sports, LLC",29-APR-2026,Other,CA,2022.0,20000000.0,8511005,40,False
"NextEvo, Inc.",29-APR-2026,Pharmaceuticals,PA,,,725000,1,False
Scaffold Mansfield LLC,29-APR-2026,Commercial,CT,2026.0,900000.0,0,0,False
VDSC Holdings Garner LLC,29-APR-2026,Hospitals and Physicians,NC,2026.0,6330000.0,6330000,1,False
"Playcast, Inc.",29-APR-2026,Other Technology,WA,2022.0,3000000.0,2000000,1,False
"CFrame, Inc.",29-APR-2026,Other Technology,MD,2025.0,,10000,1,False
"Cresilon, Inc.",29-APR-2026,Biotechnology,NY,,25000000.0,4997000,21,False
"Miles Labs, Inc.",29-APR-2026,Other Technology,CO,2025.0,1000000.0,700000,7,False
PERSISTA BIO INC.,29-APR-2026,Biotechnology,DE,2023.0,,0,0,False
Ascent Bluestone Fund LLC,29-APR-2026,Residential,AZ,2026.0,1000000.0,759500,7,False
"Clover Biopharmaceuticals, Ltd.",29-APR-2026,Biotechnology,F4,,3642978.0,3642978,9,False
"Acurx Pharmaceuticals, Inc.",29-APR-2026,Pharmaceuticals,NY,,4587473.0,4587473,5,False
Nutrivert Inc.,29-APR-2026,Pharmaceuticals,GA,,5999989.0,2374992,2,False
"Park Golf UTSA GP, LLC",29-APR-2026,Other,TX,2025.0,350000.0,50000,1,False
"Onsetto, Inc.",29-APR-2026,Other Banking and Financial Services,MN,2024.0,8989003.0,8989003,5,False
Big Bongo Bang Inc.,29-APR-2026,Computers,E0,2025.0,550000.0,117222,1,False
"Snazzy Beverages, Inc.",29-APR-2026,Retailing,CA,2024.0,1000000.0,50000,1,False
Iron & Ivy Holdings Inc.,29-APR-2026,Other,MD,2025.0,1500000.0,50000,1,False
"Photon Health, Inc.",29-APR-2026,Other,NY,2021.0,15999981.0,15919983,13,False
VC Waterfront Development LLC,29-APR-2026,Restaurants,PA,2024.0,,100000,6,False
USEDC Opportunity Zone IV LP,29-APR-2026,Oil and Gas,TX,2026.0,100000000.0,1050000,0,False
"Knack Technologies, Inc.",29-APR-2026,Other Technology,FL,,4792136.0,4792136,6,False
"W-Detroit TopCo, L.P.",29-APR-2026,Other,CA,2025.0,,0,0,False
Titan OS Inc,29-APR-2026,Other Technology,CT,2025.0,3000000.0,1000000,2,False
"Alto Vision, Inc.",29-APR-2026,Other Technology,TN,2025.0,,0,0,False
"United Multi-Basin #6, LP",29-APR-2026,Oil and Gas,TX,2026.0,3360000.0,3360000,43,False
"Brief Productivity Solutions, Inc.",29-APR-2026,Other Technology,CA,2026.0,5000000.0,3525146,6,False
"United PRB #7, LP",29-APR-2026,Oil and Gas,TX,2025.0,2100000.0,2100000,46,False
Hustler Burris 2 Joint Venture,29-APR-2026,Oil and Gas,TX,2026.0,3125000.0,0,0,False
"One Team Abstract, LLC",29-APR-2026,Other,PA,2023.0,157000.0,0,0,False
INVEST BEYOND MULTIFAMILY LLC,29-APR-2026,Commercial,OH,2022.0,20000000.0,4500000,35,False
Gripable Ltd,29-APR-2026,Other Health Care,X0,,3370000.0,2700000,20,False
"Community Bancorp, Inc.",29-APR-2026,Commercial Banking,KS,,30000000.0,30000000,24,False
ClearVoro Ltd,29-APR-2026,Other Banking and Financial Services,CO,,,100000000,10000,True
RVS CAPITAL MANAGEMENT INC.,29-APR-2026,Investing,CO,2026.0,100000000.0,0,0,False
"CHN Analytics, LLC",29-APR-2026,Other Technology,OH,,500000.0,50000,2,False
Koinlyst Ltd,29-APR-2026,Other Banking and Financial Services,NY,,,100000000,10000,True
"Savohub Technologies, Ltd",29-APR-2026,Other Technology,TX,2023.0,1000000.0,0,0,False
LC CAPITAL PARTNERS V LLC,29-APR-2026,Investing,FL,2026.0,2000000.0,2000000,1,False
"LadeRx, LLC",29-APR-2026,Pharmaceuticals,NC,,3000000.0,0,0,False
"Lincoln Life Separate Account HPP, The Lincoln National Life Insurance Co",29-APR-2026,Insurance,IN,2026.0,,2934847,1,False
Packz Inc.,29-APR-2026,Other Technology,NY,2025.0,10744994.0,10744994,8,False
Beichen Strategic Capital LLC,29-APR-2026,Investing,CO,2026.0,100000000.0,0,0,False
"Shealy Lampp, LLC",29-APR-2026,Investing,FL,2024.0,10240000.0,420000,2,False
Kennewick 33 LLC,29-APR-2026,Residential,WA,2025.0,1329997.0,1329997,14,False
"Haus Team Technologies, Inc.",29-APR-2026,Business Services,CA,2025.0,66500.0,66500,6,False
"Merge Base, Inc.",29-APR-2026,Computers,DE,2026.0,200000.0,0,0,False
"Flowtt, Inc.",29-APR-2026,Other Technology,GA,,500000.0,50000,2,False
Denholtz 1603 Clovis Barker Owner LLC,29-APR-2026,Other Real Estate,NJ,2023.0,2500000.0,355000,7,False
Mission Funding Capital LLC,29-APR-2026,Other Real Estate,TN,2023.0,25000000.0,5482417,5,False
Reay Capital Fund LLC,29-APR-2026,Residential,WY,2025.0,50000000.0,0,0,False
"AT Strong Commodities, LLC",29-APR-2026,Agriculture,SD,,5000000.0,0,0,False
"Biomakers, Inc.",29-APR-2026,Biotechnology,DE,,7999999.0,5901147,7,False
5500 Retail Lavon Hwy78 LLC,29-APR-2026,Commercial,TX,2026.0,1750000.0,1210000,11,False
"C-Combinator, A Public Benefit Corp",29-APR-2026,Other,MA,,1500000.0,205000,0,False
LNL REIT,29-APR-2026,REITS and Finance,FL,2024.0,124000.0,124000,124,False
FirstLook Venture Co.,29-APR-2026,Other,OH,,500000.0,50000,2,False
AOU TRADING Ltd,29-APR-2026,Investing,CA,2026.0,100000000.0,0,0,False
RB Randolph TH LLC,29-APR-2026,Residential,NJ,2022.0,,4131600,15,False
Swebie Wealth Camp Corp,29-APR-2026,Investing,CO,2026.0,100000000.0,0,0,False
"Equus Industrial Partnership, L.P.",29-APR-2026,Commercial,PA,2024.0,500000000.0,141800000,16,True
"ML Rivertech, LLC",29-APR-2026,Other Real Estate,IL,2026.0,8000000.0,220000,2,False
"SafeBets.world, Inc.",29-APR-2026,Other Technology,NY,2026.0,2500000.0,1143360,84,False
"Scalestack, Inc.",29-APR-2026,Other Technology,FL,,3000000.0,3000000,23,False
Sifa Prime Real Estate Development LLC,29-APR-2026,Other Real Estate,CT,2026.0,1300000.0,0,0,False
"Chattahoochee Nitrocellulose, LLC",29-APR-2026,Other,GA,2026.0,,0,0,False
Pearl Cove Apartments LLC,29-APR-2026,Other,FL,2026.0,4500000.0,0,0,False
"BSLA, LLC",29-APR-2026,Commercial,TX,2025.0,7500000.0,650000,6,False
Green Acres Master Fund LLC - RS Series B,29-APR-2026,Other Real Estate,TX,2026.0,100000.0,100000,6,False
"Monolithic Hosting, Inc.",29-APR-2026,Other Technology,NY,2021.0,500000.0,476326,2,False
MVG Rise Bluestone LLC,29-APR-2026,Residential,AZ,2026.0,1226000.0,1226000,40,False
"MC QOF, LLC",29-APR-2026,Residential,AZ,2024.0,9280000.0,0,0,False
"Rise Bluestone Partners, LLC",29-APR-2026,Residential,AZ,2026.0,19860176.0,11686072,100,False
HH DC Westend Access Fund LLC,29-APR-2026,Commercial,MD,2026.0,10000000.0,0,0,False
"ML Fund III Capital Feeder, LLC",29-APR-2026,Other Real Estate,IL,2025.0,80000000.0,0,0,False
"RTA Holdings, Inc.",29-APR-2026,Other Technology,FL,2026.0,500000.0,0,0,False
"Dirty Saint, Inc.",29-APR-2026,Other,NV,2025.0,850000.0,850000,6,False
Saara Intelligence Corp.,29-APR-2026,Other Technology,UT,2025.0,450000.0,335000,11,False
"MLT Members, LLC",29-APR-2026,Other Banking and Financial Services,PA,,20000.0,1600,2,False
"Outrider Technologies, Inc.",28-APR-2026,Other Technology,CO,,50000000.0,21521376,36,False
"Juniper Hospitality Fund, LLC",28-APR-2026,REITS and Finance,WA,2026.0,950000.0,950000,9,False
"4612-Trinity Holdco, LP",28-APR-2026,Other,GA,2026.0,29062878.0,29062878,33,False
"County Line Rail Fund I, LP",28-APR-2026,Other Real Estate,CA,2024.0,225000000.0,195790694,80,True
"Petra Power, Inc.",28-APR-2026,Other Energy,OH,,5370000.0,3750000,4,False
"SE ESTRELLA MF, LP",28-APR-2026,Commercial,TX,2025.0,5065000.0,5065000,41,False
FERMA Value Add Office Fund I LLC,28-APR-2026,Other Real Estate,TX,2026.0,125000000.0,0,0,False
Crypto Co,28-APR-2026,Other Technology,CA,,1000000.0,75000,2,False
Food Supply Security LLC,28-APR-2026,Other Technology,CO,2023.0,1000000.0,1000000,10,False
"Certara, Inc.",28-APR-2026,Other Health Care,PA,,,8623247,6,False
LIGHTPATH TECHNOLOGIES INC,28-APR-2026,Manufacturing,FL,,10800.0,10800,1,False
OceaNexuS Partners I LLC,28-APR-2026,Investing,FL,2026.0,3999999.0,3999999,21,False
Gaingels Alloy 2025 LLC,28-APR-2026,Other,VT,2025.0,50020.0,50020,10,False
Gaingels Odys Aviation 2026 LLC,28-APR-2026,Other,VT,2026.0,172843.0,172843,7,False
"Toetal Solutions, Inc.",28-APR-2026,Other Health Care,PA,2021.0,100000.0,100000,1,False
New Haven Portfolio LLC,28-APR-2026,Other Real Estate,NJ,2026.0,6080000.0,6080000,50,False
"OPEN DOORS PARTNERS, LLC",28-APR-2026,Other,CA,,3395491.0,3395491,59,False
U.S. Energy Private Capital III LP,28-APR-2026,Oil and Gas,TX,2023.0,100000000.0,400000,0,False
"Lungpacer Medical, Inc.",28-APR-2026,Other Health Care,PA,,20000000.0,12000000,2,False
Nashville Kats Inc.,28-APR-2026,Other,TN,2026.0,2000000.0,150000,3,False
474 Investment Co LLC,28-APR-2026,Restaurants,FL,2026.0,2000000.0,1235000,8,False
USEDC Opportunity Zone IV LP,28-APR-2026,Oil and Gas,TX,2026.0,100000000.0,194693,0,False
474 Holdco LLC,28-APR-2026,Restaurants,FL,2026.0,8000000.0,1235000,1,False
"6317 Shanda NC, LLC",28-APR-2026,Commercial,NC,2026.0,16500000.0,14000000,11,False
"Trick 6 Films, LLC",28-APR-2026,Other,X1,2025.0,10000000.0,0,0,False
LuckyLiquor LLC,28-APR-2026,Other,CA,2022.0,800000.0,800000,1,False
"CDR Systems, Inc.",28-APR-2026,Other Technology,CA,2026.0,500000.0,25000,1,False
RFU Opportunities I LLC,28-APR-2026,Other,MA,2026.0,,1925000,8,False
"OHA SP 6.5, LLC",28-APR-2026,Other Health Care,MI,2025.0,,1050350,0,False
Converge Bio Inc.,28-APR-2026,Biotechnology,DE,2024.0,25000000.0,25000000,19,False
"Custodia AI, Inc",28-APR-2026,Other Technology,NY,2026.0,7201042.0,7201042,17,False
"ShowdMe, Inc.",28-APR-2026,Other Technology,NY,2023.0,1000000.0,1000000,2,False
"LANDLORD SOLUTIONS SAN DIEGO, PROFESSIONAL Corp",28-APR-2026,Other,CA,2024.0,1000000.0,0,0,False
"CCI Mach SPV II, L.P.",28-APR-2026,Manufacturing,CA,2026.0,4512500.0,4512500,14,False
Ascend Pacific Capital LLC,28-APR-2026,Other Real Estate,HI,2026.0,15000000.0,0,0,False
FFUM THREE LLC,28-APR-2026,Commercial,MA,2026.0,7975000.0,7975000,48,False
"DF Platform Exchange, LLC",28-APR-2026,Commercial,IN,2026.0,400000.0,400000,7,False
Refy Lending Corp.,28-APR-2026,Other Banking and Financial Services,TX,2025.0,500000.0,50000,2,False
NexPoint Oasis DST,28-APR-2026,Other Real Estate,TX,2025.0,46331389.0,22749224,77,False
Redwood Jackson Township Wales NW Avenue OH P1 LLC,28-APR-2026,Residential,OH,2025.0,5425000.0,0,0,False
"AG Arcadia, LLC",28-APR-2026,Other,CO,2024.0,13355000.0,13355000,74,False
"ARBIS.AI, Inc.",28-APR-2026,Other Technology,NY,2025.0,1000000.0,380000,3,False
PIKA Inc.,28-APR-2026,Other,NV,2026.0,300000000.0,1475220,15,False
"Acretrader 226, LLC",28-APR-2026,Other Real Estate,AR,2022.0,3136000.0,3136000,61,False
NexPoint Outlook DST,28-APR-2026,Other Real Estate,TX,2025.0,32903006.0,2236000,8,False
Augustine AG Pool III LLC,28-APR-2026,Other,CO,2024.0,3465000.0,3465000,19,False
Redwood Powell Home Road OH P2 LLC,28-APR-2026,Residential,OH,2026.0,8250000.0,0,0,False
Nationwide Private Placement Variable Account PPLI - A,28-APR-2026,Insurance,OH,,,2022600,3,False
AG PACIFIC AG POOL II LLC,28-APR-2026,Other,CO,2025.0,10450000.0,6610000,4,False
"Marble, Inc.",28-APR-2026,Other Technology,MA,,19999916.0,14408702,13,False
93X INVESTMENTS INC,28-APR-2026,Investing,FL,2025.0,1000000.0,1000000,1,False
NexPoint Small Bay III DST,28-APR-2026,Other Real Estate,TX,2025.0,50382493.0,19984608,63,False
DAO Card Inc.,28-APR-2026,Other Banking and Financial Services,TX,2025.0,3531000.0,3531000,9,False
"Wandervest Hospitality Fund I, LLC",28-APR-2026,Commercial,DE,2026.0,100000000.0,100000000,0,True
"Barton Mines Company, L.L.C.",28-APR-2026,Other,NY,,1000000.0,1000000,14,False
"Barton Mines Holdings, LLC",28-APR-2026,Other,NY,,1000000.0,1000000,14,False
"PCI Mach II, LLC",28-APR-2026,Investing,NC,2026.0,5000000.0,5000000,1,False
Retirable Inc.,28-APR-2026,Other,NY,,9000000.0,3775161,4,False
"PCI Mach, LLC",28-APR-2026,Investing,NC,2025.0,2300000.0,2300000,11,False
"PCIH Series 21, a Series of Piedmont Capital Investment Holdings, LLC",28-APR-2026,Investing,NC,2026.0,3750000.0,3750000,6,False
"HD 9500 Burge JV, LLC",28-APR-2026,Commercial,VA,2026.0,1449994.0,1449994,12,False
LCP MX EB-5 Lender LLC,28-APR-2026,Other,NY,2024.0,32800000.0,8500000,13,False
Wearable Devices Ltd.,28-APR-2026,Other Technology,L3,,5024783.0,5024783,1,False
HH DC Westend Core Fund LLC,28-APR-2026,Commercial,MD,2026.0,40000000.0,0,0,False
"CASI Pharmaceuticals, Inc.",28-APR-2026,Pharmaceuticals,F4,2023.0,5000000.0,5000000,1,False
3rd Deck Brewing Co.,28-APR-2026,Other,NJ,2025.0,500000.0,500000,1,False
Rockland Resources Ltd.,28-APR-2026,Other,A1,,160491.0,160491,4,False
"DPEG Meadowbrook, LP",28-APR-2026,Other Real Estate,TX,2026.0,3950000.0,3950000,44,False
PARAGON DEBT FUND LLC,28-APR-2026,Investing,NE,2026.0,,0,0,False
CC8 INVESTORS LLC,28-APR-2026,Residential,UT,2023.0,784500.0,784500,41,False
Levita Magnetics International Corp.,28-APR-2026,Other Health Care,CA,,57707603.0,30707603,35,False
Capital City Growth Fund LLC,28-APR-2026,Commercial,ID,2022.0,100000000.0,2153570,15,False
Alma Fund III (US) LP,28-APR-2026,Manufacturing,NY,2026.0,10575000.0,10575000,4,False
"Bussert Medical, Inc.",28-APR-2026,Other Health Care,IN,,1000000.0,293290,7,False
Tectonic Metals Inc.,28-APR-2026,Other,A1,,35148277.0,35148277,39,False
JVEC Garland Industrial Portfolio LLC,28-APR-2026,Commercial,TX,2026.0,3500000.0,0,0,False
Brighter Private Credit Fund LP,27-APR-2026,Other Banking and Financial Services,GA,2022.0,,750000,2,False
"NK-One Therapeutics, Inc.",27-APR-2026,Biotechnology,PA,2026.0,310000.0,290000,7,False
"Adronite, Inc.",27-APR-2026,Other Technology,WA,2023.0,3400000.0,3400000,5,False
"InQuantum, Inc",27-APR-2026,Other Technology,UT,2026.0,1000000.0,350000,2,False
"CoreCraft Residences, LLC",27-APR-2026,Commercial,DE,2026.0,95000000.0,0,0,False
"Covera Health, Inc.",27-APR-2026,Other Health Care,NY,,30777609.0,20000000,6,False
"Covera Health, Inc.",27-APR-2026,Other Health Care,NY,,46801487.0,31693597,11,False
"MPC NE Historic ICF, LLC",27-APR-2026,Other Real Estate,GA,,,0,0,False
"Beauty Way, LLC",27-APR-2026,Retailing,TX,2026.0,175000.0,175000,3,False
ASAP Capital Group LLC,27-APR-2026,Commercial,DE,2026.0,25000000.0,0,0,False
"Covera Health, Inc.",27-APR-2026,Other Health Care,NY,,21404321.0,21404321,49,False
PROSPER MEADOWS LP,27-APR-2026,Commercial,TX,,3500000.0,3500000,29,False
IRVING HIGH POINT LP,27-APR-2026,Commercial,TX,2025.0,9250000.0,9250000,45,False
xMentium Inc.,27-APR-2026,Other Technology,CO,,3300000.0,2500000,27,False
ASPIRE PARK LP,27-APR-2026,Commercial,TX,2024.0,18700000.0,18700000,90,False
Nevada King Gold Corp.,27-APR-2026,Other,A1,,4261837.0,4261837,2,False
FeenX Inc,27-APR-2026,Other Health Care,OH,2025.0,2000000.0,151500,4,False
Koastal Partners LLC,27-APR-2026,Other,WY,2026.0,5000000.0,0,0,False
"JWCM Vivian, DST",27-APR-2026,Other Real Estate,NY,2025.0,46170900.0,11407329,37,False
"EMPLOY INTELLIGENCE, INC.",27-APR-2026,Other,MI,,8000000.0,5764604,11,False
Quantum Technologies Investors 7 GP LLC,27-APR-2026,Investing,NY,2026.0,,52398,2,False
"Novel Microdevices, Inc.",27-APR-2026,Other,MD,2021.0,8000000.0,1000000,1,False
Kumberland Resort Group Fund LLC,27-APR-2026,Residential,KY,2026.0,1200000.0,0,0,False
"Reselute, Inc.",27-APR-2026,Other,NC,2021.0,4000000.0,2391276,23,False
"Peachtree Credit Fund IV, LP",27-APR-2026,Other Real Estate,GA,2024.0,500000000.0,239523828,572,True
Launch Legends Inc,27-APR-2026,Other Technology,WY,2025.0,,0,0,False
"IntriEnergy, Inc.",27-APR-2026,Other Energy,FL,,8000000.0,488000,9,False
400 Riverside Fund LLC,27-APR-2026,Commercial,ME,2026.0,625000.0,505000,6,False
"COWBOY CLEAN FUELS, LLC",27-APR-2026,Other Energy,CO,,6012897.0,5977897,38,False
AK Resources LLC,27-APR-2026,Oil and Gas,NY,2025.0,5000000.0,5000000,8,False
Harvest River Equity Fund 1 LLC,27-APR-2026,Construction,TN,2026.0,15000000.0,0,0,False
Base Holding Co,27-APR-2026,Other Technology,CA,,5000000.0,4989414,9,False
Legacy Home & Auto Insurance LLC,27-APR-2026,Other,PA,2023.0,180000.0,60000,67,False
"Held, Inc.",27-APR-2026,Computers,NY,2026.0,500000.0,17500,4,False
HPI Farmhouse DST,27-APR-2026,Other Real Estate,CT,2025.0,28848598.0,19815523,62,False
"Bluestone Flagship Investors, LLC",27-APR-2026,Commercial,TX,2022.0,10000000.0,4248895,17,False
Clever Capital Flex Fund LLC,27-APR-2026,Commercial,DE,2026.0,50000000.0,0,0,False
OpenWav Inc.,27-APR-2026,Other Technology,CA,2026.0,6000000.0,2200000,4,False
Kalapana Retreat LLC,27-APR-2026,Commercial,HI,2025.0,2000000.0,1760000,19,False
Brisa Builders Development LLC,27-APR-2026,Other Real Estate,NY,,5000000.0,5000000,1,False
"Avenue to Close, LLC",27-APR-2026,Other,PA,2022.0,120000.0,6000,1,False
Cominex Holdings LLC,27-APR-2026,Other Banking and Financial Services,DE,,,100000000,10000,True
"Huxley Medical, Inc.",27-APR-2026,Other Health Care,GA,,3000000.0,2774482,16,False
Morrison Village QOF LLC,27-APR-2026,Commercial,SC,2024.0,,24155000,9,False
Mazumago Holdings Ltd.,27-APR-2026,Other Technology,A1,,3000000.0,3000000,4,False
ANSpect Technologies Inc.,27-APR-2026,Telecommunications,TX,2025.0,1025000.0,1025000,8,False
"Nuclein, LLC",27-APR-2026,Biotechnology,TX,,25000000.0,19065157,49,False
Huajian Data Ltd,27-APR-2026,Other Technology,K3,2025.0,5000000.0,0,0,False
"Mosaic Exodus 1, LLC",27-APR-2026,Oil and Gas,UT,2025.0,18000000.0,18000000,13,False
"Veteran HCPE Group, LLC",27-APR-2026,Other,CO,2025.0,1000000.0,0,0,False
MADALINE Labs Inc.,27-APR-2026,Other,MN,2025.0,2000000.0,2000000,12,False
SH Azure Partners LLC,27-APR-2026,Commercial,MD,2025.0,3000000.0,3000000,0,False
Faberlens Inc.,27-APR-2026,Computers,CA,2026.0,750000.0,375000,4,False
Golden Cariboo Resources Ltd.,27-APR-2026,Other,A1,,274854.0,57864,0,False
3RC/BCG Invesco LLC,27-APR-2026,Investing,PA,2021.0,6500000.0,4103319,22,False
3RC/BCG Holdings LLC,27-APR-2026,Investing,PA,2021.0,6500000.0,4957180,2,False
"Ember Ridge Apartments, LLC",27-APR-2026,Residential,FL,2026.0,5250000.0,3813885,25,False
Winter River Ltd Liability Co,27-APR-2026,Other,X0,2026.0,8089440.0,3371767,13,False
R & R Capital Opportunity Fund LLC,27-APR-2026,Other Real Estate,FL,2026.0,25000000.0,0,0,False
"Pecan Gap Ranch, LLC",27-APR-2026,Commercial,TX,2021.0,498799.0,498799,13,False
"PG San Antonio OZ, L.P.",27-APR-2026,Other Real Estate,GA,2023.0,44500000.0,21418673,94,False
"Visana Health, Inc.",27-APR-2026,Other Technology,MN,,20300.0,20300,1,False
Red Door Banner Fund LP,27-APR-2026,Investing,TN,2026.0,5000000.0,5000000,43,False
"Land & Carbon, Inc.",27-APR-2026,Other,WY,2023.0,,1540000,16,False
"Heartstone Farm, Inc.",27-APR-2026,Agriculture,ME,2024.0,700000.0,175000,5,False
Gaingels Reliable Robotics LLC,27-APR-2026,Other,VT,2026.0,1755037.0,1755037,18,False
LC CAPITAL PARTNERS II LLC,27-APR-2026,Investing,FL,2026.0,500000.0,500000,1,False
Little Sister Goods Ltd,27-APR-2026,Retailing,X0,2024.0,72633.0,25383,1,False
"CNote Group, Inc.",27-APR-2026,Other Banking and Financial Services,CA,,,8000000,1,False
SKAI INNOVATIONS INC.,27-APR-2026,Other Technology,AZ,2026.0,600000.0,150000,2,False
Talk to Fred LLC,27-APR-2026,Other Technology,TX,2026.0,488000.0,112500,4,False
INSCO Corp,27-APR-2026,Manufacturing,MA,,1290000.0,1290000,10,False
"Healthy Lighting, LLC",27-APR-2026,Other,MA,2025.0,5390000.0,5390000,10,False
"Pointskash, Inc.",27-APR-2026,Other Banking and Financial Services,FL,,25000000.0,0,0,False
Madison Air Solutions Corp,27-APR-2026,Other,IL,2025.0,10870596090.0,10870596090,397,True
Madison Air Co-Investors LLC,27-APR-2026,Other,IL,2026.0,332085474.0,332085474,67,True
"CNote Group, Inc.",27-APR-2026,Other Banking and Financial Services,CA,,,17442547,74,False
Wet Carbon LLC,27-APR-2026,Other Technology,UT,2025.0,1500000.0,100000,1,False
"CNote Group, Inc.",27-APR-2026,Other Banking and Financial Services,CA,,,7969999,29,False
"TA-C 2025, LLC",24-APR-2026,Other,NY,2026.0,950000.0,950000,10,False
"ThetaRho, Inc.",24-APR-2026,Computers,CA,2023.0,1500000.0,750000,8,False
"Citizen Energy 2026 Drilling Fund, LP",24-APR-2026,Oil and Gas,OK,2026.0,20000000.0,0,0,False
Life Biosciences LLC,24-APR-2026,Other,MA,,31000002.0,31000002,8,False
"SonicTrek, LLC",24-APR-2026,Other Technology,FL,2025.0,,100000,2,False
InfiniMind Inc.,24-APR-2026,Other Technology,M0,2025.0,5803850.0,5803850,5,False
Koastal Partners LLC,24-APR-2026,Other,WY,2026.0,5000000.0,0,0,False
AI Technology Group Inc.,24-APR-2026,Other,NV,,4000000.0,2000000,32,False
"TMRW Life Sciences, Inc.",24-APR-2026,Other Health Care,NY,,38358904.0,38358904,59,False
Intelligent Games LLC,24-APR-2026,Other Technology,WY,2024.0,5000000.0,100000,1,False
intellicents inc,24-APR-2026,Business Services,MN,,4920000.0,4920000,11,False
Ai.Fish Inc.,24-APR-2026,Other Technology,HI,2024.0,2500000.0,600000,2,False
Telo Genomics Corp.,24-APR-2026,Biotechnology,A1,,19100.0,7346,1,False
"OPEN DOORS PARTNERS, LLC",24-APR-2026,Other,CA,,5701600.0,5701600,98,False
Rollers Co.,24-APR-2026,Other,DE,2025.0,150000.0,40000,2,False
West Bloomfield PickleRage Holding LLC,24-APR-2026,Other,FL,2023.0,575000.0,0,0,False
"ReSpark Software, Inc.",24-APR-2026,Environmental Services,NY,,,0,33,False
Citra Space Corp,24-APR-2026,Other Technology,CO,2024.0,14999969.0,11494971,20,False
GRAHAM CORP,24-APR-2026,Manufacturing,NY,,50000000.0,50000000,14,False
"Rise Valley Heights Partners, LLC",24-APR-2026,Residential,AZ,2025.0,17137846.0,12927423,42,False
Ashton Bend Investors LP,24-APR-2026,Commercial,TX,2026.0,12929422.0,0,0,False
Gaingels Early Stage Fund II LLC,24-APR-2026,Other,VT,2026.0,5000000.0,1337001,25,False
KuliPay Inc.,24-APR-2026,Other Technology,DE,2023.0,6358470.0,3358471,10,False
"PG Austin Investors, LLC",24-APR-2026,Other Real Estate,GA,2025.0,80300000.0,9598080,68,False
"Ignite Sports Complex, LLC",24-APR-2026,Other,NC,2025.0,5000000.0,50000,1,False
Neuro-Kinesis Corp,24-APR-2026,Biotechnology,CA,,2000000.0,51000,5,False
301 Mulberry LLC,24-APR-2026,Commercial,OH,,8000000.0,1550000,7,False
"Peregrine Howard Fund V, LP",24-APR-2026,Other,LA,2026.0,20000000.0,485000,4,False
"Triad Bancorp, Inc.",24-APR-2026,Commercial Banking,MO,,16000000.0,16000000,4,False
"Phoam Labs, Inc.",24-APR-2026,Manufacturing,MN,2022.0,4000126.0,1164008,13,False
NWX CONSORCIO LP,24-APR-2026,Other Banking and Financial Services,DE,2025.0,,0,0,False
AE Legacy Capital Fund LLC,24-APR-2026,Other Real Estate,TX,2026.0,100000000.0,0,0,False
Parklands UYH Holdings LLC,24-APR-2026,Other Real Estate,DC,2026.0,5100000.0,5100000,14,False
"Jay Abouaf, LLC",24-APR-2026,Residential,CA,2026.0,7000000.0,7000000,1,False
"FrikinTech, Inc.",24-APR-2026,Manufacturing,VT,,400000.0,38165,3,False
SPC Bluestone LLC,24-APR-2026,Residential,MN,2026.0,5281522.0,5281522,87,False
USHA Bluestone LLC,24-APR-2026,Residential,NC,2026.0,250000.0,100000,3,False
"WASHINGTON CAPITAL MANAGEMENT, INC",24-APR-2026,Investing,WA,,948440.0,948440,15,False
Jubilee Quest Capital Ltd,24-APR-2026,Other Banking and Financial Services,NY,,,100000000,10000,True
"Nmblr, Inc.",24-APR-2026,Other,CA,2023.0,3000000.0,1000000,1,False
"PG Austin Investors RC, LLC",24-APR-2026,Other Real Estate,GA,2025.0,80300000.0,7748586,69,False
"PG Austin Investors RC, LLC",24-APR-2026,Other Real Estate,GA,2025.0,80300000.0,7748586,69,False
"PG EB5 Gatlinburg Lender, LLC",24-APR-2026,Other Real Estate,GA,2025.0,40000000.0,28000000,35,False
"CIRE OpCo I, LLC",24-APR-2026,Commercial,CA,,,16817644,53,False
"Series 32-5, a series of StartEngine Private LLC",24-APR-2026,Other,CA,2026.0,702562.0,80560,2,False
"Peachtree Credit Fund IV Q, L.P.",24-APR-2026,Other Real Estate,GA,2024.0,500000000.0,0,0,False
Recruiter In The Loop LLC,24-APR-2026,Other Technology,OH,2026.0,125000.0,25000,1,False
Gaingels Ouros LLC,24-APR-2026,Other,VT,2026.0,117566.0,117566,16,False
"GDP HOLDING, LLC",24-APR-2026,Restaurants,NJ,2025.0,3300000.0,3300000,4,False
Blue Owl Real Estate Exchange V DST,24-APR-2026,Other Real Estate,IL,2025.0,269491892.0,141649543,124,True
"Stock It Better, Inc.",24-APR-2026,Other,IL,2025.0,1500000.0,1500000,5,False
"BIOVENTRIX, INC.",24-APR-2026,Other,MA,,6000000.0,705000,9,False
Caffree Co.,24-APR-2026,Other,WA,2023.0,7894497.0,4903553,20,False
AequiSolva Ltd,24-APR-2026,Other Banking and Financial Services,CO,,,100000000,10000,True
NASDAQ ESOP INC,24-APR-2026,Other Banking and Financial Services,CO,2026.0,,0,0,False
"Quantum Power Group, Inc.",24-APR-2026,Computers,TX,2025.0,121000000.0,30050,6,False
Cominex Holding LLC,24-APR-2026,Other Banking and Financial Services,DE,,,100000000,10000,True
"McKinney Acquisition, LLC",24-APR-2026,Residential,MO,2026.0,22500000.0,20525000,78,False
Rocking Inc.,24-APR-2026,Other,IL,,12000000.0,9174071,13,False
KINGSBRIDGE RENAISSANCE FAIRE LLC,24-APR-2026,Other,NY,2026.0,19000000.0,0,0,False
S3 Hamilton Reserve LLC,24-APR-2026,Other Real Estate,NC,2026.0,615000.0,0,0,False
Appraisal Dream LLC,24-APR-2026,Other Technology,MN,2026.0,25000000.0,3500,2,False
Sharrow Ltd,24-APR-2026,Other Banking and Financial Services,K3,,,100000000,10000,True
Vermont Investor LLC,24-APR-2026,Commercial,NY,2023.0,10000000.0,0,0,False
Investing Wolf LLC,24-APR-2026,Investing,MT,2025.0,,2000000,0,False
"RS Management Investors, LLC",24-APR-2026,Other,GA,2023.0,66068.0,66068,7,False
"EBS Muni TIF Bond Fund C, LLC",24-APR-2026,Other Banking and Financial Services,OH,2026.0,100000000.0,0,0,False
"EBS Muni TIF Bond Fund B, LLC",24-APR-2026,Other Banking and Financial Services,OH,2026.0,100000000.0,0,0,False
"EBS Muni TIF Bond Fund A, LLC",24-APR-2026,Other Banking and Financial Services,OH,2026.0,100000000.0,0,0,False
"Nosara Search Partners, LLC",24-APR-2026,Other,DE,2024.0,3657018.0,3657018,10,False
Artha Capital Funds LLC,24-APR-2026,Commercial Banking,TX,2026.0,10000000.0,0,0,False
"Current Equity Land Fund, LP",24-APR-2026,Other Real Estate,CA,2026.0,30000000.0,23300000,13,False
Deep Cogito Inc.,24-APR-2026,Other Technology,CA,2024.0,39999956.0,39999956,8,False
"Iron Horse Energy Fund II, Limited Partnership",24-APR-2026,Other,WY,2026.0,50000000.0,0,0,False
1700 Northgate Partners LLC,24-APR-2026,Commercial,TX,2026.0,16000000.0,0,0,False
WP Pine Island OZ Investors LP,24-APR-2026,Residential,FL,2025.0,,9163954,38,False
"GB16, LLC",24-APR-2026,Residential,GA,2026.0,700000.0,75000,2,False
Third Wave Climbing L.L.C.,24-APR-2026,Other,TX,2025.0,3000000.0,2007000,19,False
PGIM Real Estate Essential Property Partners II Lux SCSp,24-APR-2026,Other Real Estate,N4,2025.0,,0,0,False
Stop Fires Inc,24-APR-2026,Other Technology,CA,2026.0,6012956.0,5337963,6,False
REDWOOD HOLLOW APARTMENTS TN OWNER LLC,24-APR-2026,Commercial,TN,2025.0,2930239.0,2930239,20,False
OpenOrigins Inc,24-APR-2026,Other Technology,DE,2025.0,17200000.0,17200000,7,False
Rad Technologies Inc.,24-APR-2026,Other Technology,CA,,5000000.0,105000,3,False
Birdhouse Capital Holding LLC,24-APR-2026,Residential,DE,2026.0,1000000.0,100000,7,False
Matyx Holdings LLC,24-APR-2026,Business Services,OR,2026.0,896000.0,896000,7,False
"Whidbrew Technologies, Inc.",24-APR-2026,Other Technology,WA,,5010.0,5010,1,False
VST BIO Corp,24-APR-2026,Pharmaceuticals,CA,,31888146.0,31888146,1,False
"Milwaukee DD Lodging Investors II, LLC",24-APR-2026,Commercial,WI,2025.0,18200000.0,0,0,False
"Lani Quantum Solutions, Inc.",24-APR-2026,Computers,WA,2024.0,10000000.0,70000,2,False
"Lyssn.io, Inc.",24-APR-2026,Other Technology,WA,,3200000.0,3200000,7,False
Aegis & Astra Co. Inc.,24-APR-2026,Business Services,NY,2026.0,15000.0,14500,5,False
SH RESTO NYC CORP.,24-APR-2026,Restaurants,NY,2025.0,2600000.0,200000,2,False
"TSO McElroy Ranch 13-Well, LP",24-APR-2026,Oil and Gas,TX,2026.0,3000000.0,0,0,False
Onnyx Systems Corp,24-APR-2026,Other Technology,MA,2024.0,150000.0,150000,1,False
Promptiva Health Inc.,24-APR-2026,Other Technology,CA,2025.0,650000.0,539700,8,False
"W2 Properties, LLC",24-APR-2026,Other Real Estate,NY,2023.0,6500000.0,5224594,55,False
Millwood Townhomes LLC,24-APR-2026,Other,CA,2026.0,1025000.0,0,0,False
"SteerCo Analytics, Inc.",24-APR-2026,Other,DE,2024.0,2000000.0,415000,13,False
"Concept Medical, Inc.",24-APR-2026,Other Health Care,FL,,65000000.0,60037410,1,False
KANMI HOLDINGS INC.,24-APR-2026,Restaurants,CA,2026.0,56905.0,56905,3,False
Onnyx Systems Corp,24-APR-2026,Other Technology,MA,2024.0,1500000.0,485000,5,False
"Concept Medical, Inc.",24-APR-2026,Other Health Care,FL,,75000.0,75000,1,False
"Concept Medical, Inc.",24-APR-2026,Other Health Care,FL,,600000.0,600000,4,False
"Cherokee Bancshares, Inc.",23-APR-2026,Commercial Banking,MN,,8000000.0,8000000,14,False
"Greensea Systems, Inc.",23-APR-2026,Other Technology,VT,,18701909.0,18701909,45,False
"Gameway, Inc.",23-APR-2026,Other Technology,TX,,2000010.0,1114370,18,False
"Enclosure Energy Dev Fund 2026, LP",23-APR-2026,Oil and Gas,WY,2026.0,30000000.0,0,0,False
"Bentkey Ventures, LLC",23-APR-2026,Other,TN,2023.0,30000000.0,30000000,1,False
Auren Capital Partners LLC,23-APR-2026,Other Real Estate,KY,2026.0,15000000.0,0,0,False
"Empire Village at Pleasant River & San Tan, LLC",23-APR-2026,Residential,AZ,2021.0,70000000.0,66990557,983,False
"ObscureCore, Inc.",23-APR-2026,Other Technology,NV,2026.0,,200000,1,False
Evress Inc.,23-APR-2026,Other Technology,CA,,11661749.0,7260214,52,False
GS Finance Corp.,23-APR-2026,Investment Banking,NY,,1180000.0,1180000,1,False
Polyrizon Ltd.,23-APR-2026,Biotechnology,L3,,3499992.0,3499992,1,False
"AgriVest Farmland Fund, Inc.",23-APR-2026,Agriculture,CT,,,1380830440,89,True
"Empire Village at Hutto Station, LLC",23-APR-2026,Residential,AZ,2022.0,40000000.0,35566769,617,False
Automated Water Machines Inc d/b/a Kadeya,23-APR-2026,Retailing,IL,,9557027.0,9132027,79,False
"Starland Garden, LLC",23-APR-2026,Restaurants,GA,2024.0,779000.0,779000,15,False
"Platform Golf, Ltd.",23-APR-2026,Other Technology,MA,2025.0,7500000.0,7500000,22,False
"Empire Village at Sonoran Vista & Borgata, LLC",23-APR-2026,Residential,AZ,2022.0,75000000.0,71541380,1028,False
"Matrix Analytics, Inc.",23-APR-2026,Other Health Care,CO,,1999998.0,1999998,1,False
Immersed Inc.,23-APR-2026,Other Technology,TX,,,150000,1,False
ExchangeRight Net-Leased Portfolio 75 DST,23-APR-2026,Commercial,CA,2025.0,47570000.0,0,0,False
"OPEN DOORS PARTNERS, LLC",23-APR-2026,Other,CA,,4431520.0,4431520,97,False
"C11 Super Fund III, LLC",23-APR-2026,Other Banking and Financial Services,ID,2026.0,20000000.0,0,0,False
Ionetix Corp / DE /,23-APR-2026,Pharmaceuticals,MI,,32331837.0,32331837,267,False
"PCIH Series 20, a Series of Piedmont Capital Investment Holdings, LLC",23-APR-2026,Investing,NC,2026.0,2692000.0,2692000,4,False
SAXON CAPITAL GROUP INC,23-APR-2026,Other,AZ,,250000.0,10500,1,False
"PCIH Series 19, a Series of Piedmont Capital Investment Holdings, LLC",23-APR-2026,Investing,NC,2026.0,2000000.0,2000000,7,False
Scalpel's Edge LLC,23-APR-2026,Other,MD,2026.0,1700000.0,0,0,False
"everee, inc.",23-APR-2026,Other Technology,UT,,7499997.0,4499984,3,False
SAXON CAPITAL GROUP INC,23-APR-2026,Other,AZ,,750000.0,50000,2,False
LWC Hardin Valley LP LLC,23-APR-2026,Commercial,CA,2025.0,,1460000,8,False
"Skybound, LP",23-APR-2026,Commercial,TX,2023.0,,0,0,False
"Union 48 Holdings, LLC",23-APR-2026,Other Real Estate,IN,2025.0,11000000.0,11000000,166,False
Dataisource Inc.,23-APR-2026,Other Technology,MI,2025.0,2000000.0,500000,1,False
NOVUS Innovation Group Inc.,23-APR-2026,Other,A1,2023.0,425714.0,425714,4,False
"Gateway at Prospect Apartments, LLC",23-APR-2026,Residential,CO,,,2600000,17,False
NOVUS Innovation Group Inc.,23-APR-2026,Other,A1,2023.0,425677.0,425677,4,False
NOVUS Innovation Group Inc.,23-APR-2026,Other,A1,2023.0,3048.0,3048,1,False
"Adela, Inc.",23-APR-2026,Biotechnology,CA,,5000000.0,5000000,1,False
"FINFUEGO, INC.",23-APR-2026,Other Technology,NC,2025.0,530000.0,495000,8,False
Helio Corp /FL/,23-APR-2026,Other Technology,CA,2022.0,220000.0,218000,51,False
"Invito Opportunity Fund 2026, LP",23-APR-2026,Oil and Gas,TX,2026.0,10000000.0,0,0,False
"Focused Cryo, Inc",23-APR-2026,Other Health Care,GA,,10000000.0,8873601,43,False
"Series 17-1, a series of StartEngine Private Funds LLC",23-APR-2026,Other,CA,2026.0,969500.0,303628,30,False
"SGP - Cary, LLC",23-APR-2026,Commercial,NC,2026.0,965120.0,0,0,False
InfraSight Software Corp,23-APR-2026,Other Technology,NC,,2500000.0,1035000,11,False
"Series 12-1, a series of StartEngine Private Funds LLC",23-APR-2026,Other,CA,2026.0,2403500.0,377589,16,False
Tenet Fixed Income Fund LLC,23-APR-2026,Other,WA,2021.0,50000000.0,23532771,54,False
CIVIC HOUSING SOLUTIONS FUND I LLC,23-APR-2026,Residential,CA,2025.0,10000000.0,0,0,False
"TGA SPE 2026a, LLC",23-APR-2026,Other,IN,2026.0,180000.0,180000,6,False
"Kensington Farms Phase I Holdco, LLC",23-APR-2026,Other Real Estate,KS,2026.0,860000.0,860000,5,False
"Cannon 2023, LLC",23-APR-2026,Residential,WA,2023.0,1500000.0,100000,1,False
"General Oncology, Inc.",23-APR-2026,Pharmaceuticals,MA,,4805299.0,4805299,37,False
"DPEG Real Estate Fund, LP",23-APR-2026,Other Real Estate,TX,2026.0,,7250000,14,False
Peninsula Capital Corp.,23-APR-2026,Other,A6,,103848.0,103848,5,False
Bespoke Luxury Ventures LLC,23-APR-2026,Residential,NY,,15000000.0,4000000,1,False
"Aspire Steele Creek Class A, LLC",23-APR-2026,Commercial,TX,2026.0,4885000.0,4885000,24,False
Taurus ESS Feeder III LP,23-APR-2026,Other,MA,2026.0,2150000.0,1722752,54,False
XP Aerospace Systems Inc.,23-APR-2026,Other,FL,2026.0,10000000.0,6133614,6,False
Athens Annapolis Joint Venture LLC,23-APR-2026,Residential,MD,2022.0,2800000.0,925000,9,False
"Pumpcade, Inc.",23-APR-2026,Other Technology,DE,2025.0,5500000.0,5000000,2,False
"OT Investors, LLC",23-APR-2026,Other,KS,2026.0,5341368.0,3413163,16,False
Splint Factory Corp.,23-APR-2026,Other Technology,WA,2026.0,500000.0,50000,1,False
"Selva Nexus, Inc.",23-APR-2026,Biotechnology,NM,2023.0,750000.0,50000,1,False
Technology Holdings North America Inc.,23-APR-2026,Telecommunications,CA,2022.0,50000000.0,75000,3,False
Tierra Energy Ventures Argentina LLC,23-APR-2026,Oil and Gas,TX,2025.0,,60700000,37,False
Channing AHT Investors LLC,23-APR-2026,Other Real Estate,OH,2026.0,5566400.0,4385000,49,False
Marketing Consultants Group LLC,23-APR-2026,Other,WI,,50000000.0,0,0,False
Torngat Metals Ltd,23-APR-2026,Other,A8,,32443887.0,32443887,2,False
Plowshare Holdings LLC,23-APR-2026,Other Health Care,PA,2025.0,15000000.0,0,0,False
Project Edison 55 at Dripping Springs LLC,23-APR-2026,Residential,TX,2026.0,3500000.0,3500000,2,False
Pawsitive Inc.,23-APR-2026,Telecommunications,TX,2023.0,5000000.0,75000,2,False
MILESTONE SCIENTIFIC INC.,23-APR-2026,Other Health Care,NJ,,4837500.0,2150000,21,False
"Hand Technologies, Inc. /DE/",23-APR-2026,Manufacturing,MS,2026.0,1000000.0,690000,10,False
"Zebantra, Inc.",23-APR-2026,Business Services,AZ,2026.0,1000000.0,25000,1,False
Fully Committed LLC,23-APR-2026,Other Technology,TX,2025.0,2500000.0,100000,1,False
California Land Investors LLC,23-APR-2026,Commercial,NV,,270880.0,0,14,False
"Aaru, Inc.",23-APR-2026,Other Technology,NY,2024.0,7960000.0,7960000,22,False
"Aaru, Inc.",23-APR-2026,Other Technology,NY,2024.0,80000000.0,79998911,30,False
"HERE'S A BAR, LP",23-APR-2026,Restaurants,TX,2026.0,800000.0,300000,2,False
Earlytrade US Holdings Corp.,23-APR-2026,Other Technology,CO,2026.0,10000000.0,4100000,20,False
"SOCKET MOBILE, INC.",23-APR-2026,Manufacturing,CA,,500000.0,500000,3,False
"CoverX AI, Inc.",23-APR-2026,Other Technology,FL,2025.0,2000000.0,25000,1,False
"Beni, Inc.",23-APR-2026,Business Services,NY,2026.0,1000000.0,815000,7,False
NH Capital Fund II LLC,23-APR-2026,Other Real Estate,MO,2026.0,10000000.0,0,0,False
Lucille B LLC,22-APR-2026,Business Services,CA,,340000.0,0,20,False
BKAI OpsCompanion LLC,22-APR-2026,Investing,TX,2026.0,100000.0,100000,5,False
"Hepion Pharmaceuticals, Inc.",22-APR-2026,Biotechnology,NJ,,700000.0,700000,11,False
"Musen Sports, Corp.",22-APR-2026,Other Technology,TX,2024.0,25000.0,10000,8,False
"Lorica Security, Inc.",22-APR-2026,Other Technology,VA,2025.0,,150000,2,False
orgn.dev Inc,22-APR-2026,Other Technology,DE,2025.0,1500000.0,1500000,1,False
"Qb Enterprises, LLC",22-APR-2026,Other Health Care,CO,2025.0,4000000.0,0,0,False
"Supervest Investments, LLC, Series D",22-APR-2026,Other Banking and Financial Services,NY,2024.0,21415401.0,21415401,176,False
"MG3 REIT, LLC",22-APR-2026,REITS and Finance,FL,,,90826375,75,False
"Supervest Investments, LLC, Series B",22-APR-2026,Other Banking and Financial Services,NY,2023.0,5092654.0,5092654,63,False
"MG3 OP, L.P.",22-APR-2026,REITS and Finance,FL,,,48844383,8,False
"Morningside Brands, Inc.",22-APR-2026,Other,TN,2022.0,7471872.0,370000,3,False
Corami Biotech Inc.,22-APR-2026,Biotechnology,TN,2024.0,1000000.0,230000,3,False
"HREX 8, DST",22-APR-2026,Other Real Estate,TX,2025.0,145301176.0,145301176,182,True
C1 Group LLC,22-APR-2026,Investing,CA,2024.0,2660000.0,2660000,16,False
"Supervest Investments, LLC, Series A",22-APR-2026,Other Banking and Financial Services,NY,2021.0,11606350.0,11606350,92,False
"Vanna Production III, LP",22-APR-2026,Oil and Gas,TX,2026.0,150000000.0,7950000,4,False
"Zapata Quantum, Inc.",22-APR-2026,Other Technology,MA,2021.0,15000000.0,13150000,45,False
RefluxRaft Corp,22-APR-2026,Retailing,VA,2022.0,345000.0,0,0,False
Valoryn Housing Fund I LLC,22-APR-2026,Other Real Estate,VA,2026.0,25000000.0,0,0,False
"Hugo & Co., LLC",22-APR-2026,Other,MA,2023.0,5000000.0,2700000,21,False
"OSP Burns Holdings, LP",22-APR-2026,Other,NY,2025.0,1400000.0,1400000,2,False
"Hamiz, Inc",22-APR-2026,Other Technology,NJ,2026.0,499000.0,100000,1,False
Ascend Mineral Springs LLC,22-APR-2026,Other Real Estate,TX,2026.0,1200000.0,0,0,False
MC P2 Storage LLC,22-APR-2026,Commercial,WI,2026.0,1100000.0,0,0,False
Blue Moon Metals Inc.,22-APR-2026,Other,A6,,2702403.0,2702403,1,False
Select Radiology Solutions LLC,22-APR-2026,Hospitals and Physicians,FL,2024.0,,100000,2,False
"VMG Preferred, LLC",22-APR-2026,Other,VA,2026.0,2500000.0,2500000,13,False
"Griffin Capital (Union - Kansas City, MO) DST",22-APR-2026,Other Real Estate,CA,2025.0,59873419.0,32513269,63,False
"EdgeReel Partners, LLC",22-APR-2026,Other,WY,2025.0,7000000.0,100000,1,False
"First Community Bancorp, Inc.",22-APR-2026,Commercial Banking,IL,,1775000.0,1775000,8,False
Cactus Honey Partners LLC,22-APR-2026,Other,WY,2026.0,600000.0,0,0,False
AWM Ventures Real Estate Fund II,22-APR-2026,Investing,AZ,2026.0,,10440000,17,False
AWM Venture Fund VII LP,22-APR-2026,Investing,AZ,2026.0,,6460000,17,False
AWM Ventures Private Equity Fund I,22-APR-2026,Investing,AZ,2026.0,,11070000,17,False
Vireo Growth Inc.,22-APR-2026,Other,MN,,195800000.0,127800000,1,True
"Maisonette World, Inc.",22-APR-2026,Business Services,NY,2025.0,5900010.0,5900010,1,False
PetCentric Health LLC,22-APR-2026,Business Services,SC,2021.0,200000.0,200000,2,False
"Decentralized Internet Technologies, Inc.",22-APR-2026,Other Technology,CA,2022.0,,100000,2,False
"Twin Capital Partners Fund I, LLC",22-APR-2026,Other Real Estate,MI,2026.0,10000000.0,0,0,False
"Clearsense, Inc",22-APR-2026,Other,TN,,5000000.0,5000000,8,False
"JRNYS Wellness, Inc.",22-APR-2026,Other,TX,2024.0,10149964.0,7149985,8,False
"Skysail Aggregator B, LP",22-APR-2026,Other,NY,2026.0,,0,0,False
"Skysail Aggregator, LP",22-APR-2026,Other,NY,2026.0,,0,0,False
"Kairos Water, Inc.",22-APR-2026,Other Technology,GA,2021.0,4999995.0,1599960,1,False
RAI Partners Inc.,22-APR-2026,Other Technology,TX,2022.0,15000000.0,2000000,1,False
"Symmatrics, Inc.",22-APR-2026,Other Technology,VA,,17659318.0,11748971,158,False
"Griffin Capital Development Partners Fund III, L.P.",22-APR-2026,Other Real Estate,CA,2025.0,100000000.0,11724271,46,False
STILLY SPIRITS LLC,22-APR-2026,Other,MN,2021.0,5000000.0,150000,2,False
"Contractor Plus, Inc.",22-APR-2026,Other Technology,FL,,5000000.0,105000,4,False
"APX Security, Inc.",22-APR-2026,Other Technology,WA,2026.0,500000.0,375000,2,False
Synergy Cypress LLC,22-APR-2026,Commercial,MD,2026.0,5000000.0,0,0,False
"KaeCo Capital, LP",22-APR-2026,Other Real Estate,TX,2026.0,30000000.0,0,0,False
"Veritas Permian IV, LLC",22-APR-2026,Oil and Gas,TX,2024.0,150000000.0,0,0,False
L8TR INC,22-APR-2026,Other Banking and Financial Services,NY,2026.0,750000.0,75000,2,False
BV Ernest Health Neuro Rehab DST,22-APR-2026,Other Real Estate,TX,2023.0,77667582.0,35620141,122,False
ACG NW 29 LLC,22-APR-2026,Residential,FL,2025.0,,1108000,5,False
HOSTED AI INC,22-APR-2026,Other Technology,CA,2024.0,18673998.0,18673998,12,False
"Nok Therapeutics, Inc.",22-APR-2026,Biotechnology,PA,2024.0,1400.0,1400,9,False
Loob It Up Inc.,22-APR-2026,Other,CA,2025.0,,50000,2,False
"Tidwell 5 Dev NCE, LP",22-APR-2026,Other Real Estate,TX,2024.0,10400000.0,2400000,3,False
"Nok Therapeutics, Inc.",22-APR-2026,Biotechnology,PA,2024.0,,500500,4,False
Matter Intelligence Inc.,22-APR-2026,Other Technology,CA,2023.0,49141918.0,35941896,5,False
"Nok Therapeutics, Inc.",22-APR-2026,Biotechnology,PA,2024.0,750000.0,649000,17,False
Rise Opportunities 15 LLC,22-APR-2026,Other Real Estate,MN,2026.0,5000000.0,1175000,10,False
"Martone St., LLC",22-APR-2026,Other,AZ,2025.0,1250000.0,763000,7,False
"RAY ALLEN, INC.",22-APR-2026,Other Technology,IL,,5870000.0,4000000,2,False
RL Investment Group LLC,22-APR-2026,Investing,FL,,925000.0,925000,14,False
Iroquois Valley Farms LLC,22-APR-2026,REITS and Finance,IN,,25000000.0,2290000,31,False
CROSS MARKET FUND LLC,22-APR-2026,Commercial,TX,2026.0,,0,0,False
SCHALK DEVELOPMENT FUND LLC,22-APR-2026,Commercial,NM,2026.0,,0,0,False
ARGON ENVIRONMENTAL PARTNERS LLC,22-APR-2026,Other,FL,2024.0,865991.0,865991,17,False
Visor Health Inc.,22-APR-2026,Biotechnology,KY,2023.0,3000000.0,0,0,False
Haro Ross Holdings LLC,22-APR-2026,Business Services,FL,2026.0,51010000.0,30045000,40,False
"Series 32-4, a series of StartEngine Private LLC",22-APR-2026,Other,CA,2025.0,749400.0,722234,11,False
"OPEN DOORS PARTNERS, LLC",22-APR-2026,Other,CA,,8049000.0,8049000,65,False
"24029 Wildwood, LLC",22-APR-2026,Commercial,TX,2026.0,3600000.0,0,0,False
"Wincreek Santa Clara, LLC",22-APR-2026,Commercial,CA,2026.0,4800000.0,4800000,25,False
"Foundation Alloy Technology Explorations, Inc.",22-APR-2026,Other Technology,MA,2022.0,21999999.0,19999988,9,False
Waraba Gold Ltd,22-APR-2026,Other,A1,,43320.0,17328,1,False
"Prologis Targeted U.S. Logistics REIT, Inc.",22-APR-2026,Other Real Estate,CA,,,1887516535,301,True
"Premier Affordable Housing Fund, LLC",22-APR-2026,Commercial,WY,2026.0,150000000.0,0,0,False
"SUNation Energy, Inc.",22-APR-2026,Other Energy,NY,,1200000.0,1200000,2,False
Moodsonic Technologies Inc,22-APR-2026,Other Technology,WA,2024.0,,330000,4,False
"PURITY RESOURCE, INC.",22-APR-2026,Other,AZ,2021.0,4500000.0,1000000,1,False
Ayeya Inc.,22-APR-2026,Other,WA,2022.0,5692550.0,2505050,14,False
Advanced Fund 24-3,22-APR-2026,Other Real Estate,CA,2024.0,250000000.0,109448394,130,True
Bitbison Inc.,22-APR-2026,Other,NY,2025.0,5999998.0,5699999,3,False
"WEG Consolidated, LLC",22-APR-2026,Other,MA,2021.0,,35659920,147,False
"Verde Ultimate Holdings, LP",22-APR-2026,Other,NY,2023.0,,9839912,63,False
"Deal Smart, Inc.",22-APR-2026,Other Technology,DE,2025.0,25000.0,25000,1,False
2121 W Hanover Road LLC,22-APR-2026,Commercial,IL,2025.0,2700000.0,921180,8,False
"Nascent Surgical Holdings, LLC",22-APR-2026,Other,MN,2025.0,1250000.0,275000,4,False
"SE JCI (Glendale), DST",22-APR-2026,Other Real Estate,IL,2026.0,22230000.0,2675000,7,False
PRAIRIE PEAK STORAGE I LLC,22-APR-2026,Commercial,IL,2026.0,1550000.0,1475000,31,False
"Terremoto Biosciences, Inc.",22-APR-2026,Biotechnology,CA,2022.0,108599999.0,40725000,14,False
"Smith20, LLC",22-APR-2026,Residential,GA,2026.0,750000.0,225000,1,False
"CIG LOMBARD INVESTORS, LLC",22-APR-2026,Other Real Estate,IL,2025.0,14100000.0,0,0,False
Relevant Gold Corp.,22-APR-2026,Other,A1,,1651135.0,1651135,20,False
Reserve Heritage 287 Logistics SPE LLC,22-APR-2026,Commercial,TX,2026.0,11925000.0,11925000,33,False
"Cima Matteson IHCO, LLC",22-APR-2026,Commercial,WY,2026.0,6000000.0,0,0,False
"Sharrow Engineering, Inc.",22-APR-2026,Manufacturing,MI,,15000000.0,11550000,14,False
"Cima T10 Holdco, LLC",22-APR-2026,Commercial,WY,2026.0,8000000.0,0,0,False
Acretrader 275 LLC,22-APR-2026,Other Real Estate,AR,2025.0,3460000.0,3460000,141,False
"Outhad AI, Inc.",22-APR-2026,Other Technology,WI,2025.0,210000.0,210000,1,False
AquiSense Inc.,22-APR-2026,Other Technology,KY,2024.0,1900000.0,1599920,8,False
I-Vortech Inc,22-APR-2026,Business Services,CO,2026.0,500000.0,500000,5,False
Harrington Global Securities Ltd,22-APR-2026,Investing,CO,,100000000.0,0,0,False
"Personalized Beauty Discovery, Inc.",22-APR-2026,Retailing,CA,,,0,0,False
Iroquois Valley Farms LLC,22-APR-2026,REITS and Finance,IN,,25000000.0,2290000,31,False
"Peoples Bancorp, Inc.",22-APR-2026,Commercial Banking,IL,2021.0,15000000.0,15000000,25,False
"GO Fitness, Inc.",22-APR-2026,Retailing,OH,,87128.0,87128,1,False
"Newport Gold, Inc.",22-APR-2026,Other,PA,,2000000.0,10000,1,False
Janta Power Inc.,22-APR-2026,Manufacturing,TX,2021.0,8499000.0,8199000,13,False
"Darwin Investment Systems, Inc.",22-APR-2026,Computers,NJ,2025.0,,225000,5,False
BASTROP CEDAR LLC,22-APR-2026,Commercial,TX,2021.0,1192655.0,1192655,12,False
Pranam Fund Limited Partnership,22-APR-2026,Other,NJ,2026.0,,0,0,False
MAD Hobbies LLC,22-APR-2026,Retailing,FL,2024.0,25000.0,25000,1,False
"NovaSolix, Inc.",22-APR-2026,Other Technology,CA,,9000000.0,3935000,11,False
Prologis European Logistics Fund,22-APR-2026,Other Real Estate,N4,,,11365102486,231,True
Cosmos Fund LLC,22-APR-2026,Other,FL,2024.0,,1000000,28,False
Langan Management Aggregator LLC,22-APR-2026,Environmental Services,NJ,2023.0,4389660.0,4389660,60,False
Winfield Resources Ltd,22-APR-2026,Other,A1,,5142.0,5142,1,False
"PACE Healthcare Capital SPV Project Care II, LLC",22-APR-2026,Other,IL,2026.0,450000.0,280000,8,False
"Prologis China Core Logistics Fund, LP",22-APR-2026,Other Real Estate,U0,,,1830254551,12,True
"SCIENCE LAB 3, INC.",22-APR-2026,Other,CA,,11126836.0,11126836,40,False
FOCUS UNIVERSAL INC.,22-APR-2026,Other Technology,CA,,4000000.0,3999998,1,False
"Tetrous, Inc.",22-APR-2026,Biotechnology,CA,,4000000.0,1741024,64,False
DIASPO TECHNOLOGIES INC,22-APR-2026,Retailing,NJ,2026.0,125000.0,85000,4,False
"Prologis Targeted U.S. Logistics Holdings, L.P.",22-APR-2026,Other Real Estate,CA,,,18217507102,206,True
"Bluestone Flagship Investors, LLC",21-APR-2026,Commercial,TX,2022.0,10000000.0,4248895,28,False
CPTMA LTH LLC,21-APR-2026,Other,MA,2026.0,,3250000,4,False
"Langan Engineering, Environmental, Surveying, Landscape Architecture & Geology, D.P.C.",21-APR-2026,Environmental Services,NJ,,4850125.0,4850125,38,False
CL UT Student Housing LLC,21-APR-2026,Residential,TX,2026.0,7600000.0,1880000,7,False
"Southeastern Cellulose, LLC",21-APR-2026,Manufacturing,GA,2026.0,,0,0,False
"Centaur Health Holdings, Inc.",21-APR-2026,Other Health Care,WI,,39999979.0,26701896,13,False
KIORA PHARMACEUTICALS INC,21-APR-2026,Pharmaceuticals,CA,,5000000.0,5000000,3,False
"PHIN SECURITY, INC.",21-APR-2026,Other Technology,DE,,5974999.0,5974999,7,False
"Siftwell Analytics, Inc.",21-APR-2026,Other Technology,NC,2021.0,104025.0,104025,4,False
Civic Investment LLC,21-APR-2026,Investing,OH,2026.0,20000000.0,2975000,19,False
"MGT CAPITAL INVESTMENTS, INC.",21-APR-2026,Other Technology,FL,,500000.0,25000,1,False
MPPSC LLC,21-APR-2026,Commercial,IN,2025.0,1600000.0,1600000,11,False
"SustainVC Impact Fund III, LP",21-APR-2026,Investing,NC,2024.0,10050000.0,10050000,39,False
"Aria Networks, Inc.",21-APR-2026,Other Technology,CA,2024.0,99999927.0,72999939,33,False
"Slips Technologies, Inc.",21-APR-2026,Other Technology,CA,,4000000.0,700000,5,False
Haylex Laboratories Inc.,21-APR-2026,Biotechnology,TX,2026.0,1500000.0,50000,1,False
"S&K Private Funding, LLC",21-APR-2026,Other Real Estate,MO,2025.0,50000000.0,0,0,False
"Portola Walnut JV, LLC",21-APR-2026,Other Real Estate,CA,2026.0,6600000.0,6500000,37,False
North Corp ProLand LLC,21-APR-2026,Other Real Estate,OH,2026.0,5000000.0,0,0,False
"Tava Health, Inc.",21-APR-2026,Other Technology,UT,,34999993.0,34999993,7,False
"Ambity DSO, LLC",21-APR-2026,Other,CO,2025.0,2000000.0,650000,4,False
"HOPSCOTCH HEALTH HOLDINGS, LLC",21-APR-2026,Other Health Care,IL,,61625053.0,38254928,9,False
"Starwood Multifamily Portfolio Exchange I, D.S.T.",21-APR-2026,Other Real Estate,FL,2023.0,124086520.0,66229560,112,False
BuildInteractive II LLC,21-APR-2026,Other Real Estate,WY,2026.0,10000000.0,0,0,False
"Autonomous Cyber, Inc.",21-APR-2026,Other Technology,CA,2022.0,6000000.0,2550000,5,False
Avivomed Inc.,21-APR-2026,Biotechnology,MN,2021.0,12000000.0,5000000,7,False
"Blue Gate Management, LLC",21-APR-2026,Commercial,NC,2021.0,6746338.0,2626221,7,False
"Paristown Preservation Trust, LLC",21-APR-2026,Other Real Estate,KY,,500000.0,499983,3,False
HELIXINTEL CORP.,21-APR-2026,Other,NY,,5000000.0,3000000,1,False
Jefferson Timber Cooperative,21-APR-2026,Agriculture,WA,2025.0,990000.0,485000,7,False
"Hickory AI, Inc.",21-APR-2026,Business Services,NY,2025.0,5000000.0,2725000,7,False
USEDC Opportunity Zone IV LP,21-APR-2026,Oil and Gas,TX,2026.0,100000000.0,76190,0,False
"USPD Hamburg Self Storage Development, LLC",21-APR-2026,Construction,TX,2025.0,5137992.0,317460,0,False
Nivalon Medical Technologies Inc.,21-APR-2026,Other Technology,CT,2024.0,1000000.0,150000,3,False
"Pearl Diagnostics, Inc.",21-APR-2026,Biotechnology,MD,2022.0,11150000.0,11150000,21,False
"G2Mint, Inc.",21-APR-2026,Other Technology,MA,2023.0,6100000.0,2100000,2,False
CEREF2 LLC,21-APR-2026,Other,IL,2026.0,4000000.0,0,0,False
FanLabel Music Market LLC,21-APR-2026,Other,MI,2026.0,3000000.0,200000,2,False
SATO Technologies Corp.,21-APR-2026,Computers,A8,,,519464,4,False
Peerless Adversary Enterprises Inc.,21-APR-2026,Manufacturing,IL,2025.0,317450.0,317450,34,False
"Brooklyn Dumpling Parent Holdings, Inc.",21-APR-2026,Other,NJ,2023.0,50000.0,50000,1,False
NexPoint Marina DST,21-APR-2026,Other Real Estate,TX,2025.0,42710095.0,16464091,49,False
"Torpago, Inc.",21-APR-2026,Other Banking and Financial Services,CA,,7500000.0,6545000,14,False
"CargoSense, Inc.",21-APR-2026,Other Technology,VA,,12611861.0,5611861,13,False
"Zeller Katy Pointe Investors, LP",21-APR-2026,Commercial,IL,2025.0,12450000.0,12450000,25,False
Aberdeen Group plc,21-APR-2026,Other Banking and Financial Services,X0,,6455132.0,6455132,53,False
"RADCO - Everett, LP",21-APR-2026,Commercial,GA,2026.0,,14811902,84,False
"MAV Unlimited, Inc.",21-APR-2026,Other,OR,2024.0,850000.0,426000,9,False
Inseer Inc.,21-APR-2026,Other,IA,,2000000.0,400000,2,False
"ScrubSync, Inc.",21-APR-2026,Other Technology,KY,2025.0,700000.0,20000,1,False
857 Lindsay LLC,21-APR-2026,Commercial,ID,2026.0,3200000.0,3200000,11,False
"LB Baseball Growth Partners, LLC",21-APR-2026,Other,CA,2025.0,2600000.0,2125000,10,False
"Megantic Opportunity Portfolio, LLC",21-APR-2026,Other,CA,2024.0,2800000.0,2700000,14,False
Brightpave Markers Inc.,21-APR-2026,Other,CO,2024.0,1500000.0,578192,4,False
Zesty Snackz Inc.,21-APR-2026,Other,TX,2026.0,1138846.0,1138846,2,False
"Rockford URS Laser, LLC",21-APR-2026,Other Health Care,TX,2026.0,90557.0,90557,2,False
Greenpro Capital Corp.,21-APR-2026,Business Services,N8,,1200000.0,1200000,1,False
Cleveland Housing Investment Fund LLC,21-APR-2026,Other Real Estate,NY,2024.0,,15000000,2,False
"1019 MAIN, LLC",21-APR-2026,Other,MA,2026.0,350000.0,250000,5,False
"West Suburban Seniors, LLC",21-APR-2026,Other Real Estate,IL,2026.0,6900000.0,4590000,55,False
Simple Fund LLC,21-APR-2026,Commercial,UT,2024.0,,9293457,29,False
"Connor Group Continuation Income Fund XVIII-Q, LLC",21-APR-2026,Commercial,OH,,162400980.0,162400980,397,True
Vataseason Ventures Fund LLC,21-APR-2026,Other Technology,DE,2026.0,50000000.0,0,0,False
Rainmaker Capital LLC,21-APR-2026,Commercial,KY,2026.0,10000000.0,8900000,24,False
HRM GA One LLC,21-APR-2026,Other Real Estate,TX,2026.0,2000000.0,1250000,8,False
Timbertop Growth Investment Fund LLC,21-APR-2026,Residential,TN,2025.0,100000000.0,1700000,9,False
KPR Voorhees Investor LLC,21-APR-2026,Commercial,NY,2024.0,7340000.0,7340000,38,False
KPR Pointe Plaza Investor LLC,21-APR-2026,Commercial,NY,2025.0,17000000.0,17000000,38,False
KPR Kokomo Investor LLC,21-APR-2026,Commercial,NY,2025.0,21800000.0,21800000,64,False
KPR Knollwood Investor LLC,21-APR-2026,Commercial,NY,2025.0,13490000.0,13490000,65,False
HF Artisan Grove LLC,21-APR-2026,Other Real Estate,OH,2026.0,1025000.0,0,0,False
"Loki Robotics, Inc.",21-APR-2026,Other Technology,DE,2024.0,11824995.0,11824995,14,False
DeepX Elysium Inc.,21-APR-2026,Other Technology,FL,2022.0,5.0,5,1,False
BFREE Africa Inc.,21-APR-2026,Other Technology,DC,,3154499.0,3154499,6,False
CryptoAlgo Ltd,21-APR-2026,Investing,CO,2025.0,19800000.0,0,0,False
Bauer Partners LLC,21-APR-2026,Other Real Estate,TX,2026.0,7000000.0,6875000,12,False
"AdvisorNet Financial, Inc",21-APR-2026,Investing,MN,,,32450034,48,False
Source GeoGlobal LLC,21-APR-2026,Business Services,WA,2025.0,366000.0,110000,2,False
"goBU, Inc.",21-APR-2026,Other Health Care,AZ,2025.0,1500000.0,600000,9,False
"Taxably, Inc.",21-APR-2026,Other Technology,DE,2026.0,,14000,3,False
"5X MEDIA, LLC",21-APR-2026,Other,CA,,1000000.0,1000000,5,False
Zocalo Health Inc.,21-APR-2026,Other Health Care,WA,2021.0,22697926.0,22615930,32,False
Slight Ache LLC,21-APR-2026,Restaurants,NY,2025.0,1500000.0,525000,9,False
Goodman Capital Liquid Credit Strategy Fund II LLC,21-APR-2026,REITS and Finance,NY,2025.0,200000000.0,57082218,199,False
Overlook Benloch Ranch LLC,21-APR-2026,Residential,UT,2026.0,350000.0,100000,2,False
"Penta Parent Holdings, LP",21-APR-2026,Other,TX,2024.0,,0,0,False
"AFA Fund I, LLC",21-APR-2026,Investing,UT,2026.0,,0,0,False
QnA Cloud Holdings LLC,21-APR-2026,Telecommunications,NY,2025.0,,150000,1,False
Elevation 137 LLC,21-APR-2026,Residential,UT,2026.0,350000.0,350000,4,False
"Real Vault, Inc.",21-APR-2026,Other Technology,IL,,12090494.0,12090494,25,False
"PCB Financial, Inc",21-APR-2026,Commercial Banking,CA,2022.0,16499999.0,2804746,8,False
"Quel Health, Inc.",21-APR-2026,Other Health Care,NM,2026.0,,55000,3,False
"5X MEDIA, LLC",21-APR-2026,Other,CA,,2500000.0,2500000,7,False
Revolution Pain Therapy Inc.,20-APR-2026,Other,DE,2025.0,300000.0,200000,2,False
"Bobo CV DC Land Fund I, LLC",20-APR-2026,Commercial,TX,2026.0,20000000.0,20000000,0,False
"VALTRION, LLC",20-APR-2026,Other Banking and Financial Services,TN,2023.0,2860000.0,1215500,4,False
"Tektones, Inc.",20-APR-2026,Other,CA,2026.0,1250000.0,1214000,13,False
"Sterling Core Income Fund I, LLC",20-APR-2026,REITS and Finance,CA,2026.0,100000000.0,0,0,False
Simple Fund LLC,20-APR-2026,Commercial,UT,2024.0,10000000.0,9293457,29,False
HEICO CORP,20-APR-2026,Other,FL,,0.0,0,4,False
Simple Fund LLC,20-APR-2026,Commercial,UT,2024.0,10000000.0,0,29,False
Excalibur Metals Corp.,20-APR-2026,Other,A1,2025.0,184697.0,184697,4,False
"Zyp, Inc",20-APR-2026,Other Technology,PA,2025.0,150000.0,10000,2,False
"Snowise Technologies, Inc.",20-APR-2026,Other Technology,WA,2024.0,500000.0,27000,1,False
Malcolm Inc.,20-APR-2026,Other Technology,X0,2026.0,50.0,50,2,False
Ulysses Ecosystem Engineering Inc.,20-APR-2026,Other Technology,CA,2023.0,38081988.0,38081988,4,False
"Spire Global, Inc.",20-APR-2026,Other Technology,VA,,70000000.0,70000000,20,False
"Big Game Sport, Inc.",20-APR-2026,Other,AZ,2021.0,2000000.0,1772500,34,False
"Chez Bill, LLC",20-APR-2026,Restaurants,MN,2025.0,400000.0,0,0,False
"Hatchcares, Inc.",20-APR-2026,Other Health Care,TN,2022.0,5000000.0,1000000,2,False
"WGV Real Estate Fund I, LLC",20-APR-2026,Other Real Estate,IN,2025.0,100000000.0,2510699,17,False
"Tarpon Health, Inc.",20-APR-2026,Other Health Care,DE,2022.0,2100000.0,1950000,13,False
TELYRX HOLDINGS INC.,20-APR-2026,Pharmaceuticals,A6,2026.0,12623935.0,12623935,51,False
"Ignite AI Innovation Fund, LLC",20-APR-2026,Other,WY,2026.0,4000000.0,0,0,False
TelyRx Finco Inc.,20-APR-2026,Pharmaceuticals,A6,2026.0,12623935.0,12623935,51,False
Les Bois Capital Fund LLC,20-APR-2026,Investing,ID,2026.0,,0,2,False
ROSS LANE DEVELOPMENT LLC - HIGGINS SERIES,20-APR-2026,Other Real Estate,IL,2026.0,700000.0,700000,4,False
"DW Love Lies, Ltd Liability Co",20-APR-2026,Other,NY,2023.0,2000000.0,0,0,False
Redmond 56 Fund LP,20-APR-2026,Residential,WA,2025.0,2400000.0,0,0,False
"WF Palladian, LLLP",20-APR-2026,Other Real Estate,AL,2026.0,4500000.0,4500000,42,False
Birgo Heartland Multifamily Fund V LP,20-APR-2026,Commercial,PA,2025.0,150000000.0,2349022,59,False
"Pahlisch Homes at Overland, LLC",20-APR-2026,Residential,OR,2026.0,5000000.0,0,0,False
"SPP TT Investco, LLC",20-APR-2026,Other,TX,2025.0,8405000.0,8405000,6,False
Arrakis Corp,20-APR-2026,Other Technology,NY,2025.0,7375802.0,7330802,28,False
"SPP TT FF Investco, LLC",20-APR-2026,Other,TX,2025.0,2825000.0,2825000,23,False
"ASHOC Beverage, LLC",20-APR-2026,Retailing,CA,,,10035540,47,False
"Hamiz, Inc",20-APR-2026,Other Technology,NJ,2026.0,10000000.0,100000,1,False
"HighGrove Holdings, LLC/MO",20-APR-2026,Other,MO,2025.0,500000.0,500000,1,False
TN Flats INVEST LLC,20-APR-2026,Residential,WY,2026.0,6000000.0,100000,1,False
"PCB Financial, Inc",20-APR-2026,Commercial Banking,CA,2022.0,16499999.0,2804746,8,False
"Saint Barman, LLC",20-APR-2026,Other,FL,2024.0,3000000.0,1750000,14,False
"Equipmate, Inc",20-APR-2026,Computers,MI,2026.0,,66000,5,False
"PCR Land Fund II, LP",20-APR-2026,Other Real Estate,TX,2026.0,25000000.0,0,0,False
"Texakoma Resources, LLC",20-APR-2026,Oil and Gas,TX,,75000000.0,25000,1,False
"Route 92 Medical, Inc.",20-APR-2026,Other Health Care,UT,,50000002.0,50000002,11,False
"PCR Land Fund II, LP",20-APR-2026,Other Real Estate,TX,2026.0,25000000.0,0,0,False
"Outsquare MD, INC",20-APR-2026,Other Technology,NY,,5000000.0,15000,1,False
"Outsquare MD, INC",20-APR-2026,Other Technology,NY,,5000000.0,5000,1,False
"Outsquare MD, INC",20-APR-2026,Other Technology,NY,,5000000.0,55000,1,False
"Outsquare MD, INC",20-APR-2026,Other Technology,NY,,5000000.0,10000,1,False
Edgewater Investor LLC,20-APR-2026,Residential,NC,2026.0,14940000.0,9425000,12,False
"Ciphero AI Technologies, Inc.",20-APR-2026,Other Technology,NY,2025.0,3250000.0,3250000,6,False
"NNG Fix & Flip Fund I, LLC",20-APR-2026,Other Real Estate,NJ,2025.0,5000000.0,50000,2,False
"Williston Industrial Complex 03, LLC",20-APR-2026,Commercial,MA,2026.0,2025000.0,2025000,0,False
"Eden Street Mississippi, LLC",20-APR-2026,Residential,MS,2025.0,500000.0,500000,1,False
Grant BCS Development Fund 1 LP,20-APR-2026,Residential,TX,2025.0,5000000.0,300000,1,False
"Forward Thinking Capital, LLC",20-APR-2026,Investing,DE,2026.0,50000000.0,0,0,False
"Alliance Tower Fund-V.1, LP",20-APR-2026,Telecommunications,KS,2024.0,100000000.0,66790000,73,False
"Middle Tennessee Protein Bars 1, LLC",20-APR-2026,Manufacturing,TN,2023.0,1200000.0,0,0,False
Gaingels Provocative LLC,20-APR-2026,Other,VT,2026.0,209585.0,209585,15,False
Gaingels Pie Insurance LLC,20-APR-2026,Other,VT,,45160.0,45160,9,False
"Outsquare MD, INC",20-APR-2026,Other Technology,NY,,5000000.0,15000,1,False
ACG NW 24 LLC,20-APR-2026,Residential,FL,2025.0,,5854029,16,False
"Outsquare MD, INC",20-APR-2026,Other Technology,NY,,5000000.0,5000,1,False
"Outsquare MD, INC",20-APR-2026,Other Technology,NY,,5000000.0,1250,1,False
"Outsquare MD, INC",20-APR-2026,Other Technology,NY,,5000000.0,1250,1,False
Gaingels Portal Space LLC,20-APR-2026,Other,VT,2026.0,725059.0,725059,11,False
"Outsquare MD, INC",20-APR-2026,Other Technology,NY,,5000000.0,2000,1,False
"DEBIT MY DATA, INC.",20-APR-2026,Computers,FL,2021.0,2488000.0,2458000,37,False
"Outsquare MD, INC",20-APR-2026,Other Technology,NY,,5000000.0,10000,1,False
"Outsquare MD, INC",20-APR-2026,Other Technology,NY,,5000000.0,354910,1,False
"Outsquare MD, INC",20-APR-2026,Other Technology,NY,,5000000.0,110095,1,False
Gaingels Yumi 2025 LLC,20-APR-2026,Other,VT,2025.0,378189.0,378189,30,False
"Corbin Private Credit Manager Fund III, L.P.",20-APR-2026,Other,E9,2025.0,67000000.0,67000000,3,False
Naitiv Partners Inc.,20-APR-2026,Other,CO,2026.0,,2350000,4,False
"Faylanx Fund, LLC",20-APR-2026,Other,CA,2026.0,50000000.0,0,0,False
EASFRIF Feeder V LP,20-APR-2026,Other Real Estate,FL,2024.0,,0,0,False
"Investcorp US Real Estate Employee Co-Investment Incentive, L.P.",20-APR-2026,Commercial,NY,,,0,0,False
Orthios Innovations LLC,20-APR-2026,Other Technology,NJ,2023.0,840000.0,505000,7,False
Gaingels Starfish LLC,20-APR-2026,Other,VT,2026.0,527187.0,527187,6,False
"Blue Juniper Group, LLC",20-APR-2026,Insurance,OH,2026.0,200000.0,20,2,False
Baliex Ltd.,20-APR-2026,Investing,NY,2026.0,500000000.0,0,0,False
"Welsh Lending, LLC",20-APR-2026,REITS and Finance,PA,,8000000.0,4500000,13,False
Sunnyday Co. LLC,20-APR-2026,Other,CA,2023.0,500000.0,155000,5,False
Sanctuary Cognitive Systems Corp,20-APR-2026,Other Technology,A1,,1546414.0,1546414,2,False
"Serenity for Life, LLC",20-APR-2026,Other Health Care,CO,2021.0,1500000.0,0,0,False
"GrowX Ventures Fund II SPV, LLC",20-APR-2026,Other,DE,2024.0,5000000.0,680000,5,False
"Vocal Ventures Fund I GP, LLC",20-APR-2026,Other,CA,2025.0,1000000.0,1000000,3,False
ORAN Holdings Co Inc.,20-APR-2026,Other,NY,2023.0,46164978.0,44664906,12,False
Blue Jay Gold Corp.,20-APR-2026,Other,A1,2023.0,1985221.0,1135947,11,False
"VIN-Holdings, LLC",20-APR-2026,Investing,AR,2024.0,235000.0,235000,12,False
"Vocal Ventures Fund I, LP",20-APR-2026,Other,CA,2025.0,10270000.0,10270000,13,False
"Olam T, L.P.",20-APR-2026,Other,NY,2026.0,,0,0,False
BCI Innovations LLC,20-APR-2026,Other Technology,PA,2024.0,8500000.0,0,0,False
Saddle Creek Kansas 109 DST,20-APR-2026,Commercial,CA,2026.0,12951877.0,5172629,15,False
Digital Intelligence Robotics Ltd,20-APR-2026,Other Technology,K3,2026.0,5000000.0,0,0,False
Fraun Inc.,20-APR-2026,Other Technology,DE,2026.0,100000.0,100000,1,False
"KeepUp Financial, Inc.",17-APR-2026,Other Technology,FL,2026.0,30000.0,30000,1,False
Tenayo Foods LLC,17-APR-2026,Other,CO,,1500000.0,470000,3,False
VB Spine Holdings LLC,17-APR-2026,Other Health Care,NY,2025.0,5000000.0,5000000,1,False
"FC Tillinghast Cir JV, LLC",17-APR-2026,Commercial,FL,2026.0,10500000.0,10500000,2,False
"First Breckinridge Bancshares, Inc.",17-APR-2026,Commercial Banking,KY,,12000000.0,12000000,14,False
Green Evolution Technologies,17-APR-2026,Other Technology,NV,2022.0,1340000.0,1340000,24,False
"ALPINE TORTILLA HOLDCO, INC.",17-APR-2026,Other,MA,2026.0,6000000.0,4875000,3,False
Undeniable Health AI Inc.,17-APR-2026,Other Technology,NY,2026.0,500000.0,500000,1,False
JAYABHERI MILAM HWY 79 LLC,17-APR-2026,Commercial,TX,2021.0,1478880.0,1478880,17,False
"Placed PCI-1, LLC",17-APR-2026,Manufacturing,NC,2026.0,816000.0,816000,11,False
"Meaningful Gigs, Inc.",17-APR-2026,Other Technology,DC,,4999996.0,3499996,2,False
"FC Indigo Huntsville JV, LLC",17-APR-2026,Commercial,FL,2026.0,20500000.0,19548841,4,False
Paralos Bioscience Inc.,17-APR-2026,Biotechnology,CA,2024.0,1000000.0,328900,3,False
PCR Investment 2026 LLC,17-APR-2026,Restaurants,IL,2026.0,1500000.0,1100000,6,False
Montego Capital Fund 5 Ltd,17-APR-2026,Oil and Gas,TX,2026.0,50000000.0,0,0,False
"Hourglass Financial, Inc.",17-APR-2026,Other Technology,CA,2025.0,3600000.0,1075000,5,False
"Russell Insurance & Investments, LLC",17-APR-2026,Insurance,OH,,75000.0,0,0,False
1700 Northgate Partners LLC,17-APR-2026,Commercial,TX,2026.0,16000000.0,250000,3,False
Hawaiian Bros Inc.,17-APR-2026,Restaurants,MO,2021.0,192071.0,47360,1,False
"OCIP IXDC 2, LLC",17-APR-2026,Other,GA,2026.0,1600000.0,1600000,3,False
Schnepf First Mortgage LLC,17-APR-2026,Other,AZ,2026.0,1600000.0,1600000,5,False
Health Wealth Fund One Series 2 LLC,17-APR-2026,Commercial,CO,2025.0,20903260.0,20903260,84,False
GovGuide Inc.,17-APR-2026,Other Technology,VA,2023.0,6925000.0,6925000,65,False
"BRYTR, LLC",17-APR-2026,Other Energy,GA,2026.0,4500000.0,0,0,False
"HIDENN-AI, Inc.",17-APR-2026,Other Technology,IL,2021.0,1500000.0,1499999,4,False
Le Botaniste Corp.,17-APR-2026,Restaurants,NY,2022.0,,576600,3,False
"Nexamp, Inc.",17-APR-2026,Other Energy,MA,,179997174.0,179997174,2,True
Aquantable Holdings LLC,17-APR-2026,Business Services,NY,2026.0,24675000.0,24675000,35,False
909 Belmont RE LLC,17-APR-2026,Commercial,IL,2026.0,6200000.0,0,0,False
"Arkonix, Inc.",17-APR-2026,Other,DE,2025.0,1500000.0,1088500,22,False
"Outsquare MD, INC",17-APR-2026,Other Technology,NY,,5000000.0,30547,1,False
Pete Inc.,17-APR-2026,Other Technology,FL,2023.0,1000000.0,500000,5,False
"Outsquare MD, INC",17-APR-2026,Other Technology,NY,,5000000.0,12356,1,False
HyperLight Corp,17-APR-2026,Other,MA,,64999945.0,52999951,12,False
"ExchangeRight Income Fund Operating Partnership, LP",17-APR-2026,REITS and Finance,CA,,42800000.0,42800000,90,False
"ExchangeRight Income Fund Operating Partnership, LP",17-APR-2026,REITS and Finance,CA,,32550000.0,32550000,95,False
"Swarm Defense Technologies, Inc.",17-APR-2026,Other Technology,MI,2024.0,,1435000,10,False
Pytheas Energy Inc,17-APR-2026,Oil and Gas,FL,2024.0,12500000.0,0,0,False
"Lending Alliance Resort Partners, LP",17-APR-2026,Other Real Estate,FL,2024.0,100000000.0,43040249,62,False
"TGA SPE 2026a, LLC",17-APR-2026,Other,IN,2026.0,800000.0,800000,7,False
Inkwriter Inc,17-APR-2026,Other Technology,OH,2025.0,1100000.0,130000,9,False
"JWCM Vivian, DST",17-APR-2026,Other Real Estate,NY,2025.0,46170900.0,10971131,35,False
"90Ten EDGE Central II Syndicate, LLC",17-APR-2026,Commercial,TX,2026.0,3700000.0,1050000,8,False
"Hotel Melrose, LLC",17-APR-2026,Commercial,CO,2024.0,5000000.0,1574164,25,False
"ColdSnap, Corp.",17-APR-2026,Other Technology,MA,,27300000.0,21636799,90,False
"Fraud Protection Network, Inc.",17-APR-2026,Other Technology,FL,,1000000.0,200000,1,False
"ColdSnap, Corp.",17-APR-2026,Other Technology,MA,,27300000.0,21636799,90,False
"RarePh8,Inc.",17-APR-2026,Other,NY,2024.0,1057500.0,500000,1,False
"Tinos Therapeutics, Inc.",17-APR-2026,Biotechnology,MA,2023.0,4000000.0,2250000,3,False
"RarePh8,Inc.",17-APR-2026,Other,NY,2024.0,2062500.0,500000,1,False
"Campus Swap, Inc.",17-APR-2026,Other,NC,2024.0,100000.0,86000,5,False
"Aethl Bio, Inc.",17-APR-2026,Biotechnology,PA,2025.0,5000000.0,1635000,8,False
"Bonum Therapeutics, Inc.",17-APR-2026,Biotechnology,WA,2021.0,32301381.0,26907396,8,False
Carmichael Merritt Mill LLC,17-APR-2026,Other Real Estate,TN,2026.0,5194271.0,5194271,31,False
USEDC 2026 Drilling Fund 2 LP,17-APR-2026,Oil and Gas,TX,2026.0,250000000.0,0,0,False
"Second Sight Data Discovery, Inc.",17-APR-2026,Other Technology,IN,2022.0,25000000.0,11675000,24,False
"Blue Gate Bayside Marina Owner TIC 9, LLC",17-APR-2026,Commercial,NC,2026.0,500000.0,500000,1,False
USEDC 2026 Drilling Fund 1 LP,17-APR-2026,Oil and Gas,TX,2026.0,250000000.0,0,0,False
Honest Capital Group Fund II LLC,17-APR-2026,Commercial,DE,2026.0,50000000.0,0,0,False
"5280 Waste Group, LLC",17-APR-2026,Other,PA,2025.0,6600000.0,6600000,7,False
"CompleteFarmer Technologies, Inc.",17-APR-2026,Other Technology,CA,,12000000.0,2499999,1,False
Helicon Corp,17-APR-2026,Other Technology,WA,2025.0,750000.0,20000,1,False
InterTrade Direct LLC,17-APR-2026,Business Services,FL,2023.0,10000000.0,10000000,1,False
Hestia Fund II LLC,17-APR-2026,Residential,CA,2025.0,3000000.0,570000,8,False
"Clover Gablepoint Venture, LLC",17-APR-2026,Residential,TX,2025.0,3076877.0,3076877,17,False
Trimtab Impact Inc.,17-APR-2026,Other,NY,2024.0,,0,0,False
MatchBeat Inc.,17-APR-2026,Retailing,CA,2026.0,20000000.0,20500,4,False
"Meadowood Apartments Investors, LLC",17-APR-2026,Residential,CA,,1467000.0,1467000,6,False
E ESTATE GROUP INC.,17-APR-2026,Investing,NY,2026.0,109440000.0,0,0,False
Beneficient,17-APR-2026,Other Banking and Financial Services,TX,2023.0,8752140.0,8752140,1,False
"Narwhal Truck Toppers, Inc.",17-APR-2026,Other,CO,2024.0,2000000.0,10000,1,False
Global Gardens LLC,17-APR-2026,Other,FL,2025.0,7500000.0,4985000,25,False
"PRO BALANCE BANDS, LLC",17-APR-2026,Other,FL,2024.0,350000.0,150000,1,False
"Tender Crush Holdings, LLC",17-APR-2026,Restaurants,NY,2024.0,1050000.0,756417,15,False
Pye in the Sky Labs Ltd.,17-APR-2026,Other,NY,2024.0,1500000.0,1070000,36,False
"CLST Holdings, Inc. /CO/",17-APR-2026,Other,MN,2025.0,2000000.0,100000,8,False
CRESTLINE REAL ESTATE 2026 LP,17-APR-2026,Other,FL,2026.0,303500.0,303500,4,False
"Silk River, Inc.",17-APR-2026,Other Technology,WY,2024.0,2000000.0,1800000,15,False
NAH Group LLC,17-APR-2026,Commercial,KS,2026.0,1355000.0,1355000,21,False
"Clover Creekstone Venture, LLC",16-APR-2026,Residential,TX,2025.0,4430805.0,4430805,17,False
Atomiq Labs Inc.,16-APR-2026,Other Technology,A6,2026.0,3000000.0,1925000,3,False
"BETA Technologies, Inc.",16-APR-2026,Other Technology,VT,,13000000.0,7051692,30,False
"Cambridge at River Oaks H, LLC",16-APR-2026,Residential,KS,2026.0,8900000.0,2825000,49,False
InverseBio Inc.,16-APR-2026,Other Technology,MA,2026.0,600000.0,500000,1,False
"GP Matrix Holdings, LLC",16-APR-2026,Other Health Care,PA,2026.0,,5415917,17,False
GS Finance Corp.,16-APR-2026,Investment Banking,NY,,784000.0,784000,1,False
"H&N Texas Holdings, LP",16-APR-2026,Retailing,TX,2023.0,15000000.0,0,0,False
GS Finance Corp.,16-APR-2026,Investment Banking,NY,,130000.0,130000,1,False
AlphaX SFR II LLC,16-APR-2026,Residential,CA,2024.0,12000000.0,6810000,17,False
Centile Bioscience Inc.,16-APR-2026,Other Technology,MD,2023.0,4054996.0,3054996,3,False
Alera Fund I LLC,16-APR-2026,Residential,CA,2024.0,100000000.0,19104847,54,False
Source Donor Inc.,16-APR-2026,Other,TX,,63146710.0,38146710,9,False
Expedition Income II LLC,16-APR-2026,Other Real Estate,GA,2026.0,10000000.0,0,0,False
Definition II-C LLC,16-APR-2026,Other,NY,2026.0,15030375.0,15030375,1,False
PBFC Ownership Group LLC,16-APR-2026,Construction,FL,2025.0,20000000.0,2775000,11,False
Definition Opportunity XI LLC,16-APR-2026,Other,NY,2026.0,10149884.0,10149884,3,False
"Abundera, Inc.",16-APR-2026,Other Technology,NV,2026.0,750000.0,375000,9,False
Definition Opportunity X LLC,16-APR-2026,Other,NY,2026.0,15224998.0,15224998,3,False
"JOINT EFFORT ADMINISTRATIVE SERVICES ORGANIZATION, LLC",16-APR-2026,Other,NY,2021.0,,107133,14,False
Illuminate Forward LLC,16-APR-2026,Other,CA,2023.0,340000.0,316000,19,False
"Madrona Recovery Washington, LLC",16-APR-2026,Other Health Care,WA,2023.0,160000.0,160000,1,False
"nEye Systems, Inc.",16-APR-2026,Other Technology,CA,,79999973.0,79999973,47,False
VISINT INC.,16-APR-2026,Other Technology,IL,2022.0,10750000.0,9640000,80,False
Food Capital Partners Holdings LLC,16-APR-2026,Business Services,MI,2026.0,22000000.0,10805000,7,False
"CSBL Acquisition, Inc.",16-APR-2026,Commercial Banking,TX,2025.0,17000000.0,17000000,42,False
624 MEH LLC,16-APR-2026,Other Energy,TX,2024.0,,0,0,False
"CREI Colony Land Acquisition III, LP",16-APR-2026,Other,TX,2026.0,7000000.0,620000,5,False
"TH Waco JV, LLC",16-APR-2026,Other Real Estate,TX,2021.0,21000000.0,8550000,79,False
"Peaceable Street Capital Income Fund I, LLC",16-APR-2026,Residential,PA,2026.0,30000000.0,4650000,11,False
"One Place Property Group, LLC",16-APR-2026,Commercial,TX,2025.0,5000000.0,2467000,57,False
Spiral Therapeutics Inc,16-APR-2026,Pharmaceuticals,CA,,27089842.0,27089839,34,False
"Stoke Space Technologies, Inc.",16-APR-2026,Other Technology,WA,,350000015.0,275000029,28,True
Vireo Growth Inc.,16-APR-2026,Other,MN,,50612571.0,50612571,19,False
"Low Rate Co., Inc.",16-APR-2026,Other Technology,CA,2025.0,3333202.0,3287400,5,False
RANCHLANDMTX1 LLC,16-APR-2026,Commercial,TX,2026.0,5500000.0,0,0,False
Freedom Tower LP,16-APR-2026,Other Real Estate,TX,2025.0,12000000.0,3200000,4,False
Nooka Capital II LLC,16-APR-2026,Other Real Estate,NY,2026.0,2000000.0,0,0,False
"CinemaCore, Inc.",16-APR-2026,Other Technology,LA,2026.0,250000.0,250000,1,False
"Peaceable Street Capital Income Fund I, LLC",16-APR-2026,Residential,PA,2026.0,30000000.0,30000000,12,False
Holst Capital Management DeRosa Growth 1 LLC,16-APR-2026,Other Real Estate,TN,2026.0,1027500.0,0,0,False
"EZ Management Solutions, Inc.",16-APR-2026,Other Technology,OH,2023.0,300000.0,300000,1,False
"Beach House Behavioral Health, Inc.",16-APR-2026,Other Health Care,FL,,3500000.0,3180000,17,False
Nini Financial Technologies Inc.,16-APR-2026,Other Banking and Financial Services,A6,2025.0,,638950,16,False
"Black River Industries, LLC",16-APR-2026,Other,MS,2025.0,20000000.0,1550000,5,False
"Outsquare MD, INC",16-APR-2026,Other Technology,NY,,5000000.0,8450,1,False
TSCG Credit Opportunities I LLC,16-APR-2026,Commercial,FL,2024.0,25000000.0,5863750,67,False
"Calyxo, Inc.",16-APR-2026,Other Health Care,CA,,40099963.0,40099963,12,False
"10FSSAC5-B, LLC",16-APR-2026,Other Real Estate,NC,2025.0,150000000.0,29030000,45,False
"Newlands Development Opportunities I, LLC",16-APR-2026,Commercial,FL,2024.0,15000000.0,11831811,158,False
650 Industries Inc.,16-APR-2026,Other Technology,CA,,44319962.0,44319962,6,False
"Global Co-Investment Opportunity Fund II, LP",16-APR-2026,Other Real Estate,FL,2022.0,50000000.0,45141367,426,False
"High Street Real Estate Fund VIII, L.P.",16-APR-2026,Other Real Estate,MA,2024.0,,377908163,10,True
VCS Huxley LLC,16-APR-2026,Other,MN,2026.0,9000000.0,6650000,13,False
"High Street Value Fund II, L.P.",16-APR-2026,Other Real Estate,MA,2025.0,,165816327,6,True
"Snead Court Investors, LLC",16-APR-2026,Other Real Estate,AL,2026.0,,5250000,14,False
CADENCE REAL ESTATE FUND ONE LP,16-APR-2026,REITS and Finance,WA,2023.0,35000000.0,12607382,75,False
"Series 32-3, a series of StartEngine Private LLC",16-APR-2026,Other,CA,2025.0,4086103.0,1220585,18,False
"Intalus, Inc.",16-APR-2026,Other,VA,,5300295.0,5300295,6,False
Acretrader 274 LLC,16-APR-2026,Other Real Estate,AR,2025.0,1899000.0,1899000,42,False
Nationwide PPVUL Separate Account 7,16-APR-2026,Insurance,OH,2022.0,,78825451,2,False
"Origin Charlotte NoDa, DST",16-APR-2026,Other Real Estate,IL,2025.0,48917049.0,46832897,88,False
NATIONWIDE PPVUL SEPARATE ACCOUNT 6,16-APR-2026,Insurance,OH,,,2846273052,11,True
Nationwide PPVUL Separate Account - 5,16-APR-2026,Insurance,OH,,,26762936,11,False
Nationwide PPVUL Separate Account - 4,16-APR-2026,Insurance,OH,,,5203996163,9,True
Principal Technologies Inc.,16-APR-2026,Biotechnology,A1,,325338.0,325338,2,False
"PreSwing Golf, LLC",16-APR-2026,Other Technology,AZ,2025.0,1500000.0,150000,1,False
Nationwide PPVUL Separate Account - 3,16-APR-2026,Insurance,OH,,,1909544016,164,True
Nationwide PPVUL Separate Account - AC1,16-APR-2026,Insurance,OH,2021.0,,159175224,30,True
SIERRA INTERNATIONAL NETWORK INC,16-APR-2026,Other Technology,CA,2023.0,145000000.0,145000000,4,True
NATIONWIDE PRIVATE PLACEMENT VARIABLE ACCOUNT,16-APR-2026,Insurance,OH,,,10055021172,443,True
Nationwide Private Placement Variable Account - E,16-APR-2026,Insurance,OH,,,133364197,4,True
Nationwide BOLI Private Placement Variable Account,16-APR-2026,Insurance,OH,,,6003417436,66,True
"Origin Nona, DST",16-APR-2026,Other Real Estate,IL,2025.0,46256706.0,2033494,6,False
"CS LARGE CITIES HOUSING FUND II, L.P.",16-APR-2026,Residential,PA,2025.0,150000000.0,73000000,7,False
"CarbonSix, Inc.",16-APR-2026,Other Technology,M5,2025.0,48198908.0,28049561,8,False
"NovAb, Inc.",16-APR-2026,Biotechnology,GA,,250000.0,65000,2,False
"SPS CD Fund II, LLC",16-APR-2026,Commercial,OH,2025.0,10000000.0,10000000,51,False
"ElevenTwo, Inc.",16-APR-2026,Other Technology,ME,2026.0,2500000.0,675000,4,False
"Rockford URS Consumables, LLC",16-APR-2026,Other Health Care,TX,2026.0,119888.0,119888,2,False
Cominex Holding Ltd,16-APR-2026,Other Banking and Financial Services,DE,,,100000000,10000,True
Toro Silver Corp.,16-APR-2026,Other,A1,2022.0,11337599.0,11337599,116,False
Green Evolution Technologies,16-APR-2026,Other Technology,NV,2022.0,2500000.0,2280000,26,False
"MHG Partners Fund, LLC",16-APR-2026,Residential,MN,2025.0,5000000.0,5561,8,False
HumanlyHR Inc,16-APR-2026,Other Technology,WA,,24999870.0,17949888,4,False
MB4 Investors LLC,16-APR-2026,Residential,TX,2026.0,4000000.0,1295000,29,False
Hiro Capital III SCSp,16-APR-2026,Other,N4,2026.0,692478000.0,1644635,2,False
"Ambulatory Surgery Center Acquisition HoldCo, LLC",16-APR-2026,Other,AZ,2026.0,20000000.0,0,0,False
809 Avenue K Galveston LLC,16-APR-2026,Residential,TX,2026.0,400000.0,325000,5,False
IN Meridian LLC,16-APR-2026,Commercial,IN,2025.0,2665000.0,2497063,13,False
Browser bets inc,16-APR-2026,Other Technology,CA,2025.0,1600000.0,660000,6,False
"FIREFLY NEUROSCIENCE, INC.",16-APR-2026,Other Health Care,NY,2022.0,20250000.0,2250000,6,False
"OC Thea Energy Partners, LLC",16-APR-2026,Other,GA,2026.0,1250000.0,1015000,10,False
CIPHER III a Series of Opulentia Ventures X LLC,16-APR-2026,Investing,VA,2026.0,541750.0,541750,15,False
"Trifecta CRE Fund I, LLC",16-APR-2026,Commercial,FL,2026.0,12000000.0,0,0,False
PROXAG CORP,16-APR-2026,Agriculture,FL,2024.0,6000000.0,99990,1,False
FENDX TECHNOLOGIES INC.,16-APR-2026,Other Technology,A1,,53750.0,53750,2,False
"DEGIMA AI, Inc.",16-APR-2026,Computers,DE,2025.0,,130000,3,False
1384342 B.C. Ltd.,16-APR-2026,Other,A1,2022.0,10810.0,10810,1,False
"Acurion, Inc.",16-APR-2026,Other Health Care,CA,2026.0,4500000.0,4139984,36,False
"Private Money Funding, LLC",16-APR-2026,Commercial Banking,AZ,2023.0,,8872152,11,False
"Synergy IOM Holdings, LLC",16-APR-2026,Other Technology,IN,,1750000.0,1750000,36,False
"Cerrito Vista, LLC",16-APR-2026,Commercial,CA,2025.0,8000000.0,7350000,10,False
"ShredPay, Inc.",16-APR-2026,Other Technology,CA,2025.0,1535000.0,1355000,24,False
"Ceiba Ridge Tax Fund I, LP",15-APR-2026,REITS and Finance,FL,2026.0,,0,0,False
"JDN One, LLC",15-APR-2026,Investing,CO,2026.0,115000.0,115000,4,False
"Beacon Biosignals, Inc.",15-APR-2026,Other Technology,MA,,103280711.0,103280711,43,True
"NRC SPD Maine I, LLC",15-APR-2026,Commercial,NY,2026.0,6580000.0,6580000,36,False
Health Wealth Fund One Series 3 LLC,15-APR-2026,Commercial,CO,2026.0,40000000.0,650000,5,False
"Alloy Therapeutics, Inc.",15-APR-2026,Biotechnology,MA,,39999940.0,30020259,11,False
EAG Holdings LP,15-APR-2026,Other,NY,2021.0,1675000.0,1675000,2,False
"Capra Financial, Inc.",15-APR-2026,Commercial Banking,IA,2022.0,20000000.0,20000000,58,False
"Chptr, Inc.",15-APR-2026,Other Technology,NY,2021.0,10248363.0,9998361,19,False
"QXO, Inc.",15-APR-2026,Other Real Estate,CT,,253945772.0,253945772,166,True
Prometheus Therapeutics Inc.,15-APR-2026,Other Health Care,FL,,6500000.0,2745000,13,False
"EB5 United Park City, LLC",15-APR-2026,Other Real Estate,OR,2025.0,524800000.0,9600000,12,False
"Pulmatrix, Inc.",15-APR-2026,Biotechnology,MA,,1000000.0,1000000,1,False
"Gelu AI, Inc.",15-APR-2026,Other Technology,NY,2024.0,2000000.0,2000000,1,False
Ondas Inc.,15-APR-2026,Other,FL,,,0,232,False
Inland Long Island Residential DST,15-APR-2026,Other Real Estate,IL,2025.0,107581888.0,13334602,20,False
"electroCore, Inc.",15-APR-2026,Other Health Care,NJ,,,0,0,False
Strandline Titan Holdings LLC,15-APR-2026,Other,FL,2026.0,231499.0,231499,1,False
HA Pinto LLC,15-APR-2026,Commercial,GA,2026.0,2585000.0,2585000,22,False
PIMCO Asset-Based Lending Co LLC,15-APR-2026,Other,CA,2025.0,,880000,110,False
"Wildcat TMS, LLC",15-APR-2026,Other Technology,OH,2023.0,71250.0,71250,9,False
Metro Diner Holdings LLC,15-APR-2026,Restaurants,FL,,15000000.0,4500000,2,False
FG Communities Candler Indian Creek DST,15-APR-2026,Residential,NC,2025.0,6042049.0,0,0,False
KING CAPITAL GROUP INVESTMENT FUND LLC,15-APR-2026,Other Real Estate,CA,2025.0,100000000.0,0,0,False
Renovate The State LLC,15-APR-2026,Other Real Estate,AL,2026.0,,0,0,False
"Public Policy Holding Company, Inc.",15-APR-2026,Other,DC,2021.0,598508.0,598508,4,False
"BRI Greenhill III QOZB, LP",15-APR-2026,Commercial,TX,2025.0,45000000.0,8750000,13,False
SRD 010 LLC,15-APR-2026,Other,NV,2026.0,570000.0,570000,29,False
OCG Litigation Portfolio LLC,15-APR-2026,Other,CA,2025.0,,9200000,10,False
"Adams Street Associates, L.P.",15-APR-2026,Investing,IL,,7105500.0,7105500,46,False
Lysithea Holdings LLC,15-APR-2026,Residential,MN,2025.0,1181000.0,1181000,16,False
"WCV Income Fund, LLC",15-APR-2026,Other Real Estate,TN,2026.0,100000000.0,0,0,False
Trayt Health Inc.,15-APR-2026,Other Technology,CA,,12169958.0,7169957,6,False
"4801 Frederick Partners, LLC",15-APR-2026,Commercial,TX,2026.0,2700000.0,0,0,False
Actium High Yield Loan Fund XI LLC,15-APR-2026,Other Banking and Financial Services,UT,2026.0,15000000.0,1250000,4,False
Usonia MH Brookgreen LLC,15-APR-2026,Other Real Estate,CA,2026.0,4445000.0,4445000,29,False
Penso Fund Platform SPC- Segregated Portfolio NCA #14,15-APR-2026,Investing,NY,2021.0,,132550000,6,True
"Here & Now Technologies, Inc.",15-APR-2026,Other Technology,DE,2026.0,750000.0,545000,3,False
CIG RAINTREE INVESTORS LLC,15-APR-2026,Commercial,VA,2026.0,1533778.0,600000,9,False
"GUGGENHEIM SECURITIES, LLC",15-APR-2026,Investment Banking,NY,,,13200000,66,False
"Beckley Retreats, P.B.C.",15-APR-2026,Other,MD,2021.0,6820553.0,6068483,26,False
Delray Townhomes Partners LLC,15-APR-2026,Residential,DE,2026.0,2200000.0,1930000,0,False
Kensington Corridor Trust,15-APR-2026,Commercial,PA,,50000000.0,0,2,False
"Ouros Energy, Inc.",15-APR-2026,Other Technology,FL,2021.0,25942720.0,15015727,48,False
AQUABOUNTY TECHNOLOGIES INC,15-APR-2026,Agriculture,MA,,4815616.0,4815616,9,False
"Tanager Bancshares, Inc.",15-APR-2026,Commercial Banking,WY,2024.0,50000000.0,44177727,157,False
Definition II-B LLC,15-APR-2026,Other,NY,2026.0,39584674.0,39584674,14,False
"BRI Greenhill III QOF, LP",15-APR-2026,Commercial,TX,2025.0,45000000.0,8513489,33,False
TAVRA BIOSCIENCES LLC,15-APR-2026,Biotechnology,TX,2026.0,2000000.0,300000,2,False
"Moovalot, LLC",15-APR-2026,Other,TX,2023.0,500000.0,115000,5,False
VoicePatrol Investment Fund LLC,15-APR-2026,Investing,UT,2026.0,600000.0,150000,2,False
Generative Platforms Inc.,15-APR-2026,Other Technology,CA,2024.0,2000000.0,1900000,6,False
"Hockey Parent Holdings, L.P.",15-APR-2026,Other,IL,,1176135.0,1176135,2,False
"PG Austin Investors RC, LLC",15-APR-2026,Other Real Estate,GA,2025.0,80300000.0,6456000,55,False
Definition Opportunity VII LLC,15-APR-2026,Other,NY,2025.0,15150141.0,15150141,3,False
"PG Austin Investors RC, LLC",15-APR-2026,Other Real Estate,GA,2025.0,80300000.0,6456000,55,False
"Psionic, Inc.",15-APR-2026,Other Technology,VA,,15000000.0,200000,1,False
"Resilient Events, Inc.",15-APR-2026,Other Technology,NY,2026.0,1000000.0,999999,1,False
NMG Growth Fund LLC,15-APR-2026,Investing,WY,2025.0,10000000.0,100000,1,False
"Ascend Learning Investco, LLC",15-APR-2026,Other,TN,2025.0,25000000.0,23975000,10,False
"Ascend Learning Holdco, LLC",15-APR-2026,Other,TN,2025.0,25000000.0,23975000,1,False
Definition Opportunity V LLC,15-APR-2026,Other,NY,2025.0,15225122.0,15225122,3,False
CSCD LLC,15-APR-2026,Investing,DE,2026.0,3000000.0,2000000,7,False
"Canton Strategic Holdings, Inc.",15-APR-2026,Biotechnology,NJ,,1225003.0,1225003,6,False
"Canton Strategic Holdings, Inc.",15-APR-2026,Biotechnology,NJ,,1740000.0,1740000,13,False
"BMP II Katydid Investment, LP",15-APR-2026,Investing,TX,2026.0,1664000.0,1664000,5,False
Kuyue Sci. & Tech (HK) Ltd,15-APR-2026,Other Technology,K3,2024.0,5000000.0,0,0,False
"Housing New England, Fund VII Limited Partnership",15-APR-2026,Other Banking and Financial Services,ME,2024.0,81750000.0,81750000,19,False
EL Ventures IV LLC,15-APR-2026,Investing,WY,2025.0,2500000.0,125000,2,False
"Precision Fermentation, Inc.",15-APR-2026,Other Technology,NC,2021.0,10000000.0,10000000,2,False
K2 Gold Corp,15-APR-2026,Other,A1,,5168341.0,5168341,4,False
Nuveen Real Estate Exchange II DST,15-APR-2026,Other Real Estate,NY,2026.0,116607479.0,0,0,False
"Lynx Holder, LLC",15-APR-2026,Other,VA,2023.0,1000000.0,1000000,1,False
PACIFIC REFRIGERATION PARENT LLC,15-APR-2026,Other,WA,,2000000.0,0,0,False
"TH Lynx, LLC",15-APR-2026,Commercial,VA,2023.0,1014906.0,1014906,6,False
Onward HoldCo L.P.,15-APR-2026,Other,NY,2026.0,251360542.0,251360542,25,True
SONIRE Therapeutics Inc.,15-APR-2026,Other Health Care,CA,2025.0,13499802.0,13499802,1,False
"PG Prattville Investors, LLC",15-APR-2026,Other Real Estate,GA,2026.0,7236000.0,1270000,11,False
"PG EB5 Sugar Lender, LLC",15-APR-2026,Other Real Estate,GA,2025.0,28000000.0,4800000,6,False
PG EB5 PALMDALE LENDER LLC,15-APR-2026,Other Real Estate,GA,2023.0,24800000.0,22400000,28,False
MergeIt AI Corp.,15-APR-2026,Other Technology,FL,2025.0,,251000,8,False
CS United Club Ltd,15-APR-2026,Other Banking and Financial Services,CO,,,100000000,10000,True
Evro AI Pty Ltd,15-APR-2026,Other Technology,C3,2025.0,351677.0,0,0,False
"PG EB5 Gatlinburg Lender, LLC",15-APR-2026,Other Real Estate,GA,2025.0,40000000.0,27200000,34,False
WALK OF WEALTH CAPITAL LLC,15-APR-2026,Commercial,DE,2024.0,25000000.0,2970000,37,False
"Frenova Central Nephrology Research Clinic, LLC",15-APR-2026,Other Health Care,MA,2025.0,37877.0,37877,2,False
Homeland System PBC,15-APR-2026,Other,CA,2026.0,500000.0,500000,1,False
GIC American investment asset management Inc,15-APR-2026,Business Services,CO,2026.0,575000.0,575000,5,False
VELLIUS LTD.,15-APR-2026,Investing,NY,2026.0,110000000.0,10000000,10,False
Folio Photonics Inc.,15-APR-2026,Computers,OH,,8000055.0,5973832,14,False
"Kelly Mine Investment, LLC",15-APR-2026,Other,CA,2021.0,4000000.0,2619704,60,False
"Banner Estrella Surgery Center, LLC",15-APR-2026,Other Health Care,AZ,,490000.0,405000,9,False
VC Equity Fund 1 LLC,15-APR-2026,Residential,FL,2025.0,20000000.0,0,0,False
TYTL Corp,15-APR-2026,Other Technology,RI,2026.0,3750000.0,3599999,2,False
CIPHER III a Series of Opulentia Ventures X LLC,15-APR-2026,Investing,VA,2026.0,550000.0,550000,15,False
"B & N Mining Properties, LLC",15-APR-2026,Other,CA,2023.0,4000000.0,2964297,63,False
Cowboy Capital Asset Group LLC,15-APR-2026,Other,WY,2025.0,20000000.0,250000,1,False
EE Fund Managment LLC,15-APR-2026,Other Banking and Financial Services,CA,,,50000,1,False
"Shadow Lake Mason, LLC",15-APR-2026,Residential,OH,2025.0,10000000.0,10000000,62,False
"Maitland Medical Properties, L.P.",15-APR-2026,Commercial,OH,2026.0,9233000.0,0,0,False
Allinaire Therapeutics Inc.,14-APR-2026,Other,OH,,700000.0,700000,2,False
"Boom Software, Inc.",14-APR-2026,Other Technology,CA,2024.0,700000.0,250000,3,False
M ARTHUR GENSLER JR & ASSOCIATES INC,14-APR-2026,Other,CA,,0.0,0,141,False
Blue Chip Capital Group Inc.,14-APR-2026,Other Banking and Financial Services,NY,,,100000,1,False
"North Texas Renal Management VII, LLC",14-APR-2026,Other Health Care,TX,,2540700.0,94100,1,False
"Northpoint Real Estate Holdings, LLC",14-APR-2026,Commercial,FL,2025.0,1736000.0,1736000,11,False
Salem Broadway Development Ltd Liability Co,14-APR-2026,Other,NY,2025.0,1500000.0,0,0,False
"Guaranteed Title Company, LLC",14-APR-2026,Other,NJ,2025.0,120000.0,120000,6,False
Doyle Capital Holt LLC,14-APR-2026,Commercial,AR,2025.0,2451000.0,2451000,22,False
Walnut Springs LLC,14-APR-2026,Commercial,AR,2026.0,2175000.0,2175000,21,False
RL Investment Group LLC,14-APR-2026,Investing,FL,,7400000.0,7400000,79,False
"North Texas Renal Management V, LLC",14-APR-2026,Other Health Care,TX,,2562500.0,102500,1,False
"North Texas Renal Management VI, LLC",14-APR-2026,Other Health Care,TX,,1836000.0,76500,1,False
"North Texas Renal Management, LLC",14-APR-2026,Other Health Care,TX,,9813600.0,564000,2,False
"Acclinate, Inc.",14-APR-2026,Other,AL,,3500000.0,3500000,5,False
Progressive Components International Corp,14-APR-2026,Other,IL,,4500000.0,4500000,23,False
"Griffin Capital Development Partners Fund III, L.P.",14-APR-2026,Other Real Estate,CA,2025.0,100000000.0,10474271,44,False
"FiEE, Inc.",14-APR-2026,Other Technology,K3,,1999993.0,1999993,2,False
Enclave AI Inc.,14-APR-2026,Computers,DE,2026.0,6500000.0,5910000,20,False
GreenMark Biomedical Inc.,14-APR-2026,Biotechnology,MI,,5000000.0,0,0,False
"TCG Industrial Fund II, LP",14-APR-2026,Commercial,MA,2026.0,150000000.0,36345015,31,False
"Business First Bancshares, Inc.",14-APR-2026,Commercial Banking,LA,,85000000.0,85000000,45,False
"1072 Laskin, LLC",14-APR-2026,Commercial,VA,2026.0,1680000.0,1680000,7,False
"Bullseye Sequoia, LLC",14-APR-2026,Commercial,CO,2026.0,2000000.0,0,0,False
"FINSTER AI, INC.",14-APR-2026,Other Technology,NY,2023.0,34500000.0,26499992,1,False
Spring Rock Hunters Glen LLC,14-APR-2026,Other Real Estate,IL,2025.0,400000.0,0,0,False
Natrion Inc.,14-APR-2026,Other Energy,NY,,4591690.0,4591690,11,False
"Virtus Power Holdings, LLC",14-APR-2026,Other Energy,NY,2026.0,,150030006,2,True
"WPSL PRO, LLC",14-APR-2026,Other,OK,2023.0,4250000.0,4250000,5,False
"1031CF Real Estate Private Credit Fund, LLC",14-APR-2026,REITS and Finance,TX,2026.0,50000000.0,0,0,False
"3200 TYRONE PROPERTY OWNER, LLC",14-APR-2026,Commercial,FL,2026.0,2000000.0,2000000,10,False
AJF Growth LLC,14-APR-2026,Other,CA,2022.0,19331.0,19331,1,False
"HighGrove Holdings, LLC/MO",14-APR-2026,Other,MO,2025.0,2000000.0,2000000,1,False
"FixedPoint, Inc.",14-APR-2026,Other Technology,CA,2026.0,300000.0,50000,1,False
SURGERY CENTERS OF DES MOINES LTD,14-APR-2026,Other Health Care,IA,,371250.0,371250,6,False
Rio Silver Inc.,14-APR-2026,Other,A1,,21543.0,12567,1,False
Jones GY Joint Venture,14-APR-2026,Oil and Gas,TX,2026.0,1995000.0,28500,1,False
"Laowai Noodles LLC, a California liability Co",14-APR-2026,Restaurants,CA,2025.0,1400000.0,675000,14,False
Azarga Metals Corp.,14-APR-2026,Other,A1,,67746.0,38918,1,False
Kin Vet Denver LLC,14-APR-2026,Other Health Care,CO,2025.0,,1300000,4,False
Pillar Residential Holdings LLC,14-APR-2026,Other,NH,2026.0,2000000.0,0,0,False
"Arselle Real Estate Fund I, LP",14-APR-2026,Other Real Estate,CA,2026.0,100000000.0,0,0,False
Reformation Inc.,14-APR-2026,Other,NY,,3757865.0,3757865,11,False
"VitalCare Holdco, Inc.",14-APR-2026,Other Health Care,UT,2025.0,4249998.0,4049999,3,False
Reformation Inc.,14-APR-2026,Other,NY,,22240629.0,30000,1,False
T2 Strategic Real Estate Income Fund,14-APR-2026,REITS and Finance,IL,,,4990000,28,False
Blades Capital LLC,14-APR-2026,Other,KS,2026.0,50000000.0,0,0,False
COMMUNITY NATIONAL CORP /TN,14-APR-2026,Commercial Banking,TN,,11000000.0,11000000,13,False
Hacktron AI Inc.,14-APR-2026,Other Technology,U0,2025.0,2927102.0,2927102,12,False
Gaingels Firehawk 2026 LLC,14-APR-2026,Other,VT,2026.0,297564.0,297564,6,False
"Winslow Capital Management, LLC",14-APR-2026,Other Banking and Financial Services,MN,,,0,14,False
FF Tradehouse One Investor LLC,14-APR-2026,Commercial,MA,2025.0,19085500.0,19085500,117,False
"VWP 900 S Co-Investment, LLC",14-APR-2026,Other Real Estate,AZ,2026.0,2000000.0,1400000,0,False
"REFRAME HEALTH, INC.",14-APR-2026,Other,CA,2021.0,4714701.0,4306883,25,False
Shore Medical LLC,14-APR-2026,Commercial,IN,2025.0,3500000.0,2871683,4,False
"Sopris Energy Partners II, LP",14-APR-2026,Oil and Gas,TX,2026.0,,0,0,False
"Axena Health, Inc.",14-APR-2026,Other Health Care,MA,2023.0,,15046942,8,False
"VWP 175th Ave Investor, LLC",14-APR-2026,Other Real Estate,AZ,2026.0,14000000.0,0,0,False
FF Tradehouse One Investor LLC,14-APR-2026,Commercial,MA,2025.0,19085500.0,19085500,117,False
MEJDI LLC,14-APR-2026,Tourism and Travel Services,IL,,,300000,2,False
"VWP 900 S Co-Investment, LLC",14-APR-2026,Other Real Estate,AZ,2026.0,2000000.0,1400000,10,False
Texas Blocker Corp.,14-APR-2026,Investing,A6,2026.0,107371626.0,107371626,35,True
"Kinomatic, Inc.",14-APR-2026,Other Technology,CA,,5000000.0,4000000,2,False
USEDC Opportunity Zone IV LP,14-APR-2026,Oil and Gas,TX,2026.0,100000000.0,211640,0,False
"TS Investors, LLC",14-APR-2026,Insurance,PA,2021.0,80000.0,38800,17,False
NAMSOFT INC.,14-APR-2026,Other Technology,WA,2025.0,1700000.0,1500000,6,False
"AURA Network Systems, Inc.",14-APR-2026,Telecommunications,VA,,3893000.0,3893000,5,False
LaFleur Minerals Inc..,14-APR-2026,Other,A1,,1634175.0,653670,2,False
U.S. Energy Private Capital III LP,14-APR-2026,Oil and Gas,TX,2023.0,100000000.0,75000,0,False
"Liberty Storage Fund III, LLC",14-APR-2026,Commercial,FL,2025.0,100000000.0,0,43,False
HPI Farmhouse DST,14-APR-2026,Other Real Estate,CT,2025.0,28848598.0,15945624,47,False
"JLLX Diversified 10, DST",14-APR-2026,Other Real Estate,IL,2025.0,268270270.0,255437566,229,True
AERO ENERGY Ltd,14-APR-2026,Other,A1,,47348.0,47348,2,False
"JLLX Glendale Distribution Center, DST",14-APR-2026,Other Real Estate,IL,2025.0,99835796.0,94711418,57,False
U.S. Energy Private Capital III LP,14-APR-2026,Oil and Gas,TX,2023.0,100000000.0,200000,0,False
"Chad & Barney's HPF, Inc.",14-APR-2026,Other,WA,2023.0,6000000.0,1699000,11,False
Levelup Intelligence Inc.,14-APR-2026,Other Banking and Financial Services,UT,2024.0,,225000,5,False
"Freestyle World, Inc.",14-APR-2026,Retailing,CA,,17864500.0,17364500,47,False
CAA FILMS LLC,14-APR-2026,Other,WA,2025.0,,2795000,13,False
"Dataware, Inc.",14-APR-2026,Other Technology,DE,2025.0,4999997.0,4999997,3,False
Embedded Technology Co,14-APR-2026,Other Technology,MA,2025.0,8736152.0,7961152,10,False
"Hilltop Athens Holdings, LLC",14-APR-2026,Residential,FL,2025.0,5800000.0,3955000,27,False
"Equipifi, Inc.",14-APR-2026,Other Technology,AZ,2021.0,44452293.0,30952286,21,False
Hermeus Corp,14-APR-2026,Other,GA,,200589992.0,200589992,70,True
Gaingels Capchase LLC,14-APR-2026,Other,VT,2021.0,479967.0,479967,42,False
"Sygaldry Technologies, Inc.",14-APR-2026,Other Technology,MI,2024.0,139034650.0,139034650,165,True
"RoleBotz, Inc.",14-APR-2026,Other Technology,DE,2025.0,500000.0,144222,13,False
SRRT 5902 Industrial DST,14-APR-2026,Other Real Estate,MN,2025.0,15292000.0,2068231,1,False
"RELAI, Inc.",14-APR-2026,Other,MD,2024.0,6559000.0,4559000,4,False
"Brooklyn Dumpling Parent Holdings, Inc.",14-APR-2026,Other,NJ,2023.0,187500.0,187500,4,False
"CLT IC V, LLC",14-APR-2026,Investing,NC,2026.0,1525000.0,1525000,8,False
W Silverbell LLC,14-APR-2026,Commercial,MI,2023.0,8473684.0,8473684,85,False
"State Space Labs, Inc.",14-APR-2026,Other Technology,NY,,17156948.0,17156948,35,False
Gaingels Zingroll LLC,14-APR-2026,Other,VT,2026.0,55244.0,55244,8,False
Gaingels Standard Bots LLC,14-APR-2026,Other,VT,2026.0,1166025.0,1166025,24,False
Gaingels Impossible Metals LLC,14-APR-2026,Other,VT,2026.0,93066.0,93066,10,False
Zydro Marine Technologies Inc,14-APR-2026,Other,MA,2025.0,1999999.0,1999999,4,False
SAFFRON TECHNOLOGIES PTE LTD,14-APR-2026,Other Banking and Financial Services,U0,,2153600.0,2153600,2,False
"Applied Atomics, Inc",14-APR-2026,Other Technology,AK,2025.0,8305000.0,8304993,6,False
"1900 Onion Creek, LLC",14-APR-2026,Other Real Estate,MN,2026.0,14000000.0,11350000,70,False
Summus Ltd Liability Co,14-APR-2026,Other,MN,2025.0,50000.0,50000,1,False
PREROCK LLC,14-APR-2026,Commercial,CA,2026.0,4000000.0,4000000,15,False
Parrot.MD Inc.,14-APR-2026,Other Technology,MN,,3000000.0,10000,1,False
FortisX Ltd,14-APR-2026,Investing,TX,2025.0,950000000.0,0,0,False
"White Cliffs Heber, LLC",14-APR-2026,Other Real Estate,AZ,2026.0,3750000.0,2400000,19,False
Great Pacific Gold Corp.,14-APR-2026,Other,A1,,8419809.0,4825988,7,False
"Background Investigation Bureau, LLC",14-APR-2026,Other,NC,,1300000.0,1300000,1,False
MedikaMind Inc.,14-APR-2026,Other Technology,IL,2025.0,4000000.0,0,0,False
Watershed Medical Inc.,14-APR-2026,Biotechnology,WA,2025.0,10000000.0,300000,3,False
Park Saxa SPV I LLC,14-APR-2026,Other,CT,2026.0,,1960000,37,False
Positron Charging Inc.,14-APR-2026,Other Technology,WA,2024.0,1000000.0,750000,5,False
Athena Group LLC,13-APR-2026,Other,CO,2025.0,9925000.0,9925000,30,False
Triple Espresso Corp,13-APR-2026,Retailing,CA,2025.0,,120000,1,False
AIREX Portfolio 11 DST,13-APR-2026,Other Real Estate,CO,2026.0,459338843.0,0,0,False
NAUGHTY PLAYWRIGHT Ltd LIABILITY Co,13-APR-2026,Other,NY,2022.0,1100000.0,575000,11,False
"Starwood Multifamily Portfolio Exchange I, D.S.T.",13-APR-2026,Other Real Estate,FL,2023.0,124086520.0,62247218,104,False
"Ranger RFX, Inc.",13-APR-2026,Other Technology,NY,2024.0,6000000.0,6000000,4,False
HOME CARE PLACEMENT LLC,13-APR-2026,Other Health Care,CA,2021.0,400000.0,295009,10,False
Novadore USA Inc,13-APR-2026,Retailing,FL,2022.0,,120000,1,False
HSA Ventures II LLC,13-APR-2026,Other,MA,2026.0,7300000.0,7300000,20,False
WYTEC INTERNATIONAL INC,13-APR-2026,Telecommunications,TX,,2000000.0,25000,1,False
"Hometown Coffee & Juice, Inc.",13-APR-2026,Restaurants,IL,2026.0,11000194.0,11000194,15,False
"Valius Health, Inc.",13-APR-2026,Biotechnology,CA,2025.0,10150000.0,9650002,6,False
"CLEANSL8, INC",13-APR-2026,Other Technology,PA,2025.0,250000.0,40000,3,False
Blende Silver Corp,13-APR-2026,Other,A1,,30390.0,18070,0,False
Lehrman Reisterstown Investors LLC,13-APR-2026,Commercial,CA,2025.0,10000000.0,9250000,33,False
"CCP Private Holdings 2026, LLC",13-APR-2026,Other,IL,2025.0,75000000.0,38925000,140,False
50 Greenleaf LLC,13-APR-2026,Other Real Estate,NY,2025.0,12230000.0,12230000,57,False
Sunset Boulevard Investors LLC,13-APR-2026,Other Real Estate,NC,2026.0,135000.0,135000,1,False
"1587 Investments, LLC",13-APR-2026,Residential,TX,2026.0,2000000.0,150000,1,False
Aetheric Technology Corp.,13-APR-2026,Other Technology,NC,2026.0,5000000.0,50000,1,False
"AX Essential Retail Portfolio, DST",13-APR-2026,Other Real Estate,NY,2025.0,91520000.0,48460229,52,False
"Mattur Holdings, Inc.",13-APR-2026,Other Energy,AZ,2022.0,16340730.0,14846304,53,False
"JSIP Harbor Village Investors II, LLC",13-APR-2026,Residential,MA,2025.0,10500000.0,10500000,1,False
ABACUS MINING & EXPLORATION CORP,13-APR-2026,Other,A1,,542598.0,155028,5,False
"JSIP Harbor Village Investors, LLC",13-APR-2026,Residential,MA,2025.0,7720000.0,7720000,5,False
Calm & Sense Technologies Inc.,13-APR-2026,Other,FL,2025.0,2000000.0,50000,1,False
Claim To Fame Racing Fund I LLC,13-APR-2026,Other,WA,2025.0,100000.0,100000,32,False
Capital Defense Technologies LLC,13-APR-2026,Other Technology,VA,2025.0,,2765000,8,False
"EM Alpine, LLC",13-APR-2026,Other Real Estate,NY,2022.0,,333285258,2416,True
"GroundVue, PBC",13-APR-2026,Other Technology,DC,2026.0,,0,0,False
Brontide Corp,13-APR-2026,Agriculture,DE,2022.0,10000000.0,2297258,3,False
"LaserMotive, Inc.",13-APR-2026,Other,WA,,8750000.0,4993242,36,False
DELILAH NEW YORK LLC,13-APR-2026,Restaurants,CA,2024.0,20000000.0,7500000,1,False
"Relly Rell Studios, Inc.",13-APR-2026,Other,MD,2021.0,10000000.0,100000,1,False
"CRE HWY30 Property Owner, LLC",13-APR-2026,Commercial,TX,2026.0,7700000.0,7700000,43,False
GG Real Estate Income Fund II LLLP,13-APR-2026,Other Real Estate,MD,2026.0,120000000.0,56660000,67,False
331 2nd Ave Finance LLC,13-APR-2026,Other Real Estate,IL,2026.0,6000000.0,5907500,11,False
"Rakuten Medical, Inc.",13-APR-2026,Biotechnology,CA,,116672752.0,111522289,26,True
"Sosia Systems, Inc",13-APR-2026,Other Technology,MA,2026.0,,50000,1,False
Project Edison 55 at Woodforest LLC,13-APR-2026,Residential,TX,2025.0,12200000.0,10418000,78,False
NAUGHTY PLAYWRIGHT Ltd LIABILITY Co,13-APR-2026,Other,NY,2022.0,1100000.0,1100000,6,False
Feather Robotics Inc.,13-APR-2026,Other Technology,CA,2025.0,6015385.0,6015385,15,False
"Hive Science, LLC",13-APR-2026,Other,MN,2023.0,2500000.0,1900000,11,False
"Canal Biosciences, Inc.",13-APR-2026,Biotechnology,MA,2024.0,3249996.0,2334997,18,False
"Capstone Green Energy Holdings, Inc.",13-APR-2026,Other Energy,CA,,112500000.0,112500000,15,True
"HANOVER RIGS COMPANY, LLC",13-APR-2026,Oil and Gas,OK,2025.0,1400000.0,1399956,8,False
"Terraform Industries, Inc.",13-APR-2026,Other Energy,CA,2021.0,37747426.0,37747426,66,False
"Cloud Storage Security, Inc.",13-APR-2026,Other Technology,UT,,849998.0,849998,4,False
Vantage Equity LLC,13-APR-2026,Residential,MA,2026.0,21740000.0,0,0,False
Faberlens Inc.,13-APR-2026,Computers,CA,2026.0,750000.0,0,0,False
"Patmos Account Pref, LLC.",13-APR-2026,Other,TX,2026.0,450000.0,450000,2,False
"HomeHero AI, Inc.",13-APR-2026,Other Real Estate,VA,2026.0,,10000,1,False
NHIT: Core Plus Fixed Income Trust,13-APR-2026,Investing,MA,,,4045112052,79,True
Breath Works LLC,13-APR-2026,Other,WY,2025.0,2000000.0,0,0,False
Loblolly Midstream Holdings LLC,13-APR-2026,Oil and Gas,TX,2026.0,35000000.0,35000000,13,False
REVO Oncology Diagnostics Inc.,13-APR-2026,Other Health Care,TX,2025.0,1200000.0,270000,7,False
"Background Investigation Bureau, LLC",13-APR-2026,Business Services,NC,2026.0,1300000.0,1300000,1,False
Tampa Bay Banking Co,13-APR-2026,Commercial Banking,FL,,,50174641,227,False
INFINITE ALIVE Ltd LIABILITY Co,13-APR-2026,Other,NY,2026.0,1500000.0,0,0,False
"NeuroReform Holdings, LLC",13-APR-2026,Other Health Care,DE,2026.0,2000000.0,150000,1,False
"Pie Management Holdco, LLC",13-APR-2026,Other,NY,2021.0,,64494289,49,False
"Two Step Taqueria Austin-GLK South, LLC",13-APR-2026,Restaurants,TX,2025.0,750000.0,250000,1,False
Keystone Rising Capital Desert Whisper LLC,13-APR-2026,Commercial,WY,2026.0,1000000.0,0,0,False
Two Step Taqueria Austin-UT LLC,13-APR-2026,Restaurants,TX,2024.0,750000.0,350000,1,False
"Landoption, Inc.",13-APR-2026,Other,NE,2025.0,1500000.0,580000,7,False
"Learnvelo, Inc.",13-APR-2026,Other Technology,MD,2026.0,130000.0,130000,4,False
Cirqa Inc.,13-APR-2026,Other Technology,MI,2025.0,4000000.0,75000,1,False
LSCRE PCS Holdings LLC,13-APR-2026,Commercial,NY,2025.0,23000000.0,21134550,0,False
"Harvell35, LLC",13-APR-2026,Residential,GA,2026.0,1750000.0,140000,3,False
Brighter Signals B.V.,13-APR-2026,Other,P7,2025.0,461520.0,461520,2,False
Union Credit Inc.,13-APR-2026,Other,CA,2022.0,5000000.0,550000,2,False
"Hatteras CREATE SF SPV, LLC",13-APR-2026,Investing,NC,2026.0,3000000.0,736987,2,False
"High Street Holdco, LLC",13-APR-2026,Insurance,MI,,,8115000,1,False
Balfour Beatty plc,13-APR-2026,Construction,X0,,1493257.0,1493257,19,False
"Symbolic.ai, Inc.",13-APR-2026,Other Technology,CA,2023.0,11855001.0,11855001,7,False
EFAKSR LTH LLC,13-APR-2026,Other,MA,2026.0,,18050000,4,False
West Columbia Investors LLC,13-APR-2026,Residential,NC,2026.0,1054000.0,1054000,13,False
"TCN Energy Fund I, GP",13-APR-2026,Oil and Gas,MO,2026.0,10000000.0,0,0,False
Noito Choice Innovations LLC,13-APR-2026,Other Technology,FL,2025.0,15000.0,1500,1,False
Bravo Mining Corp.,13-APR-2026,Other,D5,2022.0,20500000.0,20500000,1,False
JRKVMT LTH LLC,13-APR-2026,Other,MA,2026.0,,11000000,4,False
Flourishing Fund Properties I LLC,13-APR-2026,Commercial,TX,2021.0,10000000.0,1075000,10,False
Roya Austin LLC,13-APR-2026,Restaurants,TX,2025.0,350000.0,350000,1,False
Capturely Inc.,13-APR-2026,Other Technology,IN,,1000000.0,175000,2,False
Anz Global ltd,13-APR-2026,Other Banking and Financial Services,CO,,,100000000,10000,True
Bramblewood Holdings LLC,13-APR-2026,Commercial,VA,2026.0,11000000.0,11000000,2,False
Iclaw Node Ltd,13-APR-2026,Other Banking and Financial Services,CO,,,100000000,10000,True
"KnowSilo, Inc.",13-APR-2026,Computers,MD,2025.0,2000000.0,615000,1,False
Tejo Capital Inc,13-APR-2026,Investing,CO,2026.0,100000000.0,0,0,False
"NodeShare, LLC",13-APR-2026,Other,WY,2026.0,23810000.0,23810000,1,False
"Turner Home Team, Inc.",13-APR-2026,Other Real Estate,NC,2022.0,1000000.0,620000,7,False
"QumulusAI, Inc.",13-APR-2026,Other,GA,2022.0,14550000.0,14550000,1,False
EVII Mission Hills Inc.,13-APR-2026,Electric Utilities,CA,2024.0,8000000.0,37920,4,False
Pi Squared Inc. / DE,13-APR-2026,Other Technology,IL,2023.0,3875000.0,3875000,18,False
"FLC LOUISVILLE 2026 PORTFOLIO INVESTOR, LLC",13-APR-2026,Residential,IL,2026.0,4100000.0,4100000,24,False
"575 Fifth Direct Blocker, LLC",13-APR-2026,Commercial,NY,2025.0,,0,0,False
Pi Squared Inc. / DE,13-APR-2026,Other Technology,IL,2023.0,12540000.0,12540000,20,False
KIRKLAND ROSE HILL FUND LP,13-APR-2026,Residential,WA,2025.0,1600000.0,1600000,2,False
"Finlayson Bancshares, Inc.",13-APR-2026,Commercial Banking,MN,,20000000.0,20000000,22,False
TGPF LLC,13-APR-2026,Other,WY,2026.0,100000.0,0,0,False
"STANDARD EULER, INC.",13-APR-2026,Other,NJ,,6000000.0,5700000,4,False
Summus Holdings LLC,13-APR-2026,Other Health Care,TX,2023.0,10000000.0,250000,1,False
Loop Shuttle Inc.,13-APR-2026,Other Technology,MA,2025.0,1200000.0,124997,2,False
Green Grid Inc.,13-APR-2026,Other Technology,CA,,15000000.0,200000,3,False
"Sistine Chapel Exhibit, LLC",13-APR-2026,Other,TX,2025.0,500000.0,50000,1,False
Wardenclyffe Tower Ltd Liability Co,10-APR-2026,Other,NY,2024.0,6000000.0,0,0,False
Supernova Industries Corp.,10-APR-2026,Other Technology,TX,2023.0,2108766.0,1124675,5,False
Timberview Capital-Aspen LLC,10-APR-2026,Other Real Estate,IA,2026.0,1000000.0,0,0,False
Seeds of Energy I LP,10-APR-2026,Other Energy,DE,2025.0,100000000.0,0,0,False
MOSIR INVESTMENTS REIT LLC,10-APR-2026,Other Real Estate,FL,2026.0,150000000.0,0,0,False
"Mars Health, Inc.",10-APR-2026,Retailing,TX,2023.0,27500000.0,27500000,1,False
Greystar Equity Partners Europe Fund II SCSp,10-APR-2026,Other Banking and Financial Services,N4,2023.0,,2484897794,19,True
San Francisco Sports & Entertainment (CA) LLC,10-APR-2026,Other,CA,2025.0,11630000.0,11630000,22,False
TEXLARK EXPLORATION CO INC,10-APR-2026,Oil and Gas,TX,,864000.0,212000,0,False
Blue Owl Real Estate Exchange V DST,10-APR-2026,Other Real Estate,IL,2025.0,269491892.0,105576830,89,True
MACE & SHIELD INVEST LP,10-APR-2026,Other Real Estate,FL,2025.0,250000000.0,0,0,False
Stain Corp,10-APR-2026,Manufacturing,CA,2024.0,12000000.0,500000,1,False
"TAS Medical, Inc.",10-APR-2026,Other Technology,FL,,6511056.0,3888800,17,False
ACCAF LTH LLC,10-APR-2026,Other,MA,2026.0,,6000000,3,False
"GRAZEMATE, INC.",10-APR-2026,Other Technology,C3,2025.0,156500.0,156500,3,False
G7K Fund I LP,10-APR-2026,Other Real Estate,GA,2025.0,100000.0,0,0,False
"Nascent Pharma Holdings, Inc.",10-APR-2026,Other,NY,2024.0,3000000.0,75000,2,False
"INDEPENDENCE REALTY TRUST, INC.",10-APR-2026,REITS and Finance,PA,,8550245.0,7705655,37,False
New Club Investment. LLC,10-APR-2026,Other,OH,2023.0,1470000.0,1174000,13,False
MKT Venture LP,10-APR-2026,Commercial,TX,2026.0,47000000.0,47000000,52,False
Gaingels Tasklet LLC,10-APR-2026,Other,VT,2026.0,172450.0,172450,15,False
"INDEPENDENCE REALTY TRUST, INC.",10-APR-2026,REITS and Finance,PA,,1654393.0,0,0,False
"INDEPENDENCE REALTY TRUST, INC.",10-APR-2026,REITS and Finance,PA,,1779067.0,77762,1,False
"INDEPENDENCE REALTY TRUST, INC.",10-APR-2026,REITS and Finance,PA,,1985564.0,1203011,1,False
Blue Spark Energy Systems Inc.,10-APR-2026,Other Energy,X0,2024.0,6406665.0,6406665,12,False
"Wyebot, Inc.",10-APR-2026,Other Technology,MA,,5500000.0,4812229,18,False
ESGold Corp.,10-APR-2026,Other,A1,,4062432.0,125305,1,False
Gaingels Pumpkinseed LLC,10-APR-2026,Other,VT,2026.0,57675.0,57675,10,False
Davy Gas Inc.,10-APR-2026,Manufacturing,OH,2021.0,7500000.0,964501,18,False
Bitcoin Culture Hub Inc.,10-APR-2026,Other,IL,2025.0,125000.0,125000,4,False
"BURCH INDUSTRIES, INC.",10-APR-2026,Agriculture,DE,2025.0,1000000.0,666000,32,False
"5300 Memorial Holdings, LLC",10-APR-2026,Commercial,TX,2026.0,10500000.0,8470000,51,False
Gaingels Ossium LLC,10-APR-2026,Other,VT,,15075.0,15075,6,False
"LIFE'S THOUGHTS, INC.",10-APR-2026,Other,WA,2021.0,600000.0,0,0,False
Gaingels Telo Trucks LLC,10-APR-2026,Other,VT,2025.0,291127.0,291127,12,False
"Asymmetria Investors III, LLC - Nuasin Charter School (PS)",10-APR-2026,Investing,IA,2026.0,5000000.0,0,0,False
Gaingels Nibbles LLC,10-APR-2026,Other,VT,2026.0,238148.0,238148,15,False
New Media Capital 2.0 Inc.,10-APR-2026,Other,A0,,18363.0,7345,1,False
"Nimble Technologies, Inc.",10-APR-2026,Other Technology,AL,2024.0,1999998.0,1999998,12,False
Ace Padel Denver LLC,10-APR-2026,Retailing,FL,2025.0,3000000.0,550000,7,False
"Annison Investments Fund I, LLC",10-APR-2026,Other,PA,2026.0,980000.0,980000,15,False
Be Belong Group Corp.,10-APR-2026,Other Technology,FL,2025.0,10000000.0,0,0,False
"Kora Power, Inc.",10-APR-2026,Other Technology,CA,2024.0,7596200.0,5346199,16,False
Unison Risk Advisors Inc.,10-APR-2026,Insurance,OH,,650000.0,650000,1,False
"TCIF TX 2 Pack, LLC",10-APR-2026,Commercial,OK,2026.0,2577000.0,2577000,14,False
"LIFT-TECH, INC.",10-APR-2026,Manufacturing,PA,,1081000.0,0,0,False
"Oralucent, Inc.",10-APR-2026,Other Technology,NJ,,1250000.0,520000,5,False
"1791 Capital Partners Evergreen Fund, LP",10-APR-2026,Other,NY,2024.0,,4600000,5,False
"Arrowhealth Bridge, Inc.",10-APR-2026,Other,UT,2024.0,500000.0,500000,1,False
"1791 Capital Partners, LP",10-APR-2026,Other,NY,2024.0,,700000,2,False
Everhome Living Income Partners LLC,10-APR-2026,Other Banking and Financial Services,DE,2025.0,25000000.0,0,0,False
"Madison Reno Hotel QOF, LLC",10-APR-2026,Commercial,NC,2026.0,36177778.0,0,0,False
"SWNC IV Investors, LLC",10-APR-2026,Commercial,AL,2025.0,,6500000,36,False
"Protocol Nine, Inc.",10-APR-2026,Other Technology,CA,2025.0,9999987.0,8799989,9,False
Gaingels Aston 2026 LLC,10-APR-2026,Other,VT,2026.0,274585.0,274585,16,False
Aura Longevity Inc.,10-APR-2026,Retailing,DE,2026.0,250000.0,100000,9,False
Nation Gold Corp.,10-APR-2026,Other,A1,,23115.0,23115,1,False
Net Alliance Fund One LLC,10-APR-2026,Commercial,MI,2026.0,40000000.0,200000,2,False
Flex Space Direct Fund Inc,10-APR-2026,Other Banking and Financial Services,WY,2025.0,30000000.0,0,0,False
Psyched Wellness Ltd.,10-APR-2026,Other,A6,,837460.0,626022,2,False
BenWick Inc.,10-APR-2026,Other Technology,NY,2021.0,37558996.0,21558997,20,False
"Comply Group, Inc.",10-APR-2026,Other,CA,2025.0,3437429.0,3161964,7,False
"Buxton Helmsley, Inc.",10-APR-2026,Business Services,NY,2025.0,,1655000,6,False
Psyched Wellness Ltd.,10-APR-2026,Other,A6,,448427.0,448427,1,False
"Pigeon Cove Ferments, Ltd",10-APR-2026,Other,MA,,1355242.0,1094634,12,False
Inso Biosciences Inc.,10-APR-2026,Biotechnology,NY,,3000000.0,750000,9,False
LARA EXPLORATION LTD,10-APR-2026,Other,A1,,4384500.0,4384500,2,False
"CedarRoot, LLC",10-APR-2026,Other Real Estate,CO,2025.0,,6035000,17,False
"Spark GHC Income Generation Fund, LLC",10-APR-2026,Other,OH,2026.0,25000000.0,325000,5,False
Gaingels Retro Bio LLC,10-APR-2026,Other,VT,2026.0,840061.0,840061,27,False
Reiturn Offering LLC,10-APR-2026,Other Real Estate,PA,2025.0,20000000.0,250000,1,False
Arizona Land Reserve LLC,10-APR-2026,Other Real Estate,NV,2025.0,20000000.0,6840000,12,False
"Blue Stripes, Inc.",10-APR-2026,Other,NJ,,15000000.0,7349998,4,False
"First State Associates, Inc.",10-APR-2026,Commercial Banking,IA,,1163000.0,320200,2,False
Abstract Level Inc,10-APR-2026,Other Technology,WI,2023.0,203000.0,203000,3,False
LINTEL SECURITIES Ltd,10-APR-2026,Other Banking and Financial Services,K3,,,100000000,10000,True
Southeast Pass 3-D Joint Venture,10-APR-2026,Oil and Gas,TX,2026.0,3888000.0,3888000,17,False
Peninsula Capital Corp.,10-APR-2026,Other,A6,,219025.0,219025,4,False
"EnviroSpark Holdings, Inc.",10-APR-2026,Other,GA,2021.0,11500000.0,3013128,2,False
Yash Capital LLC,10-APR-2026,Other Real Estate,GA,2025.0,20000000.0,2400000,3,False
"Pumpcade, Inc.",10-APR-2026,Other Technology,DE,2025.0,1250000.0,1000000,3,False
NFluxion Inc,10-APR-2026,Other Energy,FL,2026.0,150000000.0,100000,1,False
TokenAI Technologies LLC,10-APR-2026,Investing,CO,,80000000.0,0,0,False
"HINES GLOBAL INCOME TRUST, INC.",10-APR-2026,REITS and Finance,TX,,,11887400,1,False
"Collaborative Fund I - Charlotte Square Income, LP",10-APR-2026,Commercial,FL,2026.0,4000000.0,0,0,False
Bergen Burgers Hospitality LLC,10-APR-2026,Restaurants,NY,2025.0,1000000.0,450000,7,False
"LEAP Charities, Inc.",10-APR-2026,Residential,ID,,10000000.0,4344000,13,False
Thompson Builders Fund I Limited Partnership,10-APR-2026,Other,WY,2026.0,250000000.0,0,0,False
Kenny AI LLC,10-APR-2026,Other Technology,WY,2026.0,70000000.0,0,0,False
Sirios Resources Inc.,10-APR-2026,Other,A8,,13992494.0,1872903,3,False
DOMINIONXIOM INC,10-APR-2026,Investing,NJ,2026.0,100000000.0,0,0,False
NODEBITXIS INC,10-APR-2026,Investing,NJ,2026.0,100000000.0,0,0,False
Aligna Tech Corp.,10-APR-2026,Other Technology,A6,2026.0,717400.0,209746,5,False
Fleet Response Ultimate Parent LLC,10-APR-2026,Other,TX,2026.0,10000000.0,10000000,6,False
"PentaHealth, LLC",10-APR-2026,Hospitals and Physicians,PA,,,0,1,False
"Range Revolution, Inc.",10-APR-2026,Manufacturing,OR,2023.0,1700000.0,675000,13,False
TEHAMA OLIVE PARTNERS LLC,10-APR-2026,Agriculture,CA,2021.0,1090400.0,0,4,False
"Kora Power, Inc.",10-APR-2026,Other Technology,CA,2024.0,6800895.0,4550894,16,False
"Humphreys Fund V, LP",10-APR-2026,Commercial,OK,2024.0,200000000.0,107000000,11,True
"Riverwalk Lenders, LLC",10-APR-2026,REITS and Finance,WA,2026.0,3800000.0,1300000,6,False
Artie Technologies Inc.,10-APR-2026,Other Technology,CA,2023.0,15550961.0,15050968,50,False
"NLI Louisville Storage, LLC",10-APR-2026,Commercial,UT,2025.0,3227083.0,3227083,50,False
"Tandigm Physician Services, LLC",10-APR-2026,Other Health Care,PA,,219491.0,219491,1,False
"Elkhorn Surgery Center, LLC",10-APR-2026,Other Health Care,NE,2026.0,3500000.0,0,0,False
LEDGETHXIS INC,10-APR-2026,Investing,NJ,2026.0,100000000.0,0,0,False
"Space Zero, Inc.",10-APR-2026,Other Technology,DE,2025.0,,10000,1,False
Limbik Inc,10-APR-2026,Other Technology,NY,,5000000.0,1025000,11,False
"Clinical & Herbal Innovations, Inc.",09-APR-2026,Other Health Care,VA,,494000.0,494000,27,False
"Kalinda, Inc.",09-APR-2026,Other Technology,WA,2025.0,1000000.0,692000,9,False
Upside Auctions Opportunity Fund LLC,09-APR-2026,Other Real Estate,TX,2026.0,10000000.0,0,0,False
AlphaBitCore Inc.,09-APR-2026,Other Technology,IL,2022.0,2500000.0,2499999,2,False
Venus Concept Inc.,09-APR-2026,Other Health Care,A6,,1500000.0,1500000,2,False
"Marrow Access Technologies, Inc.",09-APR-2026,Other Health Care,MN,,300000.0,100000,1,False
"InStock Enterprises, Inc.",09-APR-2026,Other Health Care,NY,2025.0,,0,4,False
Homegrown Growth LLC - Series Sugarcoat Beauty 2,09-APR-2026,Other,GA,2024.0,654483.0,654483,9,False
"Lilac Agriculture, Inc.",09-APR-2026,Agriculture,ND,2024.0,2000000.0,1679464,10,False
Homegrown Growth LLC - Series Succulent Hospitality 2,09-APR-2026,Other,GA,2025.0,212766.0,212766,4,False
"LeasePAL, Inc.",09-APR-2026,Insurance,FL,,140000000.0,0,0,False
"HBT Financial, Inc.",09-APR-2026,Commercial Banking,IL,,85000000.0,85000000,43,False
Homegrown Growth LLC - Series Mobay Spice 1,09-APR-2026,Other,GA,2025.0,106383.0,106383,6,False
"Bisque, Inc.",09-APR-2026,Other Technology,DE,2025.0,750000.0,323000,3,False
Homegrown Growth LLC - Series LeBlanc & Smith 1,09-APR-2026,Other,GA,2025.0,265957.0,265957,9,False
Tetra Digital Group Inc.,09-APR-2026,Other Banking and Financial Services,A0,2025.0,,8585696,28,False
Reformation Inc.,09-APR-2026,Other,NY,,1253271.0,0,11,False
"4rivrs, Inc.",09-APR-2026,Other Technology,NC,2023.0,1500000.0,200000,1,False
Lumint Corp,09-APR-2026,Other Banking and Financial Services,MA,,1000000.0,500000,7,False
Homegrown Growth LLC - Series Jinya Ramen Bar 4,09-APR-2026,Other,GA,2025.0,531914.0,531914,7,False
Track C Inc,09-APR-2026,Business Services,NY,2023.0,750000.0,320000,8,False
"TEMPUS RIC, LLC",09-APR-2026,Commercial,AR,2026.0,12000000.0,1345000,14,False
RIZE FEDERAL CREDIT UNION,09-APR-2026,Commercial Banking,CA,,8500000.0,8500000,3,False
Verily Health Inc.,09-APR-2026,Other Technology,TX,,300000000.0,300000000,8,True
Remco Holdings LLC,09-APR-2026,Other,AR,,15506292.0,6110959,9,False
Homegrown Growth LLC - Series Jinya Ramen Bar 2,09-APR-2026,Other,GA,2024.0,532000.0,532000,4,False
INSCO Corp,09-APR-2026,Manufacturing,MA,,1290000.0,1290000,10,False
"bioProtonics, Inc.",09-APR-2026,Other,CA,,2500000.0,1015000,6,False
"PyroNexus, LLC",09-APR-2026,Other Energy,TX,2025.0,7000000.0,1325000,7,False
"KB Fairfield, DST",09-APR-2026,Commercial,NV,2026.0,50560000.0,38853419,18,False
CYLINCO SECURITIES LTD.,09-APR-2026,Other Banking and Financial Services,NY,2025.0,,0,0,False
Homegrown Growth LLC - Series El Tesoro 1,09-APR-2026,Other,GA,2025.0,360824.0,206186,7,False
Skoka Inc.,09-APR-2026,Other,TX,2024.0,14000000.0,0,0,False
Blackburne & Sons Realty Capital Corp,09-APR-2026,Commercial,CA,,252000.0,252000,13,False
Kizaki Corp,09-APR-2026,Computers,CA,2026.0,250000.0,250000,2,False
"Hillpointe Opportunity Zone Fund II, LP",09-APR-2026,Residential,FL,2026.0,100000000.0,14400000,5,False
Imagos Income Fund 1 LLC,09-APR-2026,REITS and Finance,CA,2026.0,149000000.0,0,0,False
"LUMIA HEALTH, INC.",09-APR-2026,Other Health Care,MA,,16999989.0,16999989,41,False
"Rialto Capital Group Holdings, Inc.",09-APR-2026,Commercial,FL,,,824795,11,False
"SALT'D Hospitality Group, Inc.",09-APR-2026,Manufacturing,FL,2026.0,200000.0,25000,1,False
AION Value ADD III LP,09-APR-2026,Other Real Estate,NY,2022.0,,512999,1,False
"Spike Kohlbecker Racing, LLC",09-APR-2026,Other,MO,,2500000.0,362500,7,False
"Virchow Medical, Inc.",09-APR-2026,Other Health Care,CA,2023.0,4120829.0,4120829,27,False
"Pink Bakery, Inc.",09-APR-2026,Retailing,WI,,392000.0,150000,1,False
Contamination Source Identification Inc.,09-APR-2026,Biotechnology,PA,,2500000.0,2095000,16,False
EnteroBiotix LTD,09-APR-2026,Biotechnology,X0,,,5341593,6,False
AION Value ADD III Institutional Feeder LP,09-APR-2026,Other Real Estate,NY,2022.0,,12999973,9,False
"Invesco Commercial Real Estate Finance Trust, Inc.",09-APR-2026,REITS and Finance,TX,2022.0,,922587811,6093,True
"RH Preferred Co-Investor, LLC",09-APR-2026,Other Real Estate,NY,2025.0,3000000.0,1550000,7,False
"Talon Precision Industries, LLC",09-APR-2026,Manufacturing,MA,2026.0,7000000.0,7000000,9,False
AION Value ADD III HNW Feeder LP,09-APR-2026,Other Real Estate,NY,2022.0,,8020000,35,False
"Granite Peak Holdings, LLC",09-APR-2026,Other,CO,2025.0,5000000.0,4545000,12,False
"Monarca Real Estate Fund I, LLC",09-APR-2026,Residential,TX,2026.0,50000000.0,0,0,False
"Trovio, Inc.",09-APR-2026,Other Technology,KY,2024.0,750000.0,9999,1,False
"Blue Sky Miners, Inc.",09-APR-2026,Retailing,MN,2021.0,2000000.0,1675000,1,False
"Cocoa Asante, Inc.",09-APR-2026,Retailing,TN,2026.0,1500000.0,950000,13,False
"Valorem Blue Collar Business Fund IV, LP",09-APR-2026,Other,TX,2026.0,250000000.0,0,0,False
Heron DST Holdings,09-APR-2026,Residential,IL,2025.0,12625000.0,125000,1,False
"CEDARst Development Fund II, LLC",09-APR-2026,Residential,IL,2026.0,100000000.0,0,0,False
WhiteHaven Angie's LLC,09-APR-2026,Other Real Estate,AZ,2026.0,4000000.0,3550000,26,False
1384342 B.C. Ltd.,09-APR-2026,Other,A1,2022.0,10810.0,10810,1,False
"Lumen Energy, Inc.",09-APR-2026,Other,CA,,2000000.0,700000,4,False
TradeFunded LLC,09-APR-2026,Other Technology,DE,2026.0,250000.0,250000,8,False
"CBRE UIV III Master Fund, L.P.",09-APR-2026,Commercial,DE,2025.0,,0,0,False
V Ten Metals Corp.,09-APR-2026,Other Energy,A1,2022.0,614499.0,614499,34,False
"NEXTSTEP ROBOTICS, INC.",09-APR-2026,Other Technology,MD,,3000000.0,1000000,5,False
MHC Affordable Housing DST V,09-APR-2026,Residential,CA,2025.0,83028472.0,0,0,False
Digital Motion Corp,09-APR-2026,Other Technology,FL,2025.0,1351000.0,0,10,False
"Fallinje, Inc",09-APR-2026,Manufacturing,CO,2025.0,,135000,14,False
"Eight 31 Phoenix, LLC",09-APR-2026,Investing,TX,2023.0,2034000.0,1130000,1,False
San Lorenzo Gold Corp.,09-APR-2026,Other,A0,,14089988.0,4010538,2,False
"Triune Equity Fund III, LLC",09-APR-2026,Residential,TX,2026.0,3000000.0,0,0,False
"EDGE HOUSE EB-5 FUND, LLC",09-APR-2026,Other Banking and Financial Services,FL,2026.0,84000000.0,0,0,False
"Hollencrest Bayview Partners, L.P.",09-APR-2026,Investing,CA,,,29436649,40,False
"Peachtree Credit Fund IV, LP",09-APR-2026,Other Real Estate,GA,2024.0,500000000.0,238373828,561,True
GOFLEX INC.,09-APR-2026,Other,FL,2024.0,,21478678,33,False
"Whipz, Inc.",09-APR-2026,Other,MO,2021.0,400000.0,400000,2,False
"Whipz, Inc.",09-APR-2026,Other,MO,2021.0,1005980.0,1005980,8,False
L8TR INC,09-APR-2026,Other Banking and Financial Services,NY,2026.0,750000.0,25000,1,False
"CAVU Hillsdale Holdings, LLC",09-APR-2026,Other Real Estate,IN,2026.0,2750000.0,2750000,12,False
"MachGen AI, Inc.",09-APR-2026,Other Technology,CA,2025.0,10000000.0,9999954,3,False
"Whipz, Inc.",09-APR-2026,Other,MO,2021.0,1210000.0,1210000,8,False
"Mount Mfg, Inc.",09-APR-2026,Manufacturing,MI,,5440000.0,5440000,4,False
"Argentarii PC - AE Holdings, LLC",09-APR-2026,Other Banking and Financial Services,OH,2025.0,4250000.0,0,0,False
"RenovoRx, Inc.",09-APR-2026,Biotechnology,CA,,10000000.0,9999929,16,False
"Whipz, Inc.",09-APR-2026,Other,MO,2021.0,410000.0,410000,6,False
"Aleran Software, Inc.",09-APR-2026,Other Technology,MN,,7000000.0,3070000,3,False
Apricity Robotics Inc.,09-APR-2026,Other Health Care,OH,2023.0,,5459979,25,False
GHI-BIO AC Debt JV LLC,09-APR-2026,Investing,NE,2024.0,200000000.0,151388889,3,True
TAG Capital Group Ltd.,09-APR-2026,Investment Banking,X0,2026.0,400000000.0,0,0,False
"Modillion Fund I, LP",09-APR-2026,Commercial,PA,2025.0,30000000.0,25250000,3,False
Adams Idaho Shareholder LLC,09-APR-2026,Residential,IL,2025.0,20659308.0,136230,1,False
ExchangeRight Essential Income 10 DST,09-APR-2026,Commercial,CA,2026.0,30680000.0,0,0,False
"Adams Idaho RC, LLC",09-APR-2026,Residential,IL,2025.0,20659308.0,270787,2,False
Ross Bailey Park LLC,09-APR-2026,Commercial,FL,2026.0,3500000.0,3500000,26,False
"QMatter, Inc.",09-APR-2026,Biotechnology,X0,2024.0,1182889.0,1182889,4,False
Coursemojo Inc.,09-APR-2026,Other Technology,DC,2023.0,10538995.0,10339079,19,False
"Ilant Health, Inc.",09-APR-2026,Other,DE,2022.0,22427979.0,22352981,63,False
aiaera ltd,09-APR-2026,Other,CO,2026.0,,1000,0,False
United Aqua Ltd,09-APR-2026,Investing,CO,2026.0,100000000.0,0,0,False
"Allion Fund 1, LP",09-APR-2026,Commercial,TX,2026.0,,0,0,False
"Gatein.ai, Inc.",09-APR-2026,Other Technology,WA,2025.0,600000.0,200000,2,False
"Pharma Solutions USA, Inc. DBA LighthouseAI",09-APR-2026,Other Technology,PA,2022.0,8118177.0,7868178,10,False
OTU Medical Inc.,09-APR-2026,Other Technology,CA,,175000.0,175000,4,False
Westfield Kansas Commerce Investors LLLP,09-APR-2026,Commercial,CO,2026.0,4400000.0,4400000,19,False
Gou'wik Hou Daqh LP,09-APR-2026,Residential,CA,2026.0,22109332.0,22109332,1,False
MAPATH CAPITAL CORP.,09-APR-2026,Investing,A1,,292377.0,292377,4,False
"Wrapped Technologies, Inc.",09-APR-2026,Other Technology,DC,2025.0,,205000,7,False
"Saronic Technologies, Inc.",09-APR-2026,Other Technology,TX,2022.0,1750000000.0,1024204202,39,True
"Innovus Power, Inc.",09-APR-2026,Other Energy,CA,,1500000.0,881563,2,False
OTU Medical Inc.,08-APR-2026,Other Technology,CA,,1500000.0,1500000,1,False
"Iambic Therapeutics, Inc.",08-APR-2026,Biotechnology,CA,,49999996.0,27769668,7,False
Standard Thermal Corp,08-APR-2026,Other Energy,OK,2026.0,10808173.0,10808173,6,False
Tincorp Metals Inc.,08-APR-2026,Other,A1,,717176.0,395683,8,False
"LLOYD COMPANIES, INC.",08-APR-2026,Other Real Estate,SD,,,48607395,137,False
Subsalt Inc.,08-APR-2026,Other Technology,NC,2021.0,3099994.0,2938997,6,False
AMERICAN GENERAL LIFE INSURANCE CO,08-APR-2026,Insurance,TX,,,588944419,2,True
SANTIAGO HILLCREST LLC,08-APR-2026,Other,CA,2021.0,150000.0,150000,1,False
Quantum Technologies Investors 5 GP LLC,08-APR-2026,Investing,NY,2026.0,,6918,2,False
Quantum Technologies Investors 3 GP LLC,08-APR-2026,Investing,NY,2026.0,,105574,3,False
Wave Bye Inc.,08-APR-2026,Other Health Care,CO,2023.0,2000000.0,800000,2,False
"INSURICA INSURANCE SERVICES, LLC",08-APR-2026,Insurance,OK,2022.0,24766101.0,24766101,1,False
"Wildlight BD, LLC",08-APR-2026,Commercial,NV,2026.0,5000000.0,0,0,False
Quantum Technologies Investors 1 GP LLC,08-APR-2026,Investing,NY,2024.0,,294572,5,False
"Chicago 7 Portfolio, LLC",08-APR-2026,Residential,FL,2026.0,74161285.0,74161285,10,False
"Wildlight BD, LLC",08-APR-2026,Residential,NV,2026.0,5000000.0,0,0,False
"Bond Biosciences, Inc.",08-APR-2026,Other Health Care,MO,,15000000.0,5342880,64,False
Vital Capital Medical - Temple TX DST,08-APR-2026,Other,CA,2026.0,34551889.0,0,0,False
"Garland Grove Apartments, LLC",08-APR-2026,Other Real Estate,CO,2025.0,1800000.0,1800000,27,False
"Voyant Photonics, Inc.",08-APR-2026,Other Technology,NY,,10000000.0,1000001,4,False
Deep Cogito Inc.,08-APR-2026,Other Technology,CA,2024.0,39999956.0,28524961,7,False
"GREEN JACKET LODGING, LLC",08-APR-2026,Commercial,TN,2025.0,4730150.0,4730150,11,False
iTutor.com Inc.,08-APR-2026,Other,TX,2026.0,15585000.0,15585000,21,False
iTutor.com Inc.,08-APR-2026,Other,TX,2026.0,10000776.0,10000776,15,False
"STATESBORO LODGING, LLC",08-APR-2026,Commercial,TN,2024.0,3745000.0,3745000,12,False
Barnakl Inc,08-APR-2026,Other Technology,VA,2024.0,5060000.0,5060000,23,False
"DALLAS LODGING ASSOCIATES, LLC",08-APR-2026,Commercial,TN,2025.0,13160000.0,13160000,15,False
Desi Tycoons MHP LLC,08-APR-2026,Residential,CA,2023.0,4000000.0,2238750,25,False
Savage Exploration Ltd.,08-APR-2026,Other,A0,2025.0,292998.0,292998,1,False
"Garden City Industrial Complex 02, LLC",08-APR-2026,Commercial,MA,2025.0,1500000.0,1500000,0,False
"FC Capital Holdings, LLC",08-APR-2026,Other Banking and Financial Services,CA,2021.0,17000000.0,4770000,21,False
"OPEN DOORS PARTNERS, LLC",08-APR-2026,Other,CA,,815000.0,815000,8,False
Urban Brick Holdings LLC,08-APR-2026,Residential,NY,2026.0,50000000.0,0,0,False
"Williston Industrial Complex 02, LLC",08-APR-2026,Commercial,MA,2025.0,1950000.0,1950000,32,False
"Anson Country Seniors, LLC",08-APR-2026,Commercial,TX,2025.0,2200000.0,2200000,0,False
"Crew Command, Inc.",08-APR-2026,Computers,NH,2026.0,,25000,1,False
Starfish Space Inc.,08-APR-2026,Other,WA,,115000002.0,111690329,21,True
Aquaerial II LLC,08-APR-2026,Oil and Gas,TX,2025.0,1030000.0,1030000,17,False
Atomic Fondue LLC,08-APR-2026,Manufacturing,CA,2026.0,,25000,2,False
"LAKEVIEW BROADWAY, LLC",08-APR-2026,Other Real Estate,IL,2026.0,6900000.0,6670000,96,False
"Precision Fermentation, Inc.",08-APR-2026,Other Technology,NC,2021.0,10000000.0,10000000,2,False
"820 Growth Fund, LLC",08-APR-2026,Commercial,TX,2026.0,25000000.0,0,0,False
HPCG Management LLC,08-APR-2026,Restaurants,OH,2025.0,1750000.0,1540000,20,False
"Chicago 7 Portfolio, LLC",08-APR-2026,Residential,FL,2026.0,71161285.0,71161285,10,False
"Overlay Capital Infrastructure Partners II, L.P.",08-APR-2026,Other,GA,2025.0,200000000.0,200000,1,False
Supptech,08-APR-2026,Other,CA,2026.0,3300000.0,375000,2,False
Zest Protocol Labs,08-APR-2026,Other Technology,E9,2023.0,4315000.0,4315000,25,False
HumanImage Inc,08-APR-2026,Biotechnology,IL,2021.0,1500000.0,1500000,20,False
"Banshee Brands, Inc.",08-APR-2026,Business Services,MD,,1960000.0,1960000,3,False
AEI Healthcare Portfolio VII DST,08-APR-2026,Commercial,MN,2026.0,50500000.0,10439642,24,False
Homegrown Growth LLC - Series Brash Coffee 2,08-APR-2026,Other,GA,2024.0,104500.0,104500,9,False
Aionics Holdings Inc.,08-APR-2026,Other Technology,CA,2022.0,1426530.0,501651,1,False
"Canyon Creek Invitation Fund I, LP",08-APR-2026,Other Real Estate,TX,2026.0,30000000.0,0,0,False
"Overlay Capital Infrastructure Partners, L.P.",08-APR-2026,Other,GA,2023.0,50000000.0,13371000,69,False
Noble Gas Systems Inc.,08-APR-2026,Manufacturing,MI,2021.0,1500000.0,1500000,3,False
"Red Buffalo Lending Fund I, LLC",08-APR-2026,Other Banking and Financial Services,DE,2025.0,,0,0,False
"RGP Income Fund II, LP",08-APR-2026,Oil and Gas,TX,2025.0,125000000.0,98963140,774,False
"Meade Bancorp, Inc.",08-APR-2026,Other Banking and Financial Services,KY,,6000000.0,6000000,6,False
OnPath Federal Credit Union,08-APR-2026,Other Banking and Financial Services,LA,,20000000.0,20000000,11,False
"Dendritic Health AI, Inc.",08-APR-2026,Other Technology,MI,2024.0,1000000.0,165000,3,False
WORTH AI INC.,08-APR-2026,Other Technology,FL,2023.0,29999997.0,29999997,10,False
Northernvue Corp,08-APR-2026,Other Technology,IL,2022.0,1300000.0,1300000,10,False
Global Innovative Platforms Inc.,08-APR-2026,Other Technology,FL,,600000.0,156500,8,False
"Plasmonic Reactor Systems, Inc.",08-APR-2026,Other Energy,CT,2025.0,100000.0,100000,1,False
Tyler St LLC,08-APR-2026,Residential,MN,2022.0,2950000.0,0,0,False
"American Peat Holdings, Inc.",08-APR-2026,Manufacturing,MN,2025.0,1500000.0,0,0,False
"Playhead, Inc.",08-APR-2026,Other Technology,TX,2026.0,1937500.0,1937500,7,False
CMSP Investment Vehicle 1 LP,08-APR-2026,REITS and Finance,DE,2025.0,100000000.0,100000000,2,True
"Boundless Recreation, LLC",08-APR-2026,Manufacturing,IN,2025.0,3200000.0,3200000,6,False
Romulus Intermediate MEP LLC,08-APR-2026,Other,CT,2025.0,,0,0,False
Heat2Power Inc.,08-APR-2026,Other Technology,MI,2024.0,17775000.0,15249150,3,False
Nextrionyx Ltd,08-APR-2026,Other Banking and Financial Services,CO,,,100000000,1,True
APS Exchange Ltd,08-APR-2026,Investing,CO,2026.0,100000000.0,0,0,False
"OCIP Interconnect 9, LLC",08-APR-2026,Other,GA,2026.0,7000000.0,1589500,7,False
"OCIP Interconnect 8, LLC",08-APR-2026,Other,GA,2026.0,2500000.0,1000000,1,False
Virella Global Capital Ltd,08-APR-2026,Other Banking and Financial Services,NY,,,100000000,1,True
MPC MO 2026 Affordable ICF LLC,08-APR-2026,Other Real Estate,GA,2026.0,,0,0,False
NLC Financial Service HQ DST,08-APR-2026,Other Real Estate,NH,2026.0,137692566.0,0,0,False
Clique Ventures Inc.,08-APR-2026,Other,NJ,2025.0,250000.0,250000,1,False
"Optimvia, LLC",08-APR-2026,Other Health Care,OH,,500000.0,75000,2,False
Type2Fun Foundation LLC,08-APR-2026,Other Technology,CO,2025.0,,100000,1,False
Quantivex LLC,08-APR-2026,Other Technology,NJ,2025.0,300000.0,300000,1,False
"Top This Media, LLC",08-APR-2026,Other,MI,2022.0,1500000.0,100000,1,False
Sofi Newby RCR 27-5 Joint Venture,08-APR-2026,Oil and Gas,TX,2026.0,460000.0,0,0,False
"Ooga Technologies, Inc.",08-APR-2026,Other Technology,NC,,50000.0,50000,1,False
Seagoll Oceanic Capital Ltd,08-APR-2026,Business Services,CO,2026.0,575000.0,575000,5,False
"Ascend Recovery Holdings, LLC",08-APR-2026,Business Services,FL,2025.0,325000.0,0,2,False
"Red River Express, LLC",08-APR-2026,Other,AL,2023.0,,250000,1,False
"RockPoint Holdings, LLC",08-APR-2026,Business Services,NC,2025.0,6150000.0,6150000,11,False
GREAT-WEST LIFECO INC.,08-APR-2026,Insurance,A2,,,115095021,43,True
"IMAGINOSTICS, INC.",08-APR-2026,Biotechnology,FL,,,50000,1,False
"DeepWeave, Inc.",08-APR-2026,Other Technology,CA,2025.0,6359991.0,6209998,19,False
BPMF Fund 1 LLC,08-APR-2026,Commercial,CA,2021.0,10000000.0,250000,2,False
Inland Mokena Senior Living DST,08-APR-2026,Other Real Estate,IL,2026.0,86840527.0,1061854,3,False
OSP Rita Holdings LLC,08-APR-2026,Other,NY,2021.0,10734311.0,10734311,0,False
NeuroFine Corp.,08-APR-2026,Other Health Care,FL,,1045859.0,1045859,14,False
Daylight Computer Co,08-APR-2026,Computers,CA,,37593322.0,31687656,72,False
ASTON LABS CO.,08-APR-2026,Energy Conservation,NC,2022.0,22442999.0,17240207,15,False
OSP Rita Management Aggregator LLC,08-APR-2026,Other,NY,2021.0,10734311.0,10734311,0,False
ASTON LABS CO.,08-APR-2026,Energy Conservation,NC,2022.0,7508519.0,7508519,18,False
"Rebuild Israel Land Fund V, LP",08-APR-2026,Commercial,TX,2025.0,25000000.0,0,0,False
"Overlay Alpha Co-GP, LLC",07-APR-2026,Other,GA,2025.0,1000000.0,1000000,2,False
"Whipz, Inc.",07-APR-2026,Other,MO,2023.0,250000.0,250000,1,False
"Legacy Trail Surgery Center, LLC",07-APR-2026,Other Health Care,TX,,144800.0,0,0,False
"Alliance Energy Fund 2026-A, LP",07-APR-2026,Oil and Gas,KS,2026.0,150000000.0,0,0,False
Tenet Fixed Income Fund LLC,07-APR-2026,Other,WA,2021.0,50000000.0,18941480,58,False
"OCRA I75 Landlift, LLC",07-APR-2026,Other,GA,2026.0,550000.0,405000,9,False
GEODE CAPITAL HOLDINGS LLC,07-APR-2026,Other Banking and Financial Services,MA,,,8178617,18,False
"Monroe Parking Group, LLC",07-APR-2026,Other Real Estate,OH,2026.0,3376303.0,3376303,0,False
Myra EB Systems LLC,07-APR-2026,Biotechnology,MA,,2000000.0,10000,1,False
WA Opportunity 5 LLC,07-APR-2026,Commercial,CT,2025.0,11325000.0,11325000,46,False
Pacific 29 Inc,07-APR-2026,Other,NV,2025.0,5000000.0,500000,2,False
"StataDx, Inc.",07-APR-2026,Other Health Care,MA,,2491500.0,1891500,7,False
Colorado Spirits Importers LLC,07-APR-2026,Other,CO,,2000000.0,26422,8,False
"1864 Bancorp, Inc.",07-APR-2026,Commercial Banking,MA,2024.0,40000000.0,40000000,20,False
RED YES SECOND FUND LLC,07-APR-2026,Other,NY,2026.0,5000000.0,0,0,False
Homegrown Growth LLC - 2025 - 106,07-APR-2026,Other,GA,2025.0,493684.0,493684,1,False
Nepra Foods Inc.,07-APR-2026,Other,CO,,487849.0,487849,1,False
Substance AI Inc.,07-APR-2026,Insurance,IL,2025.0,2000000.0,50000,2,False
Homegrown Growth LLC - 2025 - 104,07-APR-2026,Other,GA,2025.0,900000.0,900000,14,False
"WEG Consolidated, LLC",07-APR-2026,Other,MA,2021.0,,495170,12,False
"Boundless Recreation, LLC",07-APR-2026,Manufacturing,IN,2025.0,3200000.0,3200000,6,False
"True Title Investors I, LLC",07-APR-2026,Other,OH,2026.0,750000.0,0,0,False
FlameCo Holdings LLC,07-APR-2026,Other Energy,CA,2025.0,2000000.0,512500,14,False
FoodMaven Corp,07-APR-2026,Other,CO,,2369922.0,2219922,5,False
Homegrown Growth LLC - 2025 - 103,07-APR-2026,Other,GA,2025.0,575916.0,418848,13,False
"Investor Technology Group, Inc.",07-APR-2026,Other Technology,NY,,18437489.0,18437489,43,False
"Linus Technology OpCo, Inc.",07-APR-2026,Other,NY,2025.0,2999578.0,2999578,28,False
"ELM NCSU, LLC",07-APR-2026,Commercial,GA,2026.0,3000000.0,0,0,False
"PG EB5 Sugar Lender, LLC",07-APR-2026,Other Real Estate,GA,2025.0,28000000.0,3200000,4,False
Sky Bite Corp,07-APR-2026,Other Technology,NC,2025.0,500000.0,25000,1,False
Your Home Investments LLC,07-APR-2026,Residential,OH,,363000.0,0,0,False
"Care.Life Technologies, Inc.",07-APR-2026,Other Technology,UT,2024.0,37494.0,37494,1,False
"Sprout Properties II, L.P.",07-APR-2026,Residential,TX,,,3344043,34,False
Homegrown Growth LLC - 2025 - 101,07-APR-2026,Other,GA,2025.0,106383.0,106383,4,False
"PG Austin Investors, LLC",07-APR-2026,Other Real Estate,GA,2025.0,80300000.0,9111697,62,False
Gaingels Limbic AI 2026 LLC,07-APR-2026,Other,VT,2026.0,240173.0,240173,15,False
"Pellucid Network, Inc.",07-APR-2026,Other Technology,NC,2025.0,250000.0,225000,4,False
"Ballston Spa Bancorp, Inc.",07-APR-2026,Commercial Banking,NY,,26000000.0,26000000,25,False
Sky Holdco Corp,07-APR-2026,Other,NY,,329624.0,0,0,False
"Origin Nashville Queens, DST",07-APR-2026,Other Real Estate,IL,2024.0,44500000.0,42844036,104,False
Purim Aqua II LLC,07-APR-2026,Agriculture,FL,2022.0,1075000.0,1075000,10,False
"Hurree Labs, Inc.",07-APR-2026,Other Technology,FL,,9979696.0,9979696,26,False
NexPoint Oasis DST,07-APR-2026,Other Real Estate,TX,2025.0,46331389.0,21263142,71,False
"Quantum Sight, Inc.",07-APR-2026,Other,NY,2025.0,2400000.0,10000,1,False
"Valkyrie II, a Series of Opulentia Ventures X LLC",07-APR-2026,Investing,VA,2026.0,760000.0,760000,15,False
MVA Holdings LLC,07-APR-2026,Commercial,KS,2026.0,2000000.0,0,0,False
"Smart Response Technologies, Inc.",07-APR-2026,Other Technology,VA,2022.0,1800000.0,1303000,14,False
"Delta Parent Holdings, Inc.",07-APR-2026,Other,NY,,,32545853,353,False
"BCP North Airport, LP",07-APR-2026,Commercial,TX,2025.0,17669502.0,17669502,60,False
"Marathon Capital, LLC",07-APR-2026,Investment Banking,IL,,16784321.0,16784321,55,False
"Summus Global, Inc.",07-APR-2026,Other Health Care,NY,,27021600.0,20000000,3,False
"Akhanda Ventures, LLC",07-APR-2026,Commercial,TX,2023.0,5000000.0,500000,8,False
NexPoint Marina DST,07-APR-2026,Other Real Estate,TX,2025.0,42710095.0,13349130,34,False
"ASAP Imaging, LLC",07-APR-2026,Other Health Care,AR,2026.0,4900000.0,1099100,7,False
"DSRT Property Solutions, LLC",07-APR-2026,Commercial,ID,,,2000000,10,False
"MPC HI 2027 LIHTC ICF, LLC",07-APR-2026,Other Real Estate,GA,2025.0,,1536700,3,False
Elevated Eats Pro LLC,07-APR-2026,Other Technology,CO,2025.0,,100000,0,False
"First Guaranty Bancshares, Inc.",07-APR-2026,Commercial Banking,LA,,1282930.0,1282930,4,False
"Tricor Growth & Income Fund I, LLC",07-APR-2026,Other Real Estate,AZ,2026.0,40000000.0,0,0,False
"Jittmer, LLC",07-APR-2026,Other,IL,2025.0,85000.0,60000,4,False
"Tricor Strategic Wealth Fund I, LLC",07-APR-2026,Other Real Estate,AZ,2026.0,40000000.0,0,0,False
HPI Farmhouse DST,07-APR-2026,Other Real Estate,CT,2025.0,28848598.0,14293147,39,False
"4720 Wellesley Holdings, LLC",07-APR-2026,Commercial,CA,2026.0,4721000.0,4721000,33,False
"SmartAC.com Holdings, Inc",07-APR-2026,Other Technology,TX,2025.0,5000000.0,4000000,1,False
Pi Health Inc.,07-APR-2026,Other Technology,MA,2023.0,18000000.0,8634014,9,False
UNION MAGA INC,07-APR-2026,Other,CO,2024.0,,1000,0,False
"READI Partners, LLC",07-APR-2026,Residential,LA,,500000.0,0,1,False
"MazeFlower, P.B.C.",07-APR-2026,Other,DE,2026.0,3500000.0,0,0,False
"AmTru AI Inference Ventures, LLC",07-APR-2026,Investment Banking,CA,2025.0,11400000.0,4785000,56,False
"WSS Port Arthur Holdings, LLC",07-APR-2026,Commercial,CA,2025.0,3500000.0,3500000,15,False
RheEnergise Ltd,07-APR-2026,Other Energy,X0,,2999996.0,158090,63,False
T2 Metals Corp.,07-APR-2026,Other,A1,,544772.0,544772,34,False
Kinderfarms LLC,07-APR-2026,Manufacturing,CA,2022.0,6000000.0,3999942,1,False
"weDISCOVR, Inc.",07-APR-2026,Other Technology,DE,2025.0,5000000.0,65000,1,False
Modulate Bio Inc.,07-APR-2026,Biotechnology,MA,2023.0,1000000.0,785320,10,False
"Provivi, Inc.",07-APR-2026,Agriculture,CA,,40000000.0,25499320,13,False
SQAIRZ Inc.,07-APR-2026,Other Technology,NH,2023.0,10000000.0,1675100,10,False
"HUBOT, INC.",07-APR-2026,Pharmaceuticals,IN,,5500001.0,5500001,1,False
PREP Essential Net Lease I DST,07-APR-2026,Commercial,UT,2025.0,23985832.0,0,0,False
JBF Parallel Fund LP,07-APR-2026,Other Real Estate,NY,2026.0,,0,0,False
"Valkyrie II, a Series of Opulentia Ventures X LLC",07-APR-2026,Investing,VA,2026.0,655000.0,655000,14,False
Impact Card Corp,07-APR-2026,Other Banking and Financial Services,NC,2026.0,926300.0,926300,8,False
"CIPHER II, a Series of Opulentia Ventures X LLC",07-APR-2026,Investing,VA,2026.0,175000.0,175000,3,False
"HIG Holdings, LLC",07-APR-2026,Insurance,TX,,35700000.0,35700000,3,False
SwiftSight PBC,07-APR-2026,Other Technology,DE,2024.0,450000.0,450000,1,False
Golden Town Fund LLC,07-APR-2026,Residential,NJ,2026.0,,0,0,False
"DPEG Killeen, LP",07-APR-2026,Other Real Estate,TX,2026.0,5950000.0,5950000,28,False
JLM-WNCO Trust,07-APR-2026,Other Banking and Financial Services,FL,2025.0,,0,0,False
TOFANA MUSICAL DEVELOPMENT LTD LIABILITY CO,07-APR-2026,Other,NY,2024.0,3000000.0,1350000,18,False
Tao Digital Solutions Inc,07-APR-2026,Other Technology,CA,2021.0,34666040.0,34666040,3,False
RoadRunner AI LLC,07-APR-2026,Other Technology,CA,2025.0,500000.0,53000,7,False
Hedonic Mindset Partners Corp,07-APR-2026,Investing,FL,2024.0,500000.0,500000,1,False
CANOPY DENTAL INC,07-APR-2026,Other Technology,AL,2026.0,,400000,4,False
Jax Capital Yield Fund I LLC,07-APR-2026,Other,DE,2025.0,25000000.0,5310000,3,False
WYTEC INTERNATIONAL INC,07-APR-2026,Telecommunications,TX,,75000.0,20000,1,False
"Remedtx, Inc.",07-APR-2026,Other Health Care,OR,2023.0,3200000.0,3200000,0,False
"TEAMGUARD, INC.",07-APR-2026,Computers,IL,2024.0,300000.0,25000,1,False
CIVIK Biotech Inc,07-APR-2026,Biotechnology,WA,2026.0,1000000.0,850000,8,False
Mariana Minerals Co.,07-APR-2026,Other Energy,CA,2024.0,76029979.0,73529982,27,False
"RIIG Technology, Inc.",06-APR-2026,Other Technology,VA,2024.0,6594971.0,6594971,17,False
Alume Biosciences Inc,06-APR-2026,Biotechnology,CA,,8000000.0,110000,2,False
CBC Investment Group LLC,06-APR-2026,Construction,GA,2021.0,1462794.0,1462794,1,False
BZM Management Inc.,06-APR-2026,Other,CO,2024.0,4565000.0,2366990,20,False
"Mad Capital Perennial Fund II, LLC",06-APR-2026,Other Banking and Financial Services,CO,2023.0,75000000.0,49875000,72,False
"CW Cottonwood Apartments, LLC",06-APR-2026,Residential,UT,,36200000.0,36200000,2,False
"Cottonwood WG Investor, LLC",06-APR-2026,Residential,UT,2025.0,21075000.0,0,0,False
Silverado I LP,06-APR-2026,Oil and Gas,TX,2026.0,2272500.0,0,0,False
"Global Industry Products, Corp.",06-APR-2026,Other,NV,,550000.0,0,0,False
"PCRIF Powers Ferry, LLC",06-APR-2026,Commercial,TX,2025.0,19500000.0,4175000,18,False
"Aptamino, Inc.",06-APR-2026,Other Technology,MA,2024.0,8000002.0,8000002,7,False
"1221 East Main, LLC",06-APR-2026,Commercial,PA,2025.0,2000000.0,2000000,6,False
GS Finance Corp.,06-APR-2026,Investment Banking,NY,,3698000.0,3698000,1,False
Revenant Tactical LLC,06-APR-2026,Other,TX,2025.0,500000.0,15000,1,False
Kawonu Golf Club LLC,06-APR-2026,Other,SC,2024.0,9475000.0,0,0,False
Kawonu Golf Club LLC,06-APR-2026,Other,SC,2024.0,4500000.0,1128750,19,False
"Blend SPV, LLC",06-APR-2026,Other Technology,GA,2025.0,,1000000,9,False
"Cadrenal Therapeutics, Inc.",06-APR-2026,Biotechnology,FL,2022.0,7923235.0,7923235,1,False
Kawonu Golf Club LLC,06-APR-2026,Other,SC,2024.0,6500000.0,2291250,47,False
Kawonu Golf Club LLC,06-APR-2026,Other,SC,2024.0,32000000.0,9840000,144,False
"Ancilia Biosciences, Inc.",06-APR-2026,Other,NY,,10076464.0,10076464,23,False
"Iyuda Therapeutics, Inc.",06-APR-2026,Biotechnology,MD,,599999.0,599999,2,False
"Higgins Waterfront, LLC",06-APR-2026,Commercial,MT,2025.0,,0,0,False
Monetary Metals & Co.,06-APR-2026,Other,AZ,,10000000.0,2071000,8,False
"POST TRIBUTE VERDAE PARTNERS, LLC",06-APR-2026,Investing,CA,2025.0,1354000.0,1354000,9,False
SURGICAL CENTER OF SOUTH JERSEY LP,06-APR-2026,Other Health Care,NJ,,356729.0,74700,1,False
Boost Innovations Inc.,06-APR-2026,Other Technology,CA,,13600121.0,10900121,31,False
Superhuman Platform Inc.,06-APR-2026,Other Technology,CA,,,1022429310,1292,True
"RLL, LLC",06-APR-2026,Biotechnology,MD,,,1984621,11,False
"Orlo Grand Investors, LLC",06-APR-2026,Residential,MD,2025.0,44300000.0,0,0,False
Your Way Storage LLC,06-APR-2026,Commercial,WY,2022.0,,2055000,22,False
BuildRise III Rollick LLC,06-APR-2026,Other Real Estate,MO,2026.0,3000000.0,0,0,False
"United Pentecostal Church Development Fund, Inc.",06-APR-2026,Other,MO,,10000000.0,5000,1,False
"Beneration, LLC",06-APR-2026,Other Technology,PA,,3316892.0,3316892,2,False
FLIXIMA CORP,06-APR-2026,Other,FL,2025.0,,100000,2,False
METROPOLITAN TOWER LIFE INSURANCE CO,06-APR-2026,Insurance,NE,,,21696551,1,False
"SYNERGY INVESTOR GROUP HOLDINGS, LLC",06-APR-2026,Residential,CA,2025.0,10000000.0,0,0,False
"P4L, Inc.",06-APR-2026,Other,AZ,2026.0,2500000.0,323333,1,False
"Big Sky Capital Lenders IV, LLC",06-APR-2026,REITS and Finance,WA,2026.0,1200000.0,1200000,8,False
"ARTELO BIOSCIENCES, INC.",06-APR-2026,Biotechnology,CA,,10996903.0,10996903,2,False
"PRTNR Debt Fund I, LLC",06-APR-2026,Other Banking and Financial Services,UT,2025.0,,0,0,False
"MIMG CCLIX Grand Woods, LLC",06-APR-2026,Commercial,CO,2026.0,4300000.0,3555000,53,False
"Eisen, Inc.",06-APR-2026,Other,NY,2021.0,10499977.0,7215445,6,False
KN Capital EG LLC,06-APR-2026,Commercial,TX,2026.0,4000000.0,0,0,False
2026-04 Series of Loan LLC,06-APR-2026,Commercial,NV,2026.0,240000.0,240000,5,False
Federal Financial Technologies Corp,06-APR-2026,Other Technology,NC,2026.0,,150000,2,False
2026-04 Series of Loan LLC,06-APR-2026,Commercial,NV,2026.0,240000.0,240000,5,False
"Eagle Eye Fund 2, LP",06-APR-2026,Oil and Gas,TX,2026.0,200000000.0,1400000,3,False
"BlueCore Energy, Inc.",06-APR-2026,Other,DE,2025.0,10000000.0,9250000,14,False
Eco World Water Corp,06-APR-2026,Environmental Services,FL,,12000000.0,5902000,10,False
"PointField, Inc.",06-APR-2026,Other Technology,VA,2026.0,90.0,90,2,False
Chatham Financial Corp./PA,06-APR-2026,Other Banking and Financial Services,PA,,,0,16,False
"Trilateral Horizontal Program, LP",06-APR-2026,Oil and Gas,TX,2025.0,7000000.0,70000,1,False
Gaingels Spark IV LLC,06-APR-2026,Other,VT,2023.0,10000000.0,2068000,57,False
"Stipple Bio, Inc.",06-APR-2026,Biotechnology,MA,2021.0,100200007.0,65130013,15,False
Nautilus SPV II LLC,06-APR-2026,Other Travel,TX,2025.0,15915000.0,15915000,17,False
Gaingels Healthcare I LLC,06-APR-2026,Other,VT,2023.0,5000000.0,2725000,38,False
"RESTORA SERVICES, INC.",06-APR-2026,Other,WA,2024.0,550000.0,0,0,False
"Endura Federation Point, LLC",06-APR-2026,Other,ID,2026.0,7500000.0,0,0,False
wasted P.B.C.,06-APR-2026,Other,VT,,5079996.0,3208270,19,False
4040 LLC,06-APR-2026,Other,DE,2026.0,2000000.0,0,0,False
"Alloy Market, Inc.",06-APR-2026,Other,PA,2023.0,2000000.0,600000,2,False
"Atlas Tradeeu Co., Ltd",06-APR-2026,Investing,CO,2026.0,100000000.0,0,0,False
9AMHEALTH INC.,06-APR-2026,Other Health Care,CA,,25696090.0,25696090,12,False
Greenpro Capital Corp.,06-APR-2026,Business Services,N8,,17000000.0,17000000,6,False
"DES Storage Income Fund II, LLC",06-APR-2026,Other,TX,2026.0,30000000.0,0,0,False
BankSouth Holding Co,06-APR-2026,Commercial Banking,GA,,45000000.0,39999371,1,False
SUO TECH INC,06-APR-2026,Other Technology,DE,2025.0,,150000,2,False
"Coreshell Technologies, Inc.",06-APR-2026,Other Energy,CA,,74515179.0,46302668,22,False
"Madison Park Holdings, LLC",06-APR-2026,Other,CA,,4330000.0,2609983,34,False
Harvey AI Corp,06-APR-2026,Other Technology,CA,2022.0,,200009773,10,True
"IMAGINOSTICS, INC.",06-APR-2026,Biotechnology,FL,,,5353594,75,False
"IMAGINOSTICS, INC.",06-APR-2026,Biotechnology,FL,,725274.0,725274,1,False
Thesis Machine Learning Inc,06-APR-2026,Other Technology,TX,2026.0,,150000,1,False
"PFD Asset Management Group, LLC",06-APR-2026,Other Banking and Financial Services,NV,2025.0,370000000.0,0,0,False
"IMAGINOSTICS, INC.",06-APR-2026,Biotechnology,FL,,,500000,1,False
SB Cypress Hotel Investment Group LLC,06-APR-2026,Other Real Estate,GA,2026.0,4750000.0,4390000,25,False
"SANTIAGO DESERT SPRINGS, A CALIFORNIA LIMITED PARTNERSHIP",06-APR-2026,Other,CA,,500000.0,50000,1,False
"Elidah, Inc.",06-APR-2026,Manufacturing,CT,,2500000.0,2018000,24,False
Accelerated Cloud Storage Corp,06-APR-2026,Other Technology,DE,2024.0,3865000.0,3865000,5,False
"InsytesIQ, LLC",06-APR-2026,Business Services,UT,2026.0,337500.0,337500,6,False
Select Swan Holdings LLC,06-APR-2026,Oil and Gas,FL,2026.0,9818601.0,9818601,31,False
Aina Computers Inc.,03-APR-2026,Computers,DE,2025.0,5500000.0,2950000,3,False
"Valmeade Meadowside Holdings, LP",03-APR-2026,Other,DE,,20500000.0,0,0,False
"North Texas Energy, Inc.",03-APR-2026,Oil and Gas,TX,,2000000.0,0,0,False
"Scientia Capital Solutions, Inc.",03-APR-2026,Other Technology,CA,2025.0,500000.0,20000,1,False
BeatStars Inc.,03-APR-2026,Other Technology,TX,,6202373.0,6202373,4,False
"INDICOR Holdings Management Feeder, LLC",03-APR-2026,Other,NY,2022.0,,8540603,75,False
Gaingels Ocient 2026 LLC,03-APR-2026,Other,VT,2026.0,72377.0,72377,2,False
SANTIAGO COLUMBIA VILLAGE LLC,03-APR-2026,Other,CA,2021.0,500000.0,100000,2,False
3700 Ascent LLC,03-APR-2026,Other Real Estate,CA,2026.0,250000.0,0,0,False
"Springlake Enchanted Investors, LLC",03-APR-2026,Investing,FL,2026.0,5000000.0,5000000,9,False
"IMAGINOSTICS, INC.",03-APR-2026,Biotechnology,FL,,,516900,18,False
"North Texas Energy, Inc.",03-APR-2026,Oil and Gas,TX,,2000000.0,0,0,False
"North Texas Energy, Inc.",03-APR-2026,Oil and Gas,TX,,2000000.0,0,0,False
"IMAGINOSTICS, INC.",03-APR-2026,Biotechnology,FL,,,100000,1,False
GCCP KR Holding LLC,03-APR-2026,Other,IL,2026.0,7350000.0,7350000,5,False
"CORGI INSURANCE SERVICES, INC.",03-APR-2026,Insurance,CA,2024.0,108557712.0,108557712,90,True
Quantum Mosaic LLC,03-APR-2026,Other Real Estate,TX,2025.0,20000000.0,0,0,False
"IMAGINOSTICS, INC.",03-APR-2026,Biotechnology,FL,,,400000,5,False
SDG Cassel Grove LLC,03-APR-2026,Other Real Estate,OH,2026.0,750000.0,750000,7,False
IRIDEX CORP,03-APR-2026,Other Health Care,CA,,20000000.0,10000000,1,False
Duome LLC,03-APR-2026,Other,MN,2024.0,1500000.0,100000,1,False
Barricade Holdings LLC,03-APR-2026,Construction,GA,2021.0,8000000.0,8000000,1,False
"NorthPoint Industrial Fund VII, LP",03-APR-2026,Other Real Estate,MO,2024.0,1270757242.0,1270757242,627,True
Century Lithium Corp.,03-APR-2026,Other,A1,,8468543.0,1389310,4,False
"Tempest Therapeutics, Inc.",03-APR-2026,Biotechnology,CA,,1999539.0,1999539,3,False
"REEP Income Debt Fund II, LP",03-APR-2026,Other,TX,2024.0,20000000.0,12275000,25,False
"Markaaz, Inc.",03-APR-2026,Other Technology,TX,,10000000.0,2550000,3,False
"3MR JSW Mission Investors, LP",03-APR-2026,Commercial,CA,2026.0,4800000.0,0,0,False
Epic Freedom Fund I LLC,03-APR-2026,Investing,TX,2025.0,2000000.0,75000,1,False
"Light Wave Holding Company, LLC",03-APR-2026,Other Health Care,NY,,325904.0,325904,9,False
"Fitz Roy MC1, LLC",03-APR-2026,Investing,NE,2023.0,7275000.0,7275000,16,False
"Bottle & Press, LLC",03-APR-2026,Other,OR,,5000000.0,500000,1,False
Stable Group Investments LP,03-APR-2026,Other Real Estate,NV,2022.0,7000000.0,0,0,False
All Pro Auburn Cottages LLLP,03-APR-2026,Residential,CO,2026.0,11200000.0,7762000,116,False
"5xLeadership, LLC",03-APR-2026,Other,ID,2024.0,3000000.0,75000,3,False
"BIG POPPY HOLDINGS, INC.",03-APR-2026,Commercial Banking,CA,,101100000.0,101100000,46,True
"DomainGRC, Inc.",03-APR-2026,Other Technology,MA,2024.0,380000.0,50000,2,False
"North Texas Energy, Inc.",03-APR-2026,Oil and Gas,TX,,2000000.0,0,0,False
Levco Bramblewood LLC,03-APR-2026,Commercial,VA,2026.0,5200000.0,5200000,26,False
BOLDCHARTER INC,03-APR-2026,Computers,FL,2025.0,480782.0,480782,6,False
Vet Mentor AI Inc,03-APR-2026,Other Technology,MD,2024.0,150000.0,150000,1,False
"Algaenite, Inc.",03-APR-2026,Agriculture,CT,2023.0,2550000.0,255000,1,False
OneGC Inc.,03-APR-2026,Other Technology,CA,2025.0,,2292000,3,False
"First Financial Security, Inc.",03-APR-2026,Insurance,GA,,4067.0,4067,1,False
"MH TAHOE INVESTMENTS, LLC",03-APR-2026,Commercial,CO,2023.0,,223179545,100,True
"Air Control Concepts Management Holdings, LLC",03-APR-2026,Other,VA,2023.0,,0,0,False
Braznex Group US Ltd,03-APR-2026,Investing,CO,2026.0,100000000.0,0,0,False
"Air Control Concepts Holdings, L.P.",03-APR-2026,Other,VA,2023.0,,0,0,False
"Plattsburgh Storage Units, LLC",03-APR-2026,Commercial,WY,2026.0,630000.0,630000,1,False
Gaingels Begin II LLC,03-APR-2026,Other,VT,2021.0,27327.0,27327,7,False
"Stridar, Inc.",03-APR-2026,Other,CO,2024.0,,1000000,1,False
"Resolute Science, Inc.",03-APR-2026,Biotechnology,CA,,4000000.0,2925000,25,False
"DYB & KYP, Inc.",03-APR-2026,Other,CA,2023.0,5199997.0,4922798,11,False
Gaingels Begin II LLC,03-APR-2026,Other,VT,2021.0,13036.0,13036,5,False
KIVQORO GROUP US Ltd.,03-APR-2026,Investing,KY,2026.0,1000000000.0,0,0,False
"Walloomsac Property, LLC",03-APR-2026,Lodging and Conventions,VT,2025.0,12000000.0,0,0,False
"Series 76-2, a series of StartEngine Private LLC",03-APR-2026,Other,CA,2026.0,652185.0,652185,32,False
Gaingels Telo Trucks LLC,03-APR-2026,Other,VT,2025.0,288574.0,288574,11,False
BNH Financial,03-APR-2026,Commercial Banking,NH,,40000000.0,40000000,22,False
"EPM CAPITAL, LLC",03-APR-2026,Other Real Estate,WA,2026.0,10000000.0,0,0,False
4401 Fund 4 LLC,03-APR-2026,Other Real Estate,PA,2026.0,15000000.0,125000,1,False
Pseudotsuga Apartments LLC,03-APR-2026,Other Real Estate,WA,2026.0,4000000.0,0,0,False
"Sherman Duplexes, LP",03-APR-2026,Residential,NC,2026.0,150000.0,150000,3,False
Phosio Corp,03-APR-2026,Manufacturing,OR,,5474000.0,4944500,21,False
"WINDSTONE INVESTMENT, LLC",03-APR-2026,Investing,KY,,,26300902,49,False
Veear Analytics Inc,03-APR-2026,Other Technology,CA,2022.0,10000.0,10000,2,False
Bedrock & Bullion LLC,03-APR-2026,Commercial,DE,2026.0,25000000.0,0,0,False
NHIT: SRI Core Plus Fixed Income Trust,03-APR-2026,Investing,MA,,,825077982,30,True
NHIT: MULTISECTOR FULL DISCRETION TRUST,03-APR-2026,Investing,MA,,,2912449729,86,True
NHIT: Credit Asset Trust,03-APR-2026,Investing,MA,,,3968786242,196,True
NHIT: Core Plus Full Discretion Trust,03-APR-2026,Investing,MA,,,1281260835,23,True
NHIT: Agency MBS Trust,03-APR-2026,Investing,MA,,,6645161017,35,True
COMMUNITY DEVELOPMENT TRUST INC,03-APR-2026,REITS and Finance,NY,,50000000.0,50000000,1,False
"Sego Echelon, LLC",03-APR-2026,Other Real Estate,CA,2026.0,28551020.0,28551020,2,False
CANOPY DENTAL INC,03-APR-2026,Other Technology,AL,2026.0,,400000,4,False
Runsybil Corp.,03-APR-2026,Other Technology,CA,2023.0,30000000.0,29999979,5,False
DY Broadway Ltd Liability Co,03-APR-2026,Other,NY,2025.0,18500000.0,0,0,False
Empire Growth Fund 1 LP,03-APR-2026,Residential,NY,2025.0,20000000.0,4000000,19,False
Natuur Brands Inc.,02-APR-2026,Other,IL,2022.0,1000000.0,290000,7,False
Traice Labs Corp,02-APR-2026,Other Technology,PA,2025.0,,1150000,6,False
"Rendezvous Robotics, Inc.",02-APR-2026,Other Technology,CO,2024.0,5197500.0,5197500,18,False
"ISQ HAWKEYE HOLDINGS, L.P.",02-APR-2026,Environmental Services,FL,2022.0,,40054678,123,False
Nexus Wealth Services INC.,02-APR-2026,Investing,NY,2026.0,,100000000,1000,True
"JSIP Clapboard Ridge Danbury Investors III, LLC",02-APR-2026,Residential,MA,2025.0,3000000.0,3000000,2,False
"Kagin's Digital, LLC",02-APR-2026,Other Banking and Financial Services,CA,2025.0,6500000.0,17400,4,False
"JSIP Clapboard Ridge Danbury Investors II, LLC",02-APR-2026,Residential,MA,2025.0,2000000.0,0,1,False
"JSIP Clapboard Ridge Danbury Investors, LLC",02-APR-2026,Residential,MA,2025.0,7720000.0,0,11,False
"Avistone Pike Center S, LLC",02-APR-2026,Commercial,CO,2026.0,6800000.0,6800000,57,False
"JSIP 145 Front Investors III, LLC",02-APR-2026,Residential,MA,2025.0,2000000.0,2000000,1,False
"JSIP 145 Front Investors II, LLC",02-APR-2026,Residential,MA,2025.0,10550000.0,10550000,1,False
"CSW 400 Market, L.P.",02-APR-2026,Residential,PA,2026.0,7920000.0,7920000,50,False
Limbik Inc,02-APR-2026,Other Technology,VA,,5000000.0,1025000,11,False
"JSIP 145 Front Investors, LLC",02-APR-2026,Residential,MA,2025.0,10080000.0,10080000,24,False
"Spend Life Wisely Company, Inc.",02-APR-2026,Commercial Banking,OK,,65000000.0,65000000,25,False
GS Finance Corp.,02-APR-2026,Investment Banking,NY,,17926000.0,17926000,1,False
FRACTAL NETWORK LTD.,02-APR-2026,Other Technology,V8,2021.0,16160994.0,16160994,42,False
Keensight Health Inc.,02-APR-2026,Other Technology,WA,2026.0,1500000.0,70000,5,False
Vulcan Elements Holdings Corp.,02-APR-2026,Other Technology,NC,2025.0,545000000.0,430723746,32,True
Xona Space Systems Inc.,02-APR-2026,Other,CA,,169999953.0,169999953,19,True
"Greenfield Domica FF, LLC",02-APR-2026,Other Real Estate,FL,2026.0,,17050000,23,False
Invest Perpetual LLC,02-APR-2026,Other Technology,CA,2025.0,12999992.0,12359994,9,False
OC Private Credit Income LLC,02-APR-2026,Other Real Estate,WY,2026.0,10000000.0,0,0,False
AP Future Holdings LP,02-APR-2026,Business Services,FL,2022.0,,30808415,53,False
701 HOPEWELL OWNER LLC,02-APR-2026,Commercial,PA,2025.0,3690000.0,3690000,30,False
6 EMERY OWNER LLC,02-APR-2026,Commercial,PA,2025.0,1470999.0,1470999,11,False
"Bascule Biosciences, Inc.",02-APR-2026,Biotechnology,NY,2026.0,250000.0,250000,1,False
"Strala Group, Inc.",02-APR-2026,Other Technology,CA,2024.0,51342804.0,51342804,17,False
Real Asset Income Fund LLC,02-APR-2026,Investing,WA,,,143807528,16,True
"Kalon Space, Inc.",02-APR-2026,Telecommunications,AZ,2026.0,,100000,2,False
"NWA Equity, LLC",02-APR-2026,Other Real Estate,MI,2025.0,250000.0,250000,1,False
OneGC Inc.,02-APR-2026,Other Technology,CA,2025.0,2000000.0,1286080,2,False
"PC Momentum Holdings, LLC",02-APR-2026,Other Real Estate,UT,2026.0,,9000000,5,False
"Avistone Pike Center, LLC",02-APR-2026,Commercial,CO,2026.0,6800000.0,6299866,55,False
Gaingels Varda Space 2026 LLC,02-APR-2026,Other,VT,2026.0,1925819.0,1925819,15,False
"Avistone Pike Center S, LLC",02-APR-2026,Commercial,CO,2026.0,6800000.0,6800000,57,False
Lifeward Ltd.,02-APR-2026,Biotechnology,MA,,,20000000,2,False
"Tiger Point Apartments, LLC",02-APR-2026,Commercial,FL,2025.0,11000000.0,7000000,24,False
"AI23, LLC",02-APR-2026,Other Technology,OH,2024.0,500000.0,200000,1,False
Stonepeak Nile Holdings LLC,02-APR-2026,Airlines and Airports,NY,2024.0,,0,0,False
"SG1, a series of SG Master, LLC",02-APR-2026,Other,C0,2024.0,435805.0,435805,1,False
"Sweetwater Place EB5 Equity, LLLP",02-APR-2026,Other,FL,2025.0,52000000.0,0,0,False
BETHEL ACRES PARTNERSHIP,02-APR-2026,Oil and Gas,TX,,1430032.0,0,0,False
MH SB Holdings LLC,02-APR-2026,Commercial,OH,2026.0,4825000.0,4250000,26,False
MyPal4Life Holdings Inc.,02-APR-2026,Other Technology,PA,2025.0,5000000.0,100000,1,False
Can't Make This Stuff Up Ltd Liability Co,02-APR-2026,Other,NY,2025.0,3750000.0,250000,1,False
Hawaiian Bros Inc.,02-APR-2026,Restaurants,MO,2021.0,2100000.0,2100000,1,False
908 Riverside Drive LLC,02-APR-2026,Commercial,FL,2026.0,10000000.0,0,0,False
"Commune RESOP REIT, LLC",02-APR-2026,REITS and Finance,CA,,20000000.0,70840,1,False
"Yard at Greenfield, LLC",02-APR-2026,Commercial,IN,2025.0,890000.0,670000,6,False
Fortune Progress Corp,02-APR-2026,Other,FL,,25000000.0,0,0,False
"Linnaeus Therapeutics, Inc.",02-APR-2026,Biotechnology,NJ,,10000000.0,4992000,26,False
Tantalus Systems Holding Inc.,02-APR-2026,Other Technology,A1,,156709.0,156709,5,False
Horizon Advisory 506C LLC,02-APR-2026,Commercial,DE,2026.0,100000000.0,0,0,False
Horizon Advisory 506B LLC,02-APR-2026,Commercial,DE,2026.0,100000000.0,0,0,False
"Piraeus Medical, Inc.",02-APR-2026,Other Health Care,MN,2021.0,10525100.0,3575100,11,False
Autyvia Inc,02-APR-2026,Computers,VA,2025.0,2000000.0,50000,1,False
BAE SYSTEMS PLC /FI/,02-APR-2026,Other,X0,,88262592.0,88262592,296,False
CITIUNIMAX LTD,02-APR-2026,Other,CO,2026.0,,1000,0,False
LEAFWORKS INC.,02-APR-2026,Other,CA,,200000.0,200000,4,False
"CS1031 Texas Active Living Portfolio I, DST",02-APR-2026,Commercial,VA,2026.0,39300000.0,0,0,False
Venariam Fund 1 LLC,02-APR-2026,Investing,DC,2026.0,10000000.0,1000000,1,False
"Taxably, Inc.",02-APR-2026,Other Technology,DE,2026.0,,4000,2,False
"Phoenix Energy One, LLC",02-APR-2026,Oil and Gas,CA,,2000000000.0,1140071000,3049,True
"PFD GLOBAL HOLDINGS, LLC",02-APR-2026,Other Banking and Financial Services,NV,2025.0,370000000.0,0,0,False
Feld Ventures GP LLC,02-APR-2026,Other,DE,2022.0,1499989.0,1178482,11,False
Adamantium Capital LLC,02-APR-2026,Oil and Gas,CA,2023.0,600000000.0,398773000,181,True
"Series 35-3, a series of StartEngine Private LLC",02-APR-2026,Other,CA,2025.0,875000.0,856250,35,False
ATED Therapeutics Ltd.,02-APR-2026,Other Health Care,CT,2022.0,670000.0,670000,13,False
"Recap Financial Ventures, LLC",02-APR-2026,Commercial Banking,TN,2025.0,31630000.0,31630000,52,False
Texas Synergy Capital LLC,02-APR-2026,Commercial,DE,2026.0,30000000.0,0,0,False
Faraday Copper Corp.,01-APR-2026,Other,A1,,19930821.0,19930821,2,False
Toro Silver Corp.,01-APR-2026,Other,A1,2022.0,85000.0,85000,1,False
GRAFTECH INTERNATIONAL LTD,01-APR-2026,Manufacturing,OH,,632541.0,632541,1,False
Veritas Equity Partners-Edmonds 36 LLC,01-APR-2026,Other Real Estate,WA,2025.0,3500000.0,0,0,False
1718 Wash Pref LP,01-APR-2026,Other Real Estate,NY,2026.0,,0,0,False
MAULT INC.,01-APR-2026,Other Technology,FL,2025.0,2000000.0,335000,1,False
"Peninsula Urban Living Fund, LP",01-APR-2026,Residential,CA,2025.0,26400000.0,0,0,False
"OKMIN RESOURCES, INC.",01-APR-2026,Oil and Gas,CA,,54000.0,54000,1,False
Astor Magazine Investor LLC,01-APR-2026,Other Real Estate,NY,2026.0,7000000.0,0,0,False
AstronetX PBC,01-APR-2026,Other Technology,CT,,1000000.0,800000,4,False
MTNO Brundage Kinhaus Hotel LLC,01-APR-2026,Commercial,ID,2026.0,30000000.0,0,0,False
"Small Craft, Inc",01-APR-2026,Computers,WA,2026.0,200000.0,50000,1,False
Baxter Debt Fund LLC,01-APR-2026,Other,NH,2025.0,15000000.0,0,0,False
"Wonder Dog Health, Inc.",01-APR-2026,Other Health Care,CA,2026.0,5000001.0,5000001,6,False
"NE HG FUND I, LP",01-APR-2026,Other,TX,2026.0,3000000.0,2510000,25,False
Invesco Real Estate Income Trust Inc.,01-APR-2026,REITS and Finance,TX,,1000000000.0,612456202,18,True
"FF Interco, Inc.",01-APR-2026,Other,WI,2026.0,1000000.0,1000000,1,False
Cerebral Inc.,01-APR-2026,Other Health Care,DE,,57534020.0,48791464,30,False
"Optura, Inc.",01-APR-2026,Other Health Care,TN,2024.0,7555000.0,7555000,14,False
"Spectrum Antimicrobials, Inc.",01-APR-2026,Pharmaceuticals,CA,,35000000.0,26385000,247,False
Robotic Actuators Co,01-APR-2026,Other Technology,NJ,2024.0,,350000,3,False
"Optura, Inc.",01-APR-2026,Other Health Care,TN,2024.0,20000000.0,12999999,4,False
"AKF, Inc.",01-APR-2026,Other Banking and Financial Services,NY,,,27350000,8,False
"PDW Holdings, Inc.",01-APR-2026,Other Technology,AL,,162371096.0,162371096,32,True
LOAN CO OF SAN DIEGO A CALIFORNIA LP,01-APR-2026,Other Real Estate,CA,,,61890674,220,False
"Greenhouse Specialty Insurance Services, LLC",01-APR-2026,Insurance,VA,2025.0,750000.0,750000,1,False
"Drilliant Energy, Inc.",01-APR-2026,Oil and Gas,LA,2026.0,2000000.0,0,0,False
Flour Mill Development LLC,01-APR-2026,Residential,CO,2025.0,1500000.0,1500000,6,False
BC Mayfield LLC,01-APR-2026,Investing,TX,2026.0,1015000.0,1015000,13,False
"DesiCorp, Inc.",01-APR-2026,Biotechnology,KY,,5000000.0,839993,8,False
Timberland Heartland 3 LLC,01-APR-2026,Other Real Estate,MN,2026.0,47000000.0,23350000,181,False
HGIG Windsor LLC,01-APR-2026,Commercial,IA,2026.0,2200000.0,0,0,False
MiNDERA Corp,01-APR-2026,Biotechnology,CA,,28386300.0,25436300,25,False
Principles of Prediction,01-APR-2026,Telecommunications,NY,,,149950,10,False
"MIMG CCLX Basin 2 Master, LLC",01-APR-2026,Commercial,CO,2026.0,7713642.0,2619999,41,False
Inwood Minerals LLC,01-APR-2026,Oil and Gas,TX,2025.0,21580000.0,7795000,19,False
"Madison Manatee Avenue Opportunity Fund, LLC",01-APR-2026,Commercial,NC,2026.0,3577096.0,0,0,False
Valthos Inc.,01-APR-2026,Other Technology,NY,2024.0,27499963.0,27299986,5,False
Imagine Devices Inc.,01-APR-2026,Biotechnology,TX,2025.0,900000.0,100000,2,False
"VF Copper Portfolio, LLC",01-APR-2026,Residential,CO,2026.0,12000000.0,2775000,11,False
"GoNanas, Inc.",01-APR-2026,Other,IL,2022.0,5762379.0,5762379,28,False
NHIT: STRATEGIC ALPHA TRUST,01-APR-2026,Investing,MA,,,4785005334,79,True
"Legacy NW Fund, LLC",01-APR-2026,Other Real Estate,WA,,150000000.0,99981753,353,False
Howak Hill Inc.,01-APR-2026,Business Services,NY,2025.0,3000000.0,30000,2,False
Lion Rock Resources Inc.,01-APR-2026,Other,A1,,602819.0,602819,1,False
Ace Padel Denver LLC,01-APR-2026,Retailing,FL,2025.0,3000000.0,550000,7,False
"Royal Lane Holdings, LLC",01-APR-2026,Commercial,FL,2025.0,3500000.0,0,0,False
Inland Long Island Residential DST,01-APR-2026,Other Real Estate,IL,2025.0,107581888.0,10623955,14,False
IDEAL Ecco Park DST,01-APR-2026,Residential,CA,2025.0,45670000.0,0,0,False
CSP Parent LLC,01-APR-2026,Other Banking and Financial Services,VA,2025.0,1750000.0,1750000,1,False
RM 333 Garland LLC,01-APR-2026,Commercial,FL,2026.0,3600000.0,495000,7,False
SRRT SQUARE 2 DST,01-APR-2026,Other Real Estate,MN,2025.0,5400000.0,5142157,5,False
"Sculptor Diversified Real Estate Income Trust, Inc.",01-APR-2026,REITS and Finance,NY,2022.0,,396529080,287,True
PDC Credit 1 LLC,01-APR-2026,Other Real Estate,KS,2026.0,10000000.0,0,0,False
"AQ Sunshine Parent, LLC",01-APR-2026,Other,NY,,,0,0,False
"AQ Sunshine Parent, LLC",01-APR-2026,Other,NY,,,0,0,False
JBJ Parks LLC,01-APR-2026,Other Real Estate,FL,2026.0,1000000.0,0,0,False
Everything A to Z Enterprises Inc.,01-APR-2026,Other,CA,,1539507.0,1539507,9,False
"PowerLeaf, Inc.",01-APR-2026,Other,RI,2024.0,300000.0,0,0,False
Emergence Partners Flagship Fund LLC,01-APR-2026,Other Real Estate,TX,2026.0,5000000.0,0,0,False
"zizzl holding company, inc.",01-APR-2026,Other,WI,2024.0,1500009.0,1500009,17,False
"WCG Growth Fund, LLC",01-APR-2026,Other,NM,2026.0,5000000.0,0,0,False
High Street Partners LLC,01-APR-2026,Commercial,CT,2026.0,2034680.0,2034680,25,False
"Essential Income Fund I, LLC",01-APR-2026,Other,MO,2026.0,2000000.0,0,0,False
Maestro Tech Inc.,01-APR-2026,Other Technology,FL,2025.0,1000000.0,400000,1,False
"TracePass, Inc.",01-APR-2026,Other Technology,FL,2025.0,341000.0,341000,17,False
Subsalt Inc.,01-APR-2026,Other Technology,NC,2021.0,100000.0,100000,2,False
"MPC IL River Edge Fund, LLC",01-APR-2026,Other Real Estate,GA,2021.0,,0,0,False
"Athletes Unlimited, PBC",01-APR-2026,Other,NY,,,0,0,False
Cryptoer Markets Ltd,01-APR-2026,Other Banking and Financial Services,CO,2025.0,,100000,0,False
"Clarke Oil & Gas JV, LP",01-APR-2026,Oil and Gas,VA,,,0,68,False
Havenly Hall II Member LLC,01-APR-2026,Other Real Estate,NY,2026.0,1900000.0,1084528,35,False
"LGL Capital Tempe 14, LLC",01-APR-2026,Residential,AZ,2026.0,5000000.0,890000,9,False
Lambent Inc.,01-APR-2026,Other Technology,MA,,12530592.0,11530591,1,False
Havenly Hall II LLC,01-APR-2026,Other Real Estate,NY,2026.0,4900000.0,4810750,3,False
"Edera, Inc. / DE",01-APR-2026,Other Technology,WA,2024.0,7000000.0,275000,4,False
LEAFWORKS INC.,01-APR-2026,Other,CA,,700000.0,700000,5,False
"Analytica Legalis, Inc.",01-APR-2026,Business Services,WV,2021.0,2000000.0,400000,2,False
Conexeu Sciences Inc.,01-APR-2026,Biotechnology,NV,2022.0,1815000.0,1815000,8,False
"VATC 200 DE, LLC",01-APR-2026,Residential,CA,2022.0,353930.0,353930,18,False
"VATC 200 DE, LLC",01-APR-2026,Residential,CA,2022.0,369207.0,369207,17,False
Rithm Perpetual Life Residential Trust,01-APR-2026,REITS and Finance,NY,2025.0,,119278500,165,True
OGF2 Holt Development Group LLC,01-APR-2026,Commercial,AR,2026.0,800000.0,800000,6,False
"FBOL Bancshares, Inc.",01-APR-2026,Commercial Banking,MO,2022.0,8637785.0,8637785,16,False
MeadowCX Inc.,01-APR-2026,Other Technology,CA,2025.0,1000000.0,190000,2,False
"CarbonDrop, Inc.",01-APR-2026,Other Technology,CA,2021.0,16424985.0,16174986,15,False
